alpha_deg,beta_deg,deltaS_deg,deltaD_deg,CL,CD,CY,Cl,Cm,Cn
-10.0,-2.0,-10.0,-10.0,-0.642626392794,0.032815434346,0.017142761235,0.02362554427,0.168661066387,-0.00718727474
-10.0,0.0,-10.0,-10.0,-0.646811943792,0.032746292156,0.013163222288,0.023744542688,0.171935913858,-0.005181350807
-10.0,2.0,-10.0,-10.0,-0.648895511407,0.032680336595,0.009202914402,0.02383332009,0.174153888287,-0.003169359225
-8.0,-2.0,-10.0,-10.0,-0.499006234258,0.024464970454,0.016284686658,0.024351163887,0.132061157069,-0.006294896373
-8.0,0.0,-10.0,-10.0,-0.503022068316,0.024347335768,0.01230999293,0.023792766612,0.135299517075,-0.004585531114
-8.0,2.0,-10.0,-10.0,-0.505308555233,0.024261703906,0.008359470671,0.023208440624,0.137581856608,-0.002872801441
-6.0,-2.0,-10.0,-10.0,-0.354034812923,0.018177764202,0.015369528622,0.025037924766,0.093842396931,-0.00540700421
-6.0,0.0,-10.0,-10.0,-0.357874812683,0.018015040506,0.011434800524,0.023801772737,0.09703756494,-0.003980045705
-6.0,2.0,-10.0,-10.0,-0.360371979007,0.017907201398,0.007525552716,0.022540602198,0.099394688536,-0.002551553666
-4.0,-2.0,-10.0,-10.0,-0.207945363082,0.013993938039,0.014399961179,0.02568608822,0.054094932023,-0.004526556474
-4.0,0.0,-10.0,-10.0,-0.211604105604,0.013789623559,0.01054178362,0.023772597798,0.057241116581,-0.003367563123
-4.0,2.0,-10.0,-10.0,-0.214312771752,0.013656084266,0.006709809884,0.021834536585,0.059675194405,-0.002208659353
-2.0,-2.0,-10.0,-10.0,-0.060981293343,0.011941914508,0.013377825142,0.026294626964,0.012927575548,-0.003656146493
-2.0,0.0,-10.0,-10.0,-0.064450861758,0.011699726906,0.00963056938,0.023703483141,0.016013017361,-0.00274968038
-2.0,2.0,-10.0,-10.0,-0.067368004589,0.011537274702,0.005916615488,0.021091311348,0.018525929343,-0.001846254005
0.0,-2.0,-10.0,-10.0,0.08661174288,0.01203868548,0.012305737041,0.026862961931,-0.029544640047,-0.002798465526
0.0,0.0,-10.0,-10.0,0.083383150181,0.011762483309,0.008765815309,0.023620935587,-0.02659267134,-0.002140593321
0.0,2.0,-10.0,-10.0,0.080216583385,0.011568104889,0.005150479199,0.020311330556,-0.023936337268,-0.00146636941
2.0,-2.0,-10.0,-10.0,0.234596015006,0.014289346736,0.011187606972,0.027391244769,-0.073204338091,-0.00195633635
2.0,0.0,-10.0,-10.0,0.23155497192,0.01398386142,0.007837864021,0.023477101164,-0.070304241691,-0.001520427171
2.0,2.0,-10.0,-10.0,0.228196779388,0.013754171052,0.004414178141,0.019496118425,-0.06759306655,-0.001070908275
4.0,-2.0,-10.0,-10.0,0.382716551427,0.018687248743,0.010024993805,0.027878325191,-0.11792033048,-0.001132225908
4.0,0.0,-10.0,-10.0,0.379869348699,0.018356535426,0.00690491189,0.023295747992,-0.115077533203,-0.0009025256
4.0,2.0,-10.0,-10.0,0.376322350317,0.01808872648,0.003712203934,0.018646519548,-0.112313110306,-0.000661962804
6.0,-2.0,-10.0,-10.0,0.530720566343,0.025213742961,0.008821924003,0.028323497308,-0.163553985101,-0.000328970177
6.0,0.0,-10.0,-10.0,0.528071068716,0.024862139897,0.005969666145,0.023076348139,-0.160772978138,-0.000289241492
6.0,2.0,-10.0,-10.0,0.524325677586,0.024553091076,0.003061086466,0.017769729578,-0.15793529617,-0.000243784996
8.0,-2.0,-10.0,-10.0,0.678384374784,0.033840694624,0.007610768551,0.028739057493,-0.210008934382,0.000446269522
8.0,0.0,-10.0,-10.0,0.675907018657,0.033470681787,0.005035652346,0.022819445545,-0.20724603018,0.000316898223
8.0,2.0,-10.0,-10.0,0.671977350061,0.03311814754,0.002439141092,0.016855911838,-0.204354392299,0.000185713209
10.0,-2.0,-10.0,-10.0,0.82539315127,0.044521218642,0.006333633677,0.029096913946,-0.257029825891,0.001200366672
10.0,0.0,-10.0,-10.0,0.823126414951,0.044139517658,0.004106299582,0.022525491627,-0.254347196032,0.000913556436
10.0,2.0,-10.0,-10.0,0.819019361524,0.043742254127,0.001858543877,0.015910996006,-0.251406369852,0.000622784485
-10.0,-2.0,-10.0,-8.0,-0.64169884691,0.031914654041,0.014607176942,0.019039429997,0.167618102612,-0.00618993453
-10.0,0.0,-10.0,-8.0,-0.645275625495,0.031855170096,0.010610505264,0.019138671515,0.170359238137,-0.004191796748
-10.0,2.0,-10.0,-8.0,-0.646741025735,0.031799953792,0.006631426155,0.019215906253,0.172033387959,-0.002189273006
-8.0,-2.0,-10.0,-8.0,-0.497957049162,0.023579868727,0.013912721703,0.01975407951,0.130933943806,-0.005413459717
-8.0,0.0,-10.0,-8.0,-0.501359512704,0.023478373875,0.009921766898,0.019175536418,0.133634392981,-0.003712260863
-8.0,2.0,-10.0,-8.0,-0.503034584562,0.023410980931,0.005950259071,0.018576119832,0.135381090565,-0.002008339437
-6.0,-2.0,-10.0,-8.0,-0.352864649055,0.017313412827,0.01316542466,0.020437442974,0.092630891286,-0.004643414169
-6.0,0.0,-10.0,-8.0,-0.356087366453,0.017173339831,0.009215381325,0.019180760845,0.095284712234,-0.003224971163
-6.0,2.0,-10.0,-8.0,-0.357970007272,0.017090186029,0.005285861544,0.017903917932,0.097103347384,-0.001805285881
-4.0,-2.0,-10.0,-8.0,-0.206655244415,0.013155239406,0.012367228613,0.021089614167,0.052799475708,-0.003882253614
-4.0,0.0,-10.0,-8.0,-0.209693640033,0.012980089498,0.008494848373,0.019155246115,0.055401560258,-0.002732117899
-4.0,2.0,-10.0,-8.0,-0.211784486855,0.012877664603,0.004643545479,0.017201103827,0.057294179281,-0.001582038321
-2.0,-2.0,-10.0,-8.0,-0.059573216697,0.011133599047,0.011519572494,0.02170977135,0.011549033198,-0.003132161985
-2.0,0.0,-10.0,-8.0,-0.062413671212,0.010927035291,0.007753849485,0.019095204286,0.01407952914,-0.002233737428
-2.0,2.0,-10.0,-8.0,-0.064717209422,0.010802092089,0.004027024795,0.01646847221,0.016057901074,-0.00134022372
0.0,-2.0,-10.0,-8.0,0.088138489648,0.011265344843,0.010624181833,0.022297070804,-0.03100665315,-0.002395302185
0.0,0.0,-10.0,-8.0,0.085533700496,0.011031299906,0.007062181709,0.019029221044,-0.02860289249,-0.001744930569
0.0,2.0,-10.0,-8.0,0.082987667068,0.010880619546,0.003440029064,0.015706946017,-0.026489673749,-0.001081452177
2.0,-2.0,-10.0,-8.0,0.236236898351,0.013555277477,0.009684280148,0.022851578994,-0.074747647534,-0.001674067104
2.0,0.0,-10.0,-8.0,0.233821273468,0.013298190478,0.00631437251,0.018911392608,-0.072396386131,-0.001246088704
2.0,2.0,-10.0,-8.0,0.231083308974,0.01311849499,0.002884743462,0.014917360986,-0.070228688573,-0.000807122994
4.0,-2.0,-10.0,-8.0,0.384468007732,0.017996551419,0.00870107989,0.023372226029,-0.119543089506,-0.000970499079
4.0,0.0,-10.0,-8.0,0.382245971337,0.017720454916,0.005562316554,0.018763314198,-0.117248889513,-0.000749076023
4.0,2.0,-10.0,-8.0,0.37931878317,0.017508651566,0.002365024935,0.014100714289,-0.115027342321,-0.000518884144
6.0,-2.0,-10.0,-8.0,0.532578738301,0.024570228164,0.007677806915,0.023858226991,-0.165254022502,-0.000286938502
6.0,0.0,-10.0,-8.0,0.530553526458,0.024279316974,0.004808587228,0.0185845491,-0.163020794159,-0.000255831009
6.0,2.0,-10.0,-8.0,0.527432071807,0.024032446912,0.00189157268,0.01326195169,-0.160733435471,-0.000219688856
8.0,-2.0,-10.0,-8.0,0.680341641421,0.033247833039,0.00664216207,0.024320122741,-0.21177741695,0.00037050715
8.0,0.0,-10.0,-8.0,0.678491496698,0.032944807083,0.004055972363,0.018375725208,-0.209567999056,0.000231576071
8.0,2.0,-10.0,-8.0,0.675184155365,0.032660352209,0.001452545463,0.012395950455,-0.207225041152,9.1218928e-05
10.0,-2.0,-10.0,-8.0,0.82745060727,0.04398250915,0.005543956221,0.024733428952,-0.258872229285,0.001007917666
10.0,0.0,-10.0,-8.0,0.825807652071,0.04367308124,0.003307434584,0.018136891593,-0.256739843258,0.00071134916
10.0,2.0,-10.0,-8.0,0.822319462024,0.043349154559,0.001054270148,0.011505699489,-0.254344402536,0.000411638573
-10.0,-2.0,-10.0,-6.0,-0.641111334002,0.031192153463,0.012014836772,0.014355138917,0.166918213832,-0.005163543547
-10.0,0.0,-10.0,-6.0,-0.644067705769,0.031144415153,0.008005046397,0.014438200167,0.169115730984,-0.003171495146
-10.0,2.0,-10.0,-6.0,-0.644913460342,0.031102654282,0.004008340517,0.014504631037,0.170247658511,-0.001176097898
-8.0,-2.0,-10.0,-6.0,-0.497273717408,0.022868580751,0.011488161123,0.015059823478,0.13016814258,-0.004504919616
-8.0,0.0,-10.0,-6.0,-0.500051135356,0.022785479836,0.007484798664,0.014464815565,0.132320758167,-0.002810144487
-8.0,2.0,-10.0,-6.0,-0.50110277888,0.022738157157,0.0034960823,0.013854035665,0.133521507711,-0.001113307596
-6.0,-2.0,-10.0,-6.0,-0.352084616968,0.016617360217,0.010912927308,0.015741018691,0.091797342298,-0.003854674614
-6.0,0.0,-10.0,-6.0,-0.354678458836,0.016502414432,0.006951350107,0.014467589137,0.093900304857,-0.002443003865
-6.0,2.0,-10.0,-6.0,-0.355934843586,0.016445889869,0.003005399362,0.013179212432,0.095169787699,-0.001030400479
-4.0,-2.0,-10.0,-6.0,-0.20578130051,0.012478382496,0.010290390926,0.016398453487,0.051901306122,-0.003214753798
-4.0,0.0,-10.0,-6.0,-0.208187925929,0.012334979242,0.00640725481,0.014447059766,0.053949468578,-0.002071651627
-4.0,2.0,-10.0,-6.0,-0.209649022175,0.012265855874,0.002540002165,0.012480762286,0.055290256233,-0.000928583582
-2.0,-2.0,-10.0,-6.0,-0.058604963731,0.010479706456,0.009621255146,0.017031615429,0.010584851565,-0.002586857058
-2.0,0.0,-10.0,-6.0,-0.06076365644,0.01031106789,0.005885541261,0.014416321131,0.012481723643,-0.001703797957
-2.0,2.0,-10.0,-6.0,-0.062483498663,0.010226464634,0.00210383423,0.011760471335,0.013984522468,-0.000809218723
0.0,-2.0,-10.0,-6.0,0.089199685994,0.010638022162,0.008907013805,0.017639507665,-0.032035900981,-0.001972760046
0.0,0.0,-10.0,-6.0,0.087230352256,0.010448961073,0.005326146304,0.014349791796,-0.030189924137,-0.001328032295
0.0,2.0,-10.0,-6.0,0.085318016854,0.010344698213,0.001699700371,0.011019345801,-0.028632001812,-0.00067339447
2.0,-2.0,-10.0,-6.0,0.237389097153,0.012958118362,0.008149236558,0.018221955253,-0.075841753894,-0.001374254662
2.0,0.0,-10.0,-6.0,0.235609642934,0.012752457383,0.004761634544,0.014259697134,-0.074048727027,-0.000952263978
2.0,2.0,-10.0,-6.0,0.233503866895,0.012625404025,0.001328972489,0.010256868016,-0.07243498558,-0.000521978811
4.0,-2.0,-10.0,-6.0,0.385708373171,0.017432805438,0.007349462555,0.018778056617,-0.120700385751,-0.000793036366
4.0,0.0,-10.0,-6.0,0.384121988741,0.017214436904,0.004194265712,0.014146841765,-0.11896404424,-0.000577937019
4.0,2.0,-10.0,-6.0,0.381826418768,0.017061480383,0.000994909024,0.0094751703,-0.11729592468,-0.000356210156
6.0,-2.0,-10.0,-6.0,0.533904662564,0.02404301936,0.006510000306,0.019306980201,-0.166473320447,-0.000230944757
6.0,0.0,-10.0,-6.0,0.532513977801,0.023815977055,0.003625720288,0.014010850138,-0.164796903434,-0.000206480187
6.0,2.0,-10.0,-6.0,0.530027881468,0.023634233294,0.000702483713,0.008676574018,-0.16307015622,-0.000177731715
8.0,-2.0,-10.0,-6.0,0.681746035047,0.032759803301,0.00565352345,0.019817262673,-0.213049999733,0.000307050882
8.0,0.0,-10.0,-6.0,0.680532821834,0.032526795018,0.003058085796,0.013852190062,-0.21140281349,0.000160535344
8.0,2.0,-10.0,-6.0,0.67785885817,0.032313453976,0.000449604435,0.007860485902,-0.209618526071,1.2955876e-05
10.0,-2.0,-10.0,-6.0,0.828935292262,0.043536589518,0.00473795473,0.020288197731,-0.260204147117,0.000826147877
10.0,0.0,-10.0,-6.0,0.827926267833,0.043302886223,0.002493603183,0.013670849407,-0.258631179006,0.000521773527
10.0,2.0,-10.0,-6.0,0.825068083999,0.043055520165,0.000236670331,0.007027403023,-0.256791264915,0.000215055441
-10.0,-2.0,-10.0,-4.0,-0.640870394742,0.03066140557,0.00937819056,0.009595287999,0.166571465272,-0.004115451322
-10.0,0.0,-10.0,-4.0,-0.643197604596,0.03062708343,0.005359558722,0.009665935345,0.16821799293,-0.002127693785
-10.0,2.0,-10.0,-4.0,-0.643414752511,0.03060000551,0.001349481683,0.009725420383,0.168799791466,-0.00013764955
-8.0,-2.0,-10.0,-4.0,-0.496964522079,0.022344146591,0.009022602501,0.010290842259,0.129774796021,-0.003576177283
-8.0,0.0,-10.0,-4.0,-0.499108261096,0.022281258007,0.0050108821,0.009683177065,0.131372267288,-0.001885962806
-8.0,2.0,-10.0,-4.0,-0.499527360707,0.022255368846,0.001008978928,0.009064942593,0.132019158718,-0.000194371175
-6.0,-2.0,-10.0,-4.0,-0.351706703856,0.016102155483,0.008622898704,0.010970616215,0.091356771155,-0.003047256002
-6.0,0.0,-10.0,-4.0,-0.353663564951,0.016014245226,0.004653333971,0.009684318803,0.092901491607,-0.001640355785
-6.0,2.0,-10.0,-4.0,-0.354284551265,0.015985935663,0.000694235584,0.008387823309,0.093615029602,-0.000232834837
-4.0,-2.0,-10.0,-4.0,-0.205335250191,0.011975355882,0.008179025674,0.01163438034,0.051413679601,-0.002529976829
-4.0,0.0,-10.0,-4.0,-0.207101554759,0.011865756757,0.004288815298,0.009669982431,0.05290055528,-0.001391978639
-4.0,2.0,-10.0,-4.0,-0.207923089844,0.011831550358,0.000409379224,0.007695723367,0.053681489952,-0.000254038311
-2.0,-2.0,-10.0,-4.0,-0.05809118341,0.009991605276,0.007691652026,0.012281337522,0.010050286105,-0.002025717181
-2.0,0.0,-10.0,-4.0,-0.059606683249,0.009863521695,0.003939351855,0.009648776035,0.011382998951,-0.001145957633
-2.0,2.0,-10.0,-4.0,-0.060686273105,0.00982054623,0.000156154517,0.006988931829,0.012324925878,-0.000258460736
0.0,-2.0,-10.0,-4.0,0.089781078751,0.010167514427,0.007161543302,0.012911264665,-0.03261805452,-0.00153579299
0.0,0.0,-10.0,-4.0,0.088455373513,0.010025689466,0.003564800775,0.009603785277,-0.031336683369,-0.000894678869
0.0,2.0,-10.0,-4.0,0.087184068047,0.009969605781,-6.2417036e-05,0.006269151948,-0.030340629394,-0.000246933449
2.0,-2.0,-10.0,-4.0,0.238036258179,0.01250775971,0.006589296494,0.013522958093,-0.076470466903,-0.001061430255
2.0,0.0,-10.0,-4.0,0.236901137871,0.012355888719,0.003186751959,0.009542845288,-0.075242742457,-0.000643390653
2.0,2.0,-10.0,-4.0,0.235436615894,0.012283484547,-0.000245978777,0.005535589693,-0.074191002365,-0.000219790787
4.0,-2.0,-10.0,-4.0,0.386419875297,0.017005058437,0.005976138162,0.014115970787,-0.121375155629,-0.000603929256
4.0,0.0,-10.0,-4.0,0.385477077963,0.016846866585,0.002806917565,0.009466711013,-0.120203574219,-0.000393093989
4.0,2.0,-10.0,-4.0,0.383822173452,0.016754905363,-0.000391855058,0.004790411745,-0.119097020308,-0.000177818435
6.0,-2.0,-10.0,-4.0,0.534679065031,0.023640264837,0.005323583054,0.014689383864,-0.167193711903,-0.000164629162
6.0,0.0,-10.0,-4.0,0.533930521178,0.023479559979,0.002426318119,0.009375090364,-0.166080745288,-0.000144730452
6.0,2.0,-10.0,-4.0,0.532088565207,0.023365196513,-0.00050078865,0.004033636751,-0.164922569495,-0.000121357841
8.0,-2.0,-10.0,-4.0,0.68257706072,0.032383900201,0.004649149158,0.015249600967,-0.213807645955,0.000252663209
8.0,0.0,-10.0,-4.0,0.682008268665,0.03222346614,0.002046388406,0.009268288563,-0.212729453323,0.000100608073
8.0,2.0,-10.0,-4.0,0.6799756301,0.032083221512,-0.000565128289,0.003269103034,-0.211511186112,-5.211911e-05
10.0,-2.0,-10.0,-4.0,0.829825477036,0.043189726882,0.003919148675,0.015779839236,-0.261005695801,0.000652235633
10.0,0.0,-10.0,-4.0,0.82945796742,0.043034466275,0.001668507254,0.009146195481,-0.259998940033,0.000342100117
10.0,2.0,-10.0,-4.0,0.827238331373,0.042866132072,-0.000590566487,0.002495105331,-0.258722357755,3.0407648e-05
-10.0,-2.0,-10.0,-2.0,-0.640980861222,0.030332457062,0.006710307578,0.004783385164,0.166584920906,-0.003053396503
-10.0,0.0,-10.0,-2.0,-0.642672970251,0.030312782226,0.002687205489,0.004845447273,0.167675484841,-0.001068026288
-10.0,2.0,-10.0,-2.0,-0.642254829695,0.030301105981,-0.001331769478,0.004901932748,0.167701675417,0.000918520811
-8.0,-2.0,-10.0,-2.0,-0.497035037445,0.022016307954,0.006528001016,0.005470231245,0.129761752444,-0.002634457213
-8.0,0.0,-10.0,-2.0,-0.498539129477,0.021974945318,0.00251217706,0.004853856361,0.13079907306,-0.000946870813
-8.0,2.0,-10.0,-2.0,-0.498319624329,0.021971336333,-0.001498727392,0.004232187278,0.130886718158,0.000741406514
-6.0,-2.0,-10.0,-2.0,-0.351737563188,0.015777326292,0.006305628403,0.006149073052,0.091317259672,-0.002227736697
-6.0,0.0,-10.0,-2.0,-0.353050787503,0.015717739248,0.002332562913,0.00485401702,0.092297865625,-0.000823744294
-6.0,2.0,-10.0,-2.0,-0.353029456375,0.015718567163,-0.001635351651,0.003553837206,0.092448783308,0.000580580283
-4.0,-2.0,-10.0,-2.0,-0.205324672462,0.011655114419,0.006043252017,0.006820033682,0.051345601355,-0.001834223281
-4.0,0.0,-10.0,-2.0,-0.206445029185,0.011580789042,0.002149773919,0.004846731725,0.052266505751,-0.000699315215
-4.0,2.0,-10.0,-2.0,-0.206622159944,0.011582571134,-0.001738367563,0.002868430471,0.052482415907,0.000435581536
-2.0,-2.0,-10.0,-2.0,-0.058039104425,0.009677774676,0.005739867556,0.007481804419,0.009953443503,-0.001454579334
-2.0,0.0,-10.0,-2.0,-0.058907574108,0.009591794212,0.001974304712,0.004835719897,0.010718608539,-0.000576016643
-2.0,2.0,-10.0,-2.0,-0.059340612797,0.009591563654,-0.001806692248,0.00217615354,0.011093987778,0.000306411866
0.0,-2.0,-10.0,-2.0,0.089872490951,0.009861737154,0.005396077257,0.008134075843,-0.032742268586,-0.001089756808
0.0,0.0,-10.0,-2.0,0.089195614409,0.009768754748,0.001786620719,0.00481308245,-0.032029942254,-0.000450161484
0.0,2.0,-10.0,-2.0,0.088570668759,0.009762048256,-0.001838081238,0.001478454619,-0.031600634484,0.000192757929
2.0,-2.0,-10.0,-2.0,0.238167533658,0.012211633355,0.005011630921,0.008775886549,-0.07662289293,-0.000740476839
2.0,0.0,-10.0,-2.0,0.23768185524,0.012115219593,0.001597001954,0.004782251425,-0.075964889747,-0.000324273057
2.0,2.0,-10.0,-2.0,0.236864825044,0.012098780073,-0.001832765921,0.000775025331,-0.075480741346,9.4721767e-05
4.0,-2.0,-10.0,-2.0,0.3865899928,0.016720178032,0.00458727093,0.009406819237,-0.121555979594,-0.000407596275
4.0,0.0,-10.0,-2.0,0.386296709682,0.016623881902,0.00140666225,0.004744035665,-0.120954093014,-0.000198903984
4.0,2.0,-10.0,-2.0,0.385289011396,0.016594272666,-0.001788744042,6.7669078e-05,-0.120414775801,1.2014494e-05
6.0,-2.0,-10.0,-2.0,0.534887512772,0.023368219841,0.004123807382,0.010025798309,-0.167402645346,-9.1968726e-05
6.0,0.0,-10.0,-2.0,0.534786954276,0.023275622084,0.001215815572,0.00469792317,-0.166858092215,-7.449316e-05
6.0,2.0,-10.0,-2.0,0.533590099215,0.02322971617,-0.001706575315,-0.000643403795,-0.166264297161,-5.5357768e-05
8.0,-2.0,-10.0,-2.0,0.682819447275,0.032125353151,0.003633474738,0.010636705083,-0.214036360224,0.000203803978
8.0,0.0,-10.0,-2.0,0.682899582518,0.032039057284,0.00102535455,0.004643697511,-0.213531231239,4.8372707e-05
8.0,2.0,-10.0,-2.0,0.681515325506,0.031973944353,-0.001587196281,-0.001358173243,-0.212885168156,-0.000107438937
10.0,-2.0,-10.0,-2.0,0.830105658463,0.042946783388,0.003091147472,0.011227443466,-0.261262690868,0.000483008239
10.0,0.0,-10.0,-2.0,0.830384513245,0.042871826339,0.000835854209,0.004582201755,-0.260826511742,0.000169229658
10.0,2.0,-10.0,-2.0,0.828809385523,0.042784144247,-0.001423686848,-0.002071808126,-0.260118689805,-0.000145327077
-10.0,-2.0,-10.0,0.0,-0.641443866347,0.030211614953,0.00402439772,-5.6706057e-05,0.166961903313,-0.001985282244
-10.0,0.0,-10.0,0.0,-0.642497871675,0.030207353597,1.340815e-06,6.80467e-07,0.167494021869,-3.60924e-07
-10.0,2.0,-10.0,0.0,-0.641443937376,0.030211501754,-0.004021781645,5.7991067e-05,0.166962210223,0.001984582957
-8.0,-2.0,-10.0,0.0,-0.497487535992,0.021891245263,0.004016577801,0.000621618868,0.130132695507,-0.001687196539
-8.0,0.0,-10.0,0.0,-0.498349175392,0.021872205244,1.002489e-06,5.69146e-07,0.130607468294,-2.5852e-07
-8.0,2.0,-10.0,0.0,-0.49748759919,0.021891170731,-0.004014565275,-0.000620475747,0.130132928364,0.001686681369
-6.0,-2.0,-10.0,0.0,-0.35217880248,0.015648641287,0.003972917818,0.001299800199,0.091681200439,-0.001403224898
-6.0,0.0,-10.0,0.0,-0.352845401667,0.015618297599,6.94386e-07,4.34383e-07,0.092094883544,-1.70864e-07
-6.0,2.0,-10.0,0.0,-0.35217839921,0.015648594666,-0.003971904659,-0.001299285885,0.09168030185,0.00140297419
-4.0,-2.0,-10.0,0.0,-0.205754212302,0.0115234091,0.00389295308,0.001977971838,0.051702001675,-0.001133909107
-4.0,0.0,-10.0,0.0,-0.206225677658,0.011485234301,1.68868e-07,7.7704e-08,0.052054363802,-4.0869e-08
-4.0,2.0,-10.0,0.0,-0.205754453034,0.011523393015,-0.003892615524,-0.001977853981,0.051702150846,0.001133826391
-2.0,-2.0,-10.0,0.0,-0.058456379048,0.00954362899,0.003775010039,0.002654790883,0.010301644423,-0.00087942188
-2.0,0.0,-10.0,0.0,-0.058672950359,0.009500663886,3.0015e-08,-4.6176e-08,0.010495599292,-7.452e-09
-2.0,2.0,-10.0,0.0,-0.058455123865,0.009543607471,-0.003774877211,-0.002654821204,0.010300590645,0.000879401953
0.0,-2.0,-10.0,0.0,0.089468841568,0.00972584672,0.003618853561,0.003330065781,-0.032403040692,-0.000640203996
0.0,0.0,-10.0,0.0,0.089443183756,0.00968261708,-2.9018e-08,-7.1113e-08,-0.032261761168,6.049e-09
0.0,2.0,-10.0,0.0,0.08946885416,0.009725859542,-0.00361883406,-0.003330111266,-0.03240291347,0.000640204425
2.0,-2.0,-10.0,0.0,0.237777134871,0.012074570261,0.003423479035,0.0040023711,-0.076293078498,-0.000416484169
2.0,0.0,-10.0,0.0,0.237943219108,0.012034552325,-2.19209e-07,-3.48929e-07,-0.076206726547,3.1344e-08
2.0,2.0,-10.0,0.0,0.237777185983,0.012074662535,-0.003423958796,-0.004003020902,-0.076293447516,0.000416555781
4.0,-2.0,-10.0,0.0,0.38621315677,0.016582572421,0.003189255399,0.004671527702,-0.121235827804,-0.000208700453
4.0,0.0,-10.0,0.0,0.386570745058,0.016549129157,-1.46437e-07,-3.58343e-07,-0.121204892462,2.0875e-08
4.0,2.0,-10.0,0.0,0.386213275159,0.016582547628,-0.003189507231,-0.004672224329,-0.121235895433,0.000208738238
6.0,-2.0,-10.0,0.0,0.534523992014,0.0232308427,0.002916163446,0.005336226455,-0.167092351377,-1.7232984e-05
6.0,0.0,-10.0,0.0,0.535073384234,0.023207206034,-2.78306e-07,-5.49866e-07,-0.167117862978,2.7573e-08
6.0,2.0,-10.0,0.0,0.534524795241,0.023230628225,-0.002916670277,-0.00533747693,-0.167092976508,1.7235627e-05
8.0,-2.0,-10.0,0.0,0.68246540791,0.031987767598,0.002610929515,0.005998607746,-0.2137288009,0.000156734803
8.0,0.0,-10.0,0.0,0.683198077794,0.031977321891,-4.81444e-07,-1.200842e-06,-0.213799678461,-6.7e-09
8.0,2.0,-10.0,0.0,0.682465280882,0.031987886873,-0.002611833122,-0.006000666538,-0.213729837298,-0.000156716672
10.0,-2.0,-10.0,0.0,0.829767416906,0.042811001981,0.002257648311,0.006650464584,-0.26096737158,0.000315081624
10.0,0.0,-10.0,0.0,0.830694671108,0.042817296861,-6.40754e-07,-1.602288e-06,-0.261103590705,-1.70598e-07
10.0,2.0,-10.0,0.0,0.82976713696,0.042810901059,-0.00225890489,-0.006653698602,-0.260967469428,-0.00031542701
-10.0,-2.0,-10.0,2.0,-0.642257866365,0.030301383613,0.001333924979,-0.004900766434,0.167701729838,-0.000919116523
-10.0,0.0,-10.0,2.0,-0.642674140623,0.03031278302,-0.002684524017,-0.00484409442,0.167675733486,0.001067304316
-10.0,2.0,-10.0,2.0,-0.640982277998,0.030332341246,-0.006707696812,-0.004782076956,0.16658554157,0.003052698033
-8.0,-2.0,-10.0,2.0,-0.498320434967,0.021971407271,0.001500736404,-0.00423107479,0.13088684764,-0.000741924868
-8.0,0.0,-10.0,2.0,-0.498540023615,0.021974939919,-0.002510190144,-0.004852722323,0.130799459594,0.000946357343
-8.0,2.0,-10.0,2.0,-0.497036035574,0.022016232079,-0.006526026782,-0.005469084313,0.129762416232,0.002633949055
-6.0,-2.0,-10.0,2.0,-0.353029047999,0.015718598615,0.001636383824,-0.003553305368,0.092447658587,-0.000580834264
-6.0,0.0,-10.0,2.0,-0.353050630301,0.01571772905,-0.002331555886,-0.004853513246,0.092296947467,0.000823494445
-6.0,2.0,-10.0,2.0,-0.351737655841,0.01577727253,-0.006304628076,-0.006148583502,0.091316538864,0.002227488475
-4.0,-2.0,-10.0,2.0,-0.206622322948,0.011582572632,0.001738701661,-0.002868375339,0.052482282437,-0.000435666975
-4.0,0.0,-10.0,2.0,-0.206445271555,0.01158078675,-0.002149443262,-0.004846597219,0.052266463054,0.0006992332
-4.0,2.0,-10.0,2.0,-0.205325173887,0.011655091736,-0.006042924752,-0.006819891655,0.051345713634,0.00183414353
-2.0,-2.0,-10.0,2.0,-0.059339622966,0.009591519756,0.00180645959,-0.002176471277,0.01109294789,-0.000306365136
-2.0,0.0,-10.0,2.0,-0.058906961576,0.009591818999,-0.001974524041,-0.004836079069,0.010718384865,0.000576062238
-2.0,2.0,-10.0,2.0,-0.05803865375,0.009677740392,-0.005739869867,-0.007481820569,0.009952854808,0.001454585916
0.0,-2.0,-10.0,2.0,0.088570395928,0.009762058925,0.001838211715,-0.001478382894,-0.031600204664,-0.000192778502
0.0,0.0,-10.0,2.0,0.089195511301,0.009768774981,-0.00178665815,-0.004813209113,-0.032029464426,0.000450170719
0.0,2.0,-10.0,2.0,0.089872569482,0.009861776745,-0.005396152296,-0.008134222855,-0.032741838352,0.00108977512
2.0,-2.0,-10.0,2.0,0.236864879889,0.012098697727,0.001832256432,-0.000775659594,-0.075480529087,-9.4649801e-05
2.0,0.0,-10.0,2.0,0.23768211591,0.01211525531,-0.00159745234,-0.004782957593,-0.0759652375,0.000324337277
2.0,2.0,-10.0,2.0,0.238167813567,0.012211740616,-0.005012102198,-0.008776585958,-0.076623608234,0.000740549678
4.0,-2.0,-10.0,2.0,0.385288680559,0.016594300788,0.001788504076,-6.8353174e-05,-0.120414576862,-1.1978062e-05
4.0,0.0,-10.0,2.0,0.386296503865,0.016623877978,-0.001406956516,-0.004744737196,-0.12095395348,0.000198946665
4.0,2.0,-10.0,2.0,0.386589988742,0.016720167674,-0.004587540892,-0.009407505886,-0.121555974683,0.000407637797
6.0,-2.0,-10.0,2.0,0.533588950555,0.023229873791,0.0017061607,0.000642258204,-0.166263691921,5.537608e-05
6.0,0.0,-10.0,2.0,0.534786645483,0.02327557105,-0.001216367826,-0.004699002032,-0.166857883253,7.4547816e-05
6.0,2.0,-10.0,2.0,0.534887508576,0.02336814174,-0.004124312192,-0.010026874311,-0.167402734545,9.2014123e-05
8.0,-2.0,-10.0,2.0,0.68151538463,0.031973993147,0.001586357488,0.001356109169,-0.212886034513,0.000107414918
8.0,0.0,-10.0,2.0,0.682899459914,0.032039039859,-0.001026210707,-0.004645785574,-0.213532132658,-4.8403457e-05
8.0,2.0,-10.0,2.0,0.682818735244,0.032124961579,-0.003634344874,-0.010638738986,-0.214037004816,-0.000203877931
10.0,-2.0,-10.0,2.0,0.828809127989,0.042783705701,0.001422391067,0.002068569714,-0.260118405318,0.000145022702
10.0,0.0,-10.0,2.0,0.83038396206,0.042871247387,-0.000837173874,-0.004585497565,-0.260826304515,-0.000169514632
10.0,2.0,-10.0,2.0,0.83010511128,0.042946186119,-0.003092485318,-0.011230835342,-0.261262754642,-0.000483298848
-10.0,-2.0,-10.0,4.0,-0.643418264745,0.03060030803,-0.00134752638,-0.009724505631,0.168799631267,0.000137109419
-10.0,0.0,-10.0,4.0,-0.643200131986,0.030627109598,-0.005356902829,-0.00966465453,0.168218525154,0.002126969906
-10.0,2.0,-10.0,4.0,-0.640873003909,0.030661311555,-0.009375586426,-0.009593992976,0.166572214142,0.00411474715
-8.0,-2.0,-10.0,4.0,-0.499528900978,0.022255441554,-0.001007009853,-0.009063879181,0.132019500717,0.000193855717
-8.0,0.0,-10.0,4.0,-0.499109798805,0.022281246006,-0.00500893666,-0.009682075429,0.13137286175,0.001885451178
-8.0,2.0,-10.0,4.0,-0.496966109049,0.022344027459,-0.009020719162,-0.010289743187,0.129775646769,0.003575689632
-6.0,-2.0,-10.0,4.0,-0.354284548339,0.015985940111,-0.000693238204,-0.008387308695,0.093614048202,0.000232583498
-6.0,0.0,-10.0,4.0,-0.353663791046,0.016014191628,-0.004652399034,-0.00968385886,0.092900731782,0.001640119356
-6.0,2.0,-10.0,4.0,-0.351707547867,0.016102144224,-0.008621807156,-0.010970154498,0.091356794159,0.003046985741
-4.0,-2.0,-10.0,4.0,-0.207923461013,0.011831539865,-0.000408780999,-0.007695476182,0.053680906002,0.000253895123
-4.0,0.0,-10.0,4.0,-0.207101617685,0.011865724981,-0.004288637494,-0.009670044556,0.052900442219,0.001391931438
-4.0,2.0,-10.0,4.0,-0.205335008019,0.011975305072,-0.008178759908,-0.011634355672,0.051413017618,0.00252991419
-2.0,-2.0,-10.0,4.0,-0.060685488871,0.009820579475,-0.000156315885,-0.006989214801,0.012324630335,0.0002585042
-2.0,0.0,-10.0,4.0,-0.059606166779,0.009863555975,-0.003939542737,-0.009649135623,0.011382818993,0.00114600152
-2.0,2.0,-10.0,4.0,-0.058089714589,0.00999160419,-0.007691801457,-0.012281644924,0.010049116135,0.002025756923
0.0,-2.0,-10.0,4.0,0.087182743762,0.009969593473,6.2586249e-05,-0.006268842127,-0.030339062789,0.000246902098
0.0,0.0,-10.0,4.0,0.088455557069,0.010025733418,-0.003564808902,-0.009603876372,-0.031336034707,0.000894685871
0.0,2.0,-10.0,4.0,0.089782023324,0.010167571304,-0.007161592606,-0.012911418467,-0.032618222343,0.001535811506
2.0,-2.0,-10.0,4.0,0.235436714856,0.012283398189,0.000245411581,-0.005536250466,-0.074190820321,0.000219865264
2.0,0.0,-10.0,4.0,0.236901546086,0.012355944845,-0.003187220091,-0.009543593191,-0.075243274724,0.000643457438
2.0,2.0,-10.0,4.0,0.238036612591,0.012507869769,-0.006589740607,-0.013523677029,-0.076471346337,0.001061501786
4.0,-2.0,-10.0,4.0,0.383822586945,0.016754927372,0.000391513159,-0.004791345738,-0.119097788633,0.000177855085
4.0,0.0,-10.0,4.0,0.385477223621,0.016846905293,-0.002807250999,-0.009467629481,-0.120204311713,0.000393133906
4.0,2.0,-10.0,4.0,0.386419393949,0.017005106334,-0.005976392266,-0.014116766466,-0.121375476766,0.000603966611
6.0,-2.0,-10.0,4.0,0.532088524962,0.023365239609,0.000500274847,-0.004035026867,-0.164923269025,0.000121381745
6.0,0.0,-10.0,4.0,0.533930086926,0.023479612212,-0.002426864967,-0.009376501901,-0.166081320073,0.000144764479
6.0,2.0,-10.0,4.0,0.534678231254,0.023640362418,-0.005324064736,-0.01469071938,-0.167194091347,0.000164670125
8.0,-2.0,-10.0,4.0,0.679975245989,0.032082976873,0.000564326051,-0.003271130046,-0.211511640315,5.2047233e-05
8.0,0.0,-10.0,4.0,0.682007351183,0.03222291323,-0.002047285571,-0.009270323797,-0.212729768619,-0.000100703969
8.0,2.0,-10.0,4.0,0.682576443816,0.032383319376,-0.004650105196,-0.01525171791,-0.213808393836,-0.000252757879
10.0,-2.0,-10.0,4.0,0.827237761881,0.042865230479,0.000589141227,-0.002498451776,-0.258721883865,-3.0630171e-05
10.0,0.0,-10.0,4.0,0.829457646107,0.043033640488,-0.001669971672,-0.009149663011,-0.25999890903,-0.0003423399
10.0,2.0,-10.0,4.0,0.829825416674,0.04318902154,-0.003920547844,-0.01578304602,-0.261007267393,-0.000652473682
-10.0,-2.0,-10.0,6.0,-0.644917292469,0.031102961278,-0.004006588458,-0.014503970727,0.170247280749,0.0011756148
-10.0,0.0,-10.0,6.0,-0.644070996768,0.031144450671,-0.008002417621,-0.014436972219,0.169116373359,0.003170767137
-10.0,2.0,-10.0,6.0,-0.641114573405,0.031192019029,-0.012012243417,-0.014353855599,0.166918947859,0.005162835606
-8.0,-2.0,-10.0,6.0,-0.501104832398,0.022738143583,-0.003494221388,-0.013853032831,0.133521956556,0.001112819675
-8.0,0.0,-10.0,6.0,-0.500053316075,0.022785408394,-0.007482916938,-0.014463774931,0.132321472638,0.00280964404
-8.0,2.0,-10.0,6.0,-0.497275853839,0.02286829539,-0.011486361201,-0.015058773193,0.130169007243,0.004504462704
-6.0,-2.0,-10.0,6.0,-0.355936008483,0.016445885815,-0.003004101498,-0.013178385096,0.095170153923,0.001030067584
-6.0,0.0,-10.0,6.0,-0.354678931236,0.016502276914,-0.006950481524,-0.014467178231,0.093899604461,0.002442784473
-6.0,2.0,-10.0,6.0,-0.352085208473,0.016617219961,-0.010912148848,-0.015740633548,0.091796968419,0.003854494649
-4.0,-2.0,-10.0,6.0,-0.209648954332,0.012265835727,-0.002539576168,-0.012480702312,0.055289674871,0.00092848764
-4.0,0.0,-10.0,6.0,-0.20818774054,0.0123349254,-0.006406906307,-0.014447050552,0.053948677271,0.002071572419
-4.0,2.0,-10.0,6.0,-0.20578095431,0.012478322291,-0.010290139253,-0.016398492497,0.051900381381,0.003214697777
-2.0,-2.0,-10.0,6.0,-0.062482331165,0.01022652469,-0.002103954819,-0.011760768124,0.01398405213,0.000809260924
-2.0,0.0,-10.0,6.0,-0.06076227111,0.010310996024,-0.005885991328,-0.014416621356,0.01247940474,0.001703883324
-2.0,2.0,-10.0,6.0,-0.058603920979,0.010479732625,-0.009621417531,-0.017031699806,0.010584373212,0.002586888866
0.0,-2.0,-10.0,6.0,0.085317165252,0.010344669027,-0.001699701166,-0.011019266926,-0.028631657935,0.00067339023
0.0,0.0,-10.0,6.0,0.087231569026,0.010449000024,-0.005326122939,-0.014349864125,-0.030191071808,0.001328036738
0.0,2.0,-10.0,6.0,0.089201794875,0.010638077326,-0.00890696761,-0.01763954258,-0.032038131137,0.001972762422
2.0,-2.0,-10.0,6.0,0.233504201818,0.01262531901,-0.001329604696,-0.01025757258,-0.072434977776,0.000522057858
2.0,0.0,-10.0,6.0,0.235609536275,0.012752502373,-0.004761773614,-0.014260124456,-0.074048306863,0.000952292297
2.0,2.0,-10.0,6.0,0.237388627944,0.012958190955,-0.008149246487,-0.018222189486,-0.075841357755,0.00137427529
4.0,-2.0,-10.0,6.0,0.3818269075,0.017061528316,-0.000995239473,-0.009476122461,-0.117296774821,0.000356244946
4.0,0.0,-10.0,6.0,0.384122059622,0.017214501263,-0.004194580748,-0.014147758397,-0.118964771545,0.000577975495
4.0,2.0,-10.0,6.0,0.385707817324,0.017432885033,-0.007349711287,-0.018778844874,-0.12070067828,0.000793076104
6.0,-2.0,-10.0,6.0,0.530027722979,0.023634288719,-0.00070298727,-0.00867799479,-0.163070758623,0.000177752863
6.0,0.0,-10.0,6.0,0.532513558112,0.023816053187,-0.003626260925,-0.014012302261,-0.164797461835,0.000206510277
6.0,2.0,-10.0,6.0,0.533903957248,0.024043199473,-0.006510490423,-0.019308372579,-0.166473779817,0.000230991817
8.0,-2.0,-10.0,6.0,0.677858067013,0.032312940886,-0.000450465817,-0.007862500568,-0.209618630806,-1.3054457e-05
8.0,0.0,-10.0,6.0,0.680532106422,0.032526213799,-0.003059056568,-0.013854303294,-0.211403234681,-0.000160629925
8.0,2.0,-10.0,6.0,0.681745922163,0.032759271228,-0.005654546096,-0.019819508717,-0.21305106127,-0.000307147195
10.0,-2.0,-10.0,6.0,0.825067843844,0.0430548416,-0.000238033323,-0.007030477995,-0.256792003574,-0.000215267809
10.0,0.0,-10.0,6.0,0.82792645334,0.043302197371,-0.002495026186,-0.013674066202,-0.258632563934,-0.000522003445
10.0,2.0,-10.0,6.0,0.828935686483,0.043535840581,-0.00473939799,-0.020291517042,-0.260206017006,-0.000826403687
-10.0,-2.0,-10.0,8.0,-0.646745147648,0.031800136374,-0.006629920832,-0.01921550475,0.172032832868,0.002188870363
-10.0,0.0,-10.0,8.0,-0.645279880486,0.031855138207,-0.010608012105,-0.019137548322,0.170360043709,0.00419110005
-10.0,2.0,-10.0,8.0,-0.641702963462,0.031914336894,-0.014604726074,-0.019038236005,0.167618947637,0.00618927344
-8.0,-2.0,-10.0,8.0,-0.503036894739,0.023410820441,-0.005948493441,-0.018575126972,0.13538146938,0.002007887467
-8.0,0.0,-10.0,8.0,-0.501362045425,0.023478132733,-0.009919966638,-0.019174522122,0.133635065836,0.003711793482
-8.0,2.0,-10.0,8.0,-0.497959466912,0.023579499981,-0.013910884693,-0.019752976098,0.130934659198,0.005412992821
-6.0,-2.0,-10.0,8.0,-0.357971104712,0.017090148413,-0.005284926937,-0.017903529018,0.097102690933,0.001805038125
-6.0,0.0,-10.0,8.0,-0.356086697385,0.017173223792,-0.009214644192,-0.019180522865,0.095282696955,0.003224805423
-6.0,2.0,-10.0,8.0,-0.352864006052,0.017313236947,-0.01316465854,-0.020437180761,0.092628714967,0.004643247087
-4.0,-2.0,-10.0,8.0,-0.211784013326,0.012877589306,-0.004643105803,-0.017201022142,0.057293212452,0.001581955089
-4.0,0.0,-10.0,8.0,-0.209693613808,0.012980036875,-0.00849454126,-0.019155362455,0.055400735472,0.002732051167
-4.0,2.0,-10.0,8.0,-0.206654974409,0.013155170805,-0.012367002818,-0.021089772714,0.052798364106,0.003882206013
-2.0,-2.0,-10.0,8.0,-0.06471507885,0.010802134057,-0.004026995405,-0.016468527304,0.016056409809,0.00134023625
-2.0,0.0,-10.0,8.0,-0.062412450872,0.010927067192,-0.007753856925,-0.019095128679,0.014078797994,0.002233738051
-2.0,2.0,-10.0,8.0,-0.059572009721,0.011133607628,-0.011519472356,-0.021709740157,0.011548170941,0.003132134735
0.0,-2.0,-10.0,8.0,0.082988749691,0.010880665974,-0.003439975882,-0.015707141552,-0.026491031628,0.001081456714
0.0,0.0,-10.0,8.0,0.085535233209,0.011031291065,-0.007062390839,-0.019029335135,-0.028604130147,0.001744964654
0.0,2.0,-10.0,8.0,0.088141004315,0.011265332739,-0.010624204072,-0.022297021009,-0.0310090479,0.002395298262
2.0,-2.0,-10.0,8.0,0.2310833773,0.013118443571,-0.002885144855,-0.014917790768,-0.070227781707,0.000807172271
2.0,0.0,-10.0,8.0,0.233821470254,0.013298257124,-0.006314470356,-0.018911829158,-0.072396148766,0.001246110629
2.0,2.0,-10.0,8.0,0.236236330624,0.01355536875,-0.009684243325,-0.022851792853,-0.074747158507,0.001674083434
4.0,-2.0,-10.0,8.0,0.379319411653,0.017508737817,-0.002365347105,-0.014101678103,-0.115028303742,0.000518920444
4.0,0.0,-10.0,8.0,0.382246034636,0.017720558822,-0.005562613434,-0.018764216625,-0.11724965978,0.000749116678
4.0,2.0,-10.0,8.0,0.384467375306,0.017996672087,-0.008701282619,-0.023372970549,-0.11954332307,0.000970539507
6.0,-2.0,-10.0,8.0,0.527431866947,0.024032549712,-0.00189206167,-0.013263376814,-0.160734018341,0.000219711005
6.0,0.0,-10.0,8.0,0.530553057151,0.024279449712,-0.004809117259,-0.018586000919,-0.16302132524,0.000255865015
6.0,2.0,-10.0,8.0,0.532577574051,0.024570441717,-0.007678287279,-0.023859536617,-0.165254178545,0.000286995937
8.0,-2.0,-10.0,8.0,0.675183545089,0.032659966737,-0.001453393478,-0.012398011694,-0.207225205185,-9.1311901e-05
8.0,0.0,-10.0,8.0,0.678490700715,0.032944217036,-0.004056959671,-0.018377849715,-0.209568293265,-0.000231679666
8.0,2.0,-10.0,8.0,0.680341483815,0.033247305217,-0.006643197819,-0.024322384748,-0.211778377307,-0.000370613519
10.0,-2.0,-10.0,8.0,0.822319148392,0.043348425764,-0.001055646868,-0.011508813871,-0.254345022111,-0.000411864723
10.0,0.0,-10.0,8.0,0.825807785003,0.043672366227,-0.003308861425,-0.018140144808,-0.256741081231,-0.000711591887
10.0,2.0,-10.0,8.0,0.827450964186,0.043981742112,-0.005545404232,-0.024736790362,-0.25887399358,-0.001008185638
-10.0,-2.0,-10.0,10.0,-0.648885831291,0.032678929446,-0.009204423443,-0.023836018724,0.174139865865,0.003169800052
-10.0,0.0,-10.0,10.0,-0.646816799293,0.032746037426,-0.013160916184,-0.023743527415,0.171936682162,0.005180720603
-10.0,2.0,-10.0,10.0,-0.642631036679,0.032814951282,-0.017140417258,-0.023624412452,0.168661751207,0.007186650701
-8.0,-2.0,-10.0,10.0,-0.505310957381,0.024261473697,-0.008357789225,-0.023207487665,0.137582020372,0.002872371886
-8.0,0.0,-10.0,10.0,-0.503024656691,0.024347025883,-0.012308228611,-0.023791732561,0.135299964406,0.004585072831
-8.0,2.0,-10.0,10.0,-0.499008583476,0.024464575646,-0.01628284066,-0.024350019869,0.132061553481,0.006294415238
-6.0,-2.0,-10.0,10.0,-0.360374140294,0.017907158477,-0.007524709805,-0.022540357101,0.099394617259,0.002551319396
-6.0,0.0,-10.0,10.0,-0.357874283759,0.018014960463,-0.011434095006,-0.023801644434,0.09703538149,0.003979880802
-6.0,2.0,-10.0,10.0,-0.354034124386,0.018177586854,-0.015368848779,-0.025037788179,0.093840033314,0.005406859103
-4.0,-2.0,-10.0,10.0,-0.214311806514,0.013656122677,-0.006709530376,-0.02183464844,0.059673703103,0.002208596172
-4.0,0.0,-10.0,10.0,-0.211604231753,0.013789593045,-0.010541489883,-0.023772794705,0.057240318194,0.003367500001
-4.0,2.0,-10.0,10.0,-0.207945254367,0.01399386708,-0.014399739029,-0.025686381955,0.054093733733,0.004526511793
-2.0,-2.0,-10.0,10.0,-0.067366815476,0.011537313027,-0.005916489037,-0.021091041133,0.018525117426,0.001846228856
-2.0,0.0,-10.0,10.0,-0.064449829849,0.011699763615,-0.009630387506,-0.023703281,0.016012469691,0.002749637398
-2.0,2.0,-10.0,10.0,-0.060981078247,0.011941910369,-0.013377678888,-0.026294591529,0.012927137666,0.003656118741
0.0,-2.0,-10.0,10.0,0.080218305303,0.01156816337,-0.005150288442,-0.020311448934,-0.023938269247,0.001466352482
0.0,0.0,-10.0,10.0,0.083384704049,0.011762542971,-0.00876560301,-0.023621013007,-0.026594401287,0.002140573062
0.0,2.0,-10.0,10.0,0.086613853096,0.012038678762,-0.012305767337,-0.026863047635,-0.029546433965,0.002798462854
2.0,-2.0,-10.0,10.0,0.228197336441,0.013754167057,-0.004414586201,-0.019496597429,-0.067592507229,0.00107096356
2.0,0.0,-10.0,10.0,0.231555482041,0.013983936061,-0.007838002675,-0.023477592559,-0.070304115176,0.001520453755
2.0,2.0,-10.0,10.0,0.234595536244,0.01428946535,-0.011187581202,-0.027391498119,-0.073203892112,0.001956359758
4.0,-2.0,-10.0,10.0,0.376323226579,0.01808885644,-0.003712546147,-0.018647507993,-0.112314239153,0.000662007042
4.0,0.0,-10.0,10.0,0.37986947949,0.01835668626,-0.006905203066,-0.02329663253,-0.115078408808,0.000902573497
4.0,2.0,-10.0,10.0,0.382715938323,0.018687404603,-0.010025227543,-0.027879048461,-0.11792070083,0.00113227893
6.0,-2.0,-10.0,10.0,0.524325404329,0.024553245737,-0.003061549155,-0.017771120589,-0.157935866681,0.000243809816
6.0,0.0,-10.0,10.0,0.528070248165,0.024862305478,-0.005970158945,-0.023077709001,-0.160773305899,0.000289279551
6.0,2.0,-10.0,10.0,0.53071880373,0.025213917941,-0.008822361755,-0.028324650234,-0.16355372631,0.000329025244
8.0,-2.0,-10.0,10.0,0.67197736649,0.033118256737,-0.002439929287,-0.016858125268,-0.204355095964,-0.000185755201
8.0,0.0,-10.0,10.0,0.675906257413,0.033470382863,-0.0050365653,-0.022821586494,-0.207246319083,-0.000316981212
8.0,2.0,-10.0,10.0,0.678383449111,0.033840121643,-0.007611779766,-0.028741206841,-0.210009280824,-0.000446385182
10.0,-2.0,-10.0,10.0,0.819018676893,0.043741453474,-0.001859924131,-0.015914098456,-0.251406714013,-0.000623027753
10.0,0.0,-10.0,10.0,0.823125978043,0.04413874015,-0.004107719361,-0.022528712248,-0.25434795898,-0.000913811054
10.0,2.0,-10.0,10.0,0.825392899167,0.044520413304,-0.006335070747,-0.029100234223,-0.257031062429,-0.001200640348
-10.0,-2.0,-8.0,-10.0,-0.661917138797,0.033476208301,0.017284627201,0.023849402513,0.185307213642,-0.007022572743
-10.0,0.0,-8.0,-10.0,-0.666183256045,0.033437816509,0.013348226278,0.024122411063,0.188659526959,-0.005009306906
-10.0,2.0,-8.0,-10.0,-0.668305723458,0.033399007432,0.009434716562,0.024367847374,0.190920319415,-0.002990890139
-8.0,-2.0,-8.0,-10.0,-0.518330517698,0.024881525641,0.016436931219,0.024601059649,0.148848575842,-0.006127934727
-8.0,0.0,-8.0,-10.0,-0.52242950395,0.024793369815,0.012497716175,0.024197294541,0.152165853582,-0.00441070639
-8.0,2.0,-8.0,-10.0,-0.524769060698,0.024735307673,0.00858345916,0.023767035524,0.154505192088,-0.002690342533
-6.0,-2.0,-8.0,-10.0,-0.373363022351,0.018349499386,0.015530401048,0.025314250548,0.1107398001,-0.005236915575
-6.0,0.0,-8.0,-10.0,-0.377288690731,0.018214879438,0.011623240148,0.024233119639,0.114015402878,-0.003801519994
-6.0,2.0,-8.0,-10.0,-0.379844186622,0.018133816383,0.007742027773,0.023125872729,0.11643358488,-0.002364727682
-4.0,-2.0,-8.0,-10.0,-0.227254944484,0.013921403932,0.014566164031,0.02598748172,0.071079169621,-0.004352035593
-4.0,0.0,-8.0,-10.0,-0.230999110959,0.013743739052,0.010724913467,0.024228192252,0.074302604638,-0.003183425358
-4.0,2.0,-8.0,-10.0,-0.233769489308,0.013636227376,0.006916372247,0.022445918611,0.076801172893,-0.002016411944
-2.0,-2.0,-8.0,-10.0,-0.080243365915,0.011627053902,0.013547288213,0.026621300408,0.029966254919,-0.003476244733
-2.0,0.0,-8.0,-10.0,-0.083807199568,0.011410076149,0.009817208253,0.024187731936,0.033142370319,-0.002561250511
-2.0,2.0,-8.0,-10.0,-0.086782128753,0.011272687561,0.006110731766,0.021728045184,0.035709304821,-0.001647470608
0.0,-2.0,-8.0,-10.0,0.067425070964,0.011484800229,0.012476292967,0.027214521952,-0.012480496379,-0.002612182401
0.0,0.0,-8.0,-10.0,0.064092785726,0.011232258511,0.008940588795,0.024127830608,-0.009428631728,-0.001944205381
0.0,2.0,-8.0,-10.0,0.060871406707,0.011061883352,0.005329569101,0.020972577631,-0.006724768015,-0.00125996572
2.0,-2.0,-8.0,-10.0,0.215509181467,0.013500881093,0.011356502454,0.027767041723,-0.056143936296,-0.001762598274
2.0,0.0,-8.0,-10.0,0.212362976198,0.013217265297,0.008003533174,0.024008096421,-0.053142843849,-0.001316000156
2.0,2.0,-8.0,-10.0,0.208946657202,0.013010656175,0.004575842759,0.020181021378,-0.050382867607,-0.000855819961
4.0,-2.0,-8.0,-10.0,0.363756035512,0.017669921626,0.010189946205,0.028277877523,-0.100893820822,-0.000930045205
4.0,0.0,-8.0,-10.0,0.36080111759,0.017359313592,0.007058699686,0.023849979711,-0.097948800111,-0.000688992941
4.0,2.0,-8.0,-10.0,0.357193436146,0.017113472911,0.003854094225,0.019354114846,-0.095134359756,-0.000437150905
6.0,-2.0,-8.0,-10.0,0.51191232534,0.023974490631,0.008980346379,0.028746115998,-0.14659132896,-0.000117339723
6.0,0.0,-8.0,-10.0,0.509152983092,0.023641152906,0.006109216919,0.023653027567,-0.143707198992,-6.5598505e-05
6.0,2.0,-8.0,-10.0,0.505339081771,0.023352636108,0.003186054064,0.018501252648,-0.140809859169,-9.080908e-06
8.0,-2.0,-8.0,-10.0,0.659749359805,0.032386671936,0.007756176378,0.029182068316,-0.193132828674,0.000669018295
8.0,0.0,-8.0,-10.0,0.657164099702,0.032033361457,0.005158648181,0.023417480201,-0.190272795096,0.000551712217
8.0,2.0,-8.0,-10.0,0.653164440449,0.031700598945,0.00253974037,0.017608052131,-0.187321096524,0.00043221393
10.0,-2.0,-8.0,-10.0,0.80696286756,0.042863000683,0.006467682716,0.029561793311,-0.240278891065,0.0014343628
10.0,0.0,-8.0,-10.0,0.804586444619,0.042496061071,0.004210469027,0.023144365392,-0.23749843098,0.001160351008
10.0,2.0,-8.0,-10.0,0.800405694984,0.04211669963,0.001932717943,0.016682664493,-0.234495541273,0.000882007132
-10.0,-2.0,-8.0,-8.0,-0.661458732922,0.032560354851,0.014713173828,0.019188485985,0.184666658282,-0.0060541379
-10.0,0.0,-8.0,-8.0,-0.6651043104,0.032526394677,0.010760105875,0.019445074403,0.187473273964,-0.004049008129
-10.0,2.0,-8.0,-8.0,-0.666606549522,0.03249416956,0.006825351776,0.01967946453,0.189189648641,-0.002039708594
-8.0,-2.0,-8.0,-8.0,-0.517745182887,0.02397180661,0.014028981464,0.019924376132,0.1481219979,-0.005276093353
-8.0,0.0,-8.0,-8.0,-0.521218477502,0.023894709208,0.010073725032,0.019503783563,0.150889107766,-0.003567399277
-8.0,2.0,-8.0,-8.0,-0.522933552987,0.023849847509,0.006138532846,0.019061868969,0.152679977768,-0.001856169984
-6.0,-2.0,-8.0,-8.0,-0.372651017603,0.017451238599,0.013290513518,0.0206293374,0.109926849897,-0.004503774201
-6.0,0.0,-8.0,-8.0,-0.375946553217,0.017334350899,0.009368150748,0.019531015004,0.112648496561,-0.003077310644
-6.0,2.0,-8.0,-8.0,-0.377873079606,0.017273123679,0.005466866975,0.01841195717,0.114513957194,-0.001649766107
-4.0,-2.0,-8.0,-8.0,-0.226415886468,0.013039815217,0.012498523657,0.021302027183,0.070179094615,-0.003739295979
-4.0,0.0,-8.0,-8.0,-0.22952911333,0.012886614174,0.008645661899,0.019526260781,0.072849982726,-0.002580559838
-4.0,2.0,-8.0,-8.0,-0.231663218295,0.012805517135,0.004814707495,0.017730299649,0.074788374692,-0.001422165521
-2.0,-2.0,-8.0,-8.0,-0.079277570558,0.010767229129,0.011655146386,0.021942839298,0.02897884299,-0.002985057719
-2.0,0.0,-8.0,-8.0,-0.08216603367,0.010581165197,0.00794993447,0.019505569238,0.031527937548,-0.002087473355
-2.0,2.0,-8.0,-8.0,-0.084546313304,0.010477056578,0.004186287851,0.017018307722,0.033606492461,-0.001175081136
0.0,-2.0,-8.0,-8.0,0.068516858025,0.010651683946,0.010762674894,0.022550624603,-0.013555113945,-0.002243346453
0.0,0.0,-8.0,-8.0,0.065823442746,0.010436906455,0.007204623109,0.019441443052,-0.011064718004,-0.001583349512
0.0,2.0,-8.0,-8.0,0.063238690038,0.010306200311,0.00358550208,0.016277187361,-0.008919496346,-0.000910206383
2.0,-2.0,-8.0,-8.0,0.216724443001,0.012699258522,0.009823165456,0.023125143454,-0.057305058823,-0.001516331871
2.0,0.0,-8.0,-8.0,0.2142181134,0.012459969799,0.006448968653,0.019343288596,-0.054865927316,-0.001078084746
2.0,2.0,-8.0,-8.0,0.211437695405,0.012299384127,0.003014505921,0.015506567228,-0.052663784233,-0.00062888369
4.0,-2.0,-8.0,-8.0,0.365091368351,0.016904374439,0.008838437703,0.023665350952,-0.102139763564,-0.000806177213
4.0,0.0,-8.0,-8.0,0.362776765257,0.01664453735,0.005687329863,0.019214274129,-0.099756875942,-0.000573843921
4.0,2.0,-8.0,-8.0,0.359805022271,0.016451010188,0.002477050982,0.014708416163,-0.097499926515,-0.000332794857
6.0,-2.0,-8.0,-8.0,0.513364745478,0.023249368754,0.007811589283,0.024170462995,-0.147920810821,-0.000115226687
6.0,0.0,-8.0,-8.0,0.511245174189,0.02297308395,0.004922070595,0.019053924516,-0.145598082834,-7.2544292e-05
6.0,2.0,-8.0,-8.0,0.508071834917,0.022743344671,0.001989231258,0.013889556236,-0.143265860461,-2.5766462e-05
8.0,-2.0,-8.0,-8.0,0.661312583709,0.031706537668,0.006766056089,0.024649029212,-0.194537930919,0.000551056076
8.0,0.0,-8.0,-8.0,0.659370529523,0.031416705084,0.004156079006,0.018862763999,-0.192245394899,0.000423725766
8.0,2.0,-8.0,-8.0,0.656008703682,0.031148180583,0.001528880873,0.013040177086,-0.189856264931,0.000294718168
10.0,-2.0,-8.0,-8.0,0.808636824521,0.042230759145,0.005660283262,0.025080379331,-0.241764501691,0.001197393067
10.0,0.0,-8.0,-8.0,0.806900821778,0.041933061353,0.003392191116,0.018640929797,-0.239548690501,0.000913144243
10.0,2.0,-8.0,-8.0,0.803356403231,0.041624260226,0.001107488136,0.012165851512,-0.237106360622,0.000625433173
-10.0,-2.0,-8.0,-6.0,-0.661244293062,0.031826860349,0.012084065171,0.014427461414,0.184287339168,-0.005060094667
-10.0,0.0,-8.0,-6.0,-0.664257017275,0.031798982654,0.008118235268,0.014670498351,0.186537670414,-0.00306134394
-10.0,2.0,-8.0,-6.0,-0.665126683269,0.031774542761,0.004166109884,0.014896802388,0.187698668225,-0.001059431083
-8.0,-2.0,-8.0,-6.0,-0.517430834991,0.023241820559,0.011567384439,0.015148244787,0.147675414727,-0.004400499352
-8.0,0.0,-8.0,-6.0,-0.520266181349,0.023177629929,0.007599880054,0.014713787328,0.149881752065,-0.002698533405
-8.0,2.0,-8.0,-6.0,-0.521344183188,0.023147371158,0.003647514914,0.014263273472,0.151113169851,-0.000994657611
-6.0,-2.0,-8.0,-6.0,-0.372236685336,0.01672901127,0.011001130735,0.015845836525,0.109412404796,-0.003748765398
-6.0,0.0,-8.0,-6.0,-0.374889962135,0.016631895014,0.007067133734,0.014733337292,0.111569596818,-0.002329360897
-6.0,2.0,-8.0,-6.0,-0.37617538311,0.0165920999,0.003149022066,0.013605232853,0.112872080185,-0.000909139164
-4.0,-2.0,-8.0,-6.0,-0.225901018661,0.012329528328,0.010385374935,0.016518936681,0.069596052662,-0.003106523672
-4.0,0.0,-8.0,-6.0,-0.228367148652,0.012202946567,0.006521722037,0.014728819545,0.071698688468,-0.001955206174
-4.0,2.0,-8.0,-6.0,-0.229858709398,0.012150150484,0.002674349115,0.012923277781,0.073072488845,-0.000804072503
-2.0,-2.0,-8.0,-6.0,-0.078663073605,0.010072974818,0.009721876057,0.017167669232,0.028327951022,-0.002475749082
-2.0,0.0,-8.0,-6.0,-0.080893041542,0.009920205571,0.005997688238,0.014713934656,0.030296060782,-0.001583997565
-2.0,2.0,-8.0,-6.0,-0.082635860955,0.009851358294,0.002227032229,0.012218723312,0.031817124526,-0.000680682572
0.0,-2.0,-8.0,-6.0,0.069231780411,0.009977350952,0.009011735375,0.017791491848,-0.014275918114,-0.001858159143
0.0,0.0,-8.0,-6.0,0.067188663697,0.009802953873,0.005434024608,0.0146628683,-0.012356879643,-0.001204128553
0.0,2.0,-8.0,-6.0,0.065251556027,0.009713970719,0.001810325425,0.011492806757,-0.010780202212,-0.000540180158
2.0,-2.0,-8.0,-6.0,0.217537284838,0.012048778228,0.008256543657,0.018389318599,-0.058094311564,-0.001255522903
2.0,0.0,-8.0,-6.0,0.215682632032,0.011856527713,0.004863818144,0.014587866347,-0.056227547157,-0.000823614121
2.0,2.0,-8.0,-6.0,0.21355072616,0.011744275048,0.001425650938,0.010745044889,-0.054594312637,-0.000383439365
4.0,-2.0,-8.0,-6.0,0.36599988918,0.016281387821,0.007457741133,0.018960485929,-0.102996551132,-0.000669548746
4.0,0.0,-8.0,-6.0,0.3643371642,0.01607517464,0.004289198708,0.014489581628,-0.101186007904,-0.000443899115
4.0,2.0,-8.0,-6.0,0.362013860706,0.015936503171,0.001076006656,0.009977359657,-0.099497749643,-0.000211664559
6.0,-2.0,-8.0,-6.0,0.514366693099,0.022657396589,0.006617676297,0.019504194368,-0.148844311918,-0.000102096228
6.0,0.0,-8.0,-6.0,0.512898415394,0.022441197327,0.003711938912,0.014367652352,-0.147093158611,-6.6430807e-05
6.0,2.0,-8.0,-6.0,0.510377845228,0.022272887745,0.000771864832,0.009194309907,-0.14533709477,-2.73853e-05
8.0,-2.0,-8.0,-6.0,0.662401403112,0.031148700019,0.005754529223,0.020026964225,-0.195519702306,0.000442550145
8.0,0.0,-8.0,-6.0,0.661113753981,0.030925436169,0.003134150637,0.014222527671,-0.193804763961,0.000307228882
8.0,2.0,-8.0,-6.0,0.658403718633,0.030724947584,0.00050072924,0.008390773408,-0.191990421582,0.000170620854
10.0,-2.0,-8.0,-6.0,0.809815200041,0.041710525816,0.004835267269,0.020512043004,-0.242811564696,0.000968151659
10.0,0.0,-8.0,-6.0,0.808730736645,0.04148528602,0.002558061398,0.014054182621,-0.241170473889,0.000675691725
10.0,2.0,-8.0,-6.0,0.805834532525,0.04124995873,0.000268304114,0.007569490792,-0.23929955077,0.000380642045
-10.0,-2.0,-8.0,-4.0,-0.661276966472,0.03128973857,0.009409944156,0.009589545154,0.184176313001,-0.00404703227
-10.0,0.0,-8.0,-4.0,-0.663647505966,0.031269282475,0.00543552707,0.0098220292,0.185862314501,-0.002052786453
-10.0,2.0,-8.0,-4.0,-0.663874792874,0.031253461285,0.001470224955,0.010043381662,0.186459503907,-5.6418288e-05
-8.0,-2.0,-8.0,-4.0,-0.517392335801,0.022705333344,0.009063829391,0.010295708268,0.147516863472,-0.003507280093
-8.0,0.0,-8.0,-4.0,-0.519580387219,0.02265553979,0.005088152924,0.009850498093,0.149154370991,-0.001810124325
-8.0,2.0,-8.0,-4.0,-0.520011787703,0.022640903571,0.001122611823,0.009394521031,0.149817981044,-0.000111689769
-6.0,-2.0,-8.0,-4.0,-0.372126650273,0.016196249058,0.008672923473,0.010986530385,0.109205681385,-0.002977536568
-6.0,0.0,-8.0,-4.0,-0.374128327534,0.016120534062,0.004731211247,0.009863082074,0.110790314345,-0.001563226421
-6.0,2.0,-8.0,-4.0,-0.374763046651,0.016103351128,0.000800138891,0.00872918896,0.111521384438,-0.000148370631
-4.0,-2.0,-8.0,-4.0,-0.225717919558,0.011803526481,0.008236742923,0.0116608892,0.069339806219,-0.002458983942
-4.0,0.0,-8.0,-4.0,-0.22753022836,0.011705387643,0.004365776121,0.00985947908,0.07086779995,-0.00131299965
-4.0,2.0,-8.0,-4.0,-0.228367841543,0.011682181619,0.000505780741,0.008047846065,0.071667286547,-0.000167158795
-2.0,-2.0,-8.0,-4.0,-0.078407074295,0.00955675105,0.007755984983,0.012318692274,0.028021797962,-0.001953007926
-2.0,0.0,-8.0,-4.0,-0.07998041227,0.009439412843,0.004014693963,0.009848994625,0.029412807955,-0.001064759064
-2.0,2.0,-8.0,-4.0,-0.081067189639,0.009407082972,0.000242355636,0.007351784907,0.030357917504,-0.000168785545
0.0,-2.0,-8.0,-4.0,0.069558400951,0.009473790966,0.007231430164,0.012959030337,-0.014630708507,-0.001460941865
0.0,0.0,-8.0,-4.0,0.068174457997,0.009341750971,0.003637306817,0.009814400073,-0.013290788384,-0.000810773789
0.0,2.0,-8.0,-4.0,0.06689396593,0.009296104422,1.2394243e-05,0.006641962129,-0.012290573669,-0.000153959003
2.0,-2.0,-8.0,-4.0,0.217934751188,0.011560703671,0.006663805629,0.013581266977,-0.058498530172,-0.000984046557
2.0,0.0,-8.0,-4.0,0.216740586774,0.011417633785,0.003255461807,0.009763691487,-0.057211893737,-0.000556345402
2.0,2.0,-8.0,-4.0,0.215266818993,0.0113554954,-0.00018328003,0.005918435926,-0.056156171563,-0.000123110475
4.0,-2.0,-8.0,-4.0,0.366467188599,0.015811544704,0.006054099928,0.014184639328,-0.103450056177,-0.000523590314
4.0,0.0,-8.0,-4.0,0.365464756657,0.015661181597,0.002870770534,0.009697403984,-0.102219313981,-0.000302475749
4.0,2.0,-8.0,-4.0,0.363799419259,0.015579272015,-0.000342447428,0.005182538335,-0.101108324702,-7.6948744e-05
6.0,-2.0,-8.0,-4.0,0.514903346585,0.022208496628,0.005403999897,0.014768423026,-0.149347067145,-8.0943244e-05
6.0,0.0,-8.0,-4.0,0.514093750644,0.022054600793,0.002484340408,0.009615291448,-0.14817455007,-5.0125715e-05
6.0,2.0,-8.0,-4.0,0.512235210887,0.021949741944,-0.000460357533,0.00443673372,-0.147003047593,-1.6696906e-05
8.0,-2.0,-8.0,-4.0,0.662999477012,0.030722784677,0.004726091119,0.015336522759,-0.196062753931,0.000340829799
8.0,0.0,-8.0,-4.0,0.662374377697,0.030568440156,0.002097544882,0.009517606643,-0.194932764816,0.000199659401
8.0,2.0,-8.0,-4.0,0.660324605919,0.030437717535,-0.000539762754,0.00368040545,-0.19370110217,5.7632099e-05
10.0,-2.0,-8.0,-4.0,0.810479067036,0.041310317437,0.003996319307,0.015876750729,-0.243402762887,0.000744485187
10.0,0.0,-8.0,-4.0,0.810054441982,0.041160100541,0.001711899072,0.009404307563,-0.242343898253,0.000445950023
10.0,2.0,-8.0,-4.0,0.807815657461,0.041000524973,-0.00058093386,0.00291392038,-0.241052779824,0.00014569281
-10.0,-2.0,-8.0,-2.0,-0.661557937238,0.030959403273,0.006703963819,0.004698767493,0.184337843599,-0.003021814329
-10.0,0.0,-8.0,-2.0,-0.663280070018,0.030947355322,0.002725349251,0.004923824996,0.185454214695,-0.001030122777
-10.0,2.0,-8.0,-2.0,-0.662860820332,0.030940904809,-0.001248509842,0.005143300439,0.185482413097,0.000962590045
-8.0,-2.0,-8.0,-2.0,-0.517632212255,0.022372573938,0.006530589721,0.005390683335,0.147651448221,-0.002602872775
-8.0,0.0,-8.0,-2.0,-0.51916680341,0.022338277239,0.002550961155,0.004937902136,0.148714839426,-0.000908510364
-8.0,2.0,-8.0,-2.0,-0.518945202038,0.022339885497,-0.001423588513,0.004479697617,0.148804942686,0.000786494067
-6.0,-2.0,-8.0,-2.0,-0.372324679984,0.015862938832,0.006317193509,0.006075141568,0.109312546649,-0.002196070046
-6.0,0.0,-8.0,-2.0,-0.373668688518,0.015809822163,0.002371847399,0.004944014841,0.110319385246,-0.000784796534
-6.0,2.0,-8.0,-2.0,-0.373646178838,0.015815976076,-0.001568157807,0.003807654609,0.110473293584,0.000626749057
-4.0,-2.0,-8.0,-2.0,-0.225873705716,0.011471529519,0.006062609476,0.006751041448,0.069418306499,-0.001802109503
-4.0,0.0,-8.0,-2.0,-0.227024805091,0.011403097912,0.002188364039,0.004941872336,0.070365430046,-0.000659396148
-4.0,2.0,-8.0,-2.0,-0.227201927822,0.011410311257,-0.001680379403,0.003127575237,0.070584852103,0.000483244978
-2.0,-2.0,-8.0,-2.0,-0.078519500969,0.009227891067,0.005766915689,0.007418303851,0.028070912428,-0.001421902055
-2.0,0.0,-8.0,-2.0,-0.079428798859,0.009147353313,0.002012168708,0.004936385763,0.028878548213,-0.000535016419
-2.0,2.0,-8.0,-2.0,-0.079852638192,0.009152475394,-0.001757929511,0.002440878714,0.029241741224,0.000355694774
0.0,-2.0,-8.0,-2.0,0.069489185893,0.009149879616,0.005430225019,0.008076068315,-0.014611279464,-0.001056307698
0.0,0.0,-8.0,-2.0,0.06877053065,0.00906163864,0.001823073544,0.004919013089,-0.013855878401,-0.000407820184
0.0,2.0,-8.0,-2.0,0.068153919268,0.009060405361,-0.001799555351,0.001747984596,-0.013438601372,0.00024401018
2.0,-2.0,-8.0,-2.0,0.217908150719,0.011243482621,0.005052356755,0.008723388574,-0.058508819819,-0.000706060794
2.0,0.0,-8.0,-2.0,0.217380229241,0.011151111883,0.001631524016,0.004893288464,-0.057807292038,-0.000280361574
2.0,2.0,-8.0,-2.0,0.216571150254,0.011140239177,-0.001804547979,0.001049342702,-0.057335041513,0.000148113386
4.0,-2.0,-8.0,-2.0,0.366482664138,0.015502780313,0.004634029669,0.009359911198,-0.103490632296,-0.00037202114
4.0,0.0,-8.0,-2.0,0.366146656058,0.015409846579,0.001438761421,0.004860066888,-0.10284499212,-0.000153215445
4.0,2.0,-8.0,-2.0,0.365146226122,0.015385908598,-0.001771448455,0.00034638608,-0.102317398154,6.7798593e-05
6.0,-2.0,-8.0,-2.0,0.514961401052,0.021909775329,0.004175971638,0.009984295394,-0.149417733203,-5.5032759e-05
6.0,0.0,-8.0,-2.0,0.514816713733,0.021819886331,0.001244952269,0.004818449262,-0.14882874193,-2.6822876e-05
6.0,2.0,-8.0,-2.0,0.513626718664,0.021779839629,-0.001701615891,-0.000361406861,-0.14824773416,3.181967e-06
8.0,-2.0,-8.0,-2.0,0.663094433464,0.030435526942,0.003685447323,0.010598755381,-0.196155710618,0.00024302395
8.0,0.0,-8.0,-2.0,0.663137316522,0.030351845543,0.001051046919,0.004769217892,-0.195615522783,9.8221492e-05
8.0,2.0,-8.0,-2.0,0.661753848918,0.030292163519,-0.00158770951,-0.001069488475,-0.194972143346,-4.700588e-05
10.0,-2.0,-8.0,-2.0,0.810615021912,0.041036199739,0.003147303661,0.011195080487,-0.243526050522,0.000523929088
10.0,0.0,-8.0,-2.0,0.810855612586,0.040962810687,0.000857656034,0.004712014593,-0.243054180876,0.000221541053
10.0,2.0,-8.0,-2.0,0.809280547588,0.040880502259,-0.00143620894,-0.001780055099,-0.242348654219,-8.170964e-05
-10.0,-2.0,-8.0,0.0,-0.662087266333,0.030842366027,0.003979798659,-0.000220116926,0.184773691413,-0.001991527367
-10.0,0.0,-8.0,0.0,-0.663157865357,0.030839372565,1.379427e-06,6.31632e-07,0.185317833674,-3.58187e-07
-10.0,2.0,-8.0,0.0,-0.662087354826,0.030842239264,-0.003977116814,0.000221278942,0.184774016489,0.001990834579
-8.0,-2.0,-8.0,0.0,-0.518150847738,0.022249966755,0.003980278361,0.000457634176,0.148081312985,-0.0016938919
-8.0,0.0,-8.0,0.0,-0.51902879381,0.022231843543,1.009688e-06,5.1466e-07,0.148567963672,-2.50646e-07
-8.0,2.0,-8.0,0.0,-0.518151012625,0.022249895175,-0.003978265315,-0.000456628698,0.148081619509,0.001693392539
-6.0,-2.0,-8.0,0.0,-0.372831997781,0.01573538456,0.003945510898,0.001135851221,0.109735543003,-0.001410517903
-6.0,0.0,-8.0,0.0,-0.373515206098,0.015705593671,7.2149e-07,4.05973e-07,0.110161976015,-1.69776e-07
-6.0,2.0,-8.0,0.0,-0.372832242654,0.015735328785,-0.003944066882,-0.001135041171,0.109735760054,0.001410177658
-4.0,-2.0,-8.0,0.0,-0.226368957041,0.011339647042,0.003873716349,0.001813507573,0.069833563675,-0.001141641905
-4.0,0.0,-8.0,0.0,-0.226855964503,0.011301703145,1.80356e-07,1.254e-08,0.070197398312,-4.3206e-08
-4.0,2.0,-8.0,0.0,-0.226369164442,0.011339637255,-0.003873329308,-0.001813467433,0.069833722043,0.001141549521
-2.0,-2.0,-8.0,0.0,-0.079001850186,0.009092312304,0.003764519098,0.002490598056,0.028477561472,-0.000887732342
-2.0,0.0,-8.0,0.0,-0.079243889439,0.009049397069,1.08826e-07,6.36e-08,0.028699528668,-2.3272e-08
-2.0,2.0,-8.0,0.0,-0.07900219152,0.009092340014,-0.003764327621,-0.002490556212,0.028478148337,0.000887692045
0.0,-2.0,-8.0,0.0,0.069021099006,0.009011305935,0.003616747914,0.003165955089,-0.014214155808,-0.000649053536
0.0,0.0,-8.0,0.0,0.068969918343,0.008967696229,1.979e-09,-3.6581e-08,-0.01404487685,-1.55e-09
0.0,2.0,-8.0,0.0,0.069020413572,0.00901132392,-0.003616750831,-0.003166021045,-0.014213212919,0.000649049592
2.0,-2.0,-8.0,0.0,0.217453467576,0.0111025447,0.003429864771,0.003838601023,-0.058120913816,-0.000425919744
2.0,0.0,-8.0,0.0,0.21759435097,0.011061739209,-2.26244e-07,-3.30468e-07,-0.058006698689,3.3332e-08
2.0,2.0,-8.0,0.0,0.217453490624,0.011102614597,-0.003430324374,-0.003839199262,-0.058121134524,0.000425988842
4.0,-2.0,-8.0,0.0,0.366042179264,0.015360161748,0.003204112009,0.004508380682,-0.103112833821,-0.000218751054
4.0,0.0,-8.0,0.0,0.366374762544,0.015325569429,-1.56226e-07,-3.10799e-07,-0.103054169999,1.9526e-08
4.0,2.0,-8.0,0.0,0.366042361553,0.015360155296,-0.003204381995,-0.004508980654,-0.103112998988,0.000218786173
6.0,-2.0,-8.0,0.0,0.514534142959,0.021766406369,0.002939382147,0.00517397339,-0.149050679723,-2.7896607e-05
6.0,0.0,-8.0,0.0,0.515058401417,0.021741294562,-2.58926e-07,-4.69408e-07,-0.149048320864,2.2801e-08
6.0,2.0,-8.0,0.0,0.514534982842,0.021766212387,-0.00293982892,-0.005175040364,-0.149051089177,2.7914179e-05
8.0,-2.0,-8.0,0.0,0.662679361089,0.030291284832,0.002637423649,0.005835117465,-0.195792261658,0.000146068314
8.0,0.0,-8.0,0.0,0.663392302973,0.030278990788,-4.03619e-07,-1.078096e-06,-0.195843870999,-6.8628e-08
8.0,2.0,-8.0,0.0,0.662678684244,0.030290971656,-0.002638254297,-0.005837287816,-0.195791945111,-0.00014620241
10.0,-2.0,-8.0,0.0,0.810215811106,0.040892273539,0.002292174428,0.006488040519,-0.243174868475,0.000303814656
10.0,0.0,-8.0,0.0,0.81112408705,0.040896695456,-6.45426e-07,-1.610255e-06,-0.243292225316,-1.53725e-07
10.0,2.0,-8.0,0.0,0.810216141409,0.040892330959,-0.002293447492,-0.006491263192,-0.243175381206,-0.00030412809
-10.0,-2.0,-8.0,2.0,-0.662862383362,0.030941066278,0.001251178528,-0.005142191442,0.185482565657,-0.000963283847
-10.0,0.0,-8.0,2.0,-0.663281563306,0.030947391929,-0.002722592355,-0.004922603619,0.185454625932,0.001029401056
-10.0,2.0,-8.0,2.0,-0.661559669061,0.030959322569,-0.006701243242,-0.004697566999,0.184338564763,0.003021107851
-8.0,-2.0,-8.0,2.0,-0.51894625774,0.022339975409,0.001425635221,-0.004478704172,0.148805234749,-0.000787003675
-8.0,0.0,-8.0,2.0,-0.519167825318,0.022338283799,-0.002548932512,-0.004936882979,0.148715365484,0.000908001765
-8.0,2.0,-8.0,2.0,-0.517633428581,0.022372513548,-0.006528570649,-0.005389659646,0.147652240678,0.002602370226
-6.0,-2.0,-8.0,2.0,-0.373646715857,0.015816029849,0.001569591592,-0.003806849832,0.110473503861,-0.000627089605
-6.0,0.0,-8.0,2.0,-0.373669387901,0.015809819831,-0.002370427238,-0.004943225958,0.110319789666,0.000784459309
-6.0,2.0,-8.0,2.0,-0.372325688208,0.015862883384,-0.006315770884,-0.006074352167,0.10931317241,0.002195734764
-4.0,-2.0,-8.0,2.0,-0.227201931392,0.011410321786,0.001681041123,-0.003127278289,0.070584276831,-0.000483395187
-4.0,0.0,-8.0,2.0,-0.227025034697,0.011403087139,-0.002187784042,-0.004941644792,0.070365050028,0.000659263565
-4.0,2.0,-8.0,2.0,-0.225874114184,0.011471501766,-0.006062075344,-0.006750839991,0.069418078286,0.001801987311
-2.0,-2.0,-8.0,2.0,-0.079853025447,0.009152469366,0.001758018444,-0.002440874485,0.029241918936,-0.000355717579
-2.0,0.0,-8.0,2.0,-0.079428315693,0.009147330565,-0.00201214829,-0.004936490951,0.028878064376,0.00053501268
-2.0,2.0,-8.0,2.0,-0.078520373495,0.009227891829,-0.005766949551,-0.007418412607,0.028071582271,0.001421905457
0.0,-2.0,-8.0,2.0,0.068154348674,0.009060412078,0.001799675045,-0.001747890652,-0.013438877541,-0.000244032065
0.0,0.0,-8.0,2.0,0.068770582181,0.009061658817,-0.00182305826,-0.004919084625,-0.013855459867,0.000407813686
0.0,2.0,-8.0,2.0,0.069489466191,0.009149895309,-0.005430256493,-0.00807616268,-0.014611419641,0.001056311712
2.0,-2.0,-8.0,2.0,0.216571273275,0.011140170954,0.001804072692,-0.001049953073,-0.057335025815,-0.00014804527
2.0,0.0,-8.0,2.0,0.217380519821,0.01115113093,-0.001631971523,-0.004893963704,-0.05780766259,0.000280427209
2.0,2.0,-8.0,2.0,0.217908391049,0.011243557714,-0.005052787757,-0.00872399497,-0.058509368688,0.000706127528
4.0,-2.0,-8.0,2.0,0.365145924463,0.015385918264,0.001771182448,-0.000346975297,-0.10231717113,-6.7764294e-05
4.0,0.0,-8.0,2.0,0.366146540988,0.015409849146,-0.001439071392,-0.004860679104,-0.102844923436,0.000153255239
4.0,2.0,-8.0,2.0,0.366482667482,0.015502781394,-0.004634296902,-0.009360488377,-0.10349069137,0.000372059239
6.0,-2.0,-8.0,2.0,0.513626578081,0.021779895402,0.001701089699,0.000360179975,-0.148248298604,-3.155562e-06
6.0,0.0,-8.0,2.0,0.514816327457,0.021819957901,-0.001245518931,-0.004819715266,-0.148829266714,2.685693e-05
6.0,2.0,-8.0,2.0,0.514960103413,0.021909872791,-0.004176402985,-0.009985393433,-0.149417928967,5.5066825e-05
8.0,-2.0,-8.0,2.0,0.661753338057,0.030291640037,0.001586865227,0.001067351536,-0.194971710336,4.6900214e-05
8.0,0.0,-8.0,2.0,0.663136440678,0.030351400174,-0.001051909333,-0.004771089692,-0.19561589611,-9.8292927e-05
8.0,2.0,-8.0,2.0,0.663093840288,0.03043508836,-0.003686332065,-0.010600687169,-0.196156458568,-0.000243096235
10.0,-2.0,-8.0,2.0,0.809280924124,0.040880463277,0.001434940599,0.001776864739,-0.242348702351,8.1400558e-05
10.0,0.0,-8.0,2.0,0.810856351443,0.040962820329,-0.000858953657,-0.004715261765,-0.243054796091,-0.000221857674
10.0,2.0,-8.0,2.0,0.810615919619,0.041036197164,-0.003148592614,-0.011198387162,-0.243527057174,-0.000524261358
-10.0,-2.0,-8.0,4.0,-0.663879247752,0.031253859031,-0.001468024805,-0.010042411803,0.186460097129,5.5828624e-05
-10.0,0.0,-8.0,4.0,-0.663650244497,0.031269353599,-0.005432754434,-0.009820839337,0.185863075582,0.002052053856
-10.0,2.0,-8.0,4.0,-0.66127981255,0.031289695389,-0.009407130675,-0.009588281954,0.184177255068,0.004046293147
-8.0,-2.0,-8.0,4.0,-0.520013768112,0.022641014174,-0.001120556487,-0.009393555938,0.149818565498,0.000111170606
-8.0,0.0,-8.0,4.0,-0.519582493301,0.02265557522,-0.005086086826,-0.009849491366,0.14915525924,0.001809600199
-8.0,2.0,-8.0,4.0,-0.517394410788,0.022705282317,-0.009061763033,-0.010294656137,0.147517890199,0.00350676052
-6.0,-2.0,-8.0,4.0,-0.374764235132,0.016103395637,-0.000798714468,-0.008728409131,0.111521908349,0.000148027307
-6.0,0.0,-8.0,4.0,-0.374129675793,0.016120528981,-0.004729805897,-0.009862317644,0.11079097921,0.001562888349
-6.0,2.0,-8.0,4.0,-0.372128184649,0.016196187752,-0.00867152289,-0.010985765005,0.10920649741,0.002977202618
-4.0,-2.0,-8.0,4.0,-0.228368624062,0.011682206291,-0.000505106946,-0.008047558801,0.071667154611,0.000167004504
-4.0,0.0,-8.0,4.0,-0.227531120779,0.011705375225,-0.004365206712,-0.009859283403,0.07086773113,0.001312868202
-4.0,2.0,-8.0,4.0,-0.22571886106,0.011803501509,-0.008236235013,-0.011660706813,0.069339854736,0.002458867295
-2.0,-2.0,-8.0,4.0,-0.081066283518,0.009407051187,-0.000242314131,-0.007351866803,0.030357021878,0.000168779568
-2.0,0.0,-8.0,4.0,-0.079979830919,0.009439381501,-0.004014675448,-0.009849136874,0.02941219405,0.001064756054
-2.0,2.0,-8.0,4.0,-0.078408085059,0.009556744766,-0.007755988704,-0.012318711314,0.028022637786,0.001953010843
0.0,-2.0,-8.0,4.0,0.066894404518,0.009296124223,-1.2428444e-05,-0.006642058546,-0.012291012218,0.000153968903
0.0,0.0,-8.0,4.0,0.068175372804,0.00934178087,-0.003637419598,-0.009814568481,-0.013291512658,0.000810797802
0.0,2.0,-8.0,4.0,0.069559575714,0.009473823715,-0.007231570982,-0.012959224641,-0.01463162513,0.001460969409
2.0,-2.0,-8.0,4.0,0.215266980721,0.011355431372,0.000182802802,-0.005919044217,-0.056156155466,0.000123174732
2.0,0.0,-8.0,4.0,0.216741001674,0.011417673562,-0.003255884412,-0.009764360247,-0.057212406746,0.000556407637
2.0,2.0,-8.0,4.0,0.217934250683,0.011560749479,-0.006663881273,-0.013581467506,-0.058498153487,0.000984071936
4.0,-2.0,-8.0,4.0,0.363799609705,0.015579287213,0.000342092507,-0.005183376103,-0.101108933822,7.698592e-05
4.0,0.0,-8.0,4.0,0.365464657578,0.015661212183,-0.00287113206,-0.009698240356,-0.102219833006,0.000302516574
4.0,2.0,-8.0,4.0,0.366466753958,0.015811593159,-0.006054409598,-0.014185405337,-0.103450332704,0.000523631128
6.0,-2.0,-8.0,4.0,0.512234948678,0.021949777677,0.00045985519,-0.004438000765,-0.14700348657,1.6716898e-05
6.0,0.0,-8.0,4.0,0.514093351771,0.02205463429,-0.002484867323,-0.009616597847,-0.14817499017,5.0144917e-05
6.0,2.0,-8.0,4.0,0.514902141139,0.022208570451,-0.005404419082,-0.01476957767,-0.149347376025,8.0969375e-05
8.0,-2.0,-8.0,4.0,0.660323709808,0.030437228727,0.000538944397,-0.00368224767,-0.193701183101,-5.7716149e-05
8.0,0.0,-8.0,4.0,0.662373831717,0.030568011509,-0.002098427353,-0.009519551786,-0.19493331339,-0.000199733097
8.0,2.0,-8.0,4.0,0.662999367191,0.030722368606,-0.004727026391,-0.015338579449,-0.196063822891,-0.000340907475
10.0,-2.0,-8.0,4.0,0.807816150182,0.04100027815,0.000579657396,-0.002917123829,-0.241052991074,-0.000145989145
10.0,0.0,-8.0,4.0,0.810055050429,0.041159766733,-0.001713214807,-0.009407615945,-0.242344504427,-0.000446251758
10.0,2.0,-8.0,4.0,0.810479772112,0.041309892151,-0.003997648357,-0.015880147226,-0.243403774081,-0.000744798294
-10.0,-2.0,-8.0,6.0,-0.665131452149,0.031774928896,-0.004164154695,-0.014896123059,0.187699061868,0.001058902583
-10.0,0.0,-8.0,6.0,-0.664261029607,0.031799101486,-0.008115490741,-0.014669387559,0.186538707211,0.003060608626
-10.0,2.0,-8.0,6.0,-0.661248170965,0.031826823094,-0.012081261839,-0.014426228307,0.184288414507,0.005059349754
-8.0,-2.0,-8.0,6.0,-0.521346638425,0.023147469169,-0.003645530634,-0.014262357829,0.151113736321,0.000994149645
-8.0,0.0,-8.0,6.0,-0.520268870204,0.023177661722,-0.007597833826,-0.014712810701,0.149882672409,0.002698006827
-8.0,2.0,-8.0,6.0,-0.517433494454,0.023241702866,-0.011565365449,-0.015147209585,0.147676477092,0.004399991148
-6.0,-2.0,-8.0,6.0,-0.376177225244,0.016592130695,-0.003147646341,-0.013604517747,0.112872831886,0.000908800771
-6.0,0.0,-8.0,6.0,-0.374891665571,0.016631876405,-0.007065760824,-0.014732599609,0.111570277522,0.002329024748
-6.0,2.0,-8.0,6.0,-0.372238532338,0.01672891541,-0.010999785423,-0.015845091249,0.109413199308,0.003748440824
-4.0,-2.0,-8.0,6.0,-0.229859721881,0.012150097294,-0.002673676003,-0.012922958099,0.073072445072,0.000803928937
-4.0,0.0,-8.0,6.0,-0.22836879249,0.012202945651,-0.006521197187,-0.014728680251,0.071699079879,0.001955082012
-4.0,2.0,-8.0,6.0,-0.225901252682,0.012329488539,-0.010385045305,-0.016518940223,0.069595522154,0.003106453846
-2.0,-2.0,-8.0,6.0,-0.082634678658,0.009851348087,-0.00222693661,-0.012218806414,0.031816219095,0.000680670443
-2.0,0.0,-8.0,6.0,-0.080893280064,0.009920208408,-0.005997573458,-0.014714053831,0.030296183383,0.001583977376
-2.0,2.0,-8.0,6.0,-0.078662749907,0.010072975259,-0.009721840952,-0.017167863093,0.028327922749,0.002475751905
0.0,-2.0,-8.0,6.0,0.065251112943,0.009713962829,-0.001810238316,-0.011492637496,-0.010779993675,0.000540165951
0.0,0.0,-8.0,6.0,0.067189810742,0.00980299424,-0.005433992328,-0.014662920134,-0.012357874899,0.001204130141
0.0,2.0,-8.0,6.0,0.069232421203,0.009977382905,-0.009011517784,-0.017791327009,-0.014276564892,0.001858127104
2.0,-2.0,-8.0,6.0,0.213550339821,0.011744238587,-0.001425913988,-0.010745402377,-0.054593343714,0.000383470363
2.0,0.0,-8.0,6.0,0.215682445285,0.011856588071,-0.004863929572,-0.014588227617,-0.056227190319,0.000823637825
2.0,2.0,-8.0,6.0,0.217536754969,0.012048844054,-0.008256545785,-0.018389499257,-0.058093929394,0.001255538664
4.0,-2.0,-8.0,6.0,0.362014176601,0.015936549958,-0.001076337403,-0.009978223361,-0.099498452098,0.000211698487
4.0,0.0,-8.0,6.0,0.364337091195,0.016075233279,-0.004289537128,-0.014490426937,-0.101186560188,0.000443938872
4.0,2.0,-8.0,6.0,0.365999507053,0.016281472105,-0.007458042965,-0.018961262435,-0.102996871854,0.000669592505
6.0,-2.0,-8.0,6.0,0.510377566997,0.022272945891,-0.000772345429,-0.009195606264,-0.145337513127,2.7403408e-05
6.0,0.0,-8.0,6.0,0.512898070778,0.022441274032,-0.00371245297,-0.014368997099,-0.147093628942,6.6452751e-05
6.0,2.0,-8.0,6.0,0.514366343993,0.022657575117,-0.006618162798,-0.019505525507,-0.148844880774,0.0001021334
8.0,-2.0,-8.0,6.0,0.658402845053,0.030724446815,-0.000501538333,-0.008392645537,-0.19199045353,-0.000170716908
8.0,0.0,-8.0,6.0,0.661113170393,0.030924971487,-0.003135037843,-0.014224505128,-0.193805202266,-0.000307314557
8.0,2.0,-8.0,6.0,0.662401340955,0.031148271387,-0.00575547061,-0.020029065644,-0.195520741834,-0.000442639388
10.0,-2.0,-8.0,6.0,0.805834412387,0.041249217315,-0.000269663503,-0.007572746624,-0.239299411006,-0.000380880781
10.0,0.0,-8.0,6.0,0.808730795457,0.041484684455,-0.002559373949,-0.014057234064,-0.241171700519,-0.000675912453
10.0,2.0,-8.0,6.0,0.809815394418,0.041709859095,-0.004836592085,-0.020515172059,-0.242813252594,-0.000968394633
-10.0,-2.0,-8.0,8.0,-0.666611631733,0.032494496739,-0.006823659205,-0.01967905189,0.189189720298,0.002039255645
-10.0,0.0,-8.0,8.0,-0.66510903276,0.032526499809,-0.010757478402,-0.019444078825,0.187474302171,0.004048294217
-10.0,2.0,-8.0,8.0,-0.661463335722,0.032560235409,-0.01471053266,-0.019187372734,0.184667659081,0.006053434433
-8.0,-2.0,-8.0,8.0,-0.522936138916,0.023849864266,-0.006136698596,-0.019061052016,0.152680352712,0.001855697642
-8.0,0.0,-8.0,8.0,-0.521221446318,0.023894642525,-0.010071810179,-0.019502874135,0.150889923444,0.003566904077
-8.0,2.0,-8.0,8.0,-0.517748447665,0.023971642638,-0.014027057905,-0.019923413566,0.148123019833,0.005275601467
-6.0,-2.0,-8.0,8.0,-0.377875705379,0.017273144598,-0.005465582121,-0.018411337413,0.114515039894,0.001649439525
-6.0,0.0,-8.0,8.0,-0.37594864657,0.017334321685,-0.009366864244,-0.019530325379,0.112649256691,0.003076988677
-6.0,2.0,-8.0,8.0,-0.372652967279,0.017451079911,-0.013289300041,-0.020628676307,0.109927504084,0.00450348386
-4.0,-2.0,-8.0,8.0,-0.231664102386,0.012805431796,-0.004814013425,-0.017729939442,0.074788219559,0.001422018545
-4.0,0.0,-8.0,8.0,-0.229529703966,0.012886596108,-0.008645300074,-0.019526312859,0.072849661179,0.002580478971
-4.0,2.0,-8.0,8.0,-0.226416211059,0.013039771289,-0.01249822815,-0.021302168408,0.070178416239,0.003739233813
-2.0,-2.0,-8.0,8.0,-0.084545675834,0.010477096943,-0.00418613036,-0.01701836666,0.033606130333,0.00117505731
-2.0,0.0,-8.0,8.0,-0.082154452868,0.010580875194,-0.007951645774,-0.019508140688,0.031514896697,0.002087766074
-2.0,2.0,-8.0,8.0,-0.079277272024,0.010767221114,-0.011655087335,-0.021942748852,0.028978994757,0.002985050454
0.0,-2.0,-8.0,8.0,0.063238435054,0.010306184137,-0.003585343188,-0.016276907515,-0.008919547833,0.000910179037
0.0,0.0,-8.0,8.0,0.065824062326,0.010436953905,-0.007204295228,-0.01944124914,-0.011065209528,0.001583304196
0.0,2.0,-8.0,8.0,0.068518500237,0.010651701751,-0.0107627582,-0.022550813157,-0.013556214783,0.002243362207
2.0,-2.0,-8.0,8.0,0.211437687922,0.012299337003,-0.003014839451,-0.01550694869,-0.052663046275,0.000628921298
2.0,0.0,-8.0,8.0,0.214218150627,0.012460053886,-0.006449073115,-0.019343696659,-0.054865781768,0.001078108581
2.0,2.0,-8.0,8.0,0.216723900451,0.012699347323,-0.009823165382,-0.023125361567,-0.057304693034,0.001516350843
4.0,-2.0,-8.0,8.0,0.359805597536,0.01645110053,-0.002477379614,-0.014709321644,-0.09750085064,0.000332831549
4.0,0.0,-8.0,8.0,0.362776784565,0.016644636192,-0.005687646402,-0.019215116699,-0.099757572536,0.000573885625
4.0,2.0,-8.0,8.0,0.365090896668,0.016904483646,-0.008838717179,-0.023666083899,-0.102140105106,0.000806223752
6.0,-2.0,-8.0,8.0,0.508071512489,0.022743443417,-0.001989687877,-0.013890851218,-0.143266300115,2.5785209e-05
6.0,0.0,-8.0,8.0,0.511244588449,0.022973207991,-0.00492257425,-0.019055240259,-0.145598455975,7.2575801e-05
6.0,2.0,-8.0,8.0,0.513363855548,0.023249524533,-0.007812058693,-0.024171696948,-0.147921040932,0.000115269144
8.0,-2.0,-8.0,8.0,0.656008517136,0.031148153919,-0.001529607947,-0.013042192629,-0.18985675113,-0.000294777975
8.0,0.0,-8.0,8.0,0.659369648409,0.031416258828,-0.004156932502,-0.01886473708,-0.192245609862,-0.000423824466
8.0,2.0,-8.0,8.0,0.661311896231,0.031706035773,-0.006766976459,-0.024651071167,-0.194538470098,-0.000551160094
10.0,-2.0,-8.0,8.0,0.803355674254,0.041623574327,-0.001108747698,-0.012168774303,-0.237106742374,-0.000625651595
10.0,0.0,-8.0,8.0,0.806900384173,0.041932397249,-0.003393495066,-0.018643967621,-0.23954952865,-0.000913374011
10.0,2.0,-8.0,8.0,0.808636493809,0.04223006068,-0.005661606577,-0.025083498463,-0.241765748454,-0.001197639194
-10.0,-2.0,-8.0,10.0,-0.668310643144,0.033399139433,-0.009433312051,-0.024367683331,0.190919946452,0.002990543868
-10.0,0.0,-8.0,10.0,-0.666188608628,0.033437774371,-0.013345807908,-0.024121535668,0.188660513373,0.00500865252
-10.0,2.0,-8.0,10.0,-0.661922411335,0.033475888494,-0.017282205979,-0.023848421896,0.185308137507,0.007021940573
-8.0,-2.0,-8.0,10.0,-0.524771773994,0.024735237128,-0.008581746642,-0.023766312126,0.154505415459,0.002689901679
-8.0,0.0,-8.0,10.0,-0.522432662515,0.024793142694,-0.012495956979,-0.02419644709,0.152166564169,0.004410259547
-8.0,2.0,-8.0,10.0,-0.51833399454,0.024881187288,-0.01643518126,-0.024600186959,0.148849430658,0.006127500814
-6.0,-2.0,-8.0,10.0,-0.379847178589,0.018133857061,-0.007741191544,-0.023125739141,0.116434280061,0.002364496866
-6.0,0.0,-8.0,10.0,-0.377291351037,0.01821484414,-0.011622074685,-0.024232523431,0.114016360282,0.003801217261
-6.0,2.0,-8.0,10.0,-0.373365187511,0.018349331893,-0.015529198282,-0.025313647447,0.110740458392,0.005236627301
-4.0,-2.0,-8.0,10.0,-0.23376833239,0.01363609331,-0.006915810981,-0.022445680488,0.076799690381,0.002016312769
-4.0,0.0,-8.0,10.0,-0.230998831051,0.013743607297,-0.010724495997,-0.024228107284,0.074301641374,0.003183348982
-4.0,2.0,-8.0,10.0,-0.227255468381,0.01392137159,-0.01456590895,-0.025987775351,0.071078427457,0.00435197981
-2.0,-2.0,-8.0,10.0,-0.086781680105,0.011272720459,-0.006110561875,-0.021727961242,0.035708992821,0.001647433331
-2.0,0.0,-8.0,10.0,-0.083806424684,0.011410120212,-0.009817239522,-0.024187824321,0.033141823352,0.00256124475
-2.0,2.0,-8.0,10.0,-0.080242494385,0.011627027839,-0.013547148059,-0.026621259052,0.029965876391,0.00347621509
0.0,-2.0,-8.0,10.0,0.060873052069,0.011061947579,-0.005329419082,-0.020972745099,-0.006726275136,0.001259958112
0.0,0.0,-8.0,10.0,0.064094073553,0.011232278371,-0.008940734788,-0.024127862241,-0.009429571982,0.001944236024
0.0,2.0,-8.0,10.0,0.067427182442,0.01148481588,-0.012476499481,-0.027214802815,-0.012481966401,0.002612215292
2.0,-2.0,-8.0,10.0,0.208947047634,0.013010633955,-0.004576283475,-0.020181474742,-0.050382378111,0.000855876699
2.0,0.0,-8.0,10.0,0.212363342387,0.013217356738,-0.008003718019,-0.024008589043,-0.053142850036,0.001316035909
2.0,2.0,-8.0,10.0,0.215508832508,0.013500993825,-0.011356570081,-0.027767339097,-0.056143704939,0.001762632167
4.0,-2.0,-8.0,10.0,0.357194355417,0.017113603181,-0.00385444146,-0.019355062492,-0.095135546909,0.000437193721
4.0,0.0,-8.0,10.0,0.360801327687,0.017359454727,-0.007059021455,-0.023850830885,-0.097949714295,0.000689042196
4.0,2.0,-8.0,10.0,0.36375557466,0.017670063819,-0.010190172106,-0.0282785619,-0.100894233105,0.0009300925
6.0,-2.0,-8.0,10.0,0.505338797088,0.023352774085,-0.003186480102,-0.018502535735,-0.140810365726,9.098864e-06
6.0,0.0,-8.0,10.0,0.509152061835,0.023641281826,-0.006109672801,-0.02365426136,-0.143707405441,6.5628263e-05
6.0,2.0,-8.0,10.0,0.511910597289,0.0239746152,-0.008980749832,-0.02874716244,-0.146591017061,0.000117383004
8.0,-2.0,-8.0,10.0,0.653164223732,0.031700762255,-0.00254047189,-0.017610124663,-0.187321664956,-0.000432244027
8.0,0.0,-8.0,10.0,0.657163893457,0.032033595415,-0.005159442472,-0.02341963095,-0.190273536828,-0.000551725675
8.0,2.0,-8.0,10.0,0.659748822841,0.032386717514,-0.007757029188,-0.029184169605,-0.193133449375,-0.000669049313
10.0,-2.0,-8.0,10.0,0.800404686123,0.042115999373,-0.001933947779,-0.016685592182,-0.234495702623,-0.000882246263
10.0,0.0,-8.0,10.0,0.804585326336,0.042495309194,-0.004211758894,-0.02314736684,-0.23749874202,-0.001160599126
10.0,2.0,-8.0,10.0,0.806961754522,0.042862211442,-0.006468997067,-0.029564852591,-0.240279499313,-0.00143462075
-10.0,-2.0,-6.0,-10.0,-0.681445927738,0.034293769013,0.017357128358,0.023950844534,0.202201931588,-0.006826117847
-10.0,0.0,-6.0,-10.0,-0.685777454697,0.034288026311,0.013467095152,0.024380595921,0.205618628725,-0.004803808176
-10.0,2.0,-6.0,-10.0,-0.687934114102,0.034278919848,0.009600686035,0.024782563659,0.207920925526,-0.002776604897
-8.0,-2.0,-6.0,-10.0,-0.537917422101,0.025452570853,0.01652484977,0.024729420276,0.165901991251,-0.005931568504
-8.0,0.0,-6.0,-10.0,-0.542084576485,0.025396074857,0.012624077232,0.024483039265,0.169285302766,-0.00420468727
-8.0,2.0,-6.0,-10.0,-0.544461699643,0.025367280384,0.008749194087,0.024209844152,0.17166796473,-0.002474973281
-6.0,-2.0,-6.0,-10.0,-0.392980824228,0.018672504066,0.015631378232,0.025469511448,0.127923570809,-0.00503960303
-6.0,0.0,-6.0,-10.0,-0.396977360461,0.018568363052,0.011754864279,0.024546233942,0.131266668011,-0.00359397222
-6.0,2.0,-6.0,-10.0,-0.399572915483,0.018516139153,0.00790523447,0.023596891856,0.133729015347,-0.002147291718
-4.0,-2.0,-6.0,-10.0,-0.246875507469,0.01399607623,0.014677858613,0.026169556649,0.088363817208,-0.004152732987
-4.0,0.0,-6.0,-10.0,-0.250698223781,0.013847688345,0.010864339841,0.024570546325,0.091664007441,-0.002974375263
-4.0,2.0,-6.0,-10.0,-0.253505540389,0.013768354415,0.007074033416,0.022944051652,0.094200128637,-0.001795722614
-2.0,-2.0,-6.0,-10.0,-0.099840023388,0.011454416004,0.013667223848,0.026830049105,0.047322709746,-0.003273853666
-2.0,0.0,-6.0,-10.0,-0.103450625505,0.011265221262,0.010000515662,0.024573342092,0.050516974476,-0.002357352521
-2.0,2.0,-6.0,-10.0,-0.106502366035,0.011155531456,0.00626057575,0.022252813775,0.053184985387,-0.0014224597
0.0,-2.0,-6.0,-10.0,0.047879159635,0.011067188915,0.012602284966,0.027449660834,0.004918587881,-0.002405711331
0.0,0.0,-6.0,-10.0,0.0444588986,0.010841196317,0.009073565379,0.024521443386,0.008057094926,-0.00172574327
0.0,2.0,-6.0,-10.0,0.041198773908,0.010697666332,0.005468983793,0.021524087967,0.010793882914,-0.001029576448
2.0,-2.0,-6.0,-10.0,0.196041212253,0.012842003889,0.011485867305,0.02802842902,-0.038733474574,-0.001550947109
2.0,0.0,-6.0,-10.0,0.192802965922,0.012583390838,0.008131579396,0.024427465704,-0.035642614765,-0.001091669181
2.0,2.0,-6.0,-10.0,0.189343861666,0.012402726697,0.004702383565,0.020757707646,-0.032847333539,-0.000618935606
4.0,-2.0,-6.0,-10.0,0.344390333022,0.016774551835,0.010320073411,0.028564559207,-0.083499294391,-0.000712139976
4.0,0.0,-6.0,-10.0,0.341342102874,0.016487420458,0.007179540848,0.024294522479,-0.080464789995,-0.000457756667
4.0,2.0,-6.0,-10.0,0.337689047402,0.01626666769,0.003965246083,0.019955506577,-0.077613964592,-0.000192710699
6.0,-2.0,-6.0,-10.0,0.492677068888,0.022848832628,0.009108815864,0.029057928312,-0.129244856807,0.000107843488
6.0,0.0,-6.0,-10.0,0.489822249464,0.02253732675,0.006220222632,0.024122083812,-0.126270449029,0.000173618144
6.0,2.0,-6.0,-10.0,0.485954890221,0.022272656548,0.003284594368,0.01912872125,-0.123326861427,0.000243118421
8.0,-2.0,-6.0,-10.0,0.640667012332,0.031037680082,0.007876077174,0.029516586014,-0.17585803676,0.000903193787
8.0,0.0,-6.0,-10.0,0.637988687331,0.030704976459,0.005256385536,0.023910460003,-0.172914148263,0.000800082157
8.0,2.0,-6.0,-10.0,0.63393274925,0.030394947089,0.00261814097,0.018258539825,-0.169914911017,0.000694108028
10.0,-2.0,-6.0,-10.0,0.788063858556,0.041299521087,0.006580951243,0.02992039,-0.223113588888,0.001677793242
10.0,0.0,-6.0,-10.0,0.785591411903,0.040951070922,0.004295043938,0.023660344034,-0.220247760911,0.00141858547
10.0,2.0,-6.0,-10.0,0.781351593906,0.040593125706,0.001988798584,0.017355003788,-0.217196166972,0.001154653891
-10.0,-2.0,-6.0,-8.0,-0.681460960307,0.033379674924,0.014761870314,0.019237325671,0.201972748662,-0.005892824588
-10.0,0.0,-6.0,-8.0,-0.68516295565,0.03337285843,0.010855936827,0.019654169452,0.204834204404,-0.003878847619
-10.0,2.0,-6.0,-8.0,-0.686689627582,0.033364798688,0.006968959334,0.020048687648,0.206581895218,-0.001860929527
-8.0,-2.0,-6.0,-8.0,-0.537802496418,0.024534771577,0.014091989033,0.019995112647,0.165586449024,-0.005115071952
-8.0,0.0,-6.0,-8.0,-0.541334379351,0.024483940666,0.010175799756,0.019735464466,0.168409653324,-0.003396969785
-8.0,2.0,-6.0,-8.0,-0.543076859027,0.024462973627,0.006280292239,0.019454144838,0.17023361106,-0.001676545187
-6.0,-2.0,-6.0,-8.0,-0.392735177906,0.017756420508,0.013366119949,0.020722063164,0.127520491113,-0.004342256957
-6.0,0.0,-6.0,-8.0,-0.396091619674,0.017664788186,0.009474578642,0.019785099716,0.130299557912,-0.002905775672
-6.0,2.0,-6.0,-8.0,-0.398047883066,0.017627147727,0.005604777545,0.018827156578,0.132199298302,-0.001468467033
-4.0,-2.0,-6.0,-8.0,-0.246497032827,0.01308719497,0.012584970102,0.02141702292,0.087870866947,-0.003576472259
-4.0,0.0,-6.0,-8.0,-0.249670861958,0.012958100603,0.008751921805,0.019801802565,0.09059628856,-0.002406531691
-4.0,2.0,-6.0,-8.0,-0.251841360082,0.012900190613,0.004946653536,0.018167968796,0.092575674142,-0.001238308104
-2.0,-2.0,-6.0,-8.0,-0.099330690214,0.01055805312,0.011749980033,0.022079284983,0.046741638297,-0.002819934126
-2.0,0.0,-6.0,-8.0,-0.102284457161,0.010394854449,0.008061105318,0.01980643258,0.04935583215,-0.001911523042
-2.0,2.0,-6.0,-8.0,-0.104699188893,0.010313539274,0.004310324874,0.017478068147,0.05146578786,-0.000987803884
0.0,-2.0,-6.0,-8.0,0.048520834829,0.010188578606,0.010864162108,0.022708788314,0.004247184508,-0.002075138653
0.0,0.0,-6.0,-8.0,0.045750590371,0.009995641517,0.007312349044,0.019761427611,0.006813853454,-0.001403390013
0.0,2.0,-6.0,-8.0,0.043137776292,0.009886955681,0.003699438634,0.01675833843,0.008981586976,-0.000718579893
2.0,-2.0,-6.0,-8.0,0.196812319821,0.011986255109,0.009929137826,0.023304717188,-0.039493718829,-0.001344157089
2.0,0.0,-6.0,-8.0,0.194227067635,0.011767449872,0.006552971469,0.019684518516,-0.036977086676,-0.000893523241
2.0,2.0,-6.0,-8.0,0.191416711461,0.011628307967,0.003116344069,0.016008665702,-0.034751526314,-0.000432028226
4.0,-2.0,-6.0,-8.0,0.345290771872,0.015946778495,0.008946964408,0.023866061438,-0.084350234636,-0.000629198146
4.0,0.0,-6.0,-8.0,0.342895075891,0.015706023658,0.005785569939,0.019576180276,-0.081888792066,-0.000383814878
4.0,2.0,-6.0,-8.0,0.339891270723,0.015533329567,0.002564684052,0.015230706081,-0.079607632907,-0.000129825076
6.0,-2.0,-6.0,-8.0,0.493703253247,0.022053809196,0.007920548789,0.024391984032,-0.130184382392,6.7407785e-05
6.0,0.0,-6.0,-8.0,0.491500689762,0.021795147505,0.005012526507,0.019436026817,-0.127782216634,0.000123811125
6.0,2.0,-6.0,-8.0,0.488287670891,0.021585223191,0.002065959669,0.014433549133,-0.12541617413,0.000183327627
8.0,-2.0,-6.0,-8.0,0.641812341353,0.030280160684,0.006868851016,0.024888851829,-0.176877906067,0.00074090966
8.0,0.0,-6.0,-8.0,0.639789517245,0.030006488782,0.004236773021,0.019264258903,-0.174512387302,0.000627334064
8.0,2.0,-6.0,-8.0,0.636386614116,0.029757401568,0.001587549041,0.0136027965,-0.172088916144,0.000511721618
10.0,-2.0,-6.0,-8.0,0.789330340579,0.040583475397,0.005759319438,0.025340283879,-0.224220538963,0.00139449497
10.0,0.0,-6.0,-8.0,0.787512433596,0.040300727267,0.003461074667,0.019061562367,-0.221931371321,0.001124693388
10.0,2.0,-6.0,-8.0,0.783923789179,0.040010031648,0.001146374171,0.012746391308,-0.219453094967,0.000851105962
-10.0,-2.0,-6.0,-6.0,-0.681622649041,0.032648886302,0.012108666559,0.014422810278,0.20192093525,-0.004937726846
-10.0,0.0,-6.0,-6.0,-0.68468235378,0.032642171223,0.008190568402,0.0148288471,0.204216003781,-0.002930292802
-10.0,2.0,-6.0,-6.0,-0.685566326659,0.032635897329,0.004286735883,0.01521813692,0.205397668249,-0.000919894177
-8.0,-2.0,-6.0,-6.0,-0.537861966421,0.023799572636,0.011605006987,0.015160152257,0.165467117238,-0.004278543376
-8.0,0.0,-6.0,-6.0,-0.54074583009,0.023755767472,0.007677048222,0.014889401159,0.167719056115,-0.002567369032
-8.0,2.0,-6.0,-6.0,-0.541840612963,0.023743569114,0.003764606825,0.014602300559,0.168972728239,-0.000854426996
-6.0,-2.0,-6.0,-6.0,-0.392691651768,0.017021125226,0.011050553677,0.015874418733,0.127332523284,-0.003626639893
-6.0,0.0,-6.0,-6.0,-0.395395183733,0.016943571377,0.007147631713,0.014926071521,0.129536317874,-0.00219743442
-6.0,2.0,-6.0,-6.0,-0.396699247562,0.016921667318,0.003261153237,0.013961890534,0.130861991836,-0.000767613168
-4.0,-2.0,-6.0,-6.0,-0.246349791195,0.012356162958,0.010445394465,0.016564538255,0.08761332774,-0.002983655384
-4.0,0.0,-6.0,-6.0,-0.248858365855,0.012247899428,0.006597627546,0.014936611332,0.089747566804,-0.001820447883
-4.0,2.0,-6.0,-6.0,-0.250381130677,0.012213043933,0.002779841643,0.013297196021,0.091162383124,-0.000660564686
-2.0,-2.0,-6.0,-6.0,-0.099077436679,0.009835582771,0.009790328741,0.01722989973,0.046412518431,-0.002351330188
-2.0,0.0,-6.0,-6.0,-0.101371730731,0.009700575135,0.006080691025,0.014940602218,0.048446006232,-0.001448699655
-2.0,2.0,-6.0,-6.0,-0.103127667215,0.009648975829,0.002324385982,0.012609558084,0.049976611458,-0.000534533809
0.0,-2.0,-6.0,-6.0,0.048878156014,0.009478847873,0.009087545681,0.01787008513,0.003846844632,-0.001731635622
0.0,0.0,-6.0,-6.0,0.04677009676,0.009321127216,0.005515809541,0.014906035225,0.005831182689,-0.001066098776
0.0,2.0,-6.0,-6.0,0.044817270861,0.009249049054,0.001897830365,0.011899809155,0.007418700239,-0.000390668895
2.0,-2.0,-6.0,-6.0,0.197272876184,0.011293425274,0.008338112675,0.018484386137,-0.039965026969,-0.001126230651
2.0,0.0,-6.0,-6.0,0.195351847345,0.011116708619,0.004942783338,0.01484723291,-0.038032269467,-0.000682165268
2.0,2.0,-6.0,-6.0,0.193203311156,0.011021022786,0.001501868572,0.011168083631,-0.036387981832,-0.000229905015
4.0,-2.0,-6.0,-6.0,0.345853022237,0.015274837292,0.007543444509,0.0190718473,-0.084892415333,-0.000536838126
4.0,0.0,-6.0,-6.0,0.344122349218,0.01508298269,0.004363818826,0.01476476961,-0.083015103957,-0.000298381491
4.0,2.0,-6.0,-6.0,0.341780924563,0.014960523774,0.001139292383,0.010415746332,-0.081315341006,-5.3424072e-05
6.0,-2.0,-6.0,-6.0,0.494365716517,0.021406684427,0.006705931926,0.01963171398,-0.130796919911,3.4665504e-05
6.0,0.0,-6.0,-6.0,0.492827718983,0.021203521578,0.003780660649,0.014658268726,-0.128978404138,8.3817643e-05
6.0,2.0,-6.0,-6.0,0.490282010786,0.021050711657,0.000825994406,0.009649662659,-0.127201482773,0.00013537674
8.0,-2.0,-6.0,-6.0,0.64256896133,0.029661550953,0.005838974684,0.020168181218,-0.177553279961,0.000584728795
8.0,0.0,-6.0,-6.0,0.641215248882,0.029450473323,0.003195503795,0.014528127339,-0.175778106184,0.000462839465
8.0,2.0,-6.0,-6.0,0.638477770594,0.029264704204,0.000539126294,0.008860131801,-0.173941744726,0.000339465302
10.0,-2.0,-6.0,-6.0,0.7901836462,0.039996684649,0.004918990388,0.020668843156,-0.224965598495,0.001115625031
10.0,0.0,-6.0,-6.0,0.789032013109,0.039782454928,0.002610474322,0.014374318897,-0.223263846904,0.000837320763
10.0,2.0,-6.0,-6.0,0.786107025769,0.039561466138,0.000289507573,0.0080523109,-0.221370330767,0.000556174613
-10.0,-2.0,-6.0,-4.0,-0.681930011603,0.032115561858,0.009410256176,0.009530886686,0.202049784621,-0.003966566017
-10.0,0.0,-6.0,-4.0,-0.684337686751,0.032109927778,0.005484013028,0.009928347049,0.203769983803,-0.001963767318
-10.0,2.0,-6.0,-4.0,-0.684570760174,0.032106117367,0.001567682212,0.010314687353,0.204377335208,4.0925498e-05
-8.0,-2.0,-6.0,-4.0,-0.538096535338,0.023261036593,0.009075792439,0.010248051439,0.165548263798,-0.003427303633
-8.0,0.0,-6.0,-4.0,-0.540322766617,0.023225406694,0.005139944614,0.009968484117,0.167220539748,-0.001721074552
-8.0,2.0,-6.0,-4.0,-0.540760010019,0.023222645201,0.001214494138,0.009678003901,0.167895170686,-1.3668153e-05
-6.0,-2.0,-6.0,-4.0,-0.392852817764,0.016480571004,0.008695625284,0.010949957556,0.127365150838,-0.002897630956
-6.0,0.0,-6.0,-4.0,-0.394893650025,0.01641833019,0.004785284906,0.009992659521,0.128985018217,-0.001473709838
-6.0,2.0,-6.0,-4.0,-0.395535637574,0.016413008411,0.000885849757,0.009024707314,0.12972786428,-4.9350389e-05
-4.0,-2.0,-6.0,-4.0,-0.246436566603,0.011816651954,0.00826928771,0.011635530088,0.087596352146,-0.002378751793
-4.0,0.0,-6.0,-4.0,-0.248288774462,0.011731274011,0.004421278695,0.010000726284,0.089160016952,-0.001222612365
-4.0,2.0,-6.0,-4.0,-0.249135172984,0.011719866547,0.000584148321,0.008355152621,0.089972057136,-6.666979e-05
-2.0,-2.0,-6.0,-4.0,-0.09908875029,0.009300350575,0.007797568974,0.012304627655,0.046344928641,-0.001872049698
-2.0,0.0,-6.0,-4.0,-0.100711876268,0.009195112823,0.004070675882,0.010001710146,0.047787693125,-0.000973094283
-2.0,2.0,-6.0,-4.0,-0.101799521099,0.009174388684,0.000312487808,0.007670621042,0.048730508895,-6.6407732e-05
0.0,-2.0,-6.0,-4.0,0.04894276757,0.008950946439,0.00728088653,0.012956301329,0.003727272184,-0.001378797026
0.0,0.0,-6.0,-4.0,0.047506203081,0.008830109941,0.003692285482,0.009978024206,0.005120860771,-0.000717267956
0.0,2.0,-6.0,-4.0,0.046224041842,0.008796004695,7.2789908e-05,0.006971645911,0.006118685541,-4.9127239e-05
2.0,-2.0,-6.0,-4.0,0.197411938103,0.01077586313,0.0067199844,0.01358967259,-0.040135866424,-0.000900261769
2.0,0.0,-6.0,-4.0,0.196164559758,0.010643102317,0.003308573844,0.00993827835,-0.038795360584,-0.00046058385
2.0,2.0,-6.0,-4.0,0.194687986411,0.010592375397,-0.000133340925,0.006258772737,-0.037741467707,-1.5418694e-05
4.0,-2.0,-6.0,-4.0,0.346065986367,0.014770590682,0.006115975598,0.014204194616,-0.085114815959,-0.00043774999
4.0,0.0,-6.0,-4.0,0.345009560154,0.014629622283,0.002920961172,0.009882680487,-0.083829832788,-0.000204015849
4.0,2.0,-6.0,-4.0,0.343340470108,0.014559022315,-0.000304105744,0.005533087638,-0.082720435206,3.4072377e-05
6.0,-2.0,-6.0,-4.0,0.494652423191,0.020918671853,0.005470447461,0.014799106197,-0.131071463867,7.384271e-06
6.0,0.0,-6.0,-4.0,0.493787844416,0.02077327089,0.002530597293,0.009811023618,-0.129844213956,5.1458624e-05
6.0,2.0,-6.0,-4.0,0.491918966251,0.020679198987,-0.000429345304,0.004799250413,-0.128665117129,9.7260905e-05
8.0,-2.0,-6.0,-4.0,0.642922045056,0.029192193998,0.00479121687,0.015376089568,-0.177870616318,0.000432795659
8.0,0.0,-6.0,-4.0,0.642245861382,0.029045594525,0.00213883935,0.0097234304,-0.176693538864,0.000304838154
8.0,2.0,-6.0,-4.0,0.640184562182,0.028925460056,-0.000522219222,0.004052108472,-0.175453753547,0.000175874174
10.0,-2.0,-6.0,-4.0,0.790607972323,0.039549018868,0.004063786738,0.015927235385,-0.225334505617,0.000839736866
10.0,0.0,-6.0,-4.0,0.790131614927,0.039405640083,0.001747194963,0.009619960317,-0.224228316673,0.000555131034
10.0,2.0,-6.0,-4.0,0.787879966719,0.039256352551,-0.000577717888,0.003294314017,-0.222928419947,0.000268630882
-10.0,-2.0,-6.0,-2.0,-0.682381453311,0.031790191645,0.006679900087,0.004586034323,0.202360969803,-0.002985284883
-10.0,0.0,-6.0,-2.0,-0.684130564261,0.031786396049,0.002749717893,0.004977214878,0.203500621087,-0.000985121324
-10.0,2.0,-6.0,-2.0,-0.683705124741,0.03178515593,-0.001175500717,0.005362804579,0.203527811531,0.001015993202
-8.0,-2.0,-6.0,-2.0,-0.538506040045,0.022929613637,0.006516580869,0.005283112856,0.165832433215,-0.002566838755
-8.0,0.0,-6.0,-2.0,-0.540068035352,0.022903040889,0.002577004877,0.004997159796,0.166919335932,-0.000863506913
-8.0,2.0,-6.0,-2.0,-0.539841146006,0.022910076474,-0.001357347561,0.00470573318,0.167008970154,0.000840410698
-6.0,-2.0,-6.0,-2.0,-0.39321952637,0.016145017283,0.006312890023,0.005972929583,0.127621331378,-0.00216034898
-6.0,0.0,-6.0,-2.0,-0.394591268845,0.016099092768,0.002399033612,0.005009114605,0.128651808387,-0.000739567848
-6.0,2.0,-6.0,-2.0,-0.394564408437,0.016110840665,-0.001509339398,0.004039975447,0.12880575319,0.000681426857
-4.0,-2.0,-6.0,-2.0,-0.246759840349,0.011478893612,0.006067586489,0.00665431881,0.087824074448,-0.00176650398
-4.0,0.0,-6.0,-2.0,-0.247938738065,0.011417117323,0.002216146184,0.005012763193,0.088794897295,-0.000613717414
-4.0,2.0,-6.0,-2.0,-0.248112484815,0.011430068263,-0.001629620055,0.00336596395,0.08901484862,0.000538927979
-2.0,-2.0,-6.0,-2.0,-0.099367843502,0.008962276309,0.005780924057,0.007327324246,0.046543032135,-0.001386249981
-2.0,0.0,-6.0,-2.0,-0.100314013301,0.008887949998,0.002040446441,0.005013295173,0.04739003449,-0.000488756845
-2.0,2.0,-6.0,-2.0,-0.100726107655,0.00889882258,-0.001715764055,0.0026850357,0.047738519365,0.000412619169
0.0,-2.0,-6.0,-2.0,0.048709631496,0.008614458735,0.005452525108,0.007990859183,0.003894161821,-0.001020352976
0.0,0.0,-6.0,-2.0,0.047951415386,0.008531770698,0.001850680132,0.005001260305,0.004691004286,-0.000360612426
0.0,2.0,-6.0,-2.0,0.047346347382,0.008536472424,-0.001766679615,0.001997500713,0.005093538927,0.000302444033
2.0,-2.0,-6.0,-2.0,0.197223453432,0.010442846247,0.005082425773,0.008643920639,-0.039999775175,-0.000669599528
2.0,0.0,-6.0,-2.0,0.196655896472,0.010355374076,0.001658214074,0.004981092846,-0.039256967549,-0.000232037006
2.0,2.0,-6.0,-2.0,0.195858204431,0.010350553733,-0.00178127425,0.001304205851,-0.038799724734,0.000208275357
4.0,-2.0,-6.0,-2.0,0.345922447824,0.0144429151,0.004671274977,0.00928614045,-0.085010158157,-0.000334848464
4.0,0.0,-6.0,-2.0,0.34554614758,0.014354234385,0.001463917515,0.004953057745,-0.084322780944,-0.000103544217
4.0,2.0,-6.0,-2.0,0.344556184859,0.014336526939,-0.001758495003,0.000605920792,-0.083809890009,0.000129942862
6.0,-2.0,-6.0,-2.0,0.494553391688,0.020598105784,0.004219871835,0.009916632298,-0.130998577456,-1.6938862e-05
6.0,0.0,-6.0,-2.0,0.49436884405,0.020511931298,0.001268237044,0.004916950839,-0.130368200312,2.4381457e-05
6.0,2.0,-6.0,-2.0,0.493183678236,0.020477814991,-0.001693999055,-9.4835986e-05,-0.12979320071,6.6687705e-05
8.0,-2.0,-6.0,-2.0,0.642862508668,0.028880588351,0.00373044969,0.01053479891,-0.177821261332,0.000282953489
8.0,0.0,-6.0,-2.0,0.64286979861,0.028799754229,0.001071806733,0.004872767864,-0.177247772929,0.000151258952
8.0,2.0,-6.0,-2.0,0.641490801772,0.028746236538,-0.001591200161,-0.000798761796,-0.176610303036,1.9012189e-05
10.0,-2.0,-6.0,-2.0,0.790592636584,0.039247727886,0.003197733346,0.011137341417,-0.225317636452,0.000565180966
10.0,0.0,-6.0,-2.0,0.79079739091,0.039176877123,0.000875410855,0.004820500931,-0.224812264074,0.000276561128
10.0,2.0,-6.0,-2.0,0.789225750482,0.039100627074,-0.001451065498,-0.001505515965,-0.224112100559,-1.3004506e-05
-10.0,-2.0,-6.0,0.0,-0.682974513497,0.031679333117,0.003931240215,-0.000386688548,0.202854306139,-0.001999947695
-10.0,0.0,-6.0,0.0,-0.684061895785,0.031677856812,1.457705e-06,5.7736e-07,0.203410676699,-3.7157e-07
-10.0,2.0,-6.0,0.0,-0.682974705289,0.031679202287,-0.003928373206,0.000387800989,0.202854633515,0.001999221302
-8.0,-2.0,-6.0,0.0,-0.539088906665,0.022811863577,0.003940129569,0.0002903642,0.166320023186,-0.001702807619
-8.0,0.0,-6.0,0.0,-0.539983314439,0.022794897039,1.069092e-06,4.65493e-07,0.166818750032,-2.60079e-07
-8.0,2.0,-6.0,0.0,-0.539089059043,0.022811789804,-0.003938001716,-0.000289441019,0.16632031985,0.001702292592
-6.0,-2.0,-6.0,0.0,-0.393791100302,0.016020987059,0.003913954153,0.000968127612,0.128102193943,-0.001419968478
-6.0,0.0,-6.0,0.0,-0.394490584834,0.015991999952,7.54351e-07,3.68325e-07,0.128540536887,-1.73232e-07
-6.0,2.0,-6.0,0.0,-0.393791374915,0.016020930113,-0.003912431402,-0.000967382047,0.128102397291,0.001419619894
-4.0,-2.0,-6.0,0.0,-0.247318878943,0.011349232243,0.003851147445,0.001645864508,0.088296693772,-0.00115171187
-4.0,0.0,-6.0,0.0,-0.247821736111,0.011311726334,4.51814e-07,2.57302e-07,0.088672272297,-9.6502e-08
-4.0,2.0,-6.0,0.0,-0.247319190804,0.011349198911,-0.003850217726,-0.001645298747,0.08829694384,0.001151513417
-2.0,-2.0,-6.0,0.0,-0.099914098368,0.008827623624,0.003750370115,0.002322546096,0.047007822834,-0.000898316054
-2.0,0.0,-6.0,0.0,-0.100180912324,0.008784890367,1.52867e-07,7.4747e-08,0.047256788931,-2.9489e-08
-2.0,2.0,-6.0,0.0,-0.099914088983,0.008827624289,-0.00375023128,-0.002322558195,0.04700792682,0.000898286056
0.0,-2.0,-6.0,0.0,0.048177347345,0.008475496408,0.003611460717,0.002998065781,0.004349634178,-0.000660248968
0.0,0.0,-6.0,0.0,0.048100513019,0.008431699048,1.7993e-08,-3.9525e-08,0.004547027601,-5.614e-09
0.0,2.0,-6.0,0.0,0.048176702153,0.00847549507,-0.003611405877,-0.002998039341,0.004350136392,0.000660238128
2.0,-2.0,-6.0,0.0,0.196705102584,0.010300271443,0.003433348214,0.003671033717,-0.039554052796,-0.000437734014
2.0,0.0,-6.0,0.0,0.196820380249,0.010258868511,-2.40866e-07,-3.19126e-07,-0.039411561065,3.5254e-08
2.0,2.0,-6.0,0.0,0.196705145146,0.010300319921,-0.003433807478,-0.003671613088,-0.0395542342,0.000437802596
4.0,-2.0,-6.0,0.0,0.345418556565,0.014297440899,0.003216375213,0.004341379748,-0.084575169211,-0.000231196767
4.0,0.0,-6.0,0.0,0.345725463637,0.014261865877,-1.43637e-07,-2.67532e-07,-0.084488124327,1.9216e-08
4.0,2.0,-6.0,0.0,0.345418500738,0.014297464312,-0.003216619093,-0.004341874385,-0.084575210337,0.000231231604
6.0,-2.0,-6.0,0.0,0.494065844702,0.020450644862,0.002961197089,0.005007928203,-0.130576220529,-4.1138248e-05
6.0,0.0,-6.0,0.0,0.494562641904,0.020424177621,-2.29937e-07,-4.0449e-07,-0.130543786988,2.3583e-08
6.0,2.0,-6.0,0.0,0.494065114164,0.020450583467,-0.002961706894,-0.005009022071,-0.130576431548,4.1149076e-05
8.0,-2.0,-6.0,0.0,0.64238543766,0.028730880559,0.002661786058,0.005667462995,-0.177401215164,0.000133111836
8.0,0.0,-6.0,0.0,0.643078995162,0.02871734324,-4.27758e-07,-1.015358e-06,-0.177433558306,-6.5429e-08
8.0,2.0,-6.0,0.0,0.642385801596,0.0287309756,-0.002662631513,-0.005669513032,-0.177401596138,-0.000133252571
10.0,-2.0,-6.0,0.0,0.790131977812,0.039097526638,0.00232500351,0.006321509146,-0.224910100213,0.000290135249
10.0,0.0,-6.0,0.0,0.791020662974,0.03910014616,-6.3442e-07,-1.600574e-06,-0.225008063973,-1.44484e-07
10.0,2.0,-6.0,0.0,0.790132456068,0.039097537543,-0.002326252625,-0.006324705599,-0.224910750187,-0.000290429204
-10.0,-2.0,-6.0,2.0,-0.68370668008,0.0317853434,0.00117829558,-0.005361772627,0.203527988712,-0.001016701789
-10.0,0.0,-6.0,2.0,-0.68413197851,0.031786443413,-0.002746809261,-0.004976077112,0.203500988394,0.000984377359
-10.0,2.0,-6.0,2.0,-0.682383093211,0.031790116676,-0.00667694506,-0.004584853203,0.202361631787,0.002984532854
-8.0,-2.0,-6.0,2.0,-0.539842344385,0.022910180929,0.001359460053,-0.004704841584,0.167009219362,-0.000840923524
-8.0,0.0,-6.0,2.0,-0.540069196255,0.022903070606,-0.002574857099,-0.004996232867,0.166919834859,0.000862982629
-8.0,2.0,-6.0,2.0,-0.538507506542,0.022929567666,-0.006514401965,-0.005282146884,0.165833216915,0.002566310053
-6.0,-2.0,-6.0,2.0,-0.394565013778,0.016110903155,0.001510862707,-0.004039239847,0.128805979754,-0.000681777872
-6.0,0.0,-6.0,2.0,-0.394592256503,0.016099102445,-0.002397510324,-0.005008380019,0.128652305515,0.000739217935
-6.0,2.0,-6.0,2.0,-0.393220738141,0.016144966635,-0.006311359086,-0.005972174748,0.127621972733,0.002159998698
-4.0,-2.0,-6.0,2.0,-0.248112598454,0.011430101465,0.001630329941,-0.003365633777,0.089014555796,-0.000539081236
-4.0,0.0,-6.0,2.0,-0.24793921535,0.01141711395,-0.00221550083,-0.00501251141,0.088794738298,0.000613575559
-4.0,2.0,-6.0,2.0,-0.246760435371,0.011478869947,-0.006067006283,-0.006654139626,0.087823992622,0.00176637674
-2.0,-2.0,-6.0,2.0,-0.10072582882,0.008898800205,0.00171600395,-0.00268495853,0.047738039373,-0.000412668437
-2.0,0.0,-6.0,2.0,-0.10031423076,0.008887921595,-0.002040194468,-0.005013160521,0.047390085756,0.000488706189
-2.0,2.0,-6.0,2.0,-0.099367944391,0.008962261485,-0.005780792298,-0.007327321819,0.046543161363,0.0013862269
0.0,-2.0,-6.0,2.0,0.047347027276,0.008536462804,0.001766639403,-0.001997681878,0.005092730727,-0.000302444237
0.0,0.0,-6.0,2.0,0.047951700283,0.008531786832,-0.001850655808,-0.005001297225,0.004690835655,0.000360606644
0.0,2.0,-6.0,2.0,0.048709686034,0.008614469803,-0.005452453464,-0.007990835293,0.003894186006,0.001020337865
2.0,-2.0,-6.0,2.0,0.195858360217,0.010350511534,0.001780815022,-0.001304792264,-0.038799804332,-0.00020820876
2.0,0.0,-6.0,2.0,0.196656126903,0.010355385605,-0.001658671437,-0.004981718424,-0.03925725965,0.000232103865
2.0,2.0,-6.0,2.0,0.197222767072,0.01044286377,-0.005082642147,-0.0086442229,-0.03999919734,0.00066964061
4.0,-2.0,-6.0,2.0,0.344556112262,0.01433650556,0.00175811715,-0.000606659386,-0.083810299855,-0.000129899021
4.0,0.0,-6.0,2.0,0.345545803798,0.014354241695,-0.001464313359,-0.004953808059,-0.084323069789,0.00010358942
4.0,2.0,-6.0,2.0,0.345921964568,0.01444294683,-0.004671625787,-0.009286843753,-0.085010336693,0.000334889927
6.0,-2.0,-6.0,2.0,0.493183282786,0.020477803311,0.001693504158,9.3729414e-05,-0.129793489556,-6.666402e-05
6.0,0.0,-6.0,2.0,0.494368145954,0.020511845277,-0.001268748047,-0.004918068312,-0.130368343885,-2.4377175e-05
6.0,2.0,-6.0,2.0,0.494552511255,0.020598166588,-0.004220376051,-0.009917759499,-0.13099856812,1.6989002e-05
8.0,-2.0,-6.0,2.0,0.641491018385,0.02874618446,0.001590362774,0.000796735174,-0.176610297005,-1.9153224e-05
8.0,0.0,-6.0,2.0,0.64287030036,0.028799760218,-0.001072654653,-0.004874833718,-0.177248104428,-0.000151395766
8.0,2.0,-6.0,2.0,0.642863061679,0.028880214199,-0.003731324171,-0.010537061024,-0.177821944493,-0.000283130498
10.0,-2.0,-6.0,2.0,0.789225975027,0.03910056618,0.001449838663,0.001502365353,-0.224111973928,1.2714005e-05
10.0,0.0,-6.0,2.0,0.790798119732,0.039176831191,-0.000876673954,-0.004823717599,-0.224812800903,-0.000276858759
10.0,2.0,-6.0,2.0,0.790593746741,0.039247694954,-0.00319898335,-0.011140579521,-0.225318727881,-0.000565489514
-10.0,-2.0,-6.0,4.0,-0.684573904923,0.032106356789,-0.001564952005,-0.010313767262,0.204378066338,-4.1626159e-05
-10.0,0.0,-6.0,4.0,-0.684340746663,0.032110036155,-0.005481134222,-0.009927285109,0.20377084718,0.001963025636
-10.0,2.0,-6.0,4.0,-0.681933099153,0.032115519615,-0.00940730024,-0.009529723088,0.20205077095,0.003965808044
-8.0,-2.0,-6.0,4.0,-0.540762292851,0.02322278183,-0.001212421697,-0.00967717473,0.167895800738,1.3163078e-05
-8.0,0.0,-6.0,4.0,-0.540325163057,0.023225465589,-0.005137790395,-0.009967582375,0.167221462515,0.00172054471
-8.0,2.0,-6.0,4.0,-0.538099034554,0.023260993775,-0.009073602733,-0.010247067534,0.165549321214,0.00342676937
-6.0,-2.0,-6.0,4.0,-0.395537085044,0.016413072782,-0.000884364084,-0.00902401102,0.12972842972,4.9003477e-05
-6.0,0.0,-6.0,4.0,-0.39489536347,0.016418336569,-0.004783801378,-0.009991958349,0.128985733564,0.001473365986
-6.0,2.0,-6.0,4.0,-0.392854779913,0.016480521498,-0.008694166049,-0.010949250314,0.127365983989,0.002897299826
-4.0,-2.0,-6.0,4.0,-0.249135658734,0.011719829708,-0.000583407697,-0.008354744233,0.089971980711,6.6517907e-05
-4.0,0.0,-6.0,4.0,-0.248289990078,0.011731279839,-0.004420446728,-0.010000305863,0.089160396236,0.00122243258
-4.0,2.0,-6.0,4.0,-0.246437376388,0.011816652682,-0.00826890105,-0.011635440707,0.087596539758,0.002378660204
-2.0,-2.0,-6.0,4.0,-0.101799265711,0.009174364044,-0.000312202652,-0.007670489713,0.048730119024,6.635106e-05
-2.0,0.0,-6.0,4.0,-0.100712371833,0.009195087578,-0.004070373085,-0.010001523949,0.047788054842,0.000973034925
-2.0,2.0,-6.0,4.0,-0.09908985272,0.009300343194,-0.00779743306,-0.012304531137,0.046345896889,0.001872027453
0.0,-2.0,-6.0,4.0,0.046224651784,0.008796023061,-7.2814069e-05,-0.006971707174,0.006118159052,4.9133585e-05
0.0,0.0,-6.0,4.0,0.047508076485,0.008830112299,-0.003692039586,-0.009977850358,0.005118697079,0.000717224187
0.0,2.0,-6.0,4.0,0.04894309167,0.008950950961,-0.007280863223,-0.012956299459,0.003726972531,0.001378792493
2.0,-2.0,-6.0,4.0,0.194688344904,0.010592349972,0.000132904284,-0.006259365361,-0.037741767449,1.5480142e-05
2.0,0.0,-6.0,4.0,0.196163902865,0.010643132975,-0.00330878675,-0.009938631291,-0.038794595432,0.000460619584
2.0,2.0,-6.0,4.0,0.197411228833,0.010775901986,-0.006720105919,-0.013589891462,-0.040135234622,0.000900290131
4.0,-2.0,-6.0,4.0,0.343340412157,0.01455903096,0.000303747421,-0.005533843866,-0.082720855697,-3.4033e-05
4.0,0.0,-6.0,4.0,0.345009223816,0.014629652184,-0.0029213435,-0.009883439056,-0.083830133234,0.000204060179
4.0,2.0,-6.0,4.0,0.346065595538,0.014770649128,-0.006116319857,-0.014204917343,-0.085115031444,0.000437793546
6.0,-2.0,-6.0,4.0,0.491918591482,0.020679229064,0.000428865447,-0.004800404432,-0.128665401691,-9.7240633e-05
6.0,0.0,-6.0,4.0,0.493787275761,0.02077324033,-0.002531094814,-0.009812187337,-0.129844422591,-5.145332e-05
6.0,2.0,-6.0,4.0,0.494651190125,0.020918738122,-0.005470870713,-0.014800149227,-0.131071568113,-7.361111e-06
8.0,-2.0,-6.0,4.0,0.640184446102,0.028925089093,0.000521371641,-0.004054153072,-0.175453599966,-0.000175990701
8.0,0.0,-6.0,4.0,0.64224536748,0.029045252243,-0.002139654742,-0.00972524727,-0.176694067044,-0.000304902059
8.0,2.0,-6.0,4.0,0.642921849573,0.02919186047,-0.004792068575,-0.015377986254,-0.177871547148,-0.000432868341
10.0,-2.0,-6.0,4.0,0.787880628333,0.039256279315,0.000576513559,-0.003297441661,-0.222928607095,-0.00026892734
10.0,0.0,-6.0,4.0,0.790132674109,0.039405604739,-0.001748440345,-0.009623173369,-0.224229023146,-0.000555438369
10.0,2.0,-6.0,4.0,0.790609289416,0.039548982512,-0.004065019961,-0.015930504774,-0.225335673895,-0.000840063432
-10.0,-2.0,-6.0,6.0,-0.685571904843,0.032636359876,-0.004284597216,-0.015217446605,0.205398730415,0.000919326535
-10.0,0.0,-6.0,6.0,-0.684686683927,0.032642333639,-0.00818775308,-0.01482788237,0.204217200429,0.002929557965
-10.0,2.0,-6.0,6.0,-0.681626902144,0.032648876451,-0.012105773622,-0.014421707713,0.201922104328,0.004936976528
-8.0,-2.0,-6.0,6.0,-0.541843472794,0.023743726824,-0.00376261454,-0.014601564878,0.168973428204,0.000853934309
-8.0,0.0,-6.0,6.0,-0.540748989444,0.023755836298,-0.007674946678,-0.014888547979,0.167720135382,0.002566844098
-8.0,2.0,-6.0,6.0,-0.537865346128,0.023799543487,-0.011602896083,-0.015159235461,0.165468317572,0.004278024844
-6.0,-2.0,-6.0,6.0,-0.396701511375,0.016921739476,-0.003259708311,-0.013961243226,0.130862957638,0.000767266457
-6.0,0.0,-6.0,6.0,-0.395397476852,0.016943575465,-0.007146242886,-0.014925458228,0.12953718797,0.002197108954
-6.0,2.0,-6.0,6.0,-0.392694148831,0.017021113637,-0.011049084558,-0.01587374963,0.127333565091,0.003626303516
-4.0,-2.0,-6.0,6.0,-0.250381634275,0.012212981146,-0.002779118035,-0.013296794913,0.091162218226,0.000660416875
-4.0,0.0,-6.0,6.0,-0.24887074403,0.012248226166,-0.006603513047,-0.014938409599,0.089765095188,0.001821755246
-4.0,2.0,-6.0,6.0,-0.246351116794,0.012356136903,-0.010444806678,-0.016564319081,0.087613928868,0.002983527178
-2.0,-2.0,-6.0,6.0,-0.103127326996,0.009648986868,-0.002324181332,-0.012609583182,0.049976311159,0.000534492288
-2.0,0.0,-6.0,6.0,-0.101371199384,0.009700560452,-0.006080465038,-0.014940536474,0.048445773563,0.001448663303
-2.0,2.0,-6.0,6.0,-0.099078322129,0.009835566264,-0.009790134124,-0.017229676006,0.046413363007,0.002351297807
0.0,-2.0,-6.0,6.0,0.044817313126,0.009249067005,-0.001897452531,-0.011899547834,0.007418494462,0.000390602958
0.0,0.0,-6.0,6.0,0.046770856465,0.009321151148,-0.005515712084,-0.014906042241,0.005830716259,0.001066084006
0.0,2.0,-6.0,6.0,0.048879038618,0.009478883135,-0.009087575412,-0.017870194494,0.003846334961,0.001731643617
2.0,-2.0,-6.0,6.0,0.193203035333,0.011021027866,-0.001502069549,-0.011168423127,-0.036387318897,0.000229930717
2.0,0.0,-6.0,6.0,0.195351493031,0.011116768044,-0.004942916693,-0.014847563718,-0.038031870024,0.000682190974
2.0,2.0,-6.0,6.0,0.197272217123,0.011293485496,-0.008338184105,-0.018484576789,-0.039964511584,0.001126254329
4.0,-2.0,-6.0,6.0,0.341781098766,0.014960569125,-0.00113963866,-0.010416538992,-0.081315938953,5.3461023e-05
4.0,0.0,-6.0,6.0,0.344122156803,0.015083040464,-0.004364175512,-0.014765536416,-0.083015531521,0.000298424038
4.0,2.0,-6.0,6.0,0.345852600678,0.015274910793,-0.007543774738,-0.019072555021,-0.084892651023,0.000536883221
6.0,-2.0,-6.0,6.0,0.490281625928,0.021050779428,-0.000826457958,-0.009650837422,-0.127201800872,-0.000135356801
6.0,0.0,-6.0,6.0,0.492827266431,0.021203627871,-0.003781161912,-0.014659482906,-0.128978742739,-8.3790324e-05
6.0,2.0,-6.0,6.0,0.494364947069,0.021406762026,-0.006706344926,-0.019632827418,-0.130797415779,-3.4648951e-05
8.0,-2.0,-6.0,6.0,0.638477178331,0.029264450205,-0.000539819637,-0.008861918264,-0.173941961697,-0.000339544577
8.0,0.0,-6.0,6.0,0.641214390936,0.029450055655,-0.003196290869,-0.014529939788,-0.175778340005,-0.00046292782
8.0,2.0,-6.0,6.0,0.64256837262,0.029661158238,-0.005839812341,-0.020170072206,-0.177553897248,-0.000584815268
10.0,-2.0,-6.0,6.0,0.78610737965,0.039561250891,-0.000290700428,-0.008055418746,-0.22137043394,-0.000556477631
10.0,0.0,-6.0,6.0,0.789032477512,0.039782241383,-0.002611689937,-0.014377495757,-0.223264222634,-0.000837628089
10.0,2.0,-6.0,6.0,0.79018413574,0.039996429811,-0.004920222023,-0.020672085677,-0.22496626619,-0.001115940116
-10.0,-2.0,-6.0,8.0,-0.68669560528,0.033365250673,-0.006967074569,-0.020048264579,0.206582620573,0.001860428836
-10.0,0.0,-6.0,8.0,-0.685168253641,0.033373042974,-0.010853220854,-0.019653302804,0.204835532523,0.00387812746
-10.0,2.0,-6.0,8.0,-0.681466080667,0.033379657819,-0.014759109691,-0.019236323397,0.201973930281,0.005892102309
-8.0,-2.0,-6.0,8.0,-0.543079880638,0.024463131418,-0.006278365779,-0.019453477171,0.17023412433,0.001676060128
-8.0,0.0,-6.0,8.0,-0.541337859655,0.024483982122,-0.010173789919,-0.019734659692,0.168410618665,0.003396457921
-8.0,2.0,-6.0,8.0,-0.537806253866,0.024534743785,-0.01408994615,-0.019994259228,0.165587566752,0.005114566653
-6.0,-2.0,-6.0,8.0,-0.398050847482,0.01762724573,-0.005603389597,-0.018826542825,0.132200651116,0.001468118056
-6.0,0.0,-6.0,8.0,-0.396094437728,0.017664805602,-0.009473231597,-0.019784554922,0.13030063544,0.002905452276
-6.0,2.0,-6.0,8.0,-0.392737916714,0.017756400542,-0.013364684412,-0.020721432748,0.127521527917,0.004341920098
-4.0,-2.0,-6.0,8.0,-0.251842069343,0.012900110916,-0.004945946123,-0.018167570564,0.09257565515,0.001238164399
-4.0,0.0,-6.0,8.0,-0.249671917115,0.012957980475,-0.008751064413,-0.019801324692,0.09059658817,0.002406362392
-4.0,2.0,-6.0,8.0,-0.246498939074,0.013087164402,-0.012584427944,-0.021416851893,0.087871901429,0.003576358601
-2.0,-2.0,-6.0,8.0,-0.104698499265,0.01031355608,-0.004310108759,-0.01747810673,0.05146512408,0.000987762648
-2.0,0.0,-6.0,8.0,-0.102283780249,0.010394834383,-0.008060781027,-0.019806306982,0.049355421738,0.001911469547
-2.0,2.0,-6.0,8.0,-0.099330250533,0.010558027257,-0.011749800531,-0.022079170972,0.046741617366,0.002819914589
0.0,-2.0,-6.0,8.0,0.043137742273,0.009886960256,-0.003699279187,-0.016758155088,0.008981643071,0.000718556139
0.0,0.0,-6.0,8.0,0.045751458144,0.009995687071,-0.007312296848,-0.019761480783,0.006813333833,0.001403391354
0.0,2.0,-6.0,8.0,0.048522252852,0.010188601697,-0.010864180933,-0.022708978697,0.004246015305,0.0020751447
2.0,-2.0,-6.0,8.0,0.191416692223,0.011628285165,-0.003116640553,-0.016009034637,-0.034751032275,0.000432063538
2.0,0.0,-6.0,8.0,0.194227033869,0.011767529892,-0.006553139596,-0.019684913994,-0.036977000546,0.000893556092
2.0,2.0,-6.0,8.0,0.196811861916,0.01198634045,-0.009929240363,-0.023304970124,-0.03949345873,0.001344189518
4.0,-2.0,-6.0,8.0,0.339891820307,0.015533413962,-0.00256503372,-0.015231555635,-0.079608523746,0.000129862862
4.0,0.0,-6.0,8.0,0.34289514851,0.01570611479,-0.005785914438,-0.019576971571,-0.081889477939,0.000383858385
4.0,2.0,-6.0,8.0,0.345290396713,0.015946872021,-0.008947270758,-0.023866749282,-0.084350598644,0.000629244388
6.0,-2.0,-6.0,8.0,0.488287303829,0.021585311517,-0.002066387359,-0.014434728318,-0.125416545958,-0.000183313319
6.0,0.0,-6.0,8.0,0.49149992796,0.021795237535,-0.005012990041,-0.019437192946,-0.127782408657,-0.000123787375
6.0,2.0,-6.0,8.0,0.493702186738,0.022053899317,-0.007920969631,-0.024393064754,-0.130184425847,-6.737997e-05
8.0,-2.0,-6.0,8.0,0.636386418583,0.029757533006,-0.00158824547,-0.013604718676,-0.17208945175,-0.000511752544
8.0,0.0,-6.0,8.0,0.639789277042,0.030006626514,-0.004237501295,-0.019266223935,-0.174513004078,-0.000627365013
8.0,2.0,-6.0,8.0,0.641811607875,0.030279987204,-0.006869639821,-0.024890763285,-0.176878375038,-0.000740975472
10.0,-2.0,-6.0,8.0,0.78392321892,0.040009368551,-0.001147603577,-0.012749488237,-0.219452766405,-0.000851381226
10.0,0.0,-6.0,8.0,0.787511309199,0.040300067927,-0.003462258427,-0.019064390618,-0.221931762273,-0.001124919029
10.0,2.0,-6.0,8.0,0.789329172685,0.040582792965,-0.005760521366,-0.025343150532,-0.224221181453,-0.001394727229
-10.0,-2.0,-6.0,10.0,-0.687939850804,0.034279217893,-0.009599092556,-0.024782391235,0.207921053583,0.002776202988
-10.0,0.0,-6.0,10.0,-0.685783338593,0.034288143339,-0.01346453119,-0.024379828343,0.205619873371,0.004803121184
-10.0,2.0,-6.0,10.0,-0.681451567085,0.034293491892,-0.017354002693,-0.023949747485,0.202201905349,0.006825319429
-8.0,-2.0,-6.0,10.0,-0.544464890546,0.025367446856,-0.008747264373,-0.024209210086,0.171668357568,0.002474477432
-8.0,0.0,-6.0,10.0,-0.542088078912,0.025396054776,-0.012622174179,-0.024482280315,0.169285978172,0.004204194401
-8.0,2.0,-6.0,10.0,-0.537921381415,0.025452466144,-0.016522858217,-0.024728604902,0.165902940292,0.005931077005
-6.0,-2.0,-6.0,10.0,-0.399576450915,0.018516284173,-0.00790391298,-0.023596308998,0.133730663764,0.002146938277
-6.0,0.0,-6.0,10.0,-0.396980706548,0.018568395617,-0.011753540166,-0.024545748162,0.131267943805,0.0035936424
-6.0,2.0,-6.0,10.0,-0.392983729775,0.018672466132,-0.01562998287,-0.025468913141,0.127924561194,0.005039266932
-4.0,-2.0,-6.0,10.0,-0.253506383658,0.013768245937,-0.007073311371,-0.022943620324,0.09420022366,0.001795578023
-4.0,0.0,-6.0,10.0,-0.250699051356,0.013847588902,-0.010863867187,-0.024570552239,0.091663819102,0.002974290223
-4.0,2.0,-6.0,10.0,-0.246876532207,0.013996046364,-0.014677689928,-0.026169810645,0.088363881452,0.004152711571
-2.0,-2.0,-6.0,10.0,-0.106501216139,0.011155585272,-0.006260419959,-0.022252901485,0.053184130796,0.001422427118
-2.0,0.0,-6.0,10.0,-0.103438857315,0.011264918501,-0.010002221715,-0.024575904019,0.050503757442,0.002357648334
-2.0,2.0,-6.0,10.0,-0.099839444607,0.011454378563,-0.013667063813,-0.02682985975,0.04732267852,0.003273831877
0.0,-2.0,-6.0,10.0,0.041197999357,0.010697641852,-0.00546884151,-0.021523714406,0.010794069615,0.00102955659
0.0,0.0,-6.0,10.0,0.044459873855,0.010841251525,-0.00907350129,-0.024521488099,0.008056551531,0.001725748101
0.0,2.0,-6.0,10.0,0.047880751342,0.011067197544,-0.012602386414,-0.027449866306,0.00491735582,0.002405725756
2.0,-2.0,-6.0,10.0,0.189344068862,0.012402699059,-0.004702844884,-0.020758145161,-0.032846935674,0.000618995286
2.0,0.0,-6.0,10.0,0.192803244259,0.012583476475,-0.008131850929,-0.024427964301,-0.035642697614,0.001091716774
2.0,2.0,-6.0,10.0,0.196039769888,0.012842049499,-0.011485954962,-0.028028524771,-0.038731963327,0.001550976549
4.0,-2.0,-6.0,10.0,0.337689985803,0.016266784325,-0.003965616583,-0.019956417671,-0.077615154776,0.000192752394
4.0,0.0,-6.0,10.0,0.341342441432,0.016487557917,-0.007179962319,-0.024295444449,-0.080465267349,0.000457805699
4.0,2.0,-6.0,10.0,0.344389146769,0.016774701605,-0.010320237044,-0.028565005986,-0.083498026843,0.00071218245
6.0,-2.0,-6.0,10.0,0.485954705538,0.022272779844,-0.003284993136,-0.019129923359,-0.123327357155,-0.000243108516
6.0,0.0,-6.0,10.0,0.489821460341,0.022537441878,-0.006220643517,-0.024123232384,-0.126270664137,-0.000173597072
6.0,2.0,-6.0,10.0,0.492675892976,0.022848956029,-0.009109198713,-0.029058981091,-0.129244856408,-0.000107812893
8.0,-2.0,-6.0,10.0,0.633932160442,0.030395046952,-0.00261881016,-0.018260440139,-0.169915193036,-0.000694145852
8.0,0.0,-6.0,10.0,0.637987883115,0.030705106003,-0.005257125448,-0.023912391762,-0.172914427201,-0.000800102641
8.0,2.0,-6.0,10.0,0.640666152202,0.031037878389,-0.007876861304,-0.029518534588,-0.175858363883,-0.00090318868
10.0,-2.0,-6.0,10.0,0.781351039316,0.040592937262,-0.001989848415,-0.017357893583,-0.217196566809,-0.001154848424
10.0,0.0,-6.0,10.0,0.785590203868,0.040950604447,-0.00429618787,-0.023663219963,-0.220247975378,-0.001418803801
10.0,2.0,-6.0,10.0,0.788062238653,0.041298878302,-0.006582135617,-0.029923252853,-0.223113803097,-0.001678027864
-10.0,-2.0,-4.0,-10.0,-0.701120415361,0.035268517435,0.017360006642,0.023928736506,0.21926565426,-0.006602482102
-10.0,0.0,-4.0,-10.0,-0.70550175237,0.035296869331,0.013519254755,0.024517157311,0.222733220395,-0.004569371255
-10.0,2.0,-4.0,-10.0,-0.707676690077,0.035318389734,0.00970295119,0.025077820472,0.225062886266,-0.002531685472
-8.0,-2.0,-4.0,-10.0,-0.557675049833,0.026180318475,0.016547659124,0.024734628943,0.183141831842,-0.0057102068
-8.0,0.0,-4.0,-10.0,-0.561894888668,0.026157008481,0.012688497125,0.024647720749,0.186577556165,-0.00397192221
-8.0,2.0,-4.0,-10.0,-0.564293442667,0.026158734186,0.008855752615,0.024533841571,0.188989365912,-0.00223107166
-6.0,-2.0,-4.0,-10.0,-0.412794905192,0.019150720501,0.01567193585,0.025502210691,0.145311526799,-0.004819502948
-6.0,0.0,-4.0,-10.0,-0.416846375806,0.01907882776,0.011829025605,0.024738989928,0.148708117333,-0.003361826473
-6.0,2.0,-4.0,-10.0,-0.419466809278,0.019056892965,0.008013579631,0.023949344666,0.151201768993,-0.001903372093
-4.0,-2.0,-4.0,-10.0,-0.266717033106,0.014223473034,0.014734187195,0.026230174092,0.105869480187,-0.003932923588
-4.0,0.0,-4.0,-10.0,-0.270601780945,0.014106400901,0.01095125665,0.024793628603,0.109232098979,-0.002742966446
-4.0,2.0,-4.0,-10.0,-0.273433754057,0.014056966029,0.007181863629,0.023325001571,0.111794640638,-0.001550779507
-2.0,-2.0,-4.0,-10.0,-0.119683775501,0.011431006722,0.013736427962,0.026917753848,0.064919039805,-0.003053142792
-2.0,0.0,-4.0,-10.0,-0.123354884029,0.011271887964,0.010088989259,0.024824300675,0.068175043856,-0.002123657282
-2.0,2.0,-4.0,-10.0,-0.126437153795,0.011191833408,0.006364925617,0.02266156742,0.070871738724,-0.001175329986
0.0,-2.0,-4.0,-10.0,0.028061371785,0.01079438588,0.012682427628,0.027564969612,0.022574692282,-0.002183151228
0.0,0.0,-4.0,-10.0,0.024567757062,0.01059751009,0.009162748588,0.024797433464,0.025786926081,-0.001489185439
0.0,2.0,-4.0,-10.0,0.021283290226,0.010482890565,0.005567572292,0.021960317785,0.028543675249,-0.000779210365
2.0,-2.0,-4.0,-10.0,0.176274486552,0.012322534577,0.011574038152,0.028170805076,-0.021045940715,-0.001325378111
2.0,0.0,-4.0,-10.0,0.172962058958,0.012091766702,0.008220716224,0.024730709037,-0.017881908322,-0.000851447353
2.0,2.0,-4.0,-10.0,0.169475957297,0.011939476444,0.004792646555,0.021220999867,-0.015065293455,-0.000364238999
4.0,-2.0,-4.0,-10.0,0.324704227116,0.016012526226,0.010414068847,0.028734235617,-0.06581345767,-0.000482532905
4.0,0.0,-4.0,-10.0,0.321578746197,0.015751820607,0.007265668581,0.024624339933,-0.062704103541,-0.000212733186
4.0,2.0,-4.0,-10.0,0.317895434234,0.01555883347,0.004044606375,0.020445136686,-0.059830046319,6.7407644e-05
6.0,-2.0,-4.0,-10.0,0.473097814269,0.021849489187,0.009205971727,0.02925436753,-0.111590284987,0.000342586121
6.0,0.0,-4.0,-10.0,0.470161920301,0.021562930897,0.00630112278,0.024478452174,-0.108537983796,0.000424515376
6.0,2.0,-4.0,-10.0,0.466257819844,0.021325036844,0.003355699282,0.01964616202,-0.105563573797,0.000508895096
8.0,-2.0,-4.0,-10.0,0.62121806177,0.029807449102,0.007969296098,0.029737547072,-0.15825872235,0.00114480321
8.0,0.0,-4.0,-10.0,0.618461092644,0.029498395452,0.005331538174,0.024292507919,-0.155244045941,0.001057612072
8.0,2.0,-4.0,-10.0,0.614364892864,0.029214222511,0.002673458788,0.018800918107,-0.152211784176,0.000967500504
10.0,-2.0,-4.0,-10.0,0.768774742816,0.039845385809,0.00667217485,0.030167178763,-0.205606997573,0.001926743568
10.0,0.0,-4.0,-10.0,0.76622158875,0.039519179042,0.004359061401,0.024067307295,-0.202669534076,0.001684331485
10.0,2.0,-4.0,-10.0,0.761939388505,0.039186534535,0.002025919087,0.017921418542,-0.199583964247,0.001436766896
-10.0,-2.0,-4.0,-8.0,-0.701608261825,0.034373266796,0.014752997792,0.019185079119,0.219452356311,-0.005709795826
-10.0,0.0,-4.0,-8.0,-0.70535386469,0.034394860289,0.010897529009,0.019764300077,0.222357593057,-0.003685084526
-10.0,2.0,-4.0,-8.0,-0.706892348454,0.034411675902,0.007061602404,0.020321182452,0.224125260403,-0.001656661866
-8.0,-2.0,-4.0,-8.0,-0.558032125983,0.025271348778,0.014101317829,0.019965185409,0.183243099972,-0.004934138196
-8.0,0.0,-4.0,-8.0,-0.561610108655,0.025248166629,0.010227418269,0.019868599996,0.186111531088,-0.003204655001
-8.0,2.0,-4.0,-8.0,-0.563366840048,0.025252043509,0.006374862309,0.019750297535,0.187956901847,-0.001473122228
-6.0,-2.0,-4.0,-8.0,-0.413019346876,0.018233564733,0.013391734153,0.020714577375,0.14532545834,-0.004162562828
-6.0,0.0,-4.0,-8.0,-0.416423712507,0.018168679535,0.009534385976,0.019941310105,0.148150564119,-0.002714110305
-6.0,2.0,-4.0,-8.0,-0.418397185317,0.018155834722,0.005699124004,0.01914675082,0.150073616547,-0.001265030193
-4.0,-2.0,-4.0,-8.0,-0.266807612397,0.013303694454,0.012625042192,0.021432021529,0.105794714401,-0.003397179024
-4.0,0.0,-4.0,-8.0,-0.270035734368,0.013200527772,0.008822950832,0.019983014205,0.108574489453,-0.002215732818
-4.0,2.0,-4.0,-8.0,-0.272221230467,0.01316713477,0.005039070293,0.018511062087,0.110570747189,-0.00103407445
-2.0,-2.0,-4.0,-8.0,-0.119637925372,0.010514129386,0.011802878175,0.02211704475,0.064753415425,-0.002640245662
-2.0,0.0,-4.0,-8.0,-0.122654179424,0.010375955297,0.008131295717,0.020008318696,0.067431995795,-0.001718581058
-2.0,2.0,-4.0,-8.0,-0.125081522183,0.010318782551,0.004398180855,0.017843944674,0.069551931464,-0.000781783439
0.0,-2.0,-4.0,-8.0,0.028242748626,0.009885793633,0.010927532129,0.022768959905,0.022317506637,-0.001894099276
0.0,0.0,-4.0,-8.0,0.025407801949,0.00971684402,0.007384737336,0.01998595748,0.024949977398,-0.00120848944
0.0,2.0,-4.0,-8.0,0.022779646443,0.00963195578,0.003780876321,0.017146661734,0.027129014543,-0.000509921603
2.0,-2.0,-4.0,-8.0,0.176591233715,0.0114276687,0.010001107449,0.023387337651,-0.021395192391,-0.001160934152
2.0,0.0,-4.0,-8.0,0.173939396944,0.01123165739,0.006625393185,0.019931345011,-0.018812028578,-0.000695746249
2.0,2.0,-4.0,-8.0,0.171112197294,0.011115955561,0.003189320709,0.016419207307,-0.016574726743,-0.000219846427
4.0,-2.0,-4.0,-8.0,0.325154932655,0.015136702876,0.009025463461,0.02397098546,-0.066254975919,-0.000442907965
4.0,0.0,-4.0,-8.0,0.322690502967,0.014917524656,0.005856022528,0.019844951474,-0.063725945152,-0.000182292602
4.0,2.0,-4.0,-8.0,0.319667680494,0.014767851251,0.002627087436,0.015662779793,-0.061432241524,8.6770964e-05
6.0,-2.0,-4.0,-8.0,0.473680202589,0.020997910886,0.008003442114,0.024518930687,-0.112123326761,0.000257634296
6.0,0.0,-4.0,-8.0,0.471407714738,0.020759556699,0.005078782705,0.01972633825,-0.109653518464,0.000329983455
6.0,2.0,-4.0,-8.0,0.468167971926,0.020571827515,0.002120958878,0.014888770381,-0.107265209991,0.000404370742
8.0,-2.0,-4.0,-8.0,0.62192630768,0.028984744445,0.006949302057,0.025035617257,-0.158876006108,0.000936739357
8.0,0.0,-4.0,-8.0,0.619836216483,0.028730690899,0.004295760113,0.019575723537,-0.15644938896,0.000839186994
8.0,2.0,-4.0,-8.0,0.616404327594,0.028503195494,0.00162797347,0.014078349892,-0.154002696887,0.000738988571
10.0,-2.0,-4.0,-8.0,0.76961369817,0.039057601716,0.005839999095,0.025508727453,-0.206317090017,0.001595906028
10.0,0.0,-4.0,-8.0,0.767725787047,0.038792692239,0.003513296698,0.019393664909,-0.203965443734,0.001342741385
10.0,2.0,-4.0,-8.0,0.764105570643,0.038522662043,0.001170405857,0.013241464836,-0.201462776422,0.001085475849
-10.0,-2.0,-4.0,-6.0,-0.702145055222,0.033659063611,0.012088407278,0.014340651315,0.219731280257,-0.004799378998
-10.0,0.0,-4.0,-6.0,-0.705241887759,0.033674540201,0.008221700795,0.014911972359,0.22206258243,-0.002781267334
-10.0,2.0,-4.0,-6.0,-0.706132003141,0.033687101643,0.004370052312,0.015466499894,0.223256526836,-0.000760448189
-8.0,-2.0,-4.0,-6.0,-0.558466090888,0.024544639415,0.011600847149,0.015094893011,0.183455202286,-0.004141989516
-8.0,0.0,-4.0,-6.0,-0.561389072085,0.024522470877,0.007715823172,0.014990090953,0.185744646309,-0.002419496041
-8.0,2.0,-4.0,-6.0,-0.562490667364,0.024528964734,0.003846850551,0.014868890441,0.187011613567,-0.000695440652
-6.0,-2.0,-4.0,-6.0,-0.413348859704,0.017498781265,0.011061049265,0.015826225215,0.145469010456,-0.003491245597
-6.0,0.0,-4.0,-6.0,-0.416092927859,0.017441991407,0.007192774836,0.015044421625,0.147710941678,-0.002050135528
-6.0,2.0,-4.0,-6.0,-0.417406094378,0.01743890803,0.003341168795,0.014246585973,0.149051439346,-0.000608560689
-4.0,-2.0,-4.0,-6.0,-0.267031696302,0.012565261004,0.010468953299,0.016533207744,0.105868740505,-0.002848735032
-4.0,0.0,-4.0,-6.0,-0.269590030384,0.01247731778,0.006651270607,0.015073542087,0.108053805753,-0.001673899052
-4.0,2.0,-4.0,-6.0,-0.271115558598,0.012460849195,0.002856333473,0.013599999347,0.109471723617,-0.000500852229
-2.0,-2.0,-4.0,-6.0,-0.119755229801,0.00977647213,0.009825977851,0.017215882032,0.064756345741,-0.002216327093
-2.0,0.0,-4.0,-6.0,-0.122100981459,0.009660785655,0.006133998067,0.015094086001,0.066844188314,-0.001300601665
-2.0,2.0,-4.0,-6.0,-0.123860450078,0.009627605252,0.002395304805,0.012929859209,0.068375823517,-0.000373404732
0.0,-2.0,-4.0,-6.0,0.028234541869,0.009153300593,0.009133752559,0.017873587915,0.022246826401,-0.001595886212
0.0,0.0,-4.0,-6.0,0.026070532155,0.00901392603,0.005570615034,0.01507653259,0.024288478945,-0.000916528825
0.0,2.0,-4.0,-6.0,0.024114117158,0.008960164243,0.001961598949,0.012237391569,0.025876381232,-0.000227435243
2.0,-2.0,-4.0,-6.0,0.176689832976,0.010704608532,0.008392986197,0.018505017611,-0.021538542706,-0.000989008129
2.0,0.0,-4.0,-6.0,0.174711757898,0.010545265189,0.004997721725,0.015034880653,-0.01954810496,-0.000530491556
2.0,2.0,-4.0,-6.0,0.172556730116,0.010467665587,0.001556949247,0.011522364055,-0.017901855512,-6.3894763e-05
4.0,-2.0,-4.0,-6.0,0.325359796769,0.014427370854,0.007605585947,0.01910968644,-0.066471557772,-0.000397509762
4.0,0.0,-4.0,-6.0,0.323570327669,0.014251838859,0.004417322624,0.014969217139,-0.064535629064,-0.000143931032
4.0,2.0,-4.0,-6.0,0.321220730143,0.014147235263,0.001184159711,0.010786398832,-0.062833311889,0.000116025278
6.0,-2.0,-4.0,-6.0,0.473990871675,0.020306488262,0.006773660971,0.019686622114,-0.112413668217,0.00017678051
6.0,0.0,-4.0,-6.0,0.472392751642,0.020118605079,0.003831140354,0.014879256144,-0.110535872415,0.000241719856
6.0,2.0,-4.0,-6.0,0.469831721494,0.019983036298,0.000864324851,0.010038430741,-0.108746989334,0.000308089837
8.0,-2.0,-4.0,-6.0,0.622336193083,0.028315540107,0.005905884781,0.020237894146,-0.159231614389,0.000731011781
8.0,0.0,-4.0,-6.0,0.620925113969,0.028118622188,0.003241426633,0.014765166904,-0.15740419805,0.000624895809
8.0,2.0,-4.0,-6.0,0.618170621105,0.027949704972,0.000564193505,0.009264124513,-0.155555103467,0.000517059074
10.0,-2.0,-4.0,-6.0,0.770126138306,0.038413763752,0.004988202697,0.020755357452,-0.206745924586,0.001265967177
10.0,0.0,-4.0,-6.0,0.768916379774,0.038212868379,0.002650200029,0.01462725069,-0.20499169751,0.001004130412
10.0,2.0,-4.0,-6.0,0.765972371465,0.038008256017,0.000299957811,0.008471165906,-0.203084493729,0.000739203208
-10.0,-2.0,-4.0,-4.0,-0.702725489345,0.033139826727,0.009378976392,0.009419214337,0.220101658578,-0.003876066128
-10.0,0.0,-4.0,-4.0,-0.70516362066,0.033149788207,0.00550474584,0.009984000326,0.221850296119,-0.001862623779
-10.0,2.0,-4.0,-4.0,-0.705394595106,0.033158049918,0.001640586862,0.010537556772,0.222461896185,0.000152631993
-8.0,-2.0,-4.0,-4.0,-0.558973564502,0.024014270649,0.009058166154,0.010147517514,0.183778589626,-0.00333819713
-8.0,0.0,-4.0,-4.0,-0.561231489173,0.023993816297,0.005165840682,0.01003601212,0.185480151542,-0.001620732874
-8.0,2.0,-4.0,-4.0,-0.561667922702,0.024003230328,0.001284176298,0.009913503524,0.186159698412,9.7804469e-05
-6.0,-2.0,-4.0,-4.0,-0.413781863038,0.016960453914,0.008690914555,0.010860843849,0.145743799921,-0.002809559951
-6.0,0.0,-4.0,-4.0,-0.415855573108,0.016912661949,0.004815462686,0.010072107381,0.147393668374,-0.001373773076
-6.0,2.0,-4.0,-4.0,-0.416498389297,0.016919783653,0.000951188815,0.009272651329,0.14814260404,6.2315892e-05
-4.0,-2.0,-4.0,-4.0,-0.267389355973,0.012022229468,0.008276492868,0.01155778581,0.106093993964,-0.002291259003
-4.0,0.0,-4.0,-4.0,-0.26927471511,0.011950610088,0.004454739231,0.010092117664,0.107687282154,-0.001122660302
-4.0,2.0,-4.0,-4.0,-0.270123129535,0.01195162924,0.000644285784,0.008615562221,0.108505897051,4.5583684e-05
-2.0,-2.0,-4.0,-4.0,-0.120035689832,0.009231927845,0.007815584598,0.012238366984,0.064930279413,-0.001784665486
-2.0,0.0,-4.0,-4.0,-0.121702747925,0.00913991488,0.004106369088,0.0101048105,0.066419742284,-0.000872682121
-2.0,2.0,-4.0,-4.0,-0.122784019427,0.009131533979,0.000365799408,0.007942742162,0.067353711582,4.6995112e-05
0.0,-2.0,-4.0,-4.0,0.028031916206,0.008610445345,0.007309119035,0.012901881547,0.022368526357,-0.001291169201
0.0,0.0,-4.0,-4.0,0.026550620658,0.008502059542,0.003729198017,0.010092981511,0.023809047573,-0.000615936046
0.0,2.0,-4.0,-4.0,0.02527221826,0.008480327656,0.000118376332,0.007255388113,0.024799308622,6.5848507e-05
2.0,-2.0,-4.0,-4.0,0.176564448968,0.010166614569,0.006757140956,0.013546984012,-0.021469579196,-0.000811897531
2.0,0.0,-4.0,-4.0,0.175270061228,0.010045477377,0.003345524582,0.010064610045,-0.020080699499,-0.000357855394
2.0,2.0,-4.0,-4.0,0.173797625152,0.010007135974,-9.6562419e-05,0.006553861309,-0.019034889915,0.000101598446
4.0,-2.0,-4.0,-4.0,0.325311239804,0.013897375003,0.006161026278,0.014173283585,-0.066455649604,-0.000348210358
4.0,0.0,-4.0,-4.0,0.324206661616,0.013767183297,0.002956953329,0.010020376309,-0.065121666013,-9.9448556e-05
4.0,2.0,-4.0,-4.0,0.322540645239,0.013708950167,-0.000277175408,0.00583911407,-0.064020019643,0.000153583844
6.0,-2.0,-4.0,-4.0,0.474019145156,0.019787619075,0.005522215345,0.014779895056,-0.112451585008,9.8555114e-05
6.0,0.0,-4.0,-4.0,0.473105577126,0.019652041584,0.002564551736,0.009959850232,-0.11117481161,0.000158335179
6.0,2.0,-4.0,-4.0,0.471233417452,0.019570062757,-0.000408067574,0.005118056204,-0.109994493573,0.000218878932
8.0,-2.0,-4.0,-4.0,0.622435040232,0.027810491732,0.004843725233,0.015366492993,-0.159314634311,0.000526784103
8.0,0.0,-4.0,-4.0,0.621713803418,0.027673229817,0.002169747093,0.009883226171,-0.158095882354,0.000414440013
8.0,2.0,-4.0,-4.0,0.619647493814,0.027564897403,-0.000512747451,0.004380984196,-0.156853953826,0.000300937954
10.0,-2.0,-4.0,-4.0,0.770300069958,0.037926054127,0.004120765429,0.015929149106,-0.206882408135,0.000936123907
10.0,0.0,-4.0,-4.0,0.769778178495,0.037790817258,0.001773963867,0.009790445198,-0.205734818925,0.000667931248
10.0,2.0,-4.0,-4.0,0.767520309956,0.037653169457,-0.000581024927,0.00363284237,-0.204432242667,0.000397591002
-10.0,-2.0,-4.0,-2.0,-0.703344822839,0.03282586002,0.006637925511,0.004445383385,0.220562241165,-0.002944798689
-10.0,0.0,-4.0,-2.0,-0.705117576346,0.03283079035,0.002760117481,0.005005098835,0.221722338612,-0.000934012749
-10.0,2.0,-4.0,-2.0,-0.70468284383,0.032834760354,-0.001112661728,0.005559176425,0.221745526633,0.0010776877
-8.0,-2.0,-4.0,-2.0,-0.559551154935,0.023690671924,0.006485677202,0.005147681502,0.184212861465,-0.002527316895
-8.0,0.0,-4.0,-2.0,-0.561137357188,0.023672449573,0.002590002827,0.005031039132,0.185320587158,-0.00081280879
-8.0,2.0,-4.0,-2.0,-0.56090180844,0.023684913248,-0.001300430441,0.00490885736,0.185406577457,0.000902273279
-6.0,-2.0,-4.0,-2.0,-0.414316355258,0.016629004005,0.006292817917,0.005842990357,0.146150316953,-0.002121638764
-6.0,0.0,-4.0,-2.0,-0.415713027172,0.016590914315,0.002414106783,0.005048988087,0.147202219865,-0.000689055683
-6.0,2.0,-4.0,-2.0,-0.41567852315,0.016608456049,-0.001458942314,0.004249666515,0.147353243095,0.00074366165
-4.0,-2.0,-4.0,-2.0,-0.267879943633,0.011684939167,0.006057990978,0.006529956657,0.10647185783,-0.001728417701
-4.0,0.0,-4.0,-2.0,-0.269083204489,0.011630447344,0.002233191422,0.005058966145,0.107463182619,-0.00056327843
-4.0,2.0,-4.0,-2.0,-0.26924994482,0.011649321491,-0.001586109196,0.003582308769,0.107680538545,0.000601715858
-2.0,-2.0,-4.0,-2.0,-0.120480848433,0.008890764904,0.005781395504,0.00720873896,0.065278347122,-0.001348570822
-2.0,0.0,-4.0,-2.0,-0.121462433024,0.008823304426,0.00205842599,0.005065138991,0.066163055376,-0.000438056547
-2.0,2.0,-4.0,-2.0,-0.121858560984,0.008840212395,-0.001680251146,0.002907195373,0.066493184678,0.000476303119
0.0,-2.0,-4.0,-2.0,0.027633431529,0.008267352654,0.005462425888,0.007878171515,0.022685083064,-0.000982829547
0.0,0.0,-4.0,-2.0,0.026838630077,0.008190944147,0.001869228582,0.005058976028,0.023520440104,-0.000309453057
0.0,2.0,-4.0,-2.0,0.026249797071,0.008201876607,-0.001739442558,0.002225666376,0.023903705395,0.000367210054
2.0,-2.0,-4.0,-2.0,0.176211762949,0.00982356444,0.005101383849,0.008537267072,-0.021184417038,-0.000632050036
2.0,0.0,-4.0,-2.0,0.175607619392,0.009741752241,0.001676798746,0.005044651986,-0.020402972846,-0.000180185827
2.0,2.0,-4.0,-2.0,0.174824893463,0.009743381668,-0.001763049408,0.001537841021,-0.019964016717,0.000274390918
4.0,-2.0,-4.0,-2.0,0.325005021823,0.013556353134,0.004698696355,0.009185636373,-0.066202727839,-0.000297044424
4.0,0.0,-4.0,-2.0,0.324591639875,0.013472686101,0.001482012274,0.005022341982,-0.065476391707,-5.0776479e-05
4.0,2.0,-4.0,-2.0,0.323616175828,0.013461628982,-0.001749722662,0.000844852262,-0.064981702821,0.000197628503
6.0,-2.0,-4.0,-2.0,0.473760235179,0.019450814065,0.0042561294,0.00982279031,-0.112233107537,2.1150264e-05
6.0,0.0,-4.0,-2.0,0.473537598356,0.019368807081,0.001285316123,0.004991892702,-0.11156197638,7.8284182e-05
6.0,2.0,-4.0,-2.0,0.472360905532,0.019341164875,-0.001689930694,0.00015136954,-0.110996377414,0.000135326558
8.0,-2.0,-4.0,-2.0,0.622216406598,0.027479172026,0.003767957553,0.010444673832,-0.159118890082,0.000322724891
8.0,0.0,-4.0,-2.0,0.622190835664,0.027402680366,0.001087355345,0.004953083749,-0.158514275105,0.000206505416
8.0,2.0,-4.0,-2.0,0.620819573411,0.027355517475,-0.001597522169,-0.000547914673,-0.157885943176,8.9745494e-05
10.0,-2.0,-4.0,-2.0,0.770128091621,0.037602213817,0.003241825051,0.011053401909,-0.206720705569,0.000605761058
10.0,0.0,-4.0,-2.0,0.770299930664,0.037534449365,0.000888902219,0.004906322317,-0.206184803932,0.000333442516
10.0,2.0,-4.0,-2.0,0.768735208624,0.037464889768,-0.001468166832,-0.001250334917,-0.205493184667,6.0025588e-05
-10.0,-2.0,-4.0,0.0,-0.703998962804,0.032723495124,0.003878868095,-0.000555607082,0.221111141453,-0.002010583019
-10.0,0.0,-4.0,0.0,-0.705102827507,0.032723766275,1.557745e-06,5.40322e-07,0.221679734805,-3.90585e-07
-10.0,2.0,-4.0,0.0,-0.703999055792,0.032723335051,-0.003875775792,0.000556705104,0.22111135835,0.002009812046
-8.0,-2.0,-4.0,0.0,-0.560195374754,0.023580203395,0.003896220102,0.000120661822,0.184756373324,-0.001713988313
-8.0,0.0,-4.0,0.0,-0.561106456831,0.023564628995,1.147227e-06,4.47162e-07,0.185267336577,-2.72223e-07
-8.0,2.0,-4.0,0.0,-0.560195592782,0.023580102121,-0.003893948076,-0.000119745579,0.184756642611,0.001713455431
-6.0,-2.0,-4.0,0.0,-0.414949880235,0.016510966919,0.003878673823,0.000797887391,0.146687672419,-0.001431721766
-6.0,0.0,-4.0,0.0,-0.415665862804,0.016483028694,7.91161e-07,3.76413e-07,0.147138280696,-1.7456e-07
-6.0,2.0,-4.0,0.0,-0.414950587918,0.016510914876,-0.00387708872,-0.000797111899,0.146688161569,0.001431372297
-4.0,-2.0,-4.0,0.0,-0.268501192439,0.011559883128,0.003824723952,0.001475220283,0.107001191169,-0.001164079186
-4.0,0.0,-4.0,0.0,-0.269019618258,0.011523042647,5.0057e-07,2.90458e-07,0.107388418806,-1.03408e-07
-4.0,2.0,-4.0,0.0,-0.268501130358,0.011559831916,-0.00382369946,-0.001474606134,0.107001230753,0.001163868529
-2.0,-2.0,-4.0,0.0,-0.121089021954,0.008759367712,0.003733006384,0.002151843911,0.065799545919,-0.000911336776
-2.0,0.0,-4.0,0.0,-0.121382206907,0.008717087808,1.93142e-07,1.05289e-07,0.066077396189,-3.5769e-08
-2.0,2.0,-4.0,0.0,-0.121089532398,0.008759370346,-0.00373261762,-0.002151653718,0.06580010611,0.000911265919
0.0,-2.0,-4.0,0.0,0.027037766698,0.008130348216,0.003602831154,0.002827198031,0.02319790163,-0.000673861383
0.0,0.0,-4.0,0.0,0.026935631503,0.008086580424,1.00913e-07,6.3938e-08,0.023423509693,-1.8676e-08
0.0,2.0,-4.0,0.0,0.027038002023,0.008130359631,-0.003602741665,-0.002827194613,0.023197805453,0.000673839496
2.0,-2.0,-4.0,0.0,0.175631221808,0.009681679766,0.003433784958,0.003500492397,-0.020682000649,-0.000452004232
2.0,0.0,-4.0,0.0,0.175720575172,0.009639868117,-2.355e-07,-2.8923e-07,-0.020510878436,3.3864e-08
2.0,2.0,-4.0,0.0,0.175631175885,0.009681712384,-0.003434230985,-0.003501022494,-0.020682042477,0.000452069986
4.0,-2.0,-4.0,0.0,0.324439511342,0.013410308246,0.00322567031,0.004171074553,-0.065710962887,-0.00024611735
4.0,0.0,-4.0,0.0,0.324720469727,0.013373908119,-2.63235e-07,-4.37017e-07,-0.065595104706,2.6479e-08
4.0,2.0,-4.0,0.0,0.324439143915,0.013410326897,-0.003226174625,-0.004171923562,-0.065710659333,0.000246166653
6.0,-2.0,-4.0,0.0,0.473205129802,0.019301062809,0.002974360319,0.004836237287,-0.111744211283,-5.5896344e-05
6.0,0.0,-4.0,0.0,0.473682160785,0.019273709782,-3.01218e-07,-6.1814e-07,-0.111691510142,-1.6651e-08
6.0,2.0,-4.0,0.0,0.473204990374,0.019300988878,-0.002974955324,-0.004837483115,-0.111744171304,5.5875547e-05
8.0,-2.0,-4.0,0.0,0.621677588187,0.027326735895,0.002683799256,0.005496425743,-0.158642240937,0.000117627534
8.0,0.0,-4.0,0.0,0.62235079099,0.027311863587,-4.59634e-07,-1.127701e-06,-0.15865452867,-8.275e-08
8.0,2.0,-4.0,0.0,0.621677997166,0.027326510918,-0.002684668576,-0.005498546153,-0.1586428072,-0.000117769521
10.0,-2.0,-4.0,0.0,0.769606318961,0.037447485859,0.002355796914,0.006151656929,-0.206257525076,0.000273966191
10.0,0.0,-4.0,0.0,0.770474924442,0.037448470829,-6.16255e-07,-1.585629e-06,-0.206335596539,-1.4268e-07
10.0,2.0,-4.0,0.0,0.769606805461,0.037447465643,-0.002356996455,-0.006154796242,-0.20625816644,-0.000274253436
-10.0,-2.0,-4.0,2.0,-0.704684160608,0.032834975253,0.001115605477,-0.005558218527,0.221745713753,-0.001078421363
-10.0,0.0,-4.0,2.0,-0.705119155389,0.032830837968,-0.002757044937,-0.005004051618,0.221722787625,0.000933242068
-10.0,2.0,-4.0,2.0,-0.703346366297,0.032825751739,-0.006634840356,-0.004444283158,0.22056276564,0.0029440303
-8.0,-2.0,-4.0,2.0,-0.560902984128,0.02368508173,0.00130257292,-0.004908069365,0.185406730312,-0.000902772531
-8.0,0.0,-4.0,2.0,-0.561138729531,0.023672478623,-0.002587751149,-0.005030192539,0.185320988305,0.000812274364
-8.0,2.0,-4.0,2.0,-0.559552690675,0.023690679325,-0.006483449885,-0.00514677981,0.184213497711,0.002526804079
-6.0,-2.0,-4.0,2.0,-0.41567917455,0.016608503032,0.001460443075,-0.004249015108,0.147353192384,-0.000743992942
-6.0,0.0,-4.0,2.0,-0.415714353019,0.016590985249,-0.002412601969,-0.005048320737,0.14720266386,0.000688730207
-6.0,2.0,-4.0,2.0,-0.414318340436,0.016629054208,-0.006291248817,-0.005842221952,0.146151429722,0.002121299568
-4.0,-2.0,-4.0,2.0,-0.269250211892,0.011649308649,0.001587177918,-0.003581604049,0.107680529017,-0.000601927698
-4.0,0.0,-4.0,2.0,-0.269084193903,0.011630479983,-0.002232176515,-0.005058356145,0.10746372335,0.000563064797
-4.0,2.0,-4.0,2.0,-0.267880629646,0.011684919398,-0.006057319471,-0.006529737289,0.1064719022,0.001728274465
-2.0,-2.0,-4.0,2.0,-0.121858258979,0.008840195556,0.0016806667,-0.002907033589,0.066492803929,-0.000476386051
-2.0,0.0,-4.0,2.0,-0.121462736599,0.008823304438,-0.002058000751,-0.005064884135,0.06616342976,0.000437978693
-2.0,2.0,-4.0,2.0,-0.120481195242,0.008890760143,-0.005781174679,-0.007208668035,0.065278545938,0.001348524811
0.0,-2.0,-4.0,2.0,0.026249811529,0.008201894293,0.001739638027,-0.002225547281,0.023903840294,-0.000367244667
0.0,0.0,-4.0,2.0,0.026838998289,0.008190943365,-0.001869135945,-0.005058945364,0.023520094446,0.000309435949
0.0,2.0,-4.0,2.0,0.027632813581,0.008267341916,-0.005462381929,-0.007878083989,0.022685330181,0.000982824819
2.0,-2.0,-4.0,2.0,0.174825073362,0.009743360251,0.001762602783,-0.001538382,-0.019964155369,-0.000274326329
2.0,0.0,-4.0,2.0,0.175607103435,0.0097417562,-0.001677083824,-0.005045024246,-0.02040242732,0.000180229334
2.0,2.0,-4.0,2.0,0.176211235614,0.009823581409,-0.005101597891,-0.008537547933,-0.021184004804,0.000632086479
4.0,-2.0,-4.0,2.0,0.323616078009,0.013461619927,0.001749344498,-0.000845509715,-0.064982068196,-0.000197586896
4.0,0.0,-4.0,2.0,0.32459126134,0.013472674414,-0.001482401947,-0.005023017373,-0.065476562755,5.0821911e-05
4.0,2.0,-4.0,2.0,0.325004446385,0.013556352687,-0.004699052262,-0.009186284013,-0.066202701462,0.000297082841
6.0,-2.0,-4.0,2.0,0.472361337046,0.01934127551,0.001689350118,-0.00015265625,-0.110996540984,-0.000135344582
6.0,0.0,-4.0,2.0,0.473536733835,0.019368595016,-0.001285806074,-0.00499288172,-0.111561974447,-7.8285385e-05
6.0,2.0,-4.0,2.0,0.473759379043,0.019450615892,-0.004256615366,-0.009823776081,-0.112233138891,-2.1156287e-05
8.0,-2.0,-4.0,2.0,0.620819500957,0.027355707803,0.001596633289,0.000545765783,-0.157885521238,-8.988152e-05
8.0,0.0,-4.0,2.0,0.622191293527,0.027402431357,-0.001088190775,-0.004955165464,-0.158514641188,-0.000206656491
8.0,2.0,-4.0,2.0,0.62221719345,0.027478960203,-0.003768792164,-0.010446780407,-0.159119608206,-0.000322883415
10.0,-2.0,-4.0,2.0,0.768735034502,0.037465233512,0.00146691388,0.001246957571,-0.205492353725,-6.0359259e-05
10.0,0.0,-4.0,2.0,0.770300478511,0.037534413861,-0.000890095218,-0.004909451981,-0.206185082342,-0.000333727379
10.0,2.0,-4.0,2.0,0.770129178681,0.037601790969,-0.003243052059,-0.011056752133,-0.206722033303,-0.000606119514
-10.0,-2.0,-4.0,4.0,-0.705397629659,0.033158338307,-0.001637760627,-0.010536744676,0.222462662034,-0.000153343216
-10.0,0.0,-4.0,4.0,-0.705166693891,0.033149907819,-0.005501751948,-0.009983055023,0.221851131974,0.001861864631
-10.0,2.0,-4.0,4.0,-0.702728451715,0.033139801773,-0.009375972153,-0.009418186256,0.220102466489,0.00387531576
-8.0,-2.0,-4.0,4.0,-0.561670287929,0.024003460092,-0.001282099876,-0.009912813309,0.186160363835,-9.8293657e-05
-8.0,0.0,-4.0,4.0,-0.561234021655,0.023993890894,-0.005163661754,-0.01003523657,0.185480989726,0.001620211647
-8.0,2.0,-4.0,4.0,-0.558976450923,0.024014387336,-0.009055927369,-0.010146632912,0.183779728933,0.00333767853
-6.0,-2.0,-4.0,4.0,-0.41649995236,0.016919869408,-0.00094966303,-0.009272019132,0.148143096072,-6.2663873e-05
-6.0,0.0,-4.0,4.0,-0.415857777986,0.016912765378,-0.004813917955,-0.01007146169,0.147394627389,0.001373429717
-6.0,2.0,-4.0,4.0,-0.413784626379,0.01696052937,-0.008689326138,-0.010860084706,0.145745276207,0.002809207993
-4.0,-2.0,-4.0,4.0,-0.270123565544,0.011951599952,-0.000643194828,-0.008614862162,0.108505997548,-4.5801092e-05
-4.0,0.0,-4.0,4.0,-0.269276242875,0.011950655774,-0.004453781355,-0.010091570943,0.107688233842,0.001122459768
-4.0,2.0,-4.0,4.0,-0.267390188134,0.012022216196,-0.008276054694,-0.011557739805,0.106094279329,0.002291160282
-2.0,-2.0,-4.0,4.0,-0.122783843941,0.009131513672,-0.000365328427,-0.007942490048,0.067353416157,-4.7085517e-05
-2.0,0.0,-4.0,4.0,-0.121703152782,0.009139892521,-0.004105955791,-0.010104498918,0.066420053111,0.000872606442
-2.0,2.0,-4.0,4.0,-0.120036072739,0.009231911379,-0.007815427036,-0.012238353176,0.064930430204,0.001784634385
0.0,-2.0,-4.0,4.0,0.025273264359,0.008480343964,-0.000118231136,-0.007255324557,0.024798474034,-6.5871886e-05
0.0,0.0,-4.0,4.0,0.026550107906,0.008502062305,-0.003729026215,-0.01009278842,0.023809341375,0.000615905465
0.0,2.0,-4.0,4.0,0.028031852728,0.008610443884,-0.007309049007,-0.012901849445,0.022368427136,0.001291155854
2.0,-2.0,-4.0,4.0,0.173797268985,0.010007137738,9.6300138e-05,-0.006554220902,-0.019034272632,-0.000101562317
2.0,0.0,-4.0,4.0,0.175269574632,0.010045502138,-0.003345757979,-0.010064952252,-0.020080186306,0.000357891339
2.0,2.0,-4.0,4.0,0.176563849328,0.010166648426,-0.006757318057,-0.013547227724,-0.021469092176,0.000811930468
4.0,-2.0,-4.0,4.0,0.322540534282,0.013708950534,0.000276809164,-0.005839803068,-0.064020408422,-0.000153542095
4.0,0.0,-4.0,4.0,0.324206276586,0.013767203706,-0.002957341516,-0.010021072799,-0.065121886234,9.9494841e-05
4.0,2.0,-4.0,4.0,0.325310733111,0.013897421928,-0.006161394392,-0.01417394744,-0.066455730977,0.000348256816
6.0,-2.0,-4.0,4.0,0.471233017047,0.019570086159,0.000407601648,-0.005119112231,-0.109994762295,-0.000218852325
6.0,0.0,-4.0,4.0,0.473105114574,0.019652097971,-0.002565040913,-0.009960940703,-0.111175057381,-0.000158310432
6.0,2.0,-4.0,4.0,0.474018231671,0.019787670929,-0.005522739444,-0.014780993027,-0.112451516148,-9.8510741e-05
8.0,-2.0,-4.0,4.0,0.619647772154,0.027564810598,0.000511969397,-0.004382944939,-0.156853944996,-0.000301078196
8.0,0.0,-4.0,4.0,0.621714217744,0.027673209264,-0.002170568929,-0.009885219048,-0.158096053975,-0.000414568991
8.0,2.0,-4.0,4.0,0.622435628015,0.027810502958,-0.004844551167,-0.015368527254,-0.159315033605,-0.000526914617
10.0,-2.0,-4.0,4.0,0.767520471398,0.037653062893,0.000579897923,-0.00363588691,-0.204432035226,-0.00039787895
10.0,0.0,-4.0,4.0,0.769778670946,0.03779073858,-0.001775136475,-0.00979353807,-0.20573506922,-0.000668215712
10.0,2.0,-4.0,4.0,0.770301115604,0.037925639116,-0.004121935123,-0.015932452535,-0.206883673571,-0.000936496405
-10.0,-2.0,-4.0,6.0,-0.706136530093,0.033687449043,-0.004367329613,-0.015465813061,0.223257806094,0.000759749858
-10.0,0.0,-4.0,6.0,-0.705246383528,0.03367471973,-0.008218796265,-0.014911124583,0.222063854063,0.002780521729
-10.0,2.0,-4.0,6.0,-0.70214933643,0.033659120362,-0.0120855055,-0.01433971088,0.219732383832,0.004798649668
-8.0,-2.0,-4.0,6.0,-0.562493794078,0.024529236575,-0.003844801286,-0.014868255648,0.187012531322,0.000694949763
-8.0,0.0,-4.0,6.0,-0.561392457088,0.024522587652,-0.007713704434,-0.014989368581,0.185745762097,0.002418981808
-8.0,2.0,-4.0,6.0,-0.558469912354,0.02454479597,-0.011598606603,-0.015094030129,0.183456657995,0.004141460277
-6.0,-2.0,-4.0,6.0,-0.417408230042,0.017439039878,-0.003339609513,-0.014245921238,0.149052326967,0.00060818892
-6.0,0.0,-4.0,6.0,-0.416095781684,0.017442115191,-0.007191216755,-0.015043801314,0.147712214491,0.002049777798
-6.0,2.0,-4.0,6.0,-0.413352063483,0.017498860132,-0.01105947265,-0.015825505544,0.145470579904,0.003490887391
-4.0,-2.0,-4.0,6.0,-0.271116166532,0.012460788523,-0.002855232116,-0.013599347319,0.109471853164,0.000500632332
-4.0,0.0,-4.0,6.0,-0.269590000773,0.012477218669,-0.006650537343,-0.015073087175,0.10805379471,0.001673758309
-4.0,2.0,-4.0,6.0,-0.267033167619,0.012565253336,-0.010468591624,-0.016533209191,0.105869471178,0.002848657065
-2.0,-2.0,-4.0,6.0,-0.123860762377,0.00962762302,-0.002395068036,-0.01292983447,0.068375696665,0.000373348379
-2.0,0.0,-4.0,6.0,-0.122101574076,0.0096607939,-0.006133790877,-0.015094055113,0.066844272241,0.001300551805
-2.0,2.0,-4.0,6.0,-0.119755501051,0.009776446901,-0.009825860001,-0.017215919277,0.064756316333,0.002216305331
0.0,-2.0,-4.0,6.0,0.024113763673,0.008960154402,-0.001961422653,-0.012237156712,0.025876433238,0.000227404119
0.0,0.0,-4.0,6.0,0.026071506711,0.009013943208,-0.005570558541,-0.015076570631,0.024287716222,0.000916520826
0.0,2.0,-4.0,6.0,0.028234931071,0.009153317089,-0.009133654639,-0.017873608027,0.022246561143,0.00159586586
2.0,-2.0,-4.0,6.0,0.172556558027,0.010467673115,-0.001557195296,-0.011522704432,-0.017901369136,6.3927632e-05
2.0,0.0,-4.0,6.0,0.174711430975,0.010545311175,-0.004997942713,-0.015035217755,-0.01954772268,0.000530528227
2.0,2.0,-4.0,6.0,0.17668923979,0.010704660632,-0.008393165122,-0.018505252829,-0.02153804187,0.000989045551
4.0,-2.0,-4.0,6.0,0.321220879324,0.014147271557,-0.001184528898,-0.010787134553,-0.062833910519,-0.000115985104
4.0,0.0,-4.0,6.0,0.323570125555,0.014251886859,-0.004417700756,-0.01496993066,-0.064536049606,0.000143976517
4.0,2.0,-4.0,6.0,0.325359308278,0.014427428136,-0.007605936597,-0.019110330197,-0.066471744882,0.000397556297
6.0,-2.0,-4.0,6.0,0.469831273134,0.019983085904,-0.000864772027,-0.010039510074,-0.108747287741,-0.000308069356
6.0,0.0,-4.0,6.0,0.472392083205,0.020118679115,-0.003831625179,-0.014880343638,-0.110536063109,-0.000241692317
6.0,2.0,-4.0,6.0,0.473989991899,0.020306563248,-0.006774064666,-0.019687623633,-0.112413977677,-0.000176761371
8.0,-2.0,-4.0,6.0,0.618170395659,0.027949770405,-0.000564862092,-0.00926589317,-0.1555556033,-0.00051708901
8.0,0.0,-4.0,6.0,0.620924581143,0.028118535051,-0.003242111841,-0.01476692683,-0.157404618055,-0.000624951649
8.0,2.0,-4.0,6.0,0.622335246779,0.028315224905,-0.005906617652,-0.020239620042,-0.159231945323,-0.00073109291
10.0,-2.0,-4.0,6.0,0.765972491766,0.038008076022,-0.000301053727,-0.00847416221,-0.203084388628,-0.000739507556
10.0,0.0,-4.0,6.0,0.768916573759,0.03821272231,-0.002651333981,-0.014630297515,-0.204991802065,-0.001004432887
10.0,2.0,-4.0,6.0,0.770126449979,0.038413656116,-0.00498934597,-0.020758441852,-0.206746302736,-0.001266273519
-10.0,-2.0,-4.0,8.0,-0.706898815596,0.034412210199,-0.007059534395,-0.020320724814,0.224126498334,0.001656125853
-10.0,0.0,-4.0,8.0,-0.705359525304,0.034395073659,-0.010894737852,-0.019763546629,0.222359126819,0.003684357523
-10.0,2.0,-4.0,8.0,-0.701613582774,0.034373178061,-0.014749572426,-0.019183941026,0.219452566435,0.005708941559
-8.0,-2.0,-4.0,8.0,-0.563370437611,0.025252351379,-0.006372798366,-0.019749686754,0.187957857794,0.001472613862
-8.0,0.0,-4.0,8.0,-0.561613985587,0.025248322831,-0.010225323126,-0.019867898496,0.186112679795,0.003204137385
-8.0,2.0,-4.0,8.0,-0.558036586074,0.025271499955,-0.014099087029,-0.019964333055,0.183244661483,0.004933598817
-6.0,-2.0,-4.0,8.0,-0.418399793255,0.018156024964,-0.005697569484,-0.019146085949,0.15007474896,0.00126464357
-6.0,0.0,-4.0,8.0,-0.416427105328,0.018168822382,-0.009532829628,-0.01994070927,0.148152076986,0.002713738415
-6.0,2.0,-4.0,8.0,-0.413022828586,0.018233632129,-0.013390185746,-0.02071389391,0.145327014711,0.004162200858
-4.0,-2.0,-4.0,8.0,-0.27222189141,0.013167043643,-0.005037975829,-0.018510423817,0.11057085462,0.001033855893
-4.0,0.0,-4.0,8.0,-0.270037001381,0.013200414753,-0.008822325787,-0.019982773877,0.108575209117,0.002215618436
-4.0,2.0,-4.0,8.0,-0.26680972892,0.013303637826,-0.012624545624,-0.021431832113,0.105796027574,0.003397083979
-2.0,-2.0,-4.0,8.0,-0.125080856539,0.010318823981,-0.004398036732,-0.017844001347,0.069551357013,0.000781752303
-2.0,0.0,-4.0,8.0,-0.122653637727,0.010375983584,-0.008131183976,-0.02000847634,0.067431345292,0.00171855142
-2.0,2.0,-4.0,8.0,-0.119638240053,0.010514076498,-0.011802464888,-0.022116635106,0.064753817548,0.002640177981
0.0,-2.0,-4.0,8.0,0.022780498505,0.00963197818,-0.003780703631,-0.017146531627,0.027128271717,0.000509897639
0.0,0.0,-4.0,8.0,0.025408914915,0.009716865587,-0.007384647962,-0.019985936943,0.024949201863,0.001208477809
0.0,2.0,-4.0,8.0,0.028243890318,0.009885828937,-0.01092757748,-0.022769128814,0.022316625636,0.001894111349
2.0,-2.0,-4.0,8.0,0.171112148232,0.011115940728,-0.003189640183,-0.016419556782,-0.016574329363,0.00021988774
2.0,0.0,-4.0,8.0,0.173939338927,0.011231720976,-0.006625643494,-0.019931726988,-0.018811911959,0.000695789495
2.0,2.0,-4.0,8.0,0.176590791517,0.011427742867,-0.010001321131,-0.023387621702,-0.021394862125,0.001160980019
4.0,-2.0,-4.0,8.0,0.319668201213,0.014767921763,-0.002627463233,-0.015663575389,-0.061433110478,-8.6731414e-05
4.0,0.0,-4.0,8.0,0.322690769991,0.014917621634,-0.005856459715,-0.01984582111,-0.063726410194,0.000182339689
4.0,2.0,-4.0,8.0,0.325153558135,0.015136817159,-0.009025732795,-0.023971481122,-0.066253409322,0.000442954014
6.0,-2.0,-4.0,8.0,0.468167654389,0.020571903741,-0.002121369876,-0.014889872706,-0.107265603883,-0.00040435951
6.0,0.0,-4.0,8.0,0.471406984203,0.020759637554,-0.005079224114,-0.019727414563,-0.109653706751,-0.000329962914
6.0,2.0,-4.0,8.0,0.473679860871,0.020997994654,-0.008003855419,-0.024520024947,-0.112124000076,-0.000257623288
8.0,-2.0,-4.0,8.0,0.616403784304,0.028503271884,-0.001628635721,-0.014080131941,-0.154003022714,-0.000739020371
8.0,0.0,-4.0,8.0,0.619835584752,0.028730814639,-0.004296481084,-0.019577539486,-0.15644976167,-0.000839205185
8.0,2.0,-4.0,8.0,0.621925645327,0.028984935767,-0.006950056036,-0.025037448073,-0.158876447768,-0.000936737686
10.0,-2.0,-4.0,8.0,0.764105986867,0.038522697313,-0.001171455706,-0.013244523833,-0.201462913132,-0.001085771353
10.0,0.0,-4.0,8.0,0.767725665783,0.038792544397,-0.003514409193,-0.019396714846,-0.203965383638,-0.001343051279
10.0,2.0,-4.0,8.0,0.769613344854,0.039057386515,-0.005841146614,-0.02551179077,-0.206317076381,-0.00159621995
-10.0,-2.0,-4.0,10.0,-0.707682912506,0.035318606173,-0.009700562737,-0.025077346538,0.225062245898,0.002531100384
-10.0,0.0,-4.0,10.0,-0.705507883177,0.035296846699,-0.013516004902,-0.024516236305,0.222733400124,0.004568544617
-10.0,2.0,-4.0,10.0,-0.701126628941,0.035268467155,-0.017356624444,-0.023927657295,0.219265972134,0.006601639534
-8.0,-2.0,-4.0,10.0,-0.564297543715,0.026159062553,-0.008853645416,-0.024533222531,0.188990407059,0.002230536737
-8.0,0.0,-4.0,10.0,-0.561899012558,0.026157184028,-0.012686369248,-0.024647006605,0.186578571822,0.003971384528
-8.0,2.0,-4.0,10.0,-0.557679702294,0.026180422179,-0.016545451521,-0.024733794281,0.183143192198,0.005709662116
-6.0,-2.0,-4.0,10.0,-0.419470339883,0.019056872125,-0.008012159379,-0.023948763937,0.151203455718,0.001903058848
-6.0,0.0,-4.0,10.0,-0.416850204674,0.019079000244,-0.011827481216,-0.024738405893,0.148709792191,0.003361438891
-6.0,2.0,-4.0,10.0,-0.412798565571,0.019150770533,-0.015670424711,-0.025501557962,0.145313001324,0.004819137739
-4.0,-2.0,-4.0,10.0,-0.273434125614,0.014056836458,-0.007180748866,-0.023324307497,0.111794551261,0.001550560378
-4.0,0.0,-4.0,10.0,-0.27060319688,0.014106260701,-0.010950620889,-0.024793409358,0.109232811832,0.002742852835
-4.0,2.0,-4.0,10.0,-0.266719195149,0.014223351655,-0.014733689126,-0.026229973675,0.105870784226,0.003932835976
-2.0,-2.0,-4.0,10.0,-0.126436220201,0.011191889407,-0.00636471327,-0.022661598709,0.070871044116,0.001175285572
-2.0,0.0,-4.0,10.0,-0.123353878035,0.011271852908,-0.010088488509,-0.024824024162,0.068174416872,0.002123575136
-2.0,2.0,-4.0,10.0,-0.11968304239,0.011430939966,-0.013736086709,-0.026917481786,0.064918780464,0.003053099912
0.0,-2.0,-4.0,10.0,0.021283691448,0.010482897292,-0.005567326438,-0.021960038061,0.02854323271,0.0007791744
0.0,0.0,-4.0,10.0,0.024569320157,0.010597553988,-0.009162704302,-0.02479746479,0.025785844588,0.001489189698
0.0,2.0,-4.0,10.0,0.028062670447,0.01079440193,-0.01268241554,-0.027565150007,0.02257356552,0.002183148069
2.0,-2.0,-4.0,10.0,0.16947600574,0.011939457439,-0.004793126126,-0.021221426292,-0.015064913899,0.00036430298
2.0,0.0,-4.0,10.0,0.172962159278,0.012091838566,-0.008221062716,-0.024731199041,-0.017881880056,0.000851502928
2.0,2.0,-4.0,10.0,0.176274083202,0.012322630123,-0.011574326538,-0.028171193833,-0.02104569535,0.001325435352
4.0,-2.0,-4.0,10.0,0.31789488795,0.01555893793,-0.004044831171,-0.02044574261,-0.059829019476,-6.7389619e-05
4.0,0.0,-4.0,10.0,0.321577851152,0.015751953926,-0.007265916792,-0.024624932881,-0.062702875289,0.000212765275
4.0,2.0,-4.0,10.0,0.324703238993,0.016012679168,-0.010414256604,-0.028734687097,-0.065812280867,0.000482572733
6.0,-2.0,-4.0,10.0,0.466257770147,0.021325161567,-0.003356080241,-0.019647311555,-0.10556410181,-0.000508891007
6.0,0.0,-4.0,10.0,0.470161415281,0.021563063762,-0.006301536713,-0.024479557904,-0.10853830935,-0.000424496762
6.0,2.0,-4.0,10.0,0.473097046646,0.021849633777,-0.009206331285,-0.029255394503,-0.111590466974,-0.000342562558
8.0,-2.0,-4.0,10.0,0.614364194242,0.029214300069,-0.002674071007,-0.018802712662,-0.152211974289,-0.000967546953
8.0,0.0,-4.0,10.0,0.618459974249,0.029498478318,-0.005332193573,-0.02429429813,-0.155244019827,-0.001057645844
8.0,2.0,-4.0,10.0,0.621216661274,0.029807550467,-0.007969994942,-0.029739304273,-0.158258598722,-0.001144813661
10.0,-2.0,-4.0,10.0,0.761938919862,0.03918664974,-0.00202691493,-0.017924273171,-0.199584444792,-0.001436917554
10.0,0.0,-4.0,10.0,0.766220953295,0.039519365029,-0.004360138522,-0.024070202333,-0.202670027092,-0.001684458425
10.0,2.0,-4.0,10.0,0.768773625959,0.039845474236,-0.006673294116,-0.030170044667,-0.205607398559,-0.001926868969
-10.0,-2.0,-2.0,-10.0,-0.720847848737,0.036398466429,0.017293548106,0.023783186135,0.236417912256,-0.006356539248
-10.0,0.0,-2.0,-10.0,-0.725263084664,0.036461438927,0.013504989043,0.024531546163,0.239922117139,-0.004310896881
-10.0,2.0,-2.0,-10.0,-0.727440240427,0.036514117764,0.009741399938,0.025252246189,0.242264830272,-0.002260997838
-8.0,-2.0,-2.0,-10.0,-0.577511505507,0.027064446658,0.016505440598,0.024616348692,0.200487702177,-0.005468619719
-8.0,0.0,-2.0,-10.0,-0.581767458829,0.027075224961,0.012690697589,0.024690274581,0.203961234261,-0.003717152944
-8.0,2.0,-2.0,-10.0,-0.584171454484,0.027108106495,0.008902809297,0.024737147281,0.206387882739,-0.001963393023
-6.0,-2.0,-2.0,-10.0,-0.432713897296,0.01978540138,0.015651489878,0.025411150765,0.162823033285,-0.004581198007
-6.0,0.0,-2.0,-10.0,-0.43680356076,0.019746986859,0.011845399078,0.024809834746,0.166258667387,-0.003109747542
-6.0,2.0,-2.0,-10.0,-0.439432119807,0.019756165698,0.0080668735,0.024181501221,0.168768572165,-0.001637711496
-4.0,-2.0,-2.0,-10.0,-0.286690155673,0.014606438458,0.014734263354,0.026167347357,0.123517574765,-0.003697093975
-4.0,0.0,-2.0,-10.0,-0.290620927474,0.014522164534,0.010984479422,0.024894820441,0.126928162562,-0.002493636243
-4.0,2.0,-2.0,-10.0,-0.29345934379,0.01450375098,0.007238855202,0.023585989441,0.129500938292,-0.001286096619
-2.0,-2.0,-2.0,-10.0,-0.139683993198,0.011561315479,0.013754268759,0.026882838751,0.082674631868,-0.002818643938
-2.0,0.0,-2.0,-10.0,-0.143407994958,0.011434268285,0.01012674689,0.024951669263,0.085987416943,-0.00187391542
-2.0,2.0,-2.0,-10.0,-0.146495206276,0.011385019285,0.006423110278,0.022951095956,0.088688321307,-0.000910589525
0.0,-2.0,-2.0,-10.0,0.008061437341,0.010672538562,0.012715883866,0.02755835027,0.040407507887,-0.001948948809
0.0,0.0,-2.0,-10.0,0.004510639245,0.010506745996,0.009207628407,0.024953090494,0.043679127655,-0.001239012329
0.0,2.0,-2.0,-10.0,0.001217966148,0.010422699963,0.0056245363,0.022278099887,0.046441439642,-0.000513325208
2.0,-2.0,-2.0,-10.0,0.156301258804,0.011950316185,0.011620447187,0.028192409646,-0.00316532,-0.001090352368
2.0,0.0,-2.0,-10.0,0.152929999947,0.011749552715,0.008270061794,0.024914489914,5.832272e-05,-0.000599734524
2.0,2.0,-2.0,-10.0,0.149432898821,0.011627557635,0.004845845289,0.021566893707,0.002882102136,-9.6129517e-05
4.0,-2.0,-2.0,-10.0,0.304785984755,0.015393121863,0.010470989867,0.028784073699,-0.047916596762,-0.000245611616
4.0,0.0,-2.0,-10.0,0.301596673914,0.015161182689,0.007317369444,0.024836334653,-0.044743034653,4.1588864e-05
4.0,2.0,-2.0,-10.0,0.297901447022,0.014998134598,0.004091414166,0.020818552751,-0.041863149087,0.000338840869
6.0,-2.0,-2.0,-10.0,0.453261661652,0.02098719679,0.009270719682,0.029332123929,-0.093707271482,0.000582540168
6.0,0.0,-2.0,-10.0,0.450261798935,0.02072823593,0.006353299266,0.024717786155,-0.090592838422,0.000682419817
6.0,2.0,-2.0,-10.0,0.446336955188,0.020519596212,0.003398681367,0.020049207881,-0.087601204404,0.000783928446
8.0,-2.0,-2.0,-10.0,0.601486676084,0.02870756525,0.008034802646,0.029840960146,-0.140412309601,0.001389560023
8.0,0.0,-2.0,-10.0,0.598667073215,0.028425115444,0.005379779506,0.024558977135,-0.137341220807,0.001320461098
8.0,2.0,-2.0,-10.0,0.594547331332,0.028169497002,0.002705032289,0.019229904023,-0.134291031325,0.001248059664
10.0,-2.0,-2.0,-10.0,0.749181052984,0.038515114394,0.006740419924,0.030298201156,-0.187837387772,0.002176686693
10.0,0.0,-2.0,-10.0,0.74656316232,0.038214333837,0.004401847591,0.024360560184,-0.184842712321,0.001953080487
10.0,2.0,-2.0,-10.0,0.742254396373,0.037909525823,0.002043671965,0.018376264883,-0.181737684385,0.001723949095
-10.0,-2.0,-2.0,-8.0,-0.721802680758,0.035538740409,0.014686989821,0.019032042801,0.237020123053,-0.005509151597
-10.0,0.0,-2.0,-8.0,-0.725579208514,0.035589380784,0.010884968698,0.019774893795,0.23995781535,-0.00347176538
-10.0,2.0,-2.0,-8.0,-0.727117465618,0.035631493188,0.007103555638,0.02049559301,0.241733708765,-0.001431064533
-8.0,-2.0,-2.0,-8.0,-0.578336710104,0.026181229946,0.014056884334,0.019834364529,0.201006713018,-0.004737229331
-8.0,0.0,-2.0,-8.0,-0.581947471627,0.026186431185,0.010228546441,0.019902366053,0.20390851475,-0.00299445583
-8.0,2.0,-2.0,-8.0,-0.583705378828,0.026215703561,0.006421839961,0.019948562932,0.205763602251,-0.001249844827
-6.0,-2.0,-2.0,-8.0,-0.433407268805,0.018884174504,0.013366811158,0.02060587637,0.163256745033,-0.003968500331
-6.0,0.0,-2.0,-8.0,-0.436845657794,0.018847076084,0.009547163349,0.01999829459,0.166115833666,-0.002506175573
-6.0,2.0,-2.0,-8.0,-0.438822718481,0.018859618044,0.005749591395,0.019368810966,0.168049982974,-0.001043360873
-4.0,-2.0,-2.0,-8.0,-0.287249532946,0.013692635822,0.012618613548,0.021346192819,0.123863876682,-0.003205305007
-4.0,0.0,-2.0,-8.0,-0.290519042942,0.013616699231,0.008850588233,0.02006529691,0.126686442525,-0.002010328951
-4.0,2.0,-2.0,-8.0,-0.29270568652,0.013608684395,0.005090859332,0.018756873434,0.128687113483,-0.000813153572
-2.0,-2.0,-2.0,-8.0,-0.140106504944,0.010640574368,0.011812753835,0.022054146444,0.082930849821,-0.002449635651
-2.0,0.0,-2.0,-8.0,-0.143169425437,0.010528964427,0.008161795603,0.020111798442,0.085660502045,-0.001512721399
-2.0,2.0,-2.0,-8.0,-0.145596281939,0.010497057906,0.004449373695,0.01811324934,0.087778685177,-0.000560795198
0.0,-2.0,-2.0,-8.0,0.007776765255,0.009750338462,0.010952278777,0.022729500957,0.040571896465,-0.00170397968
0.0,0.0,-2.0,-8.0,0.004892500219,0.009607039647,0.007421307076,0.020112852223,0.043256778361,-0.00100237538
0.0,2.0,-2.0,-8.0,0.002260682938,0.009547303316,0.003829141425,0.017439090014,0.045436090064,-0.000287917462
2.0,-2.0,-2.0,-8.0,0.156154712737,0.011032211283,0.010038286108,0.02337101382,-0.003093871001,-0.000970337142
2.0,0.0,-2.0,-8.0,0.153449443934,0.010860873975,0.006665475127,0.02008100269,-0.00045600515,-0.000488412799
2.0,2.0,-2.0,-8.0,0.150618695039,0.010770177726,0.003232850451,0.016734674781,0.001781187548,4.00474e-06
4.0,-2.0,-2.0,-8.0,0.304776803987,0.014484620536,0.009073140847,0.023977922377,-0.047938669462,-0.000250969363
4.0,0.0,-2.0,-8.0,0.302256800428,0.014289034711,0.005897418496,0.020017311976,-0.045353854389,2.7153133e-05
4.0,2.0,-2.0,-8.0,0.299227631406,0.014164147582,0.002663674627,0.016000770871,-0.043058599222,0.00031337258
6.0,-2.0,-2.0,-8.0,0.453388691979,0.020093767717,0.008059570182,0.024549348614,-0.0938231031,0.000451863047
6.0,0.0,-2.0,-8.0,0.451057753531,0.019877942105,0.005119713378,0.019921744475,-0.091295434665,0.000542439224
6.0,2.0,-2.0,-8.0,0.447804796983,0.019714381663,0.002153654668,0.015250990241,-0.088897142773,0.000633769912
8.0,-2.0,-2.0,-8.0,0.601744523164,0.027834335994,0.007006647791,0.025086396209,-0.140614817554,0.001134811627
8.0,0.0,-2.0,-8.0,0.599599247523,0.027601946171,0.00433612533,0.01979322993,-0.13813817093,0.001055206284
8.0,2.0,-2.0,-8.0,0.596151837033,0.027398138155,0.00164966262,0.014462152962,-0.135680495007,0.000972959786
10.0,-2.0,-2.0,-8.0,0.749573866997,0.037667699085,0.005901414827,0.025582190702,-0.188135059577,0.001798063808
10.0,0.0,-2.0,-8.0,0.747628818158,0.037423281278,0.003548151135,0.019632958524,-0.185732531379,0.001563737273
10.0,2.0,-2.0,-8.0,0.743991128577,0.037176647285,0.001179061285,0.013646166327,-0.183217945932,0.001324961666
-10.0,-2.0,-2.0,-6.0,-0.722709296615,0.034854646366,0.012023773025,0.014181475504,0.237628903614,-0.004648245923
-10.0,0.0,-2.0,-6.0,-0.725833625933,0.034893067576,0.008211635973,0.014919388628,0.239988039107,-0.002617390803
-10.0,2.0,-2.0,-6.0,-0.726718828655,0.034924434676,0.004414967798,0.015640559584,0.241185404623,-0.000584011142
-8.0,-2.0,-2.0,-6.0,-0.579141585102,0.025476770561,0.01155490333,0.014952548837,0.201550475702,-0.003993916499
-8.0,0.0,-2.0,-6.0,-0.582093663194,0.025476731736,0.007716266616,0.015015243335,0.203868498048,-0.002258027114
-8.0,2.0,-2.0,-6.0,-0.583192192003,0.025502345219,0.003893988708,0.015061518994,0.205139947612,-0.000520773732
-6.0,-2.0,-2.0,-6.0,-0.434107702256,0.018163639813,0.011032510982,0.015700933108,0.163733199415,-0.003345592616
-6.0,0.0,-2.0,-6.0,-0.436881976899,0.018128509047,0.00720218402,0.015087364498,0.166004088022,-0.001890446826
-6.0,2.0,-2.0,-6.0,-0.438194041449,0.01814457815,0.003388814937,0.01445755924,0.167350229535,-0.000435002515
-4.0,-2.0,-2.0,-6.0,-0.287845064685,0.012960556392,0.010456570189,0.016425118106,0.124271911621,-0.002704896794
-4.0,0.0,-2.0,-6.0,-0.29043967049,0.012893708786,0.006673310643,0.015136286812,0.126494303218,-0.001516447655
-4.0,2.0,-2.0,-6.0,-0.291961079204,0.012896486376,0.002902830872,0.013829255162,0.12791080025,-0.000327755745
-2.0,-2.0,-2.0,-6.0,-0.140593891595,0.009901318783,0.009828389009,0.017125318367,0.083267876631,-0.002073667323
-2.0,0.0,-2.0,-6.0,-0.142982902188,0.009806134317,0.006156918101,0.015172435587,0.085402454316,-0.001142554337
-2.0,2.0,-2.0,-6.0,-0.144735506376,0.009792195334,0.00243909716,0.013177066268,0.086925653452,-0.000200125666
0.0,-2.0,-2.0,-6.0,0.007400018042,0.009008346663,0.009149648355,0.017800899818,0.040835240183,-0.001453767549
0.0,0.0,-2.0,-6.0,0.005189656211,0.008888685834,0.005598034559,0.015172575317,0.042925727777,-0.000758312772
0.0,2.0,-2.0,-6.0,0.003237155974,0.008854175213,0.002000965927,0.01250219713,0.044506419938,-5.3281552e-05
2.0,-2.0,-2.0,-6.0,0.155885635844,0.010291887051,0.008420560473,0.018449873647,-0.002902998768,-0.000846716215
2.0,0.0,-2.0,-6.0,0.153860364259,0.010151424962,0.005028134931,0.015148668181,-0.000863652606,-0.000371434553
2.0,2.0,-2.0,-6.0,0.151709194771,0.01009307428,0.001590501917,0.011804945637,0.000775240408,0.000111771145
4.0,-2.0,-2.0,-6.0,0.304616780763,0.013750416697,0.007643528992,0.019072496375,-0.047822138036,-0.000254406057
4.0,0.0,-2.0,-6.0,0.30277774142,0.013592832148,0.004449149374,0.015100501039,-0.045835547041,1.6641987e-05
4.0,2.0,-2.0,-6.0,0.30043025205,0.01350739974,0.001210200318,0.011086111809,-0.044139911958,0.000293895776
6.0,-2.0,-2.0,-6.0,0.453337001708,0.019370081081,0.006820160259,0.0196670771,-0.093781004013,0.000321410453
6.0,0.0,-2.0,-6.0,0.451688494401,0.019199265924,0.003862625738,0.015027813132,-0.091852707968,0.000404510752
6.0,2.0,-2.0,-6.0,0.449122389143,0.019082410149,0.000886460372,0.010357111537,-0.090061060512,0.000487991787
8.0,-2.0,-2.0,-6.0,0.601795418651,0.02712517833,0.00595441283,0.020233825074,-0.14064009431,0.00087865203
8.0,0.0,-2.0,-6.0,0.600337822775,0.026944886722,0.003269969739,0.014930759854,-0.138769908993,0.000790767344
8.0,2.0,-2.0,-6.0,0.597576838203,0.026794650308,0.000575682972,0.009599127539,-0.136917505208,0.000700576943
10.0,-2.0,-2.0,-6.0,0.749733577175,0.036978139576,0.00504216096,0.020769119823,-0.188237039026,0.001416364491
10.0,0.0,-2.0,-6.0,0.748475174026,0.03679261412,0.002676765238,0.014809725373,-0.186438977463,0.001173341097
10.0,2.0,-2.0,-6.0,0.745522332453,0.036606063587,0.000299439613,0.008821988183,-0.184527391613,0.000926986621
-10.0,-2.0,-2.0,-4.0,-0.723558158892,0.034359514698,0.009316499194,0.009255124061,0.238239515498,-0.003777701464
-10.0,0.0,-2.0,-4.0,-0.726020115719,0.03438578794,0.005497765692,0.00998869242,0.240010940575,-0.001751499469
-10.0,2.0,-2.0,-4.0,-0.726242271995,0.03440613065,0.0016893025,0.010711027146,0.24062066421,0.000276423224
-8.0,-2.0,-2.0,-4.0,-0.579918262106,0.024964672564,0.009011263047,0.009994592004,0.202115328281,-0.003242152308
-8.0,0.0,-2.0,-4.0,-0.582201520532,0.024959749828,0.005165906325,0.010052672661,0.203840456547,-0.00151122235
-8.0,2.0,-2.0,-4.0,-0.58263046442,0.024981607789,0.001331521106,0.010099796348,0.20451894582,0.000220611099
-6.0,-2.0,-2.0,-4.0,-0.434810579913,0.017637759167,0.008658660122,0.010719223845,0.164250598913,-0.002715369103
-6.0,0.0,-2.0,-4.0,-0.436909907801,0.017605061994,0.00482168253,0.010100854851,0.16592391032,-0.001265511612
-6.0,2.0,-2.0,-4.0,-0.43754671112,0.017624721156,0.00099601506,0.009471588087,0.166672709184,0.00018455578
-4.0,-2.0,-2.0,-4.0,-0.288472389916,0.012424118522,0.008258396553,0.011427949319,0.124739943962,-0.002198576658
-4.0,0.0,-2.0,-4.0,-0.290382340952,0.012367041094,0.004463109679,0.010131685202,0.12635361279,-0.00101454778
-4.0,2.0,-2.0,-4.0,-0.291228142254,0.012380847318,0.000685432671,0.008827006349,0.127176629587,0.000167692899
-2.0,-2.0,-2.0,-4.0,-0.141144067188,0.00935752068,0.007810212957,0.012119968113,0.083685660596,-0.001692961468
-2.0,0.0,-2.0,-4.0,-0.142849017083,0.009279593386,0.00412175056,0.010157511456,0.085215981584,-0.00076556174
-2.0,2.0,-2.0,-4.0,-0.143917027245,0.009284055044,0.000402110254,0.008166415184,0.086134903967,0.000169430866
0.0,-2.0,-2.0,-4.0,0.006927618735,0.008460421524,0.007315750296,0.012795432215,0.041201437179,-0.001200043016
0.0,0.0,-2.0,-4.0,0.005405757521,0.008365446335,0.003747543654,0.010157468101,0.042684560499,-0.000508709896
0.0,2.0,-2.0,-4.0,0.004141354758,0.008356718132,0.000148828571,0.007491231225,0.043658686621,0.000189044536
2.0,-2.0,-2.0,-4.0,0.155492484715,0.009743115002,0.006774815215,0.013452555401,-0.002590384862,-0.000720914389
2.0,0.0,-2.0,-4.0,0.154157632884,0.009634697995,0.003365940644,0.010141217046,-0.001158993181,-0.000250092078
2.0,2.0,-2.0,-4.0,0.152696455035,0.009609473106,-7.3187229e-05,0.006801423175,-0.000127681265,0.000226034168
4.0,-2.0,-2.0,-4.0,0.304301630635,0.013204006884,0.006188699067,0.014091019256,-0.047562465884,-0.000256914458
4.0,0.0,-2.0,-4.0,0.303155357778,0.013085783997,0.002978354598,0.010108825034,-0.046185277485,9.311656e-06
4.0,2.0,-2.0,-4.0,0.301499352002,0.013040746933,-0.000261889025,0.006098144144,-0.045097654859,0.000279701062
6.0,-2.0,-2.0,-4.0,0.453101926382,0.018829389291,0.005559781027,0.01471022482,-0.093578438231,0.000190465995
6.0,0.0,-2.0,-4.0,0.452145169878,0.018704991032,0.002585839158,0.010060006483,-0.09225638171,0.000268559422
6.0,2.0,-2.0,-4.0,0.450276535199,0.01863595944,-0.000396715681,0.005390488671,-0.091081058577,0.000346283831
8.0,-2.0,-2.0,-4.0,0.601633689713,0.026593452389,0.004883015413,0.01530648636,-0.140482807402,0.000620856224
8.0,0.0,-2.0,-4.0,0.600873672659,0.02646685054,0.002189922214,0.009994922958,-0.139228141503,0.000526573218
8.0,2.0,-2.0,-4.0,0.598809177661,0.026371172689,-0.000511521318,0.004664145259,-0.137990394832,0.000431008968
10.0,-2.0,-2.0,-4.0,0.74964961228,0.036457853119,0.0041666755,0.015881641968,-0.188135213587,0.001031939023
10.0,0.0,-2.0,-4.0,0.749087895609,0.036332926094,0.001791878032,0.009913535667,-0.186950763043,0.000782443532
10.0,2.0,-2.0,-4.0,0.746830841586,0.036208064304,-0.000590905044,0.003926475926,-0.185651862365,0.00053071469
-10.0,-2.0,-2.0,-2.0,-0.72434138434,0.034063131836,0.006578279069,0.004277515722,0.238847651124,-0.002901423807
-10.0,0.0,-2.0,-2.0,-0.726134334162,0.034077410208,0.002756541091,0.005007315313,0.240025395596,-0.000877878273
-10.0,2.0,-2.0,-2.0,-0.72568676648,0.034086470592,-0.001060144954,0.005731476181,0.240041318487,0.00114657465
-8.0,-2.0,-2.0,-2.0,-0.580660303472,0.024654998724,0.006438266034,0.004985110409,0.202697856195,-0.002485464557
-8.0,0.0,-2.0,-2.0,-0.58226778647,0.024645493693,0.002589923366,0.005039299312,0.203823905356,-0.000757465099
-8.0,2.0,-2.0,-2.0,-0.582020298293,0.024663432942,-0.001252878219,0.005088063387,0.20390316544,0.000970978873
-6.0,-2.0,-2.0,-2.0,-0.435510265934,0.017316705354,0.006257147945,0.005685789246,0.164806229758,-0.002081051661
-6.0,0.0,-2.0,-2.0,-0.436927570276,0.017286876671,0.002417274525,0.00506346366,0.165875656805,-0.00063439472
-6.0,2.0,-2.0,-2.0,-0.436882065641,0.017310088691,-0.001416985558,0.004435618072,0.16602073452,0.000812383425
-4.0,-2.0,-2.0,-2.0,-0.289128486961,0.012093626068,0.006034035603,0.006378601041,0.125267533675,-0.001688944223
-4.0,0.0,-2.0,-2.0,-0.290353506814,0.012046942768,0.002238874406,0.005079419883,0.126277521726,-0.000509003553
-4.0,2.0,-2.0,-2.0,-0.290509594726,0.012071794411,-0.001550419695,0.003774824616,0.126488855926,0.000670680043
-2.0,-2.0,-2.0,-2.0,-0.141754458288,0.009019521802,0.005768124096,0.00706286734,0.084183392317,-0.001309874911
-2.0,0.0,-2.0,-2.0,-0.142768418018,0.008959527534,0.002066139372,0.005091643879,0.0851034457,-0.000383964187
-2.0,2.0,-2.0,-2.0,-0.143144833028,0.008982569937,-0.001651475705,0.003106114599,0.085411515048,0.000545759821
0.0,-2.0,-2.0,-2.0,0.006362970193,0.008116910791,0.005459873187,0.007738217573,0.041668596399,-0.000944797103
0.0,0.0,-2.0,-2.0,0.005536486852,0.008047398018,0.001878527895,0.005091583969,0.042538655938,-0.000255326605
0.0,2.0,-2.0,-2.0,0.004966433369,0.008064789922,-0.001718230875,0.00243062052,0.042900352231,0.000437382428
2.0,-2.0,-2.0,-2.0,0.15497508115,0.009396117379,0.00510893371,0.008403515247,-0.002155132492,-0.000594421988
2.0,0.0,-2.0,-2.0,0.154337592319,0.009320619628,0.001687067858,0.005083206421,-0.001337934416,-0.000125783534
2.0,2.0,-2.0,-2.0,0.153573505189,0.00932897296,-0.001749962586,0.001748647338,-0.000920578214,0.000345514268
4.0,-2.0,-2.0,-2.0,0.303831306145,0.012855531111,0.004715852487,0.009058178378,-0.047159642365,-0.000259597946
4.0,0.0,-2.0,-2.0,0.303383951956,0.012777602493,0.001492767043,0.0050668587,-0.046397150147,4.123391e-06
4.0,2.0,-2.0,-2.0,0.302426572947,0.012773521786,-0.001745288976,0.001061275468,-0.045923946349,0.00026992864
6.0,-2.0,-2.0,-2.0,0.452674048336,0.018481506287,0.004277172875,0.009699438377,-0.093200207708,5.9464852e-05
6.0,0.0,-2.0,-2.0,0.45242212467,0.018404748535,0.001296037833,0.005042289571,-0.092501263334,0.000133921769
6.0,2.0,-2.0,-2.0,0.451257682677,0.018384076832,-0.001689450262,0.000375402315,-0.091948386833,0.00020818992
8.0,-2.0,-2.0,-2.0,0.601253144879,0.026247901662,0.003797506323,0.010327971188,-0.140138154365,0.000361285558
8.0,0.0,-2.0,-2.0,0.601197799983,0.026176272304,0.001097504722,0.005009332324,-0.139505298071,0.000263093012
8.0,2.0,-2.0,-2.0,0.59983799462,0.026136216156,-0.001606656013,-0.000318804305,-0.138889351921,0.000164277864
10.0,-2.0,-2.0,-2.0,0.749317020013,0.036116929251,0.003279209825,0.010943396944,-0.18782492808,0.000644802758
10.0,0.0,-2.0,-2.0,0.749458563844,0.036053843919,0.000897896978,0.004968106565,-0.18726005813,0.000391158182
10.0,2.0,-2.0,-2.0,0.747904665171,0.035991155918,-0.001487373663,-0.001016448018,-0.186580981806,0.00013646089
-10.0,-2.0,-2.0,0.0,-0.725052837744,0.033971504569,0.003822588838,-0.000726211745,0.2394495161,-0.002023321969
-10.0,0.0,-2.0,0.0,-0.726173184591,0.033973965813,1.571208e-06,4.67604e-07,0.240030446843,-3.84656e-07
-10.0,2.0,-2.0,0.0,-0.725052748573,0.033971490117,-0.003819611186,0.000727115519,0.239449548023,0.002022629928
-8.0,-2.0,-2.0,0.0,-0.581362484398,0.024553907365,0.003848545513,-5.0693301e-05,0.203294849291,-0.001727377709
-8.0,0.0,-2.0,0.0,-0.582290507648,0.024540098301,1.062797e-06,3.81764e-07,0.203818597142,-2.22672e-07
-8.0,2.0,-2.0,0.0,-0.581363254725,0.024553907221,-0.003846376492,5.1561851e-05,0.203295525219,0.001726931701
-6.0,-2.0,-2.0,0.0,-0.436202211266,0.017206777102,0.003839767948,0.000625882499,0.165397318417,-0.001445787137
-6.0,0.0,-2.0,0.0,-0.436933864029,0.017180125403,8.3018e-07,4.59592e-07,0.165859709356,-1.70578e-07
-6.0,2.0,-2.0,0.0,-0.436202576815,0.017206794697,-0.00383817843,-0.000625055585,0.1653977822,0.001445461072
-4.0,-2.0,-2.0,0.0,-0.289808635214,0.011975381643,0.003794796354,0.001302825172,0.125851321287,-0.001178817867
-4.0,0.0,-2.0,0.0,-0.290343451125,0.01193954927,5.7899e-07,3.46691e-07,0.126250851018,-1.19675e-07
-4.0,2.0,-2.0,0.0,-0.289808720563,0.011975395243,-0.003793599657,-0.001302018251,0.125851409256,0.001178585404
-2.0,-2.0,-2.0,0.0,-0.142422685345,0.008893785825,0.00371214106,0.001979172062,0.084759924292,-0.000926760687
-2.0,0.0,-2.0,0.0,-0.142741576629,0.008852140879,2.74407e-07,2.0323e-07,0.085065867859,-4.8612e-08
-2.0,2.0,-2.0,0.0,-0.142422995927,0.008893785704,-0.003711675143,-0.001978902753,0.084759847509,0.000926670282
0.0,-2.0,-2.0,0.0,0.005708282793,0.007984263214,0.003591065189,0.002654497156,0.042235855767,-0.000689954898
0.0,0.0,-2.0,0.0,0.005580051393,0.007940691183,9.5839e-08,7.7944e-08,0.042489878093,-1.6354e-08
0.0,2.0,-2.0,0.0,0.005708206251,0.007984257819,-0.003590877742,-0.002654349856,0.042235781271,0.000689921524
2.0,-2.0,-2.0,0.0,0.154333934104,0.009257277889,0.003431172209,0.003327955651,-0.001596970352,-0.000468774966
2.0,0.0,-2.0,0.0,0.154397384691,0.009215245926,-8.2879e-08,-9.2383e-08,-0.001397279594,1.5171e-08
2.0,2.0,-2.0,0.0,0.154334098253,0.009257281757,-0.003431326255,-0.003328119799,-0.00159731135,0.000468803328
4.0,-2.0,-2.0,0.0,0.303205737429,0.012711317973,0.003232087199,0.003998750041,-0.046612898387,-0.000263557368
4.0,0.0,-2.0,0.0,0.303460613502,0.012674250663,-2.52985e-07,-3.88259e-07,-0.04646819514,2.3246e-08
4.0,2.0,-2.0,0.0,0.303205372856,0.0127112788,-0.003232587643,-0.003999508933,-0.046612617638,0.000263598938
6.0,-2.0,-2.0,0.0,0.452058723994,0.018332260823,0.002984705507,0.00466212677,-0.092656274711,-7.3166494e-05
6.0,0.0,-2.0,0.0,0.452515025924,0.01830403707,-2.92878e-07,-5.67205e-07,-0.092583318638,-8.522e-09
6.0,2.0,-2.0,0.0,0.4520587781,0.018332162309,-0.002985296484,-0.004663323537,-0.092656402008,7.313968e-05
8.0,-2.0,-2.0,0.0,0.600653929328,0.026094699443,0.002703265824,0.005323128715,-0.139606300988,9.9643506e-05
8.0,0.0,-2.0,0.0,0.601306526954,0.026078725353,-4.32318e-07,-1.068537e-06,-0.139598277874,-7.5355e-08
8.0,2.0,-2.0,0.0,0.60065431039,0.026094496463,-0.002704087271,-0.00532515039,-0.139606871197,-9.9772283e-05
10.0,-2.0,-2.0,0.0,0.748734678168,0.035960605199,0.002384189657,0.005979072404,-0.187306052674,0.000255214046
10.0,0.0,-2.0,0.0,0.7495828378,0.035960127461,-6.46084e-07,-1.771734e-06,-0.187363891747,-1.90144e-07
10.0,2.0,-2.0,0.0,0.748735347255,0.035960267637,-0.002385383888,-0.00598236161,-0.187307184155,-0.000255545172
-10.0,-2.0,-2.0,2.0,-0.725688145672,0.034086668162,0.001063183483,-0.005730583103,0.240041763487,-0.001147306221
-10.0,0.0,-2.0,2.0,-0.726135724515,0.034077479043,-0.002753385401,-0.005006391142,0.240025826602,0.000877099905
-10.0,2.0,-2.0,2.0,-0.724342655507,0.034063262679,-0.006575262504,-0.004276574739,0.238848132135,0.002900721112
-8.0,-2.0,-2.0,2.0,-0.582020909793,0.024663589897,0.001254974953,-0.005087305983,0.203903335901,-0.000971416869
-8.0,0.0,-2.0,2.0,-0.58226898086,0.024645687072,-0.002587709493,-0.005038506214,0.203824466666,0.000756979561
-8.0,2.0,-2.0,2.0,-0.580662509177,0.024655221314,-0.006435899873,-0.004984164819,0.20269913254,0.002484937127
-6.0,-2.0,-2.0,2.0,-0.436882425981,0.01731022564,0.00141862075,-0.004434843087,0.166020542008,-0.000812732017
-6.0,0.0,-2.0,2.0,-0.436928594578,0.017286956698,-0.002415596636,-0.005062577679,0.165876271379,0.000634040474
-6.0,2.0,-2.0,2.0,-0.435511725708,0.017316780198,-0.006255499632,-0.005684894802,0.164807340871,0.002080708789
-4.0,-2.0,-2.0,2.0,-0.29050978603,0.012071772349,0.001551654874,-0.003773985266,0.126488869127,-0.000670920996
-4.0,0.0,-2.0,2.0,-0.290354655622,0.012046993276,-0.002237741543,-0.005078766913,0.126278240262,0.000508767609
-4.0,2.0,-2.0,2.0,-0.289129223885,0.012093589054,-0.006032959013,-0.006377987935,0.125267936673,0.001688724957
-2.0,-2.0,-2.0,2.0,-0.143145009221,0.008982592827,0.001651801502,-0.003105981321,0.085411447695,-0.000545817236
-2.0,0.0,-2.0,2.0,-0.142768816274,0.008959523974,-0.002065794785,-0.005091462564,0.085103392055,0.000383901328
-2.0,2.0,-2.0,2.0,-0.141755036056,0.009019514716,-0.005767751357,-0.007062686865,0.084183517889,0.001309803705
0.0,-2.0,-2.0,2.0,0.004966687472,0.008064799756,0.00171840307,-0.002430477891,0.042900210738,-0.000437412768
0.0,0.0,-2.0,2.0,0.005536538369,0.008047402583,-0.001878296064,-0.005091440674,0.042538556742,0.00025528305
0.0,2.0,-2.0,2.0,0.006362861646,0.008116920322,-0.005459740828,-0.007738186791,0.041668701713,0.000944768628
2.0,-2.0,-2.0,2.0,0.153573210771,0.009328960032,0.001749693843,-0.001748964931,-0.000920050749,-0.000345475314
2.0,0.0,-2.0,2.0,0.154337311308,0.009320624494,-0.001687321457,-0.005083526326,-0.001337567498,0.000125820877
2.0,2.0,-2.0,2.0,0.154974741145,0.00939613495,-0.005109153891,-0.008403781178,-0.002154822088,0.000594456924
4.0,-2.0,-2.0,2.0,0.302426914123,0.012773598617,0.001744755717,-0.001062085846,-0.045924172489,-0.000269882748
4.0,0.0,-2.0,2.0,0.30338410431,0.012777662422,-0.00149328776,-0.005067662125,-0.046397262465,-4.071971e-06
4.0,2.0,-2.0,2.0,0.303831169291,0.012855599378,-0.004716351739,-0.009058951449,-0.047159472049,0.000259649516
6.0,-2.0,-2.0,2.0,0.45125813437,0.018384211258,0.001688860561,-0.000376608059,-0.091948554458,-0.000208191073
6.0,0.0,-2.0,2.0,0.452422399669,0.018404813489,-0.00129662695,-0.005043474659,-0.09250131928,-0.000133935676
6.0,2.0,-2.0,2.0,0.452674355934,0.018481435452,-0.004277774713,-0.009700666717,-0.093200424399,-5.9497967e-05
8.0,-2.0,-2.0,2.0,0.599837736129,0.026136368228,0.001605812986,0.000316745931,-0.138888769033,-0.000164408835
8.0,0.0,-2.0,2.0,0.601197986473,0.026176266029,-0.001098375786,-0.005011495986,-0.139505293998,-0.000263248944
8.0,2.0,-2.0,2.0,0.601253645985,0.026247693803,-0.00379828588,-0.010329958858,-0.140138656751,-0.000361427167
10.0,-2.0,-2.0,2.0,0.747904331654,0.035991147732,0.001486274099,0.001013414736,-0.186580356059,-0.000136743765
10.0,0.0,-2.0,2.0,0.749458988853,0.036053529714,-0.000899057455,-0.004971366187,-0.18726064141,-0.000391500737
10.0,2.0,-2.0,2.0,0.749317658948,0.036116588647,-0.003280348139,-0.010946617111,-0.187825856975,-0.000645143388
-10.0,-2.0,-2.0,4.0,-0.72624494452,0.034406418482,-0.001686343956,-0.010710230284,0.240621548535,-0.000277150345
-10.0,0.0,-2.0,4.0,-0.726023106587,0.03438592471,-0.005494661695,-0.009987816351,0.240011858071,0.00175072593
-10.0,2.0,-2.0,4.0,-0.723560878245,0.034359763556,-0.009313454255,-0.009254181562,0.238240394608,0.003776979947
-8.0,-2.0,-2.0,4.0,-0.582632245496,0.024981957232,-0.001329321395,-0.010099068599,0.204519526731,-0.000221112569
-8.0,0.0,-2.0,4.0,-0.582203941324,0.024960018717,-0.00516363465,-0.010051897597,0.203841432651,0.001510705493
-8.0,2.0,-2.0,4.0,-0.579921616631,0.024964923066,-0.009008861472,-0.009993651469,0.20211692951,0.003241603173
-6.0,-2.0,-2.0,4.0,-0.437548440611,0.017624938904,-0.000994381623,-0.009470940228,0.166673362464,-0.000184920102
-6.0,0.0,-2.0,4.0,-0.436912279045,0.017605204839,-0.004820000454,-0.010100081833,0.16592511286,0.001265142313
-6.0,2.0,-2.0,4.0,-0.434813239869,0.017637864517,-0.008656972934,-0.010718365704,0.164252097312,0.00271500231
-4.0,-2.0,-2.0,4.0,-0.29122860181,0.012380815022,-0.000684192654,-0.008826195823,0.127176787704,-0.000167935974
-4.0,0.0,-2.0,4.0,-0.2903830873,0.012366962173,-0.004461965297,-0.010130913757,0.126354030089,0.001014329346
-4.0,2.0,-2.0,4.0,-0.288473570689,0.012424079958,-0.008257625975,-0.011427614602,0.124740852124,0.002198418109
-2.0,-2.0,-2.0,4.0,-0.143917297524,0.009284053809,-0.000401853351,-0.008166413812,0.086134768391,-0.000169481797
-2.0,0.0,-2.0,4.0,-0.142849686453,0.009279575463,-0.00412142446,-0.010157362026,0.085216150088,0.000765504672
-2.0,2.0,-2.0,4.0,-0.141144519836,0.009357489234,-0.007809995315,-0.012119943587,0.083685695607,0.00169292001
0.0,-2.0,-2.0,4.0,0.004141701746,0.008356731094,-0.000148675544,-0.00749109207,0.043658363719,-0.000189070765
0.0,0.0,-2.0,4.0,0.005406188923,0.008365454482,-0.00374743193,-0.010157470489,0.042684181329,0.000508686083
0.0,2.0,-2.0,4.0,0.006927232507,0.008460422027,-0.007315647648,-0.012795387019,0.041201593839,0.001200020805
2.0,-2.0,-2.0,4.0,0.152696475388,0.009609470265,7.2925053e-05,-0.006801744958,-0.000127451365,-0.000225997727
2.0,0.0,-2.0,4.0,0.154157597681,0.009634715862,-0.003366194145,-0.010141542763,-0.001158909618,0.000250129624
2.0,2.0,-2.0,4.0,0.155492276876,0.009743144847,-0.006775036962,-0.013452813711,-0.00259025333,0.000720951723
4.0,-2.0,-2.0,4.0,0.301499793762,0.013040828817,0.000261356433,-0.006098979212,-0.045098035429,-0.000279653294
4.0,0.0,-2.0,4.0,0.303155521853,0.013085847063,-0.002978865403,-0.010109634478,-0.046185503762,-9.259063e-06
4.0,2.0,-2.0,4.0,0.304301530692,0.013204092332,-0.006189193182,-0.014091779932,-0.047562454675,0.000256969754
6.0,-2.0,-2.0,4.0,0.450277160444,0.018636147144,0.000396098343,-0.00539175808,-0.091081402954,-0.000346279777
6.0,0.0,-2.0,4.0,0.452144648644,0.018705034419,-0.002586328557,-0.010061006919,-0.092256639357,-0.000268527383
6.0,2.0,-2.0,4.0,0.453101319816,0.018829460041,-0.005560252101,-0.014711214853,-0.093578619948,-0.000190434235
8.0,-2.0,-2.0,4.0,0.598809501896,0.026371529893,0.000510678467,-0.004666296242,-0.13799010117,-0.000431119337
8.0,0.0,-2.0,4.0,0.600873885583,0.026466804363,-0.002190674442,-0.00999681785,-0.139228132935,-0.00052669123
8.0,2.0,-2.0,4.0,0.601633904987,0.026593408285,-0.004883785105,-0.015308375548,-0.140482902145,-0.000620974056
10.0,-2.0,-2.0,4.0,0.74683028282,0.036208276275,0.000589742176,-0.00392974906,-0.185650768706,-0.000531042877
10.0,0.0,-2.0,4.0,0.749087849597,0.036332823651,-0.001792966707,-0.009916522855,-0.186950569828,-0.000782725885
10.0,2.0,-2.0,4.0,0.749649726227,0.036457762592,-0.004167757806,-0.015884607153,-0.188135337903,-0.00103221637
-10.0,-2.0,-2.0,6.0,-0.726722960069,0.034924838037,-0.004412168241,-0.015639911063,0.241186653916,0.00058331481
-10.0,0.0,-2.0,6.0,-0.725837895604,0.03489329626,-0.008208670428,-0.014918630423,0.23998924271,0.002616642995
-10.0,2.0,-2.0,6.0,-0.722713559713,0.034854994624,-0.012020732408,-0.014180561864,0.237630206318,0.004647512332
-8.0,-2.0,-2.0,6.0,-0.583195288437,0.025502746375,-0.00389180717,-0.015060864554,0.205140995754,0.000520259323
-8.0,0.0,-2.0,6.0,-0.582097191801,0.025477046232,-0.007713992253,-0.015014502677,0.203869825959,0.002257492525
-8.0,2.0,-2.0,6.0,-0.579145891451,0.025477038379,-0.011552501984,-0.014951626531,0.201552335727,0.003993353189
-6.0,-2.0,-2.0,6.0,-0.4381961881,0.018144880744,-0.003387060123,-0.014456819138,0.167351186014,0.000434586768
-6.0,0.0,-2.0,6.0,-0.436885208453,0.018128710777,-0.007200471752,-0.015086625129,0.166005712642,0.001890051572
-6.0,2.0,-2.0,6.0,-0.434111120745,0.018163766294,-0.011030821901,-0.015700117107,0.163734936381,0.00334521201
-4.0,-2.0,-2.0,6.0,-0.291961794313,0.012896431692,-0.002901602096,-0.013828466671,0.127911126697,0.000327515725
-4.0,0.0,-2.0,6.0,-0.290440603887,0.012893602699,-0.006672630321,-0.015135946286,0.126494925019,0.001516326075
-4.0,2.0,-2.0,6.0,-0.287846660875,0.012960509814,-0.010456201487,-0.016425174548,0.124272788057,0.002704826728
-2.0,-2.0,-2.0,6.0,-0.144736017541,0.009792147529,-0.00243883593,-0.013177054955,0.086925342109,0.000200076338
-2.0,0.0,-2.0,6.0,-0.142983679581,0.009806087905,-0.006156620132,-0.015172344066,0.085402495132,0.001142498689
-2.0,2.0,-2.0,6.0,-0.1405941569,0.009901277693,-0.009828219478,-0.017125329263,0.083267736714,0.002073637752
0.0,-2.0,-2.0,6.0,0.003238440931,0.008854174686,-0.002000854268,-0.012502106814,0.044505172835,5.3263707e-05
0.0,0.0,-2.0,6.0,0.005190430991,0.008888688262,-0.005598001334,-0.015172730509,0.042924862073,0.000758300495
0.0,2.0,-2.0,6.0,0.007399275111,0.009008342843,-0.009149450672,-0.017800752612,0.040835736587,0.001453729833
2.0,-2.0,-2.0,6.0,0.151709285983,0.010093070904,-0.001590789522,-0.011805275309,0.000775412914,-0.000111731737
2.0,0.0,-2.0,6.0,0.153860366772,0.010151455739,-0.005028428254,-0.015149029185,-0.000863585082,0.000371479591
2.0,2.0,-2.0,6.0,0.155885348538,0.010291930206,-0.008420830034,-0.018450171648,-0.002902768154,0.000846763355
4.0,-2.0,-2.0,6.0,0.300430871407,0.013507481914,-0.001210706869,-0.011086943105,-0.044140516468,-0.000293849212
4.0,0.0,-2.0,6.0,0.302778047427,0.013592901573,-0.004449629441,-0.015101305186,-0.045835972303,-1.6592892e-05
4.0,2.0,-2.0,6.0,0.304616181218,0.01375046789,-0.0076438966,-0.019073064138,-0.04782152415,0.000254446162
6.0,-2.0,-2.0,6.0,0.449122011733,0.019082441754,-0.000886888482,-0.010358115899,-0.090061453732,-0.00048797405
6.0,0.0,-2.0,6.0,0.451687786511,0.019199311826,-0.003863096584,-0.01502882224,-0.091852917653,-0.000404484182
6.0,2.0,-2.0,6.0,0.453335989276,0.019370155601,-0.00682065919,-0.01966812722,-0.093780974966,-0.000321371253
8.0,-2.0,-2.0,6.0,0.597577580721,0.026794950269,-0.000576473125,-0.009601137215,-0.136917837809,-0.000700652949
8.0,0.0,-2.0,6.0,0.600338589759,0.026945257038,-0.003270787357,-0.014932789814,-0.13877028247,-0.000790829479
8.0,2.0,-2.0,6.0,0.601796183344,0.02712560822,-0.00595524709,-0.020235853039,-0.140640480155,-0.000878704355
10.0,-2.0,-2.0,6.0,0.745522366722,0.036605968562,-0.000300430402,-0.008824928014,-0.184527134239,-0.000927284855
10.0,0.0,-2.0,6.0,0.748475050571,0.03679244636,-0.002677822697,-0.014812672206,-0.186438809162,-0.001173634628
10.0,2.0,-2.0,6.0,0.749733419198,0.036977976155,-0.005043227862,-0.020772055189,-0.188237017598,-0.001416653626
-10.0,-2.0,-2.0,8.0,-0.72712283687,0.035632059451,-0.007100880358,-0.020495075304,0.241735323454,0.001430391699
-10.0,0.0,-2.0,8.0,-0.72558453978,0.035589493463,-0.010881477119,-0.019773937897,0.2399580847,0.003470901746
-10.0,2.0,-2.0,8.0,-0.721808317394,0.035538903365,-0.014683336296,-0.019030893235,0.237020694271,0.005508262633
-8.0,-2.0,-2.0,8.0,-0.583709438753,0.026216136876,-0.006419621609,-0.019947911197,0.205765012006,0.001249302372
-8.0,0.0,-2.0,8.0,-0.581951797948,0.026186763824,-0.010226252958,-0.019901623969,0.203910062715,0.002993899325
-8.0,2.0,-2.0,8.0,-0.578341790901,0.026181507646,-0.014054512452,-0.019833465763,0.201008735943,0.004736662902
-6.0,-2.0,-2.0,8.0,-0.438825710668,0.018859657034,-0.005747946709,-0.019368090625,0.168051538489,0.001043018204
-6.0,0.0,-2.0,8.0,-0.436849272602,0.018847327952,-0.009545410519,-0.01999752109,0.166117629618,0.002505751471
-6.0,2.0,-2.0,8.0,-0.433410515189,0.01888427245,-0.013365574765,-0.020605487024,0.163258341286,0.003968202009
-4.0,-2.0,-2.0,8.0,-0.292706671248,0.013608565126,-0.005090171875,-0.018756559159,0.128687598807,0.000813035841
-4.0,0.0,-2.0,8.0,-0.290520151439,0.013616565611,-0.008849878592,-0.020064946512,0.12668709858,0.002010205087
-4.0,2.0,-2.0,8.0,-0.287251335956,0.013692535637,-0.012618219068,-0.021346208581,0.123864931321,0.003205237119
-2.0,-2.0,-2.0,8.0,-0.145596749233,0.010497000678,-0.004449106796,-0.018113216252,0.087778295919,0.000560748094
-2.0,0.0,-2.0,8.0,-0.14317003878,0.010528903377,-0.008161474374,-0.020111712017,0.085660332399,0.001512663231
-2.0,2.0,-2.0,8.0,-0.14010643374,0.01064052338,-0.011812571013,-0.022054175842,0.082930408305,0.002449605965
0.0,-2.0,-2.0,8.0,0.002261529937,0.009547338028,-0.003829113728,-0.01743910401,0.045435336206,0.000287912365
0.0,0.0,-2.0,8.0,0.004891755637,0.009607038577,-0.007420943852,-0.020112582468,0.043256970495,0.00100230566
0.0,2.0,-2.0,8.0,0.007777756796,0.009750366707,-0.010952316234,-0.022729695439,0.040571182087,0.001703982329
2.0,-2.0,-2.0,8.0,0.150618618562,0.010770163597,-0.003233215178,-0.016735033954,0.001781576357,-3.956801e-06
2.0,0.0,-2.0,8.0,0.153449326127,0.010860918122,-0.006665804598,-0.02008141116,-0.000455792775,0.000488462698
2.0,2.0,-2.0,8.0,0.156154248141,0.011032271426,-0.010038589991,-0.023371356396,-0.003093495875,0.000970389848
4.0,-2.0,-2.0,8.0,0.299227215145,0.014164216824,-0.002663934295,-0.016001325042,-0.043057734061,-0.000313351891
4.0,0.0,-2.0,8.0,0.30225607843,0.014289129633,-0.005897755999,-0.020017920891,-0.045352755955,-2.7115772e-05
4.0,2.0,-2.0,8.0,0.304775311986,0.014484662897,-0.009073356098,-0.023978268654,-0.047936709067,0.000250994652
6.0,-2.0,-2.0,8.0,0.447804570675,0.019714452487,-0.002154058612,-0.015252042763,-0.088897589829,-0.00063376058
6.0,0.0,-2.0,8.0,0.451056401302,0.019878003427,-0.005120163905,-0.019922644686,-0.091294727985,-0.000542403042
6.0,2.0,-2.0,8.0,0.453387716478,0.020093819608,-0.008059809866,-0.02454986491,-0.093822824556,-0.000451832097
8.0,-2.0,-2.0,8.0,0.596151151491,0.027398180418,-0.001650286412,-0.014463843849,-0.135680763351,-0.000972995762
8.0,0.0,-2.0,8.0,0.599598290782,0.027602010523,-0.004336795761,-0.019794936715,-0.138138314141,-0.001055232015
8.0,2.0,-2.0,8.0,0.601743352883,0.02783442884,-0.007007350988,-0.02508807479,-0.140614884566,-0.001134819313
10.0,-2.0,-2.0,8.0,0.743991995628,0.037177086974,-0.001180098048,-0.013649237126,-0.183218266047,-0.001325193424
10.0,0.0,-2.0,8.0,0.747629523369,0.037423734514,-0.003549239191,-0.019636045812,-0.185732802122,-0.001563957359
10.0,2.0,-2.0,8.0,0.74957423573,0.037668059021,-0.005902530531,-0.025585257755,-0.188135269103,-0.001798290671
-10.0,-2.0,-2.0,10.0,-0.727447119005,0.036514423699,-0.009738777517,-0.025251689565,0.242264873582,0.002260347894
-10.0,0.0,-2.0,10.0,-0.725269494955,0.036461669526,-0.013501514309,-0.024530643194,0.239922671556,0.004310030998
-10.0,2.0,-2.0,10.0,-0.720854643596,0.036398640505,-0.017289896317,-0.023782064646,0.236418732471,0.006355640241
-8.0,-2.0,-2.0,10.0,-0.584176220402,0.027108567692,-0.008900542811,-0.02473647738,0.206389534123,0.001962814313
-8.0,0.0,-2.0,10.0,-0.581772299408,0.027075565507,-0.012688380635,-0.024689520292,0.20396282116,0.003716571463
-8.0,2.0,-2.0,10.0,-0.577516846279,0.027064684363,-0.016503046935,-0.024615437705,0.200489584603,0.00546802976
-6.0,-2.0,-2.0,10.0,-0.43943506478,0.019756042601,-0.00806514425,-0.024180680682,0.168769953853,0.001637361644
-6.0,0.0,-2.0,10.0,-0.436807163674,0.019747098164,-0.011843364234,-0.024808916196,0.166259759221,0.003109265919
-6.0,2.0,-2.0,10.0,-0.432717495375,0.01978554768,-0.015650244608,-0.025410737673,0.162824815246,0.004580883829
-4.0,-2.0,-2.0,10.0,-0.293460279507,0.014503603459,-0.007238128331,-0.023585656558,0.129501315474,0.001285975014
-4.0,0.0,-2.0,10.0,-0.290622050255,0.014521999537,-0.010983724513,-0.024894454709,0.126928734554,0.002493507008
-4.0,2.0,-2.0,10.0,-0.286691571985,0.01460626103,-0.014733578168,-0.026166942106,0.12351853022,0.003696973128
-2.0,-2.0,-2.0,10.0,-0.146495279961,0.011384964499,-0.006422886119,-0.022951072808,0.088687763479,0.000910557178
-2.0,0.0,-2.0,10.0,-0.143407757253,0.011434206023,-0.010126414283,-0.02495166322,0.085986874418,0.001873867976
-2.0,2.0,-2.0,10.0,-0.139683235916,0.011561348075,-0.013753994387,-0.026882623741,0.082673664808,0.002818591957
0.0,-2.0,-2.0,10.0,0.001218685572,0.010422739871,-0.005624402763,-0.022278038086,0.046440662622,0.000513301479
0.0,0.0,-2.0,10.0,0.004512761309,0.010506787765,-0.009207629069,-0.024953275499,0.043677322931,0.00123901195
0.0,2.0,-2.0,10.0,0.008062463857,0.010672568699,-0.012715838044,-0.027558573567,0.040406693012,0.001948934023
2.0,-2.0,-2.0,10.0,0.14943273302,0.011627545239,-0.004846318363,-0.021567338405,0.002882591129,9.6191003e-05
2.0,0.0,-2.0,10.0,0.152929788035,0.011749599645,-0.00827045038,-0.024914993186,5.8584383e-05,0.000599788887
2.0,2.0,-2.0,10.0,0.156302400089,0.011950397651,-0.011620868312,-0.028192948867,-0.003166733119,0.001090430208
4.0,-2.0,-2.0,10.0,0.297902386535,0.014998291561,-0.004091645397,-0.020819009441,-0.041863984876,-0.000338802472
4.0,0.0,-2.0,10.0,0.301595975615,0.015161306172,-0.007317654864,-0.024836913041,-0.044741966702,-4.1556569e-05
4.0,2.0,-2.0,10.0,0.304784648143,0.015393172342,-0.010471180596,-0.028784392179,-0.04791469307,0.00024563291
6.0,-2.0,-2.0,10.0,0.446335741112,0.020519573331,-0.003399000572,-0.020049817728,-0.087600644497,-0.000783908739
6.0,0.0,-2.0,10.0,0.45026061925,0.020728347633,-0.006353725568,-0.02471872252,-0.090592184317,-0.000682388059
6.0,2.0,-2.0,10.0,0.453260660564,0.020987255984,-0.009271160826,-0.029333047337,-0.093706763766,-0.000582513995
8.0,-2.0,-2.0,10.0,0.594546715435,0.028169592515,-0.002705606456,-0.019231641249,-0.134291271563,-0.001248110577
8.0,0.0,-2.0,10.0,0.598666054683,0.028425229272,-0.005380397477,-0.024560704792,-0.137341249995,-0.00132049638
8.0,2.0,-2.0,10.0,0.601485302637,0.028707696976,-0.00803544641,-0.029842628075,-0.140412155586,-0.001389572382
10.0,-2.0,-2.0,10.0,0.742254807788,0.03790991126,-0.002044743882,-0.018379372893,-0.181737884131,-0.001724185178
10.0,0.0,-2.0,10.0,0.746563339724,0.038214816952,-0.004402993752,-0.024363679764,-0.184842761514,-0.001953285708
10.0,2.0,-2.0,10.0,0.749179414147,0.038515254443,-0.00674151426,-0.030300943933,-0.187837369191,-0.002176786661
-10.0,-2.0,0.0,-10.0,-0.740536401697,0.037678975964,0.017158799475,0.023515616437,0.253578162102,-0.006093341412
-10.0,0.0,0.0,-10.0,-0.744968912072,0.037776586754,0.013425078778,0.024424481767,0.25710413258,-0.004033497754
-10.0,2.0,0.0,-10.0,-0.747133105486,0.037859980082,0.009717269345,0.025305961102,0.25944499989,-0.001969825834
-8.0,-2.0,0.0,-10.0,-0.5973348671,0.028101745547,0.016399013074,0.024375356222,0.217857487552,-0.005211799529
-8.0,0.0,0.0,-10.0,-0.601610166603,0.028147080999,0.012631249367,0.024610947536,0.22135502759,-0.003445385178
-8.0,2.0,0.0,-10.0,-0.604003125311,0.028211080304,0.008890758582,0.024819293695,0.223781663706,-0.001676984739
-6.0,-2.0,0.0,-10.0,-0.452644291743,0.020575067299,0.015571707616,0.025197804589,0.18037579519,-0.004329844489
-6.0,0.0,0.0,-10.0,-0.456757010216,0.020570869556,0.011803892346,0.024758152306,0.183836446763,-0.002842570837
-6.0,2.0,0.0,-10.0,-0.459376826044,0.020611437726,0.008065179608,0.024292428134,0.186347892063,-0.001355236516
-4.0,-2.0,0.0,-10.0,-0.306701551546,0.015145282274,0.014678574412,0.025981543688,0.141225085397,-0.003450119343
-4.0,0.0,0.0,-10.0,-0.310661505384,0.015094665163,0.010964381935,0.024873721999,0.144668461518,-0.002231296233
-4.0,2.0,0.0,-10.0,-0.31349032778,0.015107820327,0.007245176705,0.023725707432,0.147237133166,-0.001006595307
-2.0,-2.0,0.0,-10.0,-0.159748832114,0.011847345431,0.013720646602,0.026725075238,0.100507189519,-0.002575072962
-2.0,0.0,0.0,-10.0,-0.163508768854,0.011753474729,0.010115408485,0.024956910602,0.103861889824,-0.001613194325
-2.0,2.0,0.0,-10.0,-0.166585224298,0.011735839379,0.006435045708,0.02311953021,0.106552266972,-0.000633043465
0.0,-2.0,0.0,-10.0,-0.012028659975,0.010705267943,0.012702444002,0.027429412822,0.058334888445,-0.001707794167
0.0,0.0,0.0,-10.0,-0.015619437782,0.010571895238,0.009208056944,0.024986970232,0.06165032362,-0.00097997036
0.0,2.0,0.0,-10.0,-0.018904486461,0.010519557447,0.005639613344,0.022475296396,0.064403860346,-0.00023667814
2.0,-2.0,0.0,-10.0,0.136210898207,0.011730480724,0.011624498849,0.0280917003,0.014828066829,-0.000850491471
2.0,0.0,0.0,-10.0,0.132795753925,0.011561431094,0.008279586073,0.024977245979,0.018098629969,-0.000341233561
2.0,2.0,0.0,-10.0,0.129306254902,0.011471037827,0.004861589485,0.021792653212,0.020912142823,0.00018068639
4.0,-2.0,0.0,-10.0,0.284724289083,0.014922900735,0.010490223196,0.028712051933,-0.02988829577,-5.96516e-06
4.0,0.0,0.0,-10.0,0.281490729141,0.014721830885,0.007334135505,0.024927421508,-0.026669567689,0.00030050155
4.0,2.0,0.0,-10.0,0.27776329951,0.014588571107,0.004140468312,0.021087717707,-0.02373887136,0.000610795269
6.0,-2.0,0.0,-10.0,0.433256219802,0.020270000819,0.009302658333,0.029289037326,-0.075674760294,0.000823106555
6.0,0.0,0.0,-10.0,0.430208901345,0.020040943424,0.006373201991,0.024837130094,-0.072513049692,0.000943097493
6.0,2.0,0.0,-10.0,0.426279935939,0.01986325318,0.003412957464,0.020333145974,-0.069519631796,0.001063527631
8.0,-2.0,0.0,-10.0,0.581562211541,0.027747988452,0.008071851028,0.029824425175,-0.122400704979,0.001632867853
8.0,0.0,0.0,-10.0,0.578697056105,0.02749456328,0.005401971103,0.024706711914,-0.119288646218,0.001583810671
8.0,2.0,0.0,-10.0,0.574571053036,0.027269800101,0.002712477523,0.019542041087,-0.116236061041,0.001531163445
10.0,-2.0,0.0,-10.0,0.729368472583,0.037319324941,0.006785092683,0.030310252858,-0.16988407229,0.002423045918
10.0,0.0,0.0,-10.0,0.726702145622,0.037046476154,0.004422927923,0.024536057396,-0.166846926382,0.002220261057
10.0,2.0,0.0,-10.0,0.722383739658,0.036771850957,0.00204173159,0.018714827477,-0.16373783002,0.002011573227
-10.0,-2.0,0.0,-8.0,-0.741947034896,0.036870917609,0.014564726954,0.018779530798,0.254590482334,-0.005295107825
-10.0,0.0,0.0,-8.0,-0.745740968403,0.036950457066,0.010819126939,0.019686639434,0.257548500094,-0.003243204116
-10.0,2.0,0.0,-8.0,-0.74726499269,0.037017542701,0.007094402397,0.020571681955,0.259320964514,-0.001188229741
-8.0,-2.0,0.0,-8.0,-0.598619761403,0.027260810795,0.013959457394,0.01960335994,0.218790839274,-0.004528528813
-8.0,0.0,0.0,-8.0,-0.602249112387,0.027294817407,0.010179520953,0.019836893591,0.221714411512,-0.002770525784
-8.0,2.0,0.0,-8.0,-0.603994970944,0.027349397749,0.006421521779,0.020048349425,0.223567223284,-0.001010935325
-6.0,-2.0,0.0,-8.0,-0.453800264086,0.019706441439,0.013292991137,0.020397507152,0.181226905054,-0.003764414404
-6.0,0.0,0.0,-8.0,-0.457260266586,0.019697788406,0.009513133212,0.019955623606,0.184108377418,-0.002286080473
-6.0,2.0,0.0,-8.0,-0.459226924393,0.019735934116,0.005756095808,0.019492318736,0.186041510538,-0.000807564838
-4.0,-2.0,0.0,-8.0,-0.307725275969,0.014254339895,0.01256651017,0.021160653208,0.141990989198,-0.003004980877
-4.0,0.0,0.0,-8.0,-0.311022793076,0.014206350793,0.008834835938,0.020048011878,0.144844583912,-0.001794350277
-4.0,2.0,0.0,-8.0,-0.313197287603,0.01422412324,0.005102199319,0.01890413214,0.146837859689,-0.000579666566
-2.0,-2.0,0.0,-8.0,-0.160636857025,0.010939601825,0.011780331774,0.021891277875,0.10118521259,-0.002252201638
-2.0,0.0,0.0,-8.0,-0.163734591481,0.010855498742,0.008152295343,0.020115638899,0.103954784949,-0.001297874318
-2.0,2.0,0.0,-8.0,-0.16614747618,0.010849490053,0.004463573898,0.018284112449,0.106058938179,-0.000328800016
0.0,-2.0,0.0,-8.0,-0.012779539718,0.009786206731,0.010938170848,0.022590103846,0.058922710635,-0.001508678952
0.0,0.0,0.0,-8.0,-0.015704390679,0.009669693261,0.007421052221,0.020139875244,0.06165097473,-0.000788855996
0.0,2.0,0.0,-8.0,-0.018321143254,0.009636011372,0.003844507325,0.017633932187,0.063814379786,-5.6623399e-05
2.0,-2.0,0.0,-8.0,0.135598305005,0.010805710901,0.010040291457,0.02325484489,0.01532381229,-0.000776242251
2.0,0.0,0.0,-8.0,0.132853614184,0.010660461511,0.00667281634,0.020131746516,0.018003676614,-0.000275419526
2.0,2.0,0.0,-8.0,0.130032597928,0.010595861444,0.003246628742,0.016952601662,0.020228925596,0.000235600028
4.0,-2.0,0.0,-8.0,0.284250055308,0.0139980051,0.009089410911,0.0238853227,-0.029485760116,-5.7208382e-05
4.0,0.0,0.0,-8.0,0.28168748163,0.013827769927,0.005910594502,0.020091959438,-0.026856479607,0.000240504864
4.0,2.0,0.0,-8.0,0.278666744814,0.013728919368,0.002674108498,0.016241832635,-0.024573686111,0.000546083624
6.0,-2.0,0.0,-8.0,0.432920527912,0.019350789412,0.008087840797,0.024480008371,-0.075366947726,0.000646166445
6.0,0.0,0.0,-8.0,0.430545591576,0.019159280925,0.0051371547,0.020019178411,-0.072794774591,0.000756939998
6.0,2.0,0.0,-8.0,0.427294191273,0.019021374715,0.002163748227,0.015517149872,-0.070399846178,0.000867655182
8.0,-2.0,0.0,-8.0,0.581359577809,0.026839381326,0.007040206129,0.025039156019,-0.122179855352,0.001331403258
8.0,0.0,0.0,-8.0,0.579172774834,0.026630698432,0.004353905847,0.01991407307,-0.11966548897,0.001272085422
8.0,2.0,0.0,-8.0,0.575722912418,0.026452395629,0.001652308788,0.014750620481,-0.117208468177,0.001209763915
10.0,-2.0,0.0,-8.0,0.729303966622,0.036427253581,0.005942925142,0.02555847988,-0.169759829892,0.001997014613
10.0,0.0,0.0,-8.0,0.727315516002,0.036205783441,0.003565259862,0.019776523593,-0.16731868999,0.00178367418
10.0,2.0,0.0,-8.0,0.723674010216,0.035984354379,0.001172265111,0.013956706134,-0.164804665965,0.00156558491
-10.0,-2.0,0.0,-6.0,-0.743213765242,0.036229947836,0.011915554284,0.013946500537,0.25552418964,-0.004487615512
-10.0,0.0,0.0,-6.0,-0.746355736183,0.036291026787,0.008161040092,0.014851615398,0.257902099872,-0.002441980879
-10.0,2.0,0.0,-6.0,-0.747226180657,0.036341043104,0.004422322359,0.015740096208,0.259093916106,-0.000394055698
-8.0,-2.0,0.0,-6.0,-0.599787983473,0.026591969818,0.011467723021,0.014733660717,0.219662940936,-0.003837530352
-8.0,0.0,0.0,-6.0,-0.602757823166,0.026614447532,0.00767864801,0.014964960072,0.222000314628,-0.002086198469
-8.0,2.0,0.0,-6.0,-0.603843223227,0.026659036219,0.003906080516,0.015179468031,0.223267055426,-0.000333681353
-6.0,-2.0,0.0,-6.0,-0.454867139841,0.019013817076,0.010965113968,0.015498833916,0.182034537691,-0.003192804965
-6.0,0.0,0.0,-6.0,-0.457660790056,0.019000828145,0.007176073153,0.015054686146,0.184325295429,-0.001721549452
-6.0,2.0,0.0,-6.0,-0.458961117348,0.019036167601,0.003404017553,0.014593862059,0.185667361319,-0.000250137089
-4.0,-2.0,0.0,-6.0,-0.308688194392,0.013542215402,0.010408506244,0.016240894365,0.142731671005,-0.002555263219
-4.0,0.0,0.0,-6.0,-0.311309302788,0.013497124514,0.006662434204,0.015123403006,0.144982759457,-0.001350979089
-4.0,2.0,0.0,-6.0,-0.312816329989,0.013519395653,0.002919527155,0.013983840332,0.146388776255,-0.000144491087
-2.0,-2.0,0.0,-6.0,-0.16149291815,0.010212389978,0.009797377385,0.016958158095,0.101856642649,-0.001926376421
-2.0,0.0,0.0,-6.0,-0.163914912269,0.010138519127,0.006149569164,0.015175255858,0.104028659786,-0.000977679781
-2.0,2.0,0.0,-6.0,-0.165650365674,0.010144260799,0.002455760574,0.013349790524,0.105534189368,-1.7843293e-05
0.0,-2.0,0.0,-6.0,-0.013528068879,0.009048297876,0.009134671294,0.017651224689,0.0595236058,-0.001308251886
0.0,0.0,0.0,-6.0,-0.015771335632,0.008949328221,0.005598024613,0.015193404544,0.061650572404,-0.00059452065
0.0,2.0,0.0,-6.0,-0.017707855187,0.008934684769,0.002016209281,0.012693167609,0.063213845691,0.000128630612
2.0,-2.0,0.0,-6.0,0.134960146242,0.010061593606,0.008420538882,0.018318478508,0.015851073623,-0.000702358777
2.0,0.0,0.0,-6.0,0.132898080909,0.00994115298,0.005033696422,0.015187288433,0.017929918367,-0.000208011062
2.0,2.0,0.0,-6.0,0.130761106414,0.009902837439,0.001602326024,0.012013696983,0.019552242897,0.000294048581
4.0,-2.0,0.0,-6.0,0.283721642976,0.013252170034,0.007656702339,0.018959171962,-0.029032576678,-0.000110488791
4.0,0.0,0.0,-6.0,0.281845494905,0.013113939546,0.00445856592,0.015157015701,-0.027007398058,0.000180378786
4.0,2.0,0.0,-6.0,0.279509084084,0.013048600578,0.001217200414,0.011312483675,-0.025325923432,0.000477168246
6.0,-2.0,0.0,-6.0,0.432503556494,0.018607745046,0.006846012231,0.019572581876,-0.074991075553,0.000465417199
6.0,0.0,0.0,-6.0,0.430813258212,0.01845536201,0.003874431958,0.015102423536,-0.073018746012,0.000569270953
6.0,2.0,0.0,-6.0,0.428253640601,0.018358351365,0.000892231039,0.010603153642,-0.071235127761,0.000672090258
8.0,-2.0,0.0,-6.0,0.581044905827,0.026103404152,0.005984144491,0.020154853962,-0.121868636112,0.001024526591
8.0,0.0,0.0,-6.0,0.579550447657,0.025941109746,0.003284582233,0.01502284461,-0.119964606594,0.000956900689
8.0,2.0,0.0,-6.0,0.576793206936,0.025810594224,0.000573472287,0.009862067262,-0.118118297968,0.000887050489
10.0,-2.0,0.0,-6.0,0.729100840454,0.035703305967,0.005080294679,0.020708428732,-0.169527097121,0.00156387315
10.0,0.0,0.0,-6.0,0.727803841999,0.035534833338,0.00268982735,0.014919235079,-0.167694391981,0.001342008622
10.0,2.0,0.0,-6.0,0.724852974799,0.035367866239,0.000287769102,0.009101490418,-0.165788062369,0.001116569474
-10.0,-2.0,0.0,-4.0,-0.744323072317,0.035768424797,0.009223619307,0.009039806799,0.256370589983,-0.00367376297
-10.0,0.0,0.0,-4.0,-0.74680281972,0.035810837701,0.005463382966,0.009942692966,0.258159102806,-0.00163260877
-10.0,2.0,0.0,-4.0,-0.747009338053,0.03584317935,0.001713793889,0.010834510803,0.258760863909,0.000410057783
-8.0,-2.0,0.0,-4.0,-0.60082655549,0.026107987893,0.008935454969,0.009790123515,0.220465922524,-0.003141305419
-8.0,0.0,0.0,-4.0,-0.603127752075,0.026118902308,0.005140437188,0.01001858735,0.222208099692,-0.001394794734
-8.0,2.0,0.0,-4.0,-0.603542620858,0.026153004823,0.00135651332,0.010236101833,0.222879480997,0.000352510493
-6.0,-2.0,0.0,-4.0,-0.455834259004,0.018510356492,0.008599164801,0.010525772798,0.182792031127,-0.00261719701
-6.0,0.0,0.0,-4.0,-0.457952150884,0.018493167882,0.004803985328,0.010078675859,0.184482597405,-0.001151063025
-6.0,2.0,0.0,-4.0,-0.458575636098,0.018525390496,0.001020227741,0.00962056936,0.185224556188,0.000315172665
-4.0,-2.0,0.0,-4.0,-0.309582787461,0.013022415317,0.008214183425,0.011245516636,0.143442282762,-0.002102624756
-4.0,0.0,0.0,-4.0,-0.311516273771,0.012980519383,0.004457430479,0.010123545506,0.145080898865,-0.000902787057
-4.0,2.0,0.0,-4.0,-0.31234550039,0.013007139725,0.00070768634,0.008988507052,0.145890321782,0.000297460655
-2.0,-2.0,0.0,-4.0,-0.162310107778,0.009679455879,0.007781362976,0.011949802537,0.102517251794,-0.001598989865
-2.0,0.0,0.0,-4.0,-0.164046009955,0.009616261833,0.00411669072,0.010159285167,0.104082353057,-0.000653832294
-2.0,2.0,0.0,-4.0,-0.165093756013,0.009633760338,0.000421427712,0.008340480996,0.104979717935,0.000298752975
0.0,-2.0,0.0,-4.0,-0.014266624616,0.008505399052,0.007300842813,0.01263709478,0.060131956938,-0.00110751903
0.0,0.0,0.0,-4.0,-0.015820045842,0.008424589382,0.003747644227,0.010171502731,0.061650309241,-0.00039774881
0.0,2.0,0.0,-4.0,-0.017065401961,0.008429193431,0.000163995739,0.007677450595,0.062603263282,0.000318357188
2.0,-2.0,0.0,-4.0,0.134299549511,0.009512050945,0.006772872143,0.013306436546,0.016407563509,-0.00062937203
2.0,0.0,0.0,-4.0,0.132930688044,0.009417194086,0.003369682345,0.010167230359,0.01787584704,-0.000139362201
2.0,2.0,0.0,-4.0,0.13148757942,0.009405534365,-6.3228486e-05,0.006999830089,0.018886528379,0.000355799078
4.0,-2.0,0.0,-4.0,0.283139741108,0.012699301429,0.006198781719,0.013957288147,-0.028529108809,-0.000165915726
4.0,0.0,0.0,-4.0,0.281958709029,0.012593970675,0.00298508743,0.010147106865,-0.027114981567,0.000120198984
4.0,2.0,0.0,-4.0,0.280319074316,0.012562695749,-0.000258350615,0.006308255865,-0.026046882305,0.000410362922
6.0,-2.0,0.0,-4.0,0.431995844135,0.01805451758,0.005575588525,0.014586730811,-0.074533634803,0.00028225212
6.0,0.0,0.0,-4.0,0.431008478449,0.01794265772,0.002594141159,0.010110296905,-0.073182721074,0.00038012077
6.0,2.0,0.0,-4.0,0.429150450237,0.017887233121,-0.000395293222,0.005614583099,-0.072018746922,0.00047743129
8.0,-2.0,0.0,-4.0,0.580617012413,0.025553523516,0.004908633231,0.015195362693,-0.121466832808,0.000713025737
8.0,0.0,0.0,-4.0,0.579825218187,0.025438757838,0.002197744409,0.010056955077,-0.120182530762,0.000639430941
8.0,2.0,0.0,-4.0,0.577770508593,0.025356973912,-0.000518653741,0.004899333711,-0.11895576673,0.000564017487
10.0,-2.0,0.0,-4.0,0.728753716724,0.035160082017,0.004201028174,0.015783278092,-0.169182103553,0.001124903614
10.0,0.0,0.0,-4.0,0.728159206669,0.035046369691,0.001800714943,0.009987537478,-0.167967516812,0.000896630953
10.0,2.0,0.0,-4.0,0.725910114255,0.03493517683,-0.000607345513,0.004172686758,-0.166678808627,0.000665969165
-10.0,-2.0,0.0,-2.0,-0.745263992462,0.03549538617,0.006501746937,0.004083592176,0.2571223594,-0.002856387991
-10.0,0.0,0.0,-2.0,-0.747074235318,0.035519025186,0.002739140376,0.004984045523,0.258315012262,-0.000817828948
-10.0,2.0,0.0,-2.0,-0.746610546671,0.035533107563,-0.001018083519,0.005879001518,0.2583206597,0.001221484397
-8.0,-2.0,0.0,-2.0,-0.601727684532,0.025818326275,0.006374634773,0.004796245759,0.221193376012,-0.002442358164
-8.0,0.0,0.0,-2.0,-0.603352463277,0.025817696838,0.002577116586,0.005022109293,0.222334221454,-0.000698687255
-8.0,2.0,0.0,-2.0,-0.603090040593,0.025840910563,-0.001214825591,0.005242546085,0.222403962732,0.001045374263
-6.0,-2.0,0.0,-2.0,-0.456694630295,0.018205865436,0.006206028358,0.005502021976,0.18349403695,-0.002039627437
-6.0,0.0,0.0,-2.0,-0.458129095254,0.018184590661,0.002408374601,0.005052273578,0.184578050382,-0.000576615669
-6.0,2.0,0.0,-2.0,-0.458068838549,0.018213399194,-0.001383638037,0.004596901699,0.184713555814,0.000886466197
-4.0,-2.0,0.0,-2.0,-0.310399675192,0.01270501235,0.005994971038,0.006200044733,0.144116628287,-0.001648981083
-4.0,0.0,0.0,-2.0,-0.311640284105,0.012666483895,0.002230488649,0.005073055934,0.145137511849,-0.000451386752
-4.0,2.0,0.0,-2.0,-0.311784798855,0.012697273198,-0.001522507911,0.00394268852,0.145343978192,0.000744684968
-2.0,-2.0,0.0,-2.0,-0.163083662175,0.009350947805,0.005741174109,0.006890190232,0.103163428949,-0.001271228932
-2.0,0.0,0.0,-2.0,-0.164125536312,0.009298797632,0.002063608568,0.005092537379,0.104114918617,-0.000327556782
-2.0,2.0,0.0,-2.0,-0.164478900832,0.009328002549,-0.001629614284,0.003280477227,0.104398078325,0.000619900141
0.0,-2.0,0.0,-2.0,-0.014994360755,0.008167791585,0.005444740561,0.007571662326,0.060748385595,-0.00090727085
0.0,0.0,0.0,-2.0,-0.015850245744,0.008105624556,0.001878484165,0.005098566389,0.061650702269,-0.00019928791
0.0,2.0,0.0,-2.0,-0.016397654513,0.008129544238,-0.001703059034,0.002611164139,0.061987382051,0.00051187745
2.0,-2.0,0.0,-2.0,0.133617506966,0.009167353702,0.005105012038,0.008243158715,0.016993652192,-0.000557757084
2.0,0.0,0.0,-2.0,0.132950329936,0.009098695126,0.001689033334,0.005096425002,0.01784321873,-6.9887491e-05
2.0,2.0,0.0,-2.0,0.132208632224,0.00911389685,-0.001741931227,0.001935439522,0.018235519064,0.000420572723
4.0,-2.0,0.0,-2.0,0.282505086931,0.012349494082,0.004722524754,0.008904050234,-0.027975710729,-0.000223543532
4.0,0.0,0.0,-2.0,0.282027150338,0.01227788893,0.001496072973,0.005086046899,-0.027180132461,6.0115347e-05
4.0,2.0,0.0,-2.0,0.281091439479,0.012280978547,-0.001745198893,0.001253779398,-0.026731653243,0.000345795551
6.0,-2.0,0.0,-2.0,0.431403460766,0.017701636182,0.004288772374,0.009549518733,-0.074004521525,9.5998588e-05
6.0,0.0,0.0,-2.0,0.431125711977,0.017630957268,0.001300237664,0.00506752523,-0.073280809536,0.000190248322
6.0,2.0,0.0,-2.0,0.429977250242,0.017617547055,-0.0016925127,0.000575775191,-0.072743989312,0.000284224354
8.0,-2.0,0.0,-2.0,0.580074024558,0.025199930266,0.003818759896,0.010184786674,-0.120972594003,0.000397609753
8.0,0.0,0.0,-2.0,0.579992649941,0.025133727579,0.001102087801,0.005040748042,-0.120315047861,0.000319983407
8.0,2.0,0.0,-2.0,0.578647487577,0.025101166286,-0.001618533112,-0.00011305631,-0.119714315188,0.000241590505
10.0,-2.0,0.0,-2.0,0.728259022216,0.034807436847,0.003309460953,0.01080706878,-0.16872245526,0.000681190483
10.0,0.0,0.0,-2.0,0.728374292554,0.034749151306,0.00090240438,0.005005639797,-0.168133037166,0.000448860209
10.0,2.0,0.0,-2.0,0.726834241483,0.034694322334,-0.001508557838,-0.000805563645,-0.167468486755,0.000215268842
-10.0,-2.0,0.0,0.0,-0.746028470323,0.035416305682,0.003763110195,-0.000897416656,0.257773768826,-0.002038272329
-10.0,0.0,0.0,0.0,-0.747165702666,0.035421139038,1.501159e-06,3.71879e-07,0.25836740766,-3.38907e-07
-10.0,2.0,0.0,0.0,-0.746028737297,0.035416582452,-0.003760071987,0.000898243395,0.257774014264,0.002037605099
-8.0,-2.0,0.0,0.0,-0.60248344193,0.025728720251,0.003797673556,-0.000222715647,0.221840314968,-0.001743085875
-8.0,0.0,0.0,0.0,-0.603427938052,0.025716666562,1.174049e-06,4.42503e-07,0.222376521683,-2.37952e-07
-8.0,2.0,0.0,0.0,-0.602484966004,0.025728668201,-0.003795282229,0.000223716359,0.221841489117,0.00174259677
-6.0,-2.0,0.0,0.0,-0.457441289129,0.018106293474,0.003797523085,0.000452972999,0.184135854976,-0.001462181516
-6.0,0.0,0.0,0.0,-0.458188733373,0.01808106679,9.19842e-07,5.1413e-07,0.184610210025,-1.87942e-07
-6.0,2.0,0.0,0.0,-0.45744105322,0.018106224265,-0.003795739571,-0.000452067021,0.184135838998,0.001461809951
-4.0,-2.0,0.0,0.0,-0.311135603383,0.0125959776,0.003761048179,0.001128935359,0.14475209316,-0.001195856308
-4.0,0.0,0.0,0.0,-0.3116862904,0.012561164412,6.05526e-07,3.32098e-07,0.145163654269,-1.24453e-07
-4.0,2.0,0.0,0.0,-0.311135423049,0.012595863101,-0.003760103289,-0.001128500662,0.144751890356,0.001195653154
-2.0,-2.0,0.0,0.0,-0.163808021902,0.009233100726,0.003687549903,0.001805124582,0.103791767781,-0.000944517061
-2.0,0.0,0.0,0.0,-0.164152554975,0.009192307343,1.21513e-07,5.4451e-08,0.104125831631,-2.389e-08
-2.0,2.0,0.0,0.0,-0.163808119956,0.009233070569,-0.003687310626,-0.001805054827,0.103791698578,0.000944471583
0.0,-2.0,0.0,0.0,-0.015706046841,0.008041766145,0.003575909539,0.002480495557,0.061367920989,-0.00070847762
0.0,0.0,0.0,0.0,-0.015860229118,0.007998607656,9.0932e-08,4.8423e-08,0.061650563541,-1.8129e-08
0.0,2.0,0.0,0.0,-0.015706200234,0.008041764474,-0.003575654382,-0.002480366536,0.061368094417,0.00070842748
2.0,-2.0,0.0,0.0,0.132919932552,0.00903387254,0.003425264016,0.003154014627,0.017603405215,-0.000488011935
2.0,0.0,0.0,0.0,0.132957206667,0.008991832442,-5.5894e-08,-6.4469e-08,0.017831994986,9.457e-09
2.0,2.0,0.0,0.0,0.132920023147,0.009033877441,-0.003425372063,-0.00315412907,0.017603222198,0.00048803075
4.0,-2.0,0.0,0.0,0.281821837467,0.012209364185,0.003235405076,0.003825014035,-0.027376127798,-0.000283489942
4.0,0.0,0.0,0.0,0.282050549191,0.012171880209,-2.52464e-07,-3.61956e-07,-0.027202470402,2.3904e-08
4.0,2.0,0.0,0.0,0.281821528832,0.012209339677,-0.003235904515,-0.003825726118,-0.027375899336,0.000283534126
6.0,-2.0,0.0,0.0,0.430730273155,0.017555305786,0.002992086809,0.004486561836,-0.073407585607,-9.2948261e-05
6.0,0.0,0.0,0.0,0.431165688092,0.017526547352,-2.92321e-07,-5.57925e-07,-0.073314198847,-6.609e-09
6.0,2.0,0.0,0.0,0.430730255109,0.017555199738,-0.002992676012,-0.004487726287,-0.073407741865,9.2929566e-05
8.0,-2.0,0.0,0.0,0.579416546373,0.025048280896,0.002719945927,0.005148260018,-0.120387540676,7.9125016e-05
8.0,0.0,0.0,0.0,0.580048268866,0.025031399927,-4.10814e-07,-1.033513e-06,-0.120358949086,-7.3468e-08
8.0,2.0,0.0,0.0,0.579416878808,0.025048125249,-0.00272071272,-0.005150201999,-0.120388056716,-7.9253274e-05
10.0,-2.0,0.0,0.0,0.727618269481,0.034651405958,0.002410070843,0.005805089959,-0.168150324312,0.000233982016
10.0,0.0,0.0,0.0,0.72844584591,0.034649697117,-5.95397e-07,-1.710937e-06,-0.168187660242,-1.83682e-07
10.0,2.0,0.0,0.0,0.727618848251,0.034651130403,-0.002411158972,-0.005808254776,-0.168151340732,-0.000234305347
-10.0,-2.0,0.0,2.0,-0.746611613668,0.035532914358,0.001021070689,-0.005878214978,0.258320891173,-0.001222138264
-10.0,0.0,0.0,2.0,-0.747075539348,0.035519112502,-0.002736153217,-0.004983297637,0.258315433976,0.000817153957
-10.0,2.0,0.0,2.0,-0.745265605336,0.03549569997,-0.006498683288,-0.004082728969,0.257123090451,0.0028557107
-8.0,-2.0,0.0,2.0,-0.603089337976,0.025841011074,0.001217158559,-0.005241596715,0.222403092357,-0.001045849053
-8.0,0.0,0.0,2.0,-0.603353175613,0.025817775069,-0.002574765551,-0.00502121231,0.222334487821,0.000698206906
-8.0,2.0,0.0,2.0,-0.601730157491,0.025818495945,-0.006372170496,-0.004795225215,0.221194948982,0.002441829082
-6.0,-2.0,0.0,2.0,-0.458069745338,0.018213585563,0.001385444395,-0.004596053119,0.184713809705,-0.000886854284
-6.0,0.0,0.0,2.0,-0.458130077247,0.018184624924,-0.002406518758,-0.005051252285,0.184578548078,0.000576230116
-6.0,2.0,0.0,2.0,-0.45669513303,0.018205864812,-0.006204244509,-0.005501050749,0.183494322626,0.002039261154
-4.0,-2.0,0.0,2.0,-0.311785579389,0.012697401125,0.001523464396,-0.003942241283,0.14534453355,-0.000744891799
-4.0,0.0,0.0,2.0,-0.311639955779,0.012666376836,-0.00222912335,-0.005072126774,0.145137359468,0.000451123671
-4.0,2.0,0.0,2.0,-0.310400290762,0.012704941532,-0.0059940644,-0.006199652613,0.144116964462,0.001648785628
-2.0,-2.0,0.0,2.0,-0.164479168738,0.009328029557,0.001630024649,-0.00328023306,0.104398109468,-0.0006199691
-2.0,0.0,0.0,2.0,-0.164125945922,0.009298778699,-0.002063174843,-0.005092283671,0.104114827531,0.000327481083
-2.0,2.0,0.0,2.0,-0.16308393798,0.009350910098,-0.005740937821,-0.006890123575,0.103163473215,0.001271186559
0.0,-2.0,0.0,2.0,-0.016397524787,0.008129558322,0.001703292388,-0.002610983807,0.061987289024,-0.00051191915
0.0,0.0,0.0,2.0,-0.015850289066,0.008105633829,-0.001878228055,-0.005098447869,0.061650788339,0.000199237894
0.0,2.0,0.0,2.0,-0.014994880735,0.00816778873,-0.005444608787,-0.007571626945,0.060748798029,0.000907243616
2.0,-2.0,0.0,2.0,0.13220931988,0.009113897183,0.001741853803,-0.001935503753,0.018234866584,-0.000420556265
2.0,0.0,0.0,2.0,0.132950706439,0.009098696709,-0.001689164943,-0.005096569868,0.017842899673,6.9910188e-05
2.0,2.0,0.0,2.0,0.133617998654,0.00916735939,-0.005105180211,-0.008243328312,0.016993100808,0.000557785226
4.0,-2.0,0.0,2.0,0.281091951775,0.012281034235,0.001744661621,-0.001254534932,-0.026732047195,-0.000345744703
4.0,0.0,0.0,2.0,0.282027561813,0.012277968007,-0.00149660892,-0.005086797255,-0.027180447848,-6.0062682e-05
4.0,2.0,0.0,2.0,0.282505278672,0.012349581238,-0.004723030959,-0.008904764242,-0.027975846938,0.000223596738
6.0,-2.0,0.0,2.0,0.429977693694,0.017617778457,0.00169186865,-0.000577008318,-0.072744073642,-0.000284217221
6.0,0.0,0.0,2.0,0.431126165252,0.017631110231,-0.001300839638,-0.00506868018,-0.073281023908,-0.000190237704
6.0,2.0,0.0,2.0,0.431403966283,0.017701688065,-0.004289403008,-0.009550721385,-0.074004939988,-9.6004381e-05
8.0,-2.0,0.0,2.0,0.578647247795,0.025101311413,0.001617739151,0.000111054225,-0.119713738474,-0.000241718737
8.0,0.0,0.0,2.0,0.57999239454,0.025133848972,-0.001102901208,-0.00504272556,-0.120314580567,-0.000320104456
8.0,2.0,0.0,2.0,0.58007410984,0.025199917524,-0.003819598749,-0.010186869181,-0.120972649194,-0.000397756419
10.0,-2.0,0.0,2.0,0.726833320049,0.034694550072,0.001507437974,0.00080235041,-0.167467143308,-0.000215593478
10.0,0.0,0.0,2.0,0.728373509576,0.03474937356,-0.000903556265,-0.005008854703,-0.168131981909,-0.000449173705
10.0,2.0,0.0,2.0,0.728259331099,0.034807146523,-0.003310518597,-0.010810182012,-0.168723223334,-0.000681519511
-10.0,-2.0,0.0,4.0,-0.747011641899,0.035843236238,-0.001710912865,-0.010833787106,0.258761588969,-0.000410687375
-10.0,0.0,0.0,4.0,-0.746805210764,0.035811139002,-0.005460362267,-0.009941924025,0.25815994175,0.001631912912
-10.0,2.0,0.0,4.0,-0.744326053875,0.035768820483,-0.009220457144,-0.009038871599,0.256371851892,0.003673040433
-8.0,-2.0,0.0,4.0,-0.603543406918,0.026153154405,-0.001354249505,-0.01023525221,0.222879537181,-0.000352978103
-8.0,0.0,0.0,4.0,-0.603129740916,0.026119036184,-0.005138096581,-0.010017710287,0.222209118709,0.00139430525
-8.0,2.0,0.0,4.0,-0.600829683515,0.026108253467,-0.008932882342,-0.00978903034,0.220467668862,0.003140728018
-6.0,-2.0,0.0,4.0,-0.458577768894,0.018525687928,-0.001018390799,-0.009619786576,0.185225553664,-0.000315589479
-6.0,0.0,0.0,4.0,-0.45795409287,0.018493309783,-0.004802090356,-0.010077676568,0.184483501028,0.001150647726
-6.0,2.0,0.0,4.0,-0.455835750398,0.018510425058,-0.008597337783,-0.010524770025,0.182792805241,0.002616809354
-4.0,-2.0,0.0,4.0,-0.312345811473,0.0130070937,-0.000706296213,-0.008987566213,0.145890390337,-0.000297728104
-4.0,0.0,0.0,4.0,-0.311517245545,0.012980420267,-0.004456137566,-0.010122729265,0.145081507425,0.000902542149
-4.0,2.0,0.0,4.0,-0.309583226774,0.013022398155,-0.008213781342,-0.011245627939,0.14344280678,0.002102548524
-2.0,-2.0,0.0,4.0,-0.165094038505,0.009633731525,-0.000421002298,-0.008340243989,0.104979515887,-0.000298820585
-2.0,0.0,0.0,4.0,-0.164046535974,0.009616228313,-0.004116283643,-0.010159050423,0.104082354907,0.000653765602
-2.0,2.0,0.0,4.0,-0.162310778477,0.009679413942,-0.00778096173,-0.011949590608,0.102517371917,0.001598922491
0.0,-2.0,0.0,4.0,-0.017065938213,0.008429228144,-0.00016373504,-0.007677320833,0.062603876403,-0.000318410663
0.0,0.0,0.0,4.0,-0.015820439414,0.008424602878,-0.003747294089,-0.010171352425,0.061650786227,0.000397682407
0.0,2.0,0.0,4.0,-0.014268087432,0.008505397829,-0.007300620561,-0.012637136932,0.060133034704,0.001107468295
2.0,-2.0,0.0,4.0,0.131488505827,0.009405543099,6.3114145e-05,-0.006999918497,0.018885737813,-0.000355774404
2.0,0.0,0.0,4.0,0.132931013799,0.009417216799,-0.003369942812,-0.010167496303,0.017875550774,0.000139401669
2.0,2.0,0.0,4.0,0.134299122261,0.009512076123,-0.006773040586,-0.013306607675,0.016407984089,0.000629398722
4.0,-2.0,0.0,4.0,0.280319724712,0.012562762511,0.000257804308,-0.006309031344,-0.026047385606,-0.000410310405
4.0,0.0,0.0,4.0,0.281958550994,0.012594043255,-0.00298548794,-0.010147688679,-0.027114617189,-0.000120161879
4.0,2.0,0.0,4.0,0.28313862701,0.012699291139,-0.006199038832,-0.01395766677,-0.028527644449,0.000165940785
6.0,-2.0,0.0,4.0,0.42915028191,0.017887354899,0.000394780611,-0.005615602079,-0.072018217039,-0.000477422299
6.0,0.0,0.0,4.0,0.431008209389,0.01794279703,-0.002594696686,-0.01011132362,-0.073182162191,-0.000380100572
6.0,2.0,0.0,4.0,0.431995455598,0.018054701023,-0.005576162643,-0.014587741002,-0.074533011459,-0.000282222244
8.0,-2.0,0.0,4.0,0.577770791532,0.025357407087,0.000517770259,-0.004901454336,-0.118955398231,-0.000564096414
8.0,0.0,0.0,4.0,0.579825569695,0.025439200423,-0.002198627865,-0.010059057609,-0.120182256127,-0.000639502421
8.0,2.0,0.0,4.0,0.580617445869,0.025553714303,-0.004909380672,-0.01519721666,-0.121466930427,-0.000713101224
10.0,-2.0,0.0,4.0,0.725909680259,0.034935087709,0.000606375121,-0.004175598285,-0.166678176433,-0.000666268498
10.0,0.0,0.0,4.0,0.728158805219,0.035046258436,-0.001801735615,-0.009990452845,-0.167967090053,-0.000896918342
10.0,2.0,0.0,4.0,0.728753394364,0.035159971581,-0.004202046716,-0.015786150249,-0.169181911333,-0.001125180274
-10.0,-2.0,0.0,6.0,-0.7472294856,0.036341287283,-0.004418892265,-0.015739178856,0.259094346724,0.000393265831
-10.0,0.0,0.0,6.0,-0.746359713179,0.036291554353,-0.008157934215,-0.014850812874,0.257903542583,0.002441239439
-10.0,2.0,0.0,6.0,-0.743218230939,0.036230215219,-0.011911628863,-0.013945242869,0.2555250713,0.004486677047
-8.0,-2.0,0.0,6.0,-0.603845510949,0.026659446278,-0.003903651542,-0.015178596022,0.223267766864,0.000333116266
-8.0,0.0,0.0,6.0,-0.602760955473,0.026614803335,-0.007676122368,-0.01496400887,0.222001700621,0.002085612315
-8.0,2.0,0.0,6.0,-0.599791413302,0.026592287579,-0.011465140503,-0.014732947432,0.219665134632,0.003836905946
-6.0,-2.0,0.0,6.0,-0.458964176146,0.019036370284,-0.00340220006,-0.014593060399,0.185669055911,0.000249746016
-6.0,0.0,0.0,6.0,-0.457664129089,0.019001073897,-0.007174178291,-0.015053775355,0.184327023624,0.001721111317
-6.0,2.0,0.0,6.0,-0.454869560516,0.019013928756,-0.010963464566,-0.015498231541,0.182036049864,0.003192426001
-4.0,-2.0,0.0,6.0,-0.312816600954,0.013519332097,-0.00291812219,-0.013982864761,0.146388826819,0.000144220736
-4.0,0.0,0.0,6.0,-0.311310184343,0.013496989869,-0.006661611132,-0.015122933258,0.144983402318,0.001350835434
-4.0,2.0,0.0,6.0,-0.308689694451,0.013542076834,-0.010407662386,-0.016240516822,0.142732835006,0.00255511217
-2.0,-2.0,0.0,6.0,-0.165650640378,0.010144198809,-0.002455418421,-0.013349725266,0.105533777284,1.7784935e-05
-2.0,0.0,0.0,6.0,-0.163915511231,0.010138465496,-0.006149130934,-0.015175006256,0.104028640713,0.000977610819
-2.0,2.0,0.0,6.0,-0.161493174007,0.010212325794,-0.009797109266,-0.01695811503,0.101856404291,0.001926331538
0.0,-2.0,0.0,6.0,-0.01770729493,0.008934700632,-0.002015828321,-0.012692915959,0.063213574948,-0.000128698795
0.0,0.0,0.0,6.0,-0.015772280305,0.008949325272,-0.005597882852,-0.01519353122,0.061651180445,0.000594485618
0.0,2.0,0.0,6.0,-0.013528611184,0.009048278511,-0.009134663622,-0.017651479619,0.059523462986,0.001308237163
2.0,-2.0,0.0,6.0,0.130761525218,0.009902842496,-0.001602609958,-0.012013951391,0.019551918615,-0.0002940067
2.0,0.0,0.0,6.0,0.132898366259,0.009941187171,-0.005033999068,-0.015187623082,0.017929539388,0.000208055105
2.0,2.0,0.0,6.0,0.134960086299,0.010061629026,-0.008420844385,-0.018318820406,0.015851111889,0.000702406994
4.0,-2.0,0.0,6.0,0.279508901034,0.013048639899,-0.001217519951,-0.011313053512,-0.025325230227,-0.000477140795
4.0,0.0,0.0,6.0,0.281844539382,0.013113964394,-0.004458783083,-0.015157436445,-0.027005955362,-0.000180364031
4.0,2.0,0.0,6.0,0.283720706878,0.013252219995,-0.007656897596,-0.018959525391,-0.029031290267,0.000110509686
6.0,-2.0,0.0,6.0,0.428253460424,0.018358514375,-0.000892780049,-0.010604241845,-0.071234612893,-0.000672078669
6.0,0.0,0.0,6.0,0.43081325265,0.018455536865,-0.003875200283,-0.015103464317,-0.073018561473,-0.000569220633
6.0,2.0,0.0,6.0,0.432502085708,0.018607757573,-0.006846417862,-0.019573375362,-0.074990460725,-0.000465386336
8.0,-2.0,0.0,6.0,0.576793735922,0.025810827807,-0.000574243333,-0.009863999371,-0.118118474849,-0.000887124376
8.0,0.0,0.0,6.0,0.579550876465,0.025941374486,-0.003285388917,-0.015024771102,-0.119964725933,-0.000956958249
8.0,2.0,0.0,6.0,0.581045250739,0.02610371689,-0.005984967551,-0.020156757645,-0.121868724195,-0.001024569252
10.0,-2.0,0.0,6.0,0.724853475522,0.035368212757,-0.000288750031,-0.009104463027,-0.165787893414,-0.001116812188
10.0,0.0,0.0,6.0,0.727804157758,0.035535079192,-0.00269084405,-0.014922194599,-0.167694226385,-0.001342252011
10.0,2.0,0.0,6.0,0.72910088048,0.035703429356,-0.005081316984,-0.020711327094,-0.169526970505,-0.001564119801
-10.0,-2.0,0.0,8.0,-0.747269777538,0.03701799913,-0.007090882898,-0.020570770002,0.259321639982,0.001187386488
-10.0,0.0,0.0,8.0,-0.745746197219,0.036950830662,-0.010815309417,-0.019685565876,0.25754912473,0.003242275141
-10.0,2.0,0.0,8.0,-0.741952935949,0.036871223395,-0.014560751937,-0.018778266557,0.254591577542,0.005294140313
-8.0,-2.0,0.0,8.0,-0.603999120447,0.027349886656,-0.006419097192,-0.020047567167,0.223568855985,0.001010341597
-8.0,0.0,0.0,8.0,-0.6022535108,0.027295223643,-0.010177003266,-0.019836005653,0.221716198899,0.002769916175
-8.0,2.0,0.0,8.0,-0.59862435384,0.02726121136,-0.013956827205,-0.01960259931,0.218793608664,0.004527879746
-6.0,-2.0,0.0,8.0,-0.459229705956,0.019735851804,-0.005754213232,-0.019491371294,0.186042987753,0.000807192902
-6.0,0.0,0.0,8.0,-0.457263699096,0.019698161077,-0.009511237949,-0.019954873629,0.184110689211,0.002285603598
-6.0,2.0,0.0,8.0,-0.453803760225,0.019706677614,-0.013291249053,-0.020396834531,0.181229115326,0.003763993973
-4.0,-2.0,0.0,8.0,-0.313198035901,0.014223981009,-0.005101361944,-0.01890363447,0.14683824622,0.000579526726
-4.0,0.0,0.0,8.0,-0.31102366232,0.014206191547,-0.008833987912,-0.020047529423,0.144845093831,0.001794206474
-4.0,2.0,0.0,8.0,-0.307726391278,0.014254150676,-0.012565589173,-0.021160126134,0.141991876351,0.003004818691
-2.0,-2.0,0.0,8.0,-0.166147712831,0.010849412632,-0.004463229816,-0.01828404064,0.106058381459,0.000328744051
-2.0,0.0,0.0,8.0,-0.163735144002,0.010855417542,-0.008151882937,-0.020115512824,0.103954521409,0.001297804134
-2.0,2.0,0.0,8.0,-0.160636958107,0.010939528954,-0.011780051284,-0.021891177182,0.101184813294,0.002252166107
0.0,-2.0,0.0,8.0,-0.018320133787,0.009636024111,-0.003843941543,-0.017633384094,0.063813860824,5.6521478e-05
0.0,0.0,0.0,8.0,-0.015704973345,0.009669683854,-0.007420969273,-0.020140055792,0.061651103263,0.000788837623
0.0,2.0,0.0,8.0,-0.012780942562,0.009786207635,-0.010938061142,-0.022589997989,0.058923048745,0.001508653208
2.0,-2.0,0.0,8.0,0.130032961695,0.010595860147,-0.003247008553,-0.016952968969,0.020228595226,-0.000235549395
2.0,0.0,0.0,8.0,0.132853711306,0.010660488694,-0.006673169812,-0.020132169745,0.01800362437,0.000275469735
2.0,2.0,0.0,8.0,0.135598478071,0.010805751946,-0.010040564292,-0.02325517296,0.015323581471,0.000776287499
4.0,-2.0,0.0,8.0,0.278667446035,0.013729040734,-0.002674413285,-0.016242257676,-0.024574251535,-0.000546036823
4.0,0.0,0.0,8.0,0.281686535558,0.013827798891,-0.005910783158,-0.02009235561,-0.026855065246,-0.000240497971
4.0,2.0,0.0,8.0,0.284249214995,0.013998056876,-0.009089576743,-0.023885654505,-0.029484549876,5.7222081e-05
6.0,-2.0,0.0,8.0,0.427292966149,0.019021454057,-0.002164105726,-0.015518002881,-0.070399265442,-0.000867640391
6.0,0.0,0.0,8.0,0.430544292185,0.019159335252,-0.005137572119,-0.020020043017,-0.072794193896,-0.000756914005
6.0,2.0,0.0,8.0,0.43291950631,0.019350761751,-0.008088335344,-0.024481033116,-0.075366488263,-0.000646153937
8.0,-2.0,0.0,8.0,0.575723602124,0.026452667022,-0.001653073434,-0.014752585421,-0.117208861169,-0.001209841583
8.0,0.0,0.0,8.0,0.579172207134,0.026631053856,-0.004354751119,-0.019915865918,-0.11966463391,-0.001272102795
8.0,2.0,0.0,8.0,0.581357540359,0.026839496266,-0.007040908455,-0.025040618059,-0.122178982847,-0.001331378113
10.0,-2.0,0.0,8.0,0.723674390377,0.035984713562,-0.001173291354,-0.013959702372,-0.164804641577,-0.001565812649
10.0,0.0,0.0,8.0,0.727315885115,0.036206223319,-0.003566370599,-0.019779542622,-0.167318709243,-0.001783870115
10.0,2.0,0.0,8.0,0.729304213472,0.036427756581,-0.005944074974,-0.025561490549,-0.169759861656,-0.001997187256
-10.0,-2.0,0.0,10.0,-0.747139388738,0.037860516539,-0.009713667611,-0.025305091574,0.25944594815,0.001968935387
-10.0,0.0,0.0,10.0,-0.744975412303,0.037777021028,-0.013421268885,-0.024423456834,0.257105086877,0.00403255095
-10.0,2.0,0.0,10.0,-0.74054352403,0.03767929976,-0.017154836777,-0.023514387567,0.253579425735,0.006092364024
-8.0,-2.0,0.0,10.0,-0.604008253084,0.028211676439,-0.008888271276,-0.024818490686,0.223783747841,0.001676342238
-8.0,0.0,0.0,10.0,-0.601615388677,0.028147535326,-0.012628719299,-0.024610073359,0.221357025271,0.003444747964
-8.0,2.0,0.0,10.0,-0.597339975307,0.028102013366,-0.01639580907,-0.024374289015,0.217859528353,0.005211011775
-6.0,-2.0,0.0,10.0,-0.459378604424,0.020611209255,-0.008062850577,-0.02429119386,0.186348043486,0.00135477013
-6.0,0.0,0.0,10.0,-0.456760278653,0.02057088867,-0.011802117337,-0.024757482035,0.183837955948,0.002842166336
-6.0,2.0,0.0,10.0,-0.452647958891,0.020575254558,-0.015569526878,-0.02519687609,0.180377514282,0.004329317233
-4.0,-2.0,0.0,10.0,-0.313490870868,0.015107646617,-0.007244297091,-0.023725174048,0.147237298168,0.001006452066
-4.0,0.0,0.0,10.0,-0.310662247544,0.015094470156,-0.010963461759,-0.024873196655,0.144668799663,0.002231142753
-4.0,2.0,0.0,10.0,-0.306702442683,0.015145061234,-0.014677612068,-0.025980934317,0.141225754381,0.003449950517
-2.0,-2.0,0.0,10.0,-0.166585114663,0.011735760034,-0.006434749308,-0.023119465428,0.106551560797,0.000633001937
-2.0,0.0,0.0,10.0,-0.163508726641,0.011753388835,-0.01011506254,-0.024956823068,0.10386126242,0.001613141081
-2.0,2.0,0.0,10.0,-0.159747874786,0.011847345683,-0.013720388974,-0.026724813884,0.100505990005,0.002575032187
0.0,-2.0,0.0,10.0,-0.018902626931,0.010519571159,-0.005639288751,-0.022474979407,0.064402205529,0.000236619064
0.0,0.0,0.0,10.0,-0.015619658238,0.010571914424,-0.00920793024,-0.024986863762,0.061649850638,0.000979943501
0.0,2.0,0.0,10.0,-0.012030339224,0.010705273851,-0.01270226824,-0.027429195161,0.058335451869,0.00170775628
2.0,-2.0,0.0,10.0,0.129307833019,0.011471022796,-0.004862135886,-0.021793202772,0.020910849563,-0.000180601569
2.0,0.0,0.0,10.0,0.132798150972,0.011561444797,-0.008279975411,-0.024977624991,0.018096433722,0.000341287522
2.0,2.0,0.0,10.0,0.136212321311,0.01173051542,-0.011624617956,-0.028091842221,0.014826814868,0.000850528666
4.0,-2.0,0.0,10.0,0.277762984906,0.014588650722,-0.004140781538,-0.021088314422,-0.023738118468,-0.000610773898
4.0,0.0,0.0,10.0,0.281489602191,0.014721864591,-0.007334336272,-0.024927815172,-0.026667949099,-0.000300495011
4.0,2.0,0.0,10.0,0.284723337824,0.014922947888,-0.010490411388,-0.028712391597,-0.029886887573,5.979568e-06
6.0,-2.0,0.0,10.0,0.426278724775,0.019863257986,-0.003413310438,-0.020333776816,-0.069519121228,-0.001063502371
6.0,0.0,0.0,10.0,0.430207697383,0.020041016628,-0.006373616448,-0.024838028954,-0.072512436978,-0.000943076776
6.0,2.0,0.0,10.0,0.433255737728,0.020270112835,-0.009303005757,-0.029289741879,-0.075674857943,-0.000823064166
8.0,-2.0,0.0,10.0,0.574568875708,0.027269681725,-0.002713011518,-0.019543112747,-0.116234727845,-0.001531177132
8.0,0.0,0.0,10.0,0.578694990964,0.027494664747,-0.005402610051,-0.02470820589,-0.119287540955,-0.001583813688
8.0,2.0,0.0,10.0,0.581560069089,0.027748092614,-0.008072532124,-0.029825884743,-0.122399658708,-0.001632854016
10.0,-2.0,0.0,10.0,0.722384041894,0.036772219888,-0.002042756512,-0.018717834515,-0.163737916514,-0.002011804931
10.0,0.0,0.0,10.0,0.72670216185,0.037046913855,-0.004424035577,-0.024539076341,-0.166846805811,-0.002220461879
10.0,2.0,0.0,10.0,0.729368293404,0.037319823054,-0.00678626246,-0.030313268543,-0.169883907138,-0.002423220647
-10.0,-2.0,2.0,-10.0,-0.760096583609,0.039102633915,0.016957850369,0.023128623021,0.270665078804,-0.005818110413
-10.0,0.0,2.0,-10.0,-0.764528799386,0.039234433403,0.013281025371,0.02419800709,0.274199036609,-0.003742364946
-10.0,2.0,2.0,-10.0,-0.766663389513,0.039347699411,0.00963058637,0.025239996909,0.276523847057,-0.001663159404
-8.0,-2.0,2.0,-10.0,-0.617053704634,0.029286817586,0.016229603783,0.024014319445,0.235172368616,-0.004944720797
-8.0,0.0,2.0,-10.0,-0.621332384275,0.029366208603,0.012511431004,0.024411118383,0.238677159411,-0.003161767578
-8.0,2.0,2.0,-10.0,-0.623697491954,0.02946074587,0.008820544742,0.02478119088,0.241089574603,-0.001377018447
-6.0,-2.0,2.0,-10.0,-0.472496424894,0.021515878091,0.015432368464,0.024863188229,0.19789024818,-0.004070114556
-6.0,0.0,2.0,-10.0,-0.476613889329,0.021545659833,0.011706554048,0.024586040562,0.201359181765,-0.002565585779
-6.0,2.0,2.0,-10.0,-0.479208908963,0.021617316304,0.008009188112,0.024282217287,0.203856922213,-0.001061072942
-4.0,-2.0,2.0,-10.0,-0.326659526896,0.015837621154,0.014567741093,0.02567417234,0.158909959143,-0.00319687209
-4.0,0.0,2.0,-10.0,-0.330631545086,0.015820920944,0.010891524483,0.024731069392,0.162370586309,-0.001960900428
-4.0,2.0,2.0,-10.0,-0.333434220969,0.015865556132,0.007201319495,0.023744079137,0.164920346523,-0.000717306355
-2.0,-2.0,2.0,-10.0,-0.179786297681,0.012288366113,0.013636136424,0.026445448696,0.118334268799,-0.002327295015
-2.0,0.0,2.0,-10.0,-0.18356457426,0.012228117972,0.010055887241,0.024840206925,0.121714449275,-0.001346458648
-2.0,2.0,2.0,-10.0,-0.18661411684,0.012242354069,0.006400974409,0.023166425772,0.124380275031,-0.000347668206
0.0,-2.0,2.0,-10.0,-0.032120849432,0.010893444568,0.012642007126,0.027177753784,0.076276646417,-0.001464443913
0.0,0.0,2.0,-10.0,-0.035734527452,0.010793423354,0.009164195948,0.024899067389,0.079621462357,-0.00071689501
0.0,2.0,2.0,-10.0,-0.038991718356,0.010773140364,0.005613097857,0.0225510229,0.082347338166,4.5773673e-05
2.0,-2.0,2.0,-10.0,0.11609522291,0.011665639025,0.011586226886,0.027868778562,0.032851153113,-0.000610567362
2.0,0.0,2.0,-10.0,0.112655013767,0.01152929636,0.008249146327,0.024917553916,0.036150928986,-8.08008e-05
2.0,2.0,2.0,-10.0,0.10918829709,0.011471322894,0.004839880293,0.021896863488,0.038941345647,0.000461315204
4.0,-2.0,2.0,-10.0,0.26461125897,0.014606201654,0.010471625182,0.028517931536,-0.011812604164,0.000231643943
4.0,0.0,2.0,-10.0,0.261349648877,0.01443723442,0.007314074851,0.02489642169,-0.008563031052,0.000559481447
4.0,2.0,2.0,-10.0,0.257639175325,0.014336329666,0.00412609109,0.021222610049,-0.005648244729,0.000889766169
6.0,-2.0,2.0,-10.0,0.413173682473,0.019703960282,0.009301131685,0.029123814688,-0.057577246845,0.00105951357
6.0,0.0,2.0,-10.0,0.410094566227,0.019506329496,0.006362130979,0.024835285148,-0.054381708205,0.001201585919
6.0,2.0,2.0,-10.0,0.406179553108,0.019360874843,0.003398465909,0.02049616437,-0.051403476138,0.001342838006
8.0,-2.0,2.0,-10.0,0.561533454097,0.026936295097,0.008080234427,0.029686577368,-0.104304483671,0.001869896817
8.0,0.0,2.0,-10.0,0.55863970718,0.026713734151,0.005397458794,0.024733616545,-0.101166927661,0.001842846269
8.0,2.0,2.0,-10.0,0.554524069006,0.026520932361,0.002695586788,0.01973320954,-0.098127033625,0.001811864352
10.0,-2.0,2.0,-10.0,0.709427738318,0.036266911258,0.006805738636,0.030201800224,-0.151830463288,0.002661102069
10.0,0.0,2.0,-10.0,0.706730436246,0.036024403279,0.004422015536,0.024592033358,-0.148766774101,0.002481088584
10.0,2.0,2.0,-10.0,0.702419710118,0.035781706308,0.002020004391,0.018934667042,-0.145669219764,0.002294815398
-10.0,-2.0,2.0,-8.0,-0.761945949193,0.038361295368,0.014387762512,0.018430011568,0.272078538725,-0.005071911652
-10.0,0.0,2.0,-8.0,-0.765743491788,0.038469399031,0.010701122896,0.019501133511,0.275044444038,-0.00300371777
-10.0,2.0,2.0,-8.0,-0.76724035202,0.038560650283,0.007035615595,0.020550457169,0.276801559452,-0.000932705336
-8.0,-2.0,2.0,-8.0,-0.61878424763,0.028503655906,0.013810159067,0.019274744164,0.236510929135,-0.004312167559
-8.0,0.0,2.0,-8.0,-0.622419672532,0.02856615327,0.010081394616,0.019673202741,0.239443011801,-0.002537161093
-8.0,2.0,2.0,-8.0,-0.62413923026,0.028645457863,0.006374601154,0.020050189828,0.241281550804,-0.000760714305
-6.0,-2.0,2.0,-8.0,-0.474102549393,0.020695862933,0.01317015465,0.020090678271,0.199151269343,-0.003554183339
-6.0,0.0,2.0,-8.0,-0.477570447671,0.020715636803,0.009433104209,0.01981457424,0.202042425913,-0.002058020181
-6.0,2.0,2.0,-8.0,-0.47951388608,0.020779045617,0.005719160066,0.019517234423,0.203961795586,-0.000561915172
-4.0,-2.0,2.0,-8.0,-0.328138486873,0.014985885507,0.012468581491,0.020875760641,0.160089972221,-0.002800131465
-4.0,0.0,2.0,-8.0,-0.331449663393,0.01496611187,0.008776226593,0.019931750365,0.162961318522,-0.001571946596
-4.0,2.0,2.0,-8.0,-0.333598947357,0.015009565032,0.005073434369,0.018952603328,0.164935519981,-0.000337820488
-2.0,-2.0,2.0,-8.0,-0.181132995607,0.011410232436,0.011705752763,0.021629097565,0.119429844162,-0.00205193746
-2.0,0.0,2.0,-8.0,-0.184251614581,0.011354082532,0.00810321823,0.02002035712,0.122226617184,-0.001078155607
-2.0,2.0,2.0,-8.0,-0.186636746189,0.011374101175,0.0044410337,0.018356042508,0.124304307458,-8.9979065e-05
0.0,-2.0,2.0,-8.0,-0.033332930649,0.009994273633,0.010885163157,0.022350822244,0.077284473887,-0.001312160128
0.0,0.0,2.0,-8.0,-0.036278646108,0.009905250162,0.007385289214,0.020067905937,0.080039123509,-0.000572209315
0.0,2.0,2.0,-8.0,-0.038870475451,0.009897992755,0.003826180298,0.017729225392,0.082178188569,0.000179997993
2.0,-2.0,2.0,-8.0,0.115018933689,0.010750980582,0.010007139683,0.023039070568,0.033769961569,-0.00058262087
2.0,0.0,2.0,-8.0,0.112246937587,0.010632785391,0.006647830831,0.020083471623,0.03648164335,-6.0828743e-05
2.0,2.0,2.0,-8.0,0.109450971479,0.010594775808,0.003230742345,0.017071741695,0.038680428652,0.000470844718
4.0,-2.0,2.0,-8.0,0.263672033123,0.01368162233,0.009074174115,0.023693203632,-0.01098522244,0.000134405283
4.0,0.0,2.0,-8.0,0.261081464364,0.013537815925,0.005895169164,0.020066871997,-0.008325067959,0.000453749518
4.0,2.0,2.0,-8.0,0.258048744938,0.013464199184,0.002693665372,0.016399503469,-0.006010296017,0.000774690492
6.0,-2.0,2.0,-8.0,0.412374220137,0.018775258095,0.008089637426,0.024312351526,-0.056845757755,0.000836520892
6.0,0.0,2.0,-8.0,0.409967272135,0.018609560776,0.005127882899,0.020017716804,-0.05423911852,0.000969935277
6.0,2.0,2.0,-8.0,0.406730610694,0.01849835267,0.002151074612,0.015684826279,-0.051859339626,0.001101935413
8.0,-2.0,2.0,-8.0,0.560865711016,0.026008356379,0.007049768152,0.024892768707,-0.103657174682,0.001522460256
8.0,0.0,2.0,-8.0,0.55865130257,0.025825004311,0.004350429304,0.019936236739,-0.101117678338,0.001485500305
8.0,2.0,2.0,-8.0,0.555215320853,0.025673345572,0.001635852773,0.01494148233,-0.098676267086,0.001445357153
10.0,-2.0,2.0,-8.0,0.70889818545,0.035346146616,0.005964296533,0.02543630685,-0.151278378976,0.002188760023
10.0,0.0,2.0,-8.0,0.70687994102,0.035149230686,0.003564528262,0.019822180211,-0.148811028557,0.001998555267
10.0,2.0,2.0,-8.0,0.70324853133,0.034954376774,0.00114997794,0.014170048193,-0.146310244417,0.001803308292
-10.0,-2.0,2.0,-6.0,-0.763559177969,0.03777553589,0.011765009343,0.013637826154,0.273328320285,-0.004320745837
-10.0,0.0,2.0,-6.0,-0.766708098211,0.037859094495,0.008070965593,0.014709966904,0.275715444424,-0.00225846278
-10.0,2.0,2.0,-6.0,-0.767553744022,0.037927034991,0.004392804036,0.015765621363,0.276892458075,-0.000194048599
-8.0,-2.0,2.0,-6.0,-0.620303744102,0.027882912479,0.011340359466,0.014440717161,0.237703284384,-0.003676026268
-8.0,0.0,2.0,-6.0,-0.623281521416,0.027927743162,0.007603698533,0.014840222284,0.24005038622,-0.001907296163
-8.0,2.0,2.0,-6.0,-0.624343584869,0.027990815377,0.003883646397,0.015222943366,0.241303037514,-0.000137545477
-6.0,-2.0,2.0,-6.0,-0.475524849888,0.02004393726,0.010860126967,0.015222419823,0.200282718751,-0.00303613833
-6.0,0.0,2.0,-6.0,-0.478329171118,0.020053269685,0.007114856508,0.014946743868,0.202584018701,-0.001546684643
-6.0,2.0,2.0,-6.0,-0.479606813896,0.020107487329,0.00338709492,0.014655340156,0.203912466114,-5.7278396e-05
-4.0,-2.0,2.0,-6.0,-0.32946060776,0.014306856615,0.010324454105,0.015980773465,0.161157649704,-0.002402808413
-4.0,0.0,2.0,-6.0,-0.332097336336,0.014283881325,0.006618962187,0.015035207051,0.163427718836,-0.001180691604
-4.0,2.0,2.0,-6.0,-0.333579754562,0.01432550543,0.002906618528,0.01406333423,0.16481408599,4.5668674e-05
-2.0,-2.0,2.0,-6.0,-0.18235094641,0.010708510281,0.00973369972,0.01671566755,0.120431327763,-0.00177763663
-2.0,0.0,2.0,-6.0,-0.184795402597,0.010656361008,0.006112052991,0.015102499045,0.122631281817,-0.000809144941
-2.0,2.0,2.0,-6.0,-0.186503338327,0.01068180483,0.002445496541,0.013447544835,0.124109626922,0.000170194086
0.0,-2.0,2.0,-6.0,-0.034443392457,0.00927404531,0.009090089385,0.017426477874,0.078215782363,-0.001162597103
0.0,0.0,2.0,-6.0,-0.036711467659,0.009196346387,0.005570641104,0.015138586171,0.080372435486,-0.000428293056
0.0,2.0,2.0,-6.0,-0.038622128337,0.009201810022,0.002006787629,0.012808770179,0.081909177179,0.000315190538
2.0,-2.0,2.0,-6.0,0.11401502433,0.010016691062,0.008393028808,0.018111315244,0.034631081593,-0.000559014493
2.0,0.0,2.0,-6.0,0.111926581228,0.009917012191,0.00501435759,0.015150257938,0.036740117473,-4.3342837e-05
2.0,2.0,2.0,-6.0,0.109813634037,0.009899108585,0.001592483232,0.012147436861,0.038337096652,0.000479747501
4.0,-2.0,2.0,-6.0,0.262776015168,0.012937707267,0.007645072176,0.018770042675,-0.010195837818,3.117573e-05
4.0,0.0,2.0,-6.0,0.260870603891,0.012819695016,0.00444640254,0.015138327268,-0.008137964995,0.000344084535
4.0,2.0,2.0,-6.0,0.258559449047,0.012775084756,0.001205254954,0.011464077189,-0.006484637471,0.000662651312
6.0,-2.0,2.0,-6.0,0.411582331529,0.018026019419,0.006843712552,0.019399541051,-0.05612197562,0.000606899394
6.0,0.0,2.0,-6.0,0.409867863819,0.017893549443,0.003868608976,0.015101431691,-0.054126762216,0.000732541801
6.0,2.0,2.0,-6.0,0.407324373644,0.01781710507,0.000881481907,0.010774403957,-0.052359347837,0.000857208515
8.0,-2.0,2.0,-6.0,0.560184073839,0.02525858839,0.005994805648,0.020000535364,-0.103009144893,0.001165675036
8.0,0.0,2.0,-6.0,0.55866328055,0.025115525281,0.003281643101,0.015040158344,-0.101080762662,0.001120752249
8.0,2.0,2.0,-6.0,0.555920984726,0.025005667162,0.000557536841,0.010050957104,-0.099250676711,0.001073359771
10.0,-2.0,2.0,-6.0,0.708327281264,0.034600374566,0.005102187613,0.020572557062,-0.15070750355,0.001705409553
10.0,0.0,2.0,-6.0,0.707002699221,0.034450667209,0.002689180287,0.014954276667,-0.148849819675,0.001506947654
10.0,2.0,2.0,-6.0,0.704064834528,0.034304531705,0.000265035204,0.009307364863,-0.146958608237,0.001304683555
-10.0,-2.0,2.0,-4.0,-0.764917862158,0.037356484007,0.009101286353,0.008774967724,0.274403040683,-0.003566442628
-10.0,0.0,2.0,-4.0,-0.767407720743,0.037414804359,0.005402557103,0.009847031096,0.27620190109,-0.001508357866
-10.0,2.0,2.0,-4.0,-0.767592679279,0.037458440236,0.00171452866,0.010908113605,0.27678993251,0.00055112459
-8.0,-2.0,2.0,-4.0,-0.621596305502,0.027436262917,0.008831450788,0.009535130419,0.238737869377,-0.003037843953
-8.0,0.0,2.0,-4.0,-0.623906998843,0.027462950637,0.005089879709,0.009934405425,0.240490348128,-0.00127367285
-8.0,2.0,2.0,-4.0,-0.62430089482,0.027508899179,0.001359340613,0.010322251935,0.241148218463,0.000491183008
-6.0,-2.0,2.0,-4.0,-0.476748804195,0.019572449373,0.008513076537,0.010281846484,0.20127440796,-0.002517208814
-6.0,0.0,2.0,-4.0,-0.478878340743,0.019570849539,0.004762743035,0.010006029496,0.202976013645,-0.001032646565
-6.0,2.0,2.0,-4.0,-0.479481471382,0.019615363014,0.001023933186,0.009719186727,0.203704730384,0.000451889522
-4.0,-2.0,2.0,-4.0,-0.330612859577,0.01381353109,0.008145691517,0.011013033817,0.162104110937,-0.00200581896
-4.0,0.0,2.0,-4.0,-0.332565309499,0.013787063909,0.004429798157,0.010064700751,0.163763296078,-0.000787814987
-4.0,2.0,2.0,-4.0,-0.333370948136,0.013826332225,0.000711151083,0.009099508548,0.164552685701,0.000432619764
-2.0,-2.0,2.0,-4.0,-0.183429679276,0.010196342765,0.007729017395,0.011728567753,0.121330709492,-0.001504801891
-2.0,0.0,2.0,-4.0,-0.185189088866,0.010148227977,0.004091402991,0.010110238796,0.122924027338,-0.000539669292
-2.0,2.0,2.0,-4.0,-0.186209895256,0.010178732477,0.000423630266,0.008463903767,0.123793875327,0.000432742172
0.0,-2.0,2.0,-4.0,-0.035445978132,0.008746211566,0.007264455685,0.012427680203,0.07906580361,-0.00101566356
0.0,0.0,2.0,-4.0,-0.037024647623,0.00868000855,0.003728881151,0.010134405903,0.080612932528,-0.000285081706
0.0,2.0,2.0,-4.0,-0.038244738678,0.008698068868,0.000163722416,0.007813076876,0.08153961343,0.000451615605
2.0,-2.0,2.0,-4.0,0.113089002938,0.009476415132,0.006751179043,0.013108997289,0.035430536841,-0.000539323871
2.0,0.0,2.0,-4.0,0.111693660294,0.009395709376,0.003356774658,0.010142445002,0.036928659444,-2.7803702e-05
2.0,2.0,2.0,-4.0,0.11027608037,0.009397833632,-6.6875156e-05,0.007147667548,0.037912072739,0.000488711694
4.0,-2.0,2.0,-4.0,0.261928188227,0.012388303108,0.006190959727,0.013772142054,-0.009448946525,-7.7238918e-05
4.0,0.0,2.0,-4.0,0.260720273124,0.012296631068,0.002976284512,0.010134202891,-0.008005272032,0.000231188262
4.0,2.0,2.0,-4.0,0.259104001949,0.012279465052,-0.000266551395,0.006468106713,-0.0069629196,0.00054338673
6.0,-2.0,2.0,-4.0,0.410808168114,0.017470497005,0.005575468219,0.014411827673,-0.055420270227,0.000370849029
6.0,0.0,2.0,-4.0,0.40979700385,0.017371986416,0.00258901115,0.010109824917,-0.054046292761,0.000490930906
6.0,2.0,2.0,-4.0,0.407957367628,0.017330636466,-0.0004039996,0.005788411284,-0.052900879375,0.000610150399
8.0,-2.0,2.0,-4.0,0.559488605067,0.02470057174,0.004920307168,0.015033175151,-0.102361631584,0.000801171122
8.0,0.0,2.0,-4.0,0.55867237296,0.024598757139,0.002196792792,0.010068618424,-0.101054215518,0.000750293623
8.0,2.0,2.0,-4.0,0.556634319385,0.024531212527,-0.000533983985,0.005084807082,-0.099844873202,0.000697764246
10.0,-2.0,2.0,-4.0,0.707714214756,0.034043696997,0.004223530305,0.015634003529,-0.150117795107,0.00121303191
10.0,0.0,2.0,-4.0,0.707093853261,0.033942164282,0.001800356995,0.010011329859,-0.148879434403,0.001008388185
10.0,2.0,2.0,-4.0,0.704859951123,0.033845215415,-0.00063029153,0.004369491529,-0.147607508162,0.000801215035
-10.0,-2.0,2.0,-2.0,-0.766008302486,0.037112160352,0.006408983791,0.003864907934,0.275292606842,-0.002810771991
-10.0,0.0,2.0,-2.0,-0.767832223267,0.037144854626,0.00270846222,0.004935815925,0.276496898478,-0.000755099246
-10.0,2.0,2.0,-2.0,-0.767349792455,0.037163547121,-0.00098658073,0.006001312908,0.276489649843,0.001301221598
-8.0,-2.0,2.0,-2.0,-0.622648245349,0.027172074374,0.006295293416,0.004582241963,0.239604801416,-0.002399037403
-8.0,0.0,2.0,-2.0,-0.624286215727,0.027180508204,0.002551732261,0.004979758376,0.240756976888,-0.000637584567
-8.0,2.0,2.0,-2.0,-0.624005443065,0.027208652798,-0.00118628628,0.005371802388,0.240813949003,0.001124231696
-6.0,-2.0,2.0,-2.0,-0.477763269028,0.019290341654,0.006139993547,0.005292900327,0.202117872771,-0.001998451787
-6.0,0.0,2.0,-2.0,-0.479211532529,0.019277725957,0.002387624041,0.005015688539,0.20321357573,-0.000516853103
-6.0,2.0,2.0,-2.0,-0.47913286171,0.019311889296,-0.001358983808,0.004732885095,0.203336171146,0.000964725511
-4.0,-2.0,2.0,-2.0,-0.331586828304,0.013515091009,0.005942147268,0.005996241134,0.162922387747,-0.001609757665
-4.0,0.0,2.0,-2.0,-0.332846906696,0.013485092276,0.002219139533,0.005044428963,0.163963431708,-0.000393901505
-4.0,2.0,2.0,-2.0,-0.332969221042,0.013521583153,-0.001502432053,0.004085199644,0.164149808944,0.000822551968
-2.0,-2.0,2.0,-2.0,-0.1843611922,0.009883396747,0.005701043986,0.006691900424,0.122121698786,-0.001233715732
-2.0,0.0,2.0,-2.0,-0.185427925031,0.009839402488,0.002050679995,0.005067661555,0.123101283198,-0.000269895196
-2.0,2.0,2.0,-2.0,-0.185754253589,0.009874616638,-0.001614473166,0.003429608678,0.123356089447,0.000697516701
0.0,-2.0,2.0,-2.0,-0.03633299567,0.008420632909,0.005417168514,0.007379234949,0.079827466767,-0.00087129035
0.0,0.0,2.0,-2.0,-0.037214542165,0.00836619278,0.001868992144,0.005079876545,0.08075903925,-0.000142398644
0.0,2.0,2.0,-2.0,-0.037735830431,0.008396577997,-0.001693876056,0.002766513634,0.08106770023,0.000589532523
2.0,-2.0,2.0,-2.0,0.112246774684,0.009140251945,0.005089519752,0.008056737494,0.036163304402,-0.000523068072
2.0,0.0,2.0,-2.0,0.111553293916,0.009078837048,0.001682535667,0.005083906811,0.037042234413,-1.356655e-05
2.0,2.0,2.0,-2.0,0.110837315392,0.009100902016,-0.001739195604,0.002096913506,0.037406604345,0.000498449234
4.0,-2.0,2.0,-2.0,0.261132253301,0.012043516556,0.00471866292,0.008723894748,-0.008747829625,-0.000189906752
4.0,0.0,2.0,-2.0,0.260627334863,0.011978681975,0.00149191837,0.005079668606,-0.007922438595,0.000116120185
4.0,2.0,2.0,-2.0,0.259716876486,0.011989000912,-0.001749412984,0.001421254281,-0.007501872794,0.000424093784
6.0,-2.0,2.0,-2.0,0.410055014185,0.017118920555,0.004290986697,0.009373808474,-0.054743989345,0.00012969141
6.0,0.0,2.0,-2.0,0.409754912476,0.017054958672,0.001297847546,0.005067422866,-0.053998534525,0.000246184572
6.0,2.0,2.0,-2.0,0.408625843482,0.017048815372,-0.001698954999,0.000751431098,-0.0534809108,0.000362301273
8.0,-2.0,2.0,-2.0,0.558783875748,0.024344776947,0.003831550386,0.010015645538,-0.101719170356,0.000430696792
8.0,0.0,2.0,-2.0,0.558679114953,0.024284740275,0.001099901312,0.00504662994,-0.101039145669,0.000376216636
8.0,2.0,2.0,-2.0,0.557352725442,0.024259663658,-0.001633122852,6.7975718e-05,-0.100457414499,0.000320586754
10.0,-2.0,2.0,-2.0,0.707057668599,0.033685484582,0.003332317727,0.010644738518,-0.149509259582,0.000713893165
10.0,0.0,2.0,-2.0,0.707149760386,0.033632956895,0.000902251881,0.005017701602,-0.148897724041,0.000505272804
10.0,2.0,2.0,-2.0,0.705627629116,0.033585892075,-0.001531579757,-0.000619123058,-0.148251797809,0.000295329277
-10.0,-2.0,2.0,0.0,-0.766820731363,0.037047349208,0.003700823893,-0.001068330353,0.27598952014,-0.002055390955
-10.0,0.0,2.0,0.0,-0.76797486857,0.037054333898,1.490263e-06,3.43116e-07,0.276595906703,-2.98048e-07
-10.0,2.0,2.0,0.0,-0.766821912566,0.037047596299,-0.003697592749,0.001069210508,0.275990311375,0.002054689003
-8.0,-2.0,2.0,0.0,-0.623453124781,0.027095742179,0.003743692954,-0.000394689557,0.240298083447,-0.00176094377
-8.0,0.0,2.0,0.0,-0.624413432016,0.027085761805,1.356702e-06,5.64526e-07,0.240846354935,-2.83985e-07
-8.0,2.0,2.0,0.0,-0.623455309177,0.027095751183,-0.003741070438,0.000395802005,0.240299640549,0.001760402923
-6.0,-2.0,2.0,0.0,-0.478560199838,0.019203003903,0.003752133967,0.00028003944,0.202806826996,-0.001480811114
-6.0,0.0,2.0,0.0,-0.479323432755,0.019179407456,1.002225e-06,5.46739e-07,0.203293293012,-2.06087e-07
-6.0,2.0,2.0,0.0,-0.478559548343,0.019202824522,-0.00375015638,-0.000279072906,0.202806557922,0.001480389005
-4.0,-2.0,2.0,0.0,-0.332374280759,0.013417238047,0.003724408442,0.00095529387,0.163606093595,-0.001215223736
-4.0,0.0,2.0,0.0,-0.33293487229,0.013383719701,6.10823e-07,2.66795e-07,0.16402031361,-1.34331e-07
-4.0,2.0,2.0,0.0,-0.332374208056,0.013417145065,-0.003723405514,-0.000954902406,0.163605925158,0.001215003285
-2.0,-2.0,2.0,0.0,-0.185137472055,0.009775516814,0.003659738043,0.001630964368,0.122798098467,-0.000964605138
-2.0,0.0,2.0,0.0,-0.185507727709,0.009735788514,1.38868e-07,7.9161e-08,0.123160650548,-2.6692e-08
-2.0,2.0,2.0,0.0,-0.185137569144,0.009775478965,-0.003659458174,-0.001630873814,0.122797965862,0.000964554351
0.0,-2.0,2.0,0.0,-0.037097934856,0.008303442215,0.003557496525,0.002306191918,0.080496660964,-0.000729375088
0.0,0.0,2.0,0.0,-0.037277931693,0.008260910915,1.4442e-07,5.9966e-08,0.080808043286,-2.8977e-08
0.0,2.0,2.0,0.0,-0.03709810309,0.008303443082,-0.003557189487,-0.002305996846,0.080496924759,0.000729315825
2.0,-2.0,2.0,0.0,0.111495266327,0.009014372688,0.003416115064,0.002979622977,0.036822759594,-0.000509660562
2.0,0.0,2.0,0.0,0.111506436935,0.008972523668,-5.6302e-08,-6.3618e-08,0.037080113141,8.232e-09
2.0,2.0,2.0,0.0,0.111495326162,0.009014376498,-0.003416233898,-0.002979744851,0.036822648048,0.000509678512
4.0,-2.0,2.0,0.0,0.26039446679,0.011909748603,0.003235553894,0.003650759838,-0.008098160577,-0.000305868298
4.0,0.0,2.0,0.0,0.26059701354,0.011872025532,-2.55885e-07,-3.49826e-07,-0.007895589176,2.5364e-08
4.0,2.0,2.0,0.0,0.260394205453,0.011909721452,-0.003236074649,-0.003651447564,-0.008097981999,0.000305916285
6.0,-2.0,2.0,0.0,0.409325948445,0.016977722449,0.002996460205,0.004310472267,-0.054095812653,-0.000115193574
6.0,0.0,2.0,0.0,0.409740139216,0.016948666397,-2.89839e-07,-5.54655e-07,-0.053981616617,-1.517e-09
6.0,2.0,2.0,0.0,0.409325648918,0.016977655676,-0.002997029791,-0.004311570344,-0.054095671447,0.00011519076
8.0,-2.0,2.0,0.0,0.558070564214,0.024197145329,0.002733677657,0.004972696037,-0.101082881454,5.6121937e-05
8.0,0.0,2.0,0.0,0.558681383014,0.024179561332,-4.01789e-07,-1.011163e-06,-0.101033731035,-7.1737e-08
8.0,2.0,2.0,0.0,0.558070831023,0.024197043841,-0.002734403653,-0.004974576585,-0.101083364889,-5.625392e-05
10.0,-2.0,2.0,0.0,0.70636097025,0.033532079795,0.002433141659,0.005630317066,-0.148886181558,0.000210254733
10.0,0.0,2.0,0.0,0.707167737924,0.033529314337,-5.51732e-07,-1.654973e-06,-0.148902927272,-1.80065e-07
10.0,2.0,2.0,0.0,0.706361496327,0.033531866683,-0.002434132477,-0.00563336677,-0.148887148873,-0.000210577981
-10.0,-2.0,2.0,2.0,-0.76734958115,0.037163489665,0.000989710839,-0.00600046838,0.27648915028,-0.001301880561
-10.0,0.0,2.0,2.0,-0.767833544501,0.037144946944,-0.002705441774,-0.004935105892,0.276497435609,0.000754485983
-10.0,2.0,2.0,2.0,-0.766010656056,0.037112461692,-0.006405684739,-0.003863981443,0.275293830672,0.002810042803
-8.0,-2.0,2.0,2.0,-0.624004763777,0.027208719588,0.001188904795,-0.005370677417,0.240813155497,-0.001124770235
-8.0,0.0,2.0,2.0,-0.624286825095,0.027180543523,-0.00254902017,-0.004978614271,0.240757186615,0.000637013011
-8.0,2.0,2.0,2.0,-0.622650881874,0.027172138867,-0.00629263059,-0.004581103622,0.239606434644,0.002398477936
-6.0,-2.0,2.0,2.0,-0.479134537734,0.019312158924,0.001360990574,-0.004731952763,0.203337010475,-0.000965170278
-6.0,0.0,2.0,2.0,-0.479212522292,0.019277802967,-0.00238559639,-0.00501458713,0.20321404936,0.000516426907
-6.0,2.0,2.0,2.0,-0.477763428671,0.019290247779,-0.0061380224,-0.0052918904,0.202117941495,0.001998033747
-4.0,-2.0,2.0,2.0,-0.332970095386,0.013521661575,0.001503447762,-0.004084744531,0.164150487655,-0.00082276588
-4.0,0.0,2.0,2.0,-0.332846732577,0.013484967462,-0.002217703284,-0.005043566586,0.163963294426,0.000393627952
-4.0,2.0,2.0,2.0,-0.331587737724,0.013515108302,-0.005940999384,-0.005995797359,0.162923176455,0.001609506556
-2.0,-2.0,2.0,2.0,-0.185754784944,0.009874656905,0.001615177701,-0.003429162872,0.123356628416,-0.000697642869
-2.0,0.0,2.0,2.0,-0.185427870404,0.009839347899,-0.002050359284,-0.005067527921,0.12310113373,0.000269839306
-2.0,2.0,2.0,2.0,-0.184361332559,0.009883344057,-0.005700750689,-0.0066918005,0.122121655751,0.001233665959
0.0,-2.0,2.0,2.0,-0.037735759299,0.008396593917,0.001694158205,-0.002766357503,0.081068264531,-0.000589582725
0.0,0.0,2.0,2.0,-0.037214402587,0.008366200161,-0.001868806372,-0.005079741488,0.080759219748,0.000142363923
0.0,2.0,2.0,2.0,-0.036334475847,0.008420661649,-0.005417080232,-0.007379268764,0.079828804089,0.000871268096
2.0,-2.0,2.0,2.0,0.110837518252,0.009100907213,0.001739091234,-0.002097009624,0.037406488047,-0.000498433086
2.0,0.0,2.0,2.0,0.111553574365,0.00907884395,-0.00168266461,-0.005084045559,0.037041925898,1.3585161e-05
2.0,2.0,2.0,2.0,0.112247100156,0.00914026121,-0.005089672189,-0.008056911514,0.036162801018,0.000523088612
4.0,-2.0,2.0,2.0,0.259716246057,0.011989000543,0.001748921548,-0.001421877819,-0.007500872022,-0.000424040552
4.0,0.0,2.0,2.0,0.260626983913,0.01197869849,-0.001492367152,-0.005080238795,-0.007921824435,-0.000116069371
4.0,2.0,2.0,2.0,0.261131874473,0.012043553072,-0.004719088851,-0.008724430742,-0.008747223658,0.00018995718
6.0,-2.0,2.0,2.0,0.408625436231,0.017048989287,0.001698412253,-0.000752473386,-0.053480087838,-0.000362295926
6.0,0.0,2.0,2.0,0.409754598076,0.017055075031,-0.001298362234,-0.005068390469,-0.053998019259,-0.000246172108
6.0,2.0,2.0,2.0,0.410054543267,0.017119065486,-0.004291510425,-0.009374759285,-0.054743345736,-0.000129674143
8.0,-2.0,2.0,2.0,0.557352795833,0.024259962441,0.001632336141,-6.9952984e-05,-0.100456956195,-0.000320687743
8.0,0.0,2.0,2.0,0.558679059258,0.024284955231,-0.00110067397,-0.005048577256,-0.101038708068,-0.000376325253
8.0,2.0,2.0,2.0,0.558783884106,0.024344775207,-0.003832243141,-0.01001741539,-0.101719155262,-0.000430801336
10.0,-2.0,2.0,2.0,0.705626766284,0.033586032071,0.001530553641,0.000616018448,-0.148250591057,-0.000295655881
10.0,0.0,2.0,2.0,0.707148844063,0.033633093699,-0.000903320529,-0.005020818701,-0.148896612754,-0.000505588098
10.0,2.0,2.0,2.0,0.707057889146,0.033685238895,-0.003333292544,-0.010647750418,-0.149510034101,-0.000714217284
-10.0,-2.0,2.0,4.0,-0.767593839205,0.037458583831,-0.001711439753,-0.010907291747,0.276790038488,-0.000551769188
-10.0,0.0,2.0,4.0,-0.767410531758,0.037414982981,-0.005399446238,-0.009846254128,0.276203067686,0.001507705213
-10.0,2.0,2.0,4.0,-0.764921645089,0.037356655093,-0.009097276376,-0.008773717548,0.274404405474,0.003565517743
-8.0,-2.0,2.0,4.0,-0.624301699095,0.027508973129,-0.001356754257,-0.010321178697,0.241148231694,-0.000491725069
-8.0,0.0,2.0,4.0,-0.623908535567,0.027463031938,-0.00508717696,-0.009933237254,0.240490968648,0.001273096555
-8.0,2.0,2.0,4.0,-0.621598142168,0.027436251365,-0.00882883786,-0.009534420453,0.238739274969,0.003037251503
-6.0,-2.0,2.0,4.0,-0.479484217301,0.019615578879,-0.001021951577,-0.009718261827,0.203706250782,-0.000452314791
-6.0,0.0,2.0,4.0,-0.47888034602,0.019571018968,-0.004760680359,-0.010004932917,0.202976976078,0.0010321933
-6.0,2.0,2.0,4.0,-0.476749781144,0.019572444312,-0.00851112022,-0.010280828305,0.201274765548,0.002516789531
-4.0,-2.0,2.0,4.0,-0.333372108952,0.013826378999,-0.000710115698,-0.009098978676,0.164553505003,-0.000432825175
-4.0,0.0,2.0,4.0,-0.332565024742,0.013786914038,-0.004428266702,-0.01006369259,0.163763132873,0.000787522444
-4.0,2.0,2.0,4.0,-0.3306143612,0.013813479908,-0.008144463321,-0.011012437867,0.162105410288,0.00200557578
-2.0,-2.0,2.0,4.0,-0.186209890862,0.010178688698,-0.00042306437,-0.008463497035,0.123793518862,-0.00043282944
-2.0,0.0,2.0,4.0,-0.185189470415,0.010148172447,-0.004090859495,-0.010109876543,0.122923912669,0.000539583066
-2.0,2.0,2.0,4.0,-0.183430283348,0.01019627376,-0.007728460499,-0.011728211422,0.12133076915,0.001504711739
0.0,-2.0,2.0,4.0,-0.038244145726,0.008698066956,-0.000163502917,-0.007812899884,0.081539598145,-0.000451649229
0.0,0.0,2.0,4.0,-0.037025881424,0.008680039165,-0.00372878843,-0.010134434798,0.080613905948,0.000285052891
0.0,2.0,2.0,4.0,-0.035447782886,0.008746206896,-0.007264263481,-0.012427638188,0.079066870211,0.001015618542
2.0,-2.0,2.0,4.0,0.110276372723,0.009397847787,6.6716039e-05,-0.007147790676,0.037911916267,-0.000488686328
2.0,0.0,2.0,4.0,0.111693916302,0.009395724629,-0.003356974811,-0.010142636566,0.036928367804,2.7833534e-05
2.0,2.0,2.0,4.0,0.113088390121,0.009476436122,-0.006751382293,-0.01310922322,0.035431066816,0.000539352076
4.0,-2.0,2.0,4.0,0.259103979412,0.012279491887,0.000266154513,-0.006468644847,-0.00696239762,-0.000543346454
4.0,0.0,2.0,4.0,0.260719439569,0.012296665199,-0.002976542203,-0.010134579073,-0.008004044105,-0.000231162106
4.0,2.0,2.0,4.0,0.261927405983,0.01238832854,-0.006191181779,-0.013772464436,-0.009447880151,7.7261276e-05
6.0,-2.0,2.0,4.0,0.407957171914,0.017330752622,0.000403486105,-0.005789415575,-0.052900428026,-0.000610142833
6.0,0.0,2.0,4.0,0.409796751772,0.017372114501,-0.002589560047,-0.010110838021,-0.054045824063,-0.000490914007
6.0,2.0,2.0,4.0,0.410807841384,0.017470657445,-0.005576034839,-0.01441281677,-0.055419776293,-0.000370823204
8.0,-2.0,2.0,4.0,0.556634363627,0.024531570777,0.000533097816,-0.005086887403,-0.099844382757,-0.000697843151
8.0,0.0,2.0,4.0,0.55867240536,0.024599137116,-0.002197718516,-0.010070686737,-0.10105375523,-0.000750355309
8.0,2.0,2.0,4.0,0.559488948951,0.024700849405,-0.004921105518,-0.015035021051,-0.102361692309,-0.000801219054
10.0,-2.0,2.0,4.0,0.704859969858,0.03384540884,0.000629357012,-0.004372392811,-0.147607063387,-0.000801481453
10.0,0.0,2.0,4.0,0.70709360034,0.033942216906,-0.001801317802,-0.010014212548,-0.148879032565,-0.001008660695
10.0,2.0,2.0,4.0,0.707713831979,0.034043679174,-0.004224497962,-0.015636836226,-0.150117505964,-0.001213299557
-10.0,-2.0,2.0,6.0,-0.767557040088,0.03792701837,-0.004389278636,-0.015764694165,0.276893034952,0.000193303713
-10.0,0.0,2.0,6.0,-0.766712376867,0.037859289718,-0.008067126816,-0.014708894407,0.275716749476,0.002257591611
-10.0,2.0,2.0,6.0,-0.763564074311,0.037775816783,-0.011760889347,-0.013636503868,0.273329954519,0.00431977267
-8.0,-2.0,2.0,6.0,-0.624345685577,0.027991095024,-0.003880977736,-0.015221870876,0.241303703312,0.000136937767
-8.0,0.0,2.0,6.0,-0.623284034912,0.027927939293,-0.007600958525,-0.014839045927,0.240051481986,0.001906685451
-8.0,2.0,2.0,6.0,-0.620306246791,0.027883113697,-0.011337572655,-0.014439859082,0.237705063006,0.003675363454
-6.0,-2.0,2.0,6.0,-0.479609577485,0.02010744133,-0.003385039965,-0.014654261792,0.203913973385,5.6874557e-05
-6.0,0.0,2.0,6.0,-0.478331687592,0.020053510609,-0.007112887076,-0.014945999469,0.202585465829,0.001546199688
-6.0,2.0,2.0,6.0,-0.475526950857,0.020044054339,-0.010858169131,-0.015221430275,0.200283576688,0.003035702584
-4.0,-2.0,2.0,6.0,-0.333581032119,0.014325530823,-0.002905562736,-0.01406275151,0.164814871666,-4.5867933e-05
-4.0,0.0,2.0,6.0,-0.33209733013,0.014283733945,-0.006617382963,-0.015034111751,0.163427698121,0.001180390411
-4.0,2.0,2.0,6.0,-0.329460840596,0.014306745245,-0.010323565055,-0.015980444787,0.161158402103,0.00240265637
-2.0,-2.0,2.0,6.0,-0.186503435759,0.010681738433,-0.002444933599,-0.013447175543,0.124109207977,-0.000170276981
-2.0,0.0,2.0,6.0,-0.184795778889,0.010656288946,-0.006111511261,-0.015102145427,0.122631074923,0.000809063123
-2.0,2.0,2.0,6.0,-0.182351343254,0.010708419057,-0.00973318377,-0.016715338916,0.120431120872,0.001777559264
0.0,-2.0,2.0,6.0,-0.038623105562,0.009201849537,-0.002006608999,-0.012808714364,0.081909803025,-0.000315237341
0.0,0.0,2.0,6.0,-0.036712848008,0.009196366544,-0.005570439288,-0.015138566149,0.080373146157,0.00042824616
0.0,2.0,2.0,6.0,-0.034444763825,0.009274042294,-0.009089837946,-0.017426328917,0.078216486742,0.001162545775
2.0,-2.0,2.0,6.0,0.109814002742,0.009899132946,-0.001592702351,-0.012147638362,0.038336821587,-0.000479711657
2.0,0.0,2.0,6.0,0.11192743304,0.009917022509,-0.005014566514,-0.015150476666,0.036739320848,4.3378264e-05
2.0,2.0,2.0,6.0,0.114015406439,0.010016698609,-0.008393109634,-0.01811141914,0.03463087581,0.000559032566
4.0,-2.0,2.0,6.0,0.258558850827,0.012775138534,-0.001205479275,-0.011464356578,-0.006483960994,-0.000662621751
4.0,0.0,2.0,6.0,0.260869973279,0.012819733049,-0.004446585169,-0.015138686975,-0.008136890682,-0.000344074308
4.0,2.0,2.0,6.0,0.262775478464,0.012937763564,-0.007645226123,-0.018770354431,-0.010194956546,-3.1163067e-05
6.0,-2.0,2.0,6.0,0.40732422166,0.017817245344,-0.000882015371,-0.010775435594,-0.052358909339,-0.000857199466
6.0,0.0,2.0,6.0,0.409867753605,0.017893696256,-0.003869189001,-0.015102461432,-0.054126381493,-0.000732521749
6.0,2.0,2.0,6.0,0.41158221453,0.018026194969,-0.00684431338,-0.019400549258,-0.05612162221,-0.000606869956
8.0,-2.0,2.0,6.0,0.555920238135,0.02500594394,-0.000558277671,-0.010052671113,-0.099249578317,-0.001073404574
8.0,0.0,2.0,6.0,0.558662612591,0.025115812718,-0.003282438152,-0.01504187166,-0.101079768443,-0.001120778655
8.0,2.0,2.0,6.0,0.560183368112,0.025258884924,-0.005995617609,-0.020002222099,-0.103008217937,-0.001165690397
10.0,-2.0,2.0,6.0,0.704065015742,0.034304911464,-0.000266053768,-0.009310326075,-0.146958293371,-0.001304914858
10.0,0.0,2.0,6.0,0.707002948218,0.034451099359,-0.002690262637,-0.01495725001,-0.148849612796,-0.001507153189
10.0,2.0,2.0,6.0,0.708327482682,0.034600838841,-0.005103297262,-0.020575499766,-0.150707370115,-0.001705593297
-10.0,-2.0,2.0,8.0,-0.767244843869,0.038560880947,-0.007031962833,-0.020549472036,0.276802720664,0.000931879684
-10.0,0.0,2.0,8.0,-0.765748879818,0.038469820272,-0.010697095744,-0.019499984394,0.275045885221,0.003002750839
-10.0,2.0,2.0,8.0,-0.761951822665,0.038361693802,-0.014383485031,-0.018428605492,0.272080111855,0.0050708691
-8.0,-2.0,2.0,8.0,-0.62414326197,0.028645980455,-0.006371895691,-0.020049191124,0.241283204264,0.000760049089
-8.0,0.0,2.0,8.0,-0.622422666338,0.028566549756,-0.010078536032,-0.019672341878,0.239444840803,0.002536451965
-8.0,2.0,2.0,8.0,-0.618788012875,0.028504007237,-0.013807317788,-0.0192738543,0.236513346175,0.004311467924
-6.0,-2.0,2.0,8.0,-0.479515638805,0.020778931198,-0.005717037823,-0.019516235461,0.203963007779,0.000561472322
-6.0,0.0,2.0,8.0,-0.477573954524,0.02071589828,-0.00943110796,-0.019813784613,0.20204474428,0.002057546303
-6.0,2.0,2.0,8.0,-0.474105922899,0.02069611528,-0.013168161986,-0.020089704458,0.199152811742,0.003553711216
-4.0,-2.0,2.0,8.0,-0.333600206359,0.015009566363,-0.00507236164,-0.01895198703,0.164936248481,0.000337624216
-4.0,0.0,2.0,8.0,-0.331450274943,0.01496591836,-0.008775146952,-0.019931091201,0.162961776631,0.001571763502
-4.0,2.0,2.0,8.0,-0.328138860081,0.014985647842,-0.012467434283,-0.020875107224,0.160090346781,0.002799931586
-2.0,-2.0,2.0,8.0,-0.186636815986,0.011374006881,-0.004440604393,-0.018355902265,0.124303815231,8.9915351e-05
-2.0,0.0,2.0,8.0,-0.18425202163,0.01135398885,-0.008102676014,-0.020020020969,0.122226346058,0.00107807831
-2.0,2.0,2.0,8.0,-0.181133058932,0.011410125083,-0.011705321029,-0.021628850092,0.119429338547,0.002051880836
0.0,-2.0,2.0,8.0,-0.038871593154,0.009898033986,-0.00382592762,-0.017729153378,0.082178784426,-0.000180058578
0.0,0.0,2.0,8.0,-0.036279679279,0.009905260814,-0.007385073575,-0.020067784478,0.08003950984,0.000572158981
0.0,2.0,2.0,8.0,-0.033332873158,0.009994274923,-0.010885237263,-0.022350906612,0.077283733322,0.001312165838
2.0,-2.0,2.0,8.0,0.109452032374,0.010594790222,-0.003230966521,-0.01707190922,0.038679789085,-0.000470793933
2.0,0.0,2.0,8.0,0.112246378316,0.010632805354,-0.006648183895,-0.020083945507,0.036481839714,6.08757e-05
2.0,2.0,2.0,8.0,0.115020994674,0.010750993658,-0.010007159329,-0.023039022533,0.033768037234,0.000582638559
4.0,-2.0,2.0,8.0,0.258047687279,0.013464219592,-0.002693790385,-0.016399880964,-0.006008852264,-0.000774700091
4.0,0.0,2.0,8.0,0.261080837789,0.013537841987,-0.005895284367,-0.020067222202,-0.00832404787,-0.000453755466
4.0,2.0,2.0,8.0,0.263671513573,0.013681669749,-0.009074288641,-0.023693523177,-0.010984381634,-0.000134403289
6.0,-2.0,2.0,8.0,0.406730534167,0.018498508642,-0.002151623161,-0.015685873414,-0.051858997084,-0.001101927741
6.0,0.0,2.0,8.0,0.409967327938,0.018609721492,-0.005128482031,-0.020018760071,-0.054238887255,-0.00096991679
6.0,2.0,2.0,8.0,0.412373203207,0.018775320114,-0.00809006369,-0.024313161292,-0.056844191175,-0.000836504562
8.0,-2.0,2.0,8.0,0.555214605366,0.025673599984,-0.0016365879,-0.014943191486,-0.098675254437,-0.001445407107
8.0,0.0,2.0,8.0,0.558650697485,0.025825290554,-0.004351238735,-0.019937949499,-0.101116767449,-0.00148552698
8.0,2.0,2.0,8.0,0.560865081783,0.026008662946,-0.007050596764,-0.024894457381,-0.1036563277,-0.001522476041
10.0,-2.0,2.0,8.0,0.703248723569,0.034954730471,-0.001150982146,-0.014172992852,-0.146310051764,-0.00180353938
10.0,0.0,2.0,8.0,0.706879981903,0.035149630127,-0.003565616353,-0.019825136326,-0.148810756567,-0.001998756351
10.0,2.0,2.0,8.0,0.70889808595,0.0353465843,-0.00596542928,-0.025439236158,-0.151278109801,-0.002188934913
-10.0,-2.0,2.0,10.0,-0.766668866776,0.03934828596,-0.009626625131,-0.025238891126,0.276524843868,0.001662178115
-10.0,0.0,2.0,10.0,-0.764534963385,0.039234981774,-0.013276808066,-0.024196759174,0.274200243063,0.003741307489
-10.0,2.0,2.0,10.0,-0.760102556414,0.039103164134,-0.01695325554,-0.023127442888,0.270667804208,0.005816943018
-8.0,-2.0,2.0,10.0,-0.623702768834,0.029461478909,-0.008817806536,-0.024780205869,0.241091905287,0.001376298187
-8.0,0.0,2.0,10.0,-0.621336988957,0.029366773918,-0.012508575439,-0.024410294879,0.238679938822,0.003161029091
-8.0,2.0,2.0,10.0,-0.617058429269,0.029287107167,-0.016226156764,-0.024013172973,0.235174319174,0.004943865007
-6.0,-2.0,2.0,10.0,-0.479210363414,0.021617140781,-0.008006675674,-0.024281032809,0.203857520699,0.00106054974
-6.0,0.0,2.0,10.0,-0.476617522088,0.021545595003,-0.011704557089,-0.024585197341,0.201361746882,0.00256517692
-6.0,2.0,2.0,10.0,-0.472499572488,0.021516110469,-0.015430115104,-0.024862291207,0.197891628186,0.004069565344
-4.0,-2.0,2.0,10.0,-0.333434551398,0.015865357159,-0.007200244917,-0.023743383053,0.164920301512,0.000717133522
-4.0,0.0,2.0,10.0,-0.330631938289,0.015820694238,-0.010890417874,-0.024730392874,0.162370786371,0.00196071866
-4.0,2.0,2.0,10.0,-0.326660086752,0.015837364117,-0.014566565737,-0.025673463659,0.158910369524,0.003196670343
-2.0,-2.0,2.0,10.0,-0.186613900677,0.012242269235,-0.006400629352,-0.02316626963,0.124379476283,0.000347620116
-2.0,0.0,2.0,10.0,-0.183564817333,0.012227992459,-0.010055448854,-0.024839920592,0.121714003024,0.00134640913
-2.0,2.0,2.0,10.0,-0.179785407803,0.012288316537,-0.01363579234,-0.026445100284,0.118332950257,0.00232724635
0.0,-2.0,2.0,10.0,-0.038992128166,0.010773173646,-0.005612773854,-0.022550779525,0.082347178502,-4.5846255e-05
0.0,0.0,2.0,10.0,-0.035734411733,0.010793429945,-0.009164192346,-0.024899091364,0.079620579597,0.00071688363
0.0,2.0,2.0,10.0,-0.032120603327,0.010893439509,-0.012642172128,-0.027177794109,0.07627536521,0.001464465149
2.0,-2.0,2.0,10.0,0.109188431387,0.011471350559,-0.004840211217,-0.021897070534,0.038940909056,-0.000461276065
2.0,0.0,2.0,10.0,0.112657351721,0.011529304709,-0.008249454179,-0.024917855309,0.036148805198,8.0840199e-05
2.0,2.0,2.0,10.0,0.11609762356,0.011665692529,-0.01158648196,-0.027869050433,0.032848748045,0.00061060306
4.0,-2.0,2.0,10.0,0.257637857562,0.014336360547,-0.004126230167,-0.021223011438,-0.00564664645,-0.000889776205
4.0,0.0,2.0,10.0,0.261348882245,0.014437255141,-0.00731420947,-0.024896795498,-0.0085619473,-0.000559488638
4.0,2.0,2.0,10.0,0.264610691796,0.014606244656,-0.010471772065,-0.028518284654,-0.011811734952,-0.000231639824
6.0,-2.0,2.0,10.0,0.406179744785,0.019361019768,-0.003399091647,-0.020497031761,-0.051403498385,-0.001342801123
6.0,0.0,2.0,10.0,0.410093459702,0.019506359808,-0.006362568665,-0.024835967082,-0.054380181959,-0.001201562412
6.0,2.0,2.0,10.0,0.413173119338,0.019704096321,-0.009301606386,-0.029124551684,-0.057576232362,-0.00105946801
8.0,-2.0,2.0,10.0,0.554523332685,0.026521054428,-0.002696356904,-0.019734593976,-0.098126006925,-0.001811896552
8.0,0.0,2.0,10.0,0.558639039909,0.026713845482,-0.005398321377,-0.024735041144,-0.101166142828,-0.001842863735
8.0,2.0,2.0,10.0,0.561532845165,0.026936403387,-0.008081151597,-0.029688061532,-0.104303996572,-0.00186991615
10.0,-2.0,2.0,10.0,0.702418156102,0.035781773552,-0.002021009984,-0.018936879933,-0.145667149137,-0.002294982428
10.0,0.0,2.0,10.0,0.706728683989,0.036024445211,-0.004423083186,-0.02459424421,-0.14876475634,-0.00248124178
10.0,2.0,2.0,10.0,0.709426220923,0.036267283804,-0.00680688131,-0.030204449027,-0.15182895107,-0.002661242568
-10.0,-2.0,4.0,-10.0,-0.779438376613,0.04065995924,0.016692636584,0.022626697976,0.287602375114,-0.005535734564
-10.0,0.0,4.0,-10.0,-0.783854738946,0.040824587574,0.013075036031,0.023855550267,0.291128028873,-0.003442665929
-10.0,2.0,4.0,-10.0,-0.785943716569,0.0409662486,0.00948384032,0.025057221725,0.293421981183,-0.001346404415
-8.0,-2.0,4.0,-10.0,-0.636578800744,0.030611302773,0.01599940627,0.023536804921,0.252351283619,-0.004672412788
-8.0,0.0,4.0,-10.0,-0.640844070886,0.030723945863,0.012332846776,0.02409409709,0.255849195051,-0.002871302285
-8.0,2.0,4.0,-10.0,-0.643166426955,0.030847725976,0.008693758829,0.024624730622,0.258231394324,-0.001068719368
-6.0,-2.0,4.0,-10.0,-0.492178041797,0.022601195554,0.015235918999,0.024411222004,0.2152837129,-0.003807098035
-6.0,0.0,4.0,-10.0,-0.4962854425,0.022664338676,0.011553644131,0.024295155387,0.218747245991,-0.002283540865
-6.0,2.0,4.0,-10.0,-0.498839074149,0.022766084972,0.007900189797,0.024153011497,0.221216235092,-0.000760308163
-4.0,-2.0,4.0,-10.0,-0.346473172382,0.016678370236,0.014402868981,0.025247811739,0.176489935341,-0.002942173531
-4.0,0.0,4.0,-10.0,-0.350439440946,0.016695209226,0.010768095904,0.024468822437,0.179951610659,-0.00168756647
-4.0,2.0,4.0,-10.0,-0.353201007321,0.016770735275,0.007108031328,0.023642199616,0.182468925186,-0.000423251882
-2.0,-2.0,4.0,-10.0,-0.19970495283,0.01288101429,0.013501773178,0.026046351874,0.136073372246,-0.00208013404
-2.0,0.0,4.0,-10.0,-0.203487746682,0.012854509207,0.009948474103,0.024603673292,0.139467457907,-0.001078547555
-2.0,2.0,4.0,-10.0,-0.206490931056,0.012899994572,0.006321623615,0.023092835036,0.142090129163,-5.9450378e-05
0.0,-2.0,4.0,-10.0,-0.052117802276,0.011235357688,0.012536196002,0.026806168317,0.094144655785,-0.001223840921
0.0,0.0,4.0,-10.0,-0.055735407329,0.011168689365,0.009076517923,0.024690179166,0.097500789878,-0.000454709276
0.0,2.0,4.0,-10.0,-0.058951495269,0.011180502962,0.005545253434,0.022505325171,0.100188519305,0.000329102637
2.0,-2.0,4.0,-10.0,0.096046381493,0.011755760196,0.011506141987,0.027525111337,0.050820494884,-0.000375349534
2.0,0.0,4.0,-10.0,0.092597840139,0.011652471028,0.008178325697,0.024736500612,0.054134023498,0.000176866648
2.0,2.0,4.0,-10.0,0.089171036361,0.01162711443,0.004781226925,0.02187961538,0.056886314422,0.000740796097
4.0,-2.0,4.0,-10.0,0.244538781043,0.014444706666,0.010415313828,0.028202697544,0.006227285956,0.000462487029
4.0,0.0,4.0,-10.0,0.241265440236,0.014308551135,0.007259030314,0.024744138688,0.009493867178,0.000813463521
4.0,2.0,4.0,-10.0,0.237588897908,0.014240355827,0.004078640397,0.021235469728,0.012376681512,0.001165591058
6.0,-2.0,4.0,-10.0,0.393107441137,0.019292437219,0.009267683696,0.028837926734,-0.03950060918,0.001286807282
6.0,0.0,4.0,-10.0,0.390012826209,0.019126998094,0.006320776168,0.024711294331,-0.03628582569,0.001452852167
6.0,2.0,4.0,-10.0,0.386128274838,0.019014528139,0.003355382792,0.020537264724,-0.033336882968,0.001616910874
8.0,-2.0,4.0,-10.0,0.541493005792,0.026276900546,0.008059874448,0.029427068892,-0.086209004163,0.002095919365
8.0,0.0,4.0,-10.0,0.538587869513,0.026086495103,0.00536634568,0.024638459223,-0.08306124416,0.002092701826
8.0,2.0,4.0,-10.0,0.534500112746,0.02592685742,0.002654531567,0.01980260142,-0.080049664684,0.002085230286
10.0,-2.0,4.0,-10.0,0.689448217973,0.035364545224,0.006802243917,0.029972185835,-0.133758180925,0.002885965178
10.0,0.0,4.0,-10.0,0.686736633071,0.035153265056,0.004399135261,0.024525748641,-0.130682799071,0.002730553554
10.0,2.0,4.0,-10.0,0.682451032424,0.034943825441,0.001978574095,0.019032277561,-0.127612218153,0.002568548951
-10.0,-2.0,4.0,-8.0,-0.78170802579,0.039998674344,0.014158395921,0.01798665511,0.289400229628,-0.004843830822
-10.0,0.0,4.0,-8.0,-0.785494591348,0.040134342018,0.010532860224,0.019221306525,0.292362546979,-0.002757623856
-10.0,2.0,4.0,-8.0,-0.786950711224,0.040248461132,0.006928583181,0.020433923232,0.294091827134,-0.00066887033
-8.0,-2.0,4.0,-8.0,-0.638736284567,0.029900125825,0.013610834857,0.018851512244,0.254081519561,-0.00409230299
-8.0,0.0,4.0,-8.0,-0.642363924153,0.029990452246,0.00993550543,0.019414226633,0.257010435418,-0.002298519719
-8.0,2.0,4.0,-8.0,-0.644045638059,0.03009344224,0.006282313804,0.019955437001,0.25882207961,-0.000503563773
-6.0,-2.0,4.0,-8.0,-0.494218863785,0.021844634874,0.013000001911,0.019688025309,0.216942264506,-0.003341977637
-6.0,0.0,4.0,-8.0,-0.497681457615,0.021892310326,0.009308200603,0.019577023391,0.219831861673,-0.00182616929
-6.0,2.0,4.0,-8.0,-0.499587630343,0.021980129199,0.005639707009,0.019445065737,0.221725180814,-0.000310663925
-4.0,-2.0,4.0,-8.0,-0.348392791034,0.015881281986,0.01232597524,0.020494116213,0.178073204044,-0.002594789733
-4.0,0.0,4.0,-8.0,-0.351704228421,0.015889579912,0.008675648217,0.019718181505,0.180950493741,-0.00134724241
-4.0,2.0,4.0,-8.0,-0.353814648217,0.015958078447,0.005005313184,0.018903199864,0.182893175937,-9.18557e-05
-2.0,-2.0,4.0,-8.0,-0.201498075142,0.012048415357,0.01158991833,0.021269755186,0.137577106154,-0.001852841185
-2.0,0.0,4.0,-8.0,-0.204623142981,0.012020098224,0.008015655453,0.019826887396,0.14038779525,-0.000857743039
-2.0,2.0,4.0,-8.0,-0.206967835889,0.012065820133,0.004382463489,0.018329851323,0.142427894839,0.000151449511
0.0,-2.0,4.0,-8.0,-0.053780482287,0.010372398426,0.010794648921,0.022014326216,0.095564725156,-0.001118522114
0.0,0.0,4.0,-8.0,-0.05673864505,0.010311161631,0.007313778893,0.019897737385,0.098338949611,-0.000356327739
0.0,2.0,4.0,-8.0,-0.059289897572,0.010330039634,0.003775012494,0.017725884855,0.10043820186,0.000417691622
2.0,-2.0,4.0,-8.0,0.094513927142,0.010867750154,0.009939270984,0.022725085255,0.052156158649,-0.00039343452
2.0,0.0,4.0,-8.0,0.091730105286,0.010776930159,0.006590763106,0.019936101983,0.054884751334,0.000151281517
2.0,2.0,4.0,-8.0,0.088971830755,0.010765705935,0.003185342588,0.017091690456,0.057046624479,0.000705578702
4.0,-2.0,4.0,-8.0,0.243140151496,0.013537071889,0.009027685155,0.023402563449,0.007474271026,0.000319918755
4.0,0.0,4.0,-8.0,0.24053567707,0.013420302933,0.005849865408,0.019942716642,0.010152453934,0.000663066942
4.0,2.0,4.0,-8.0,0.237533567506,0.013373640756,0.002656638924,0.01644464118,0.012439228238,0.001006472601
6.0,-2.0,4.0,-8.0,0.391838599525,0.018370551122,0.008057499427,0.024043140267,-0.03833548045,0.001020066818
6.0,0.0,4.0,-8.0,0.389419884539,0.018231735868,0.005093625293,0.01991729826,-0.035716778268,0.001177163619
6.0,2.0,4.0,-8.0,0.386212681759,0.018147758241,0.002115817376,0.015753167661,-0.033365844537,0.001332481531
8.0,-2.0,4.0,-8.0,0.540360745025,0.02534665922,0.007035185301,0.024647771395,-0.085136155288,0.001704066708
8.0,0.0,4.0,-8.0,0.538132894416,0.025189697367,0.004325131683,0.019859532966,-0.082584471954,0.00169152583
8.0,2.0,4.0,-8.0,0.534723453378,0.025065412049,0.001600344908,0.01503321409,-0.080170152475,0.001675549332
10.0,-2.0,4.0,-8.0,0.688454074628,0.034431267045,0.005965383275,0.025215733248,-0.13278053859,0.002369386917
10.0,0.0,4.0,-8.0,0.686420384907,0.034260221888,0.003545887056,0.01976922234,-0.130299872464,0.002204359706
10.0,2.0,4.0,-8.0,0.682813343588,0.034093097721,0.001112335714,0.014285193222,-0.127825320014,0.002034034844
-10.0,-2.0,4.0,-6.0,-0.783650494761,0.039478915403,0.011573986998,0.013257941289,0.290953823649,-0.004150909767
-10.0,0.0,4.0,-6.0,-0.78679405839,0.039584195061,0.00794269081,0.014496577003,0.293340671167,-0.002070115551
-10.0,2.0,4.0,-6.0,-0.787605032325,0.039669055754,0.004327427942,0.015718460923,0.294493694781,1.2570689e-05
-8.0,-2.0,4.0,-6.0,-0.640591342148,0.029338879277,0.011174262968,0.014076075123,0.255582568623,-0.003512583418
-8.0,0.0,4.0,-6.0,-0.643567875507,0.029405671117,0.007492540346,0.014642483613,0.257930193775,-0.001724622676
-8.0,2.0,4.0,-6.0,-0.644595268561,0.029486219684,0.003827452033,0.015192981824,0.259159184977,6.4260286e-05
-6.0,-2.0,4.0,-6.0,-0.495982724245,0.02124545755,0.010718454707,0.014873328982,0.218387326363,-0.002878704804
-6.0,0.0,4.0,-6.0,-0.498787111798,0.0212766293,0.007019619252,0.014765695422,0.220690754337,-0.001369084528
-6.0,2.0,4.0,-6.0,-0.500033090685,0.021349207886,0.00333859302,0.014642442334,0.221996433237,0.000140233545
-4.0,-2.0,4.0,-6.0,-0.350061033179,0.015248043078,0.01020614536,0.015647803231,0.179458920111,-0.002250792677
-4.0,0.0,4.0,-6.0,-0.352703784279,0.015246884409,0.006543571525,0.014872966589,0.18173857851,-0.001008778776
-4.0,2.0,4.0,-6.0,-0.354151559183,0.015307340363,0.002864627649,0.014068220198,0.183096029753,0.000239407244
-2.0,-2.0,4.0,-6.0,-0.203067953472,0.011385033847,0.009637629647,0.016399082981,0.138900573572,-0.001630457657
-2.0,0.0,4.0,-6.0,-0.205523552233,0.011354603833,0.00604506071,0.014955311376,0.141118630908,-0.000640146104
-2.0,2.0,4.0,-6.0,-0.207194037405,0.011399403091,0.002408505967,0.013470176384,0.142560823438,0.000360719107
0.0,-2.0,4.0,-6.0,-0.055248494873,0.009683025115,0.009015393392,0.017127226913,0.096823538131,-0.001019690828
0.0,0.0,4.0,-6.0,-0.057529881562,0.009626722188,0.005515883545,0.015008614761,0.098998455602,-0.000262724741
0.0,2.0,4.0,-6.0,-0.059405358314,0.009652202128,0.001973230529,0.012849125535,0.100501101808,0.000503113608
2.0,-2.0,4.0,-6.0,0.093149482611,0.010156645832,0.008338157613,0.017829518728,0.053347284861,-0.000419691619
2.0,0.0,4.0,-6.0,0.091045025341,0.010078142304,0.004970869239,0.015038547278,0.055477363828,0.000119389995
2.0,2.0,4.0,-6.0,0.088968721775,0.010080632421,0.001561030279,0.012205576394,0.057037072565,0.000665630544
4.0,-2.0,4.0,-6.0,0.241881527309,0.012808590656,0.007608847602,0.018506100672,0.008595330132,0.000167544651
4.0,0.0,4.0,-6.0,0.239959175248,0.012711343466,0.004412877211,0.015044001964,0.010673986798,0.000504562856
4.0,2.0,4.0,-6.0,0.23764662154,0.012685886932,0.001209451173,0.011555081946,0.012349672335,0.000841037524
6.0,-2.0,4.0,-6.0,0.390681805432,0.017628900857,0.006819499126,0.019151503486,-0.037277789777,0.000741835961
6.0,0.0,4.0,-6.0,0.388953717157,0.017517047465,0.003842257745,0.015025099608,-0.035269136439,0.000891628664
6.0,2.0,4.0,-6.0,0.386437216666,0.017461519803,0.000854395702,0.010870041329,-0.033527849993,0.001040119128
8.0,-2.0,4.0,-6.0,0.539312542323,0.024596479332,0.005986353455,0.019770988838,-0.084152826285,0.001298979088
8.0,0.0,4.0,-6.0,0.537776276666,0.024473585182,0.003262635825,0.014981934646,-0.082209888433,0.001278887559
8.0,2.0,4.0,-6.0,0.535059392055,0.024384910376,0.000527958774,0.010164165945,-0.080405369819,0.001256188172
10.0,-2.0,4.0,-6.0,0.687515792528,0.033677438118,0.005107938346,0.020362036886,-0.131872830829,0.001837847975
10.0,0.0,4.0,-6.0,0.68617269641,0.033547374783,0.002674999209,0.014914151363,-0.129998397996,0.001664951933
10.0,2.0,4.0,-6.0,0.683258374617,0.033422585161,0.000231434621,0.009437960344,-0.128132012906,0.001488093176
-10.0,-2.0,4.0,-4.0,-0.78524303286,0.039110013307,0.008950794902,0.008462890949,0.292246662275,-0.003457864801
-10.0,0.0,4.0,-4.0,-0.787735716521,0.039184000972,0.005316117402,0.009703120695,0.294049347658,-0.00138099109
-10.0,2.0,4.0,-4.0,-0.787892271232,0.039238223736,0.001692093547,0.010932478523,0.294617279786,0.000697195366
-8.0,-2.0,4.0,-4.0,-0.642124483147,0.028937816298,0.008700505352,0.009232614675,0.256839240731,-0.002933855573
-8.0,0.0,4.0,-4.0,-0.644439861151,0.028980188025,0.005014937847,0.00980093176,0.258596296053,-0.001150109842
-8.0,2.0,4.0,-4.0,-0.644804680058,0.029037159102,0.001340441189,0.010358675118,0.259233855884,0.000634282506
-6.0,-2.0,4.0,-4.0,-0.497451943005,0.020814632663,0.008401469018,0.009989534744,0.219604857512,-0.002417532762
-6.0,0.0,4.0,-4.0,-0.499586292448,0.020828370059,0.004698577873,0.009883975176,0.221311475244,-0.000912471156
-6.0,2.0,4.0,-4.0,-0.500162414239,0.020884620812,0.001007437667,0.009767643259,0.222020731477,0.000592396623
-4.0,-2.0,4.0,-4.0,-0.351463037004,0.014790214349,0.008052655402,0.010731292751,0.180634888455,-0.001910017196
-4.0,0.0,4.0,-4.0,-0.353426659024,0.014778957739,0.004380403918,0.009955741794,0.182307089678,-0.000671743921
-4.0,2.0,4.0,-4.0,-0.354201455404,0.014830571368,0.000696067439,0.009160006359,0.183070148385,0.000570877599
-2.0,-2.0,4.0,-4.0,-0.204399726778,0.010903066602,0.007653860635,0.01145767867,0.140032312762,-0.001412495142
-2.0,0.0,4.0,-4.0,-0.206175076616,0.010870096148,0.004046068224,0.010010814244,0.141646818997,-0.000425215616
-2.0,2.0,4.0,-4.0,-0.207162018921,0.01091330823,0.000409009391,0.008536484683,0.142482654322,0.000569097161
0.0,-2.0,4.0,-4.0,-0.056507305211,0.009179867028,0.007206641361,0.012168362507,0.097907936729,-0.000926454114
0.0,0.0,4.0,-4.0,-0.058103897501,0.009128534567,0.003691953721,0.010046951226,0.099478194452,-0.000172931341
0.0,2.0,4.0,-4.0,-0.059290182067,0.009159806011,0.000148417004,0.007897893097,0.100370533891,0.000586503857
2.0,-2.0,4.0,-4.0,0.091964902121,0.009635501978,0.006710082727,0.012861547883,0.054383598383,-0.000452825196
2.0,0.0,4.0,-4.0,0.090551848001,0.009569242027,0.003327167951,0.010066858947,0.055903260838,8.2460508e-05
2.0,2.0,4.0,-4.0,0.089165934473,0.009585088039,-8.3950135e-05,0.007244487113,0.056854092042,0.000622523866
4.0,-2.0,4.0,-4.0,0.240772372736,0.012272622285,0.006165494182,0.013536759237,0.009581478509,7.046788e-06
4.0,0.0,4.0,-4.0,0.239542957799,0.012195018396,0.002953361255,0.010071035475,0.011050680628,0.000339995086
4.0,2.0,4.0,-4.0,0.237958825008,0.012192000203,-0.000286383988,0.006576932283,0.012058523814,0.000676528261
6.0,-2.0,4.0,-4.0,0.389644559038,0.017081082226,0.005559524157,0.014186543004,-0.036335238692,0.000454220734
6.0,0.0,4.0,-4.0,0.3886173694,0.016996508488,0.002572250963,0.010058499889,-0.034945516222,0.000598611949
6.0,2.0,4.0,-4.0,0.386802756784,0.016969365066,-0.000422634916,0.005911232255,-0.033824372709,0.000742202493
8.0,-2.0,4.0,-4.0,0.538353715181,0.024040424554,0.004918142733,0.014820703381,-0.083264071935,0.000883232496
8.0,0.0,4.0,-4.0,0.537519999925,0.023952077407,0.002183759212,0.010029731817,-0.081939945972,0.000857552384
8.0,2.0,4.0,-4.0,0.535506138988,0.023899038435,-0.000557393349,0.005219542828,-0.080754860879,0.000830054899
10.0,-2.0,4.0,-4.0,0.686635085509,0.033116521598,0.004233951749,0.015434163576,-0.131038195009,0.001294293698
10.0,0.0,4.0,-4.0,0.685996496716,0.03302812397,0.001790723445,0.009984415148,-0.129782659104,0.001115564826
10.0,2.0,4.0,-4.0,0.683785547026,0.032946087663,-0.000659631257,0.004515562074,-0.128534197474,0.000934154836
-10.0,-2.0,4.0,-2.0,-0.78647324346,0.038899065413,0.006300804885,0.003623032688,0.293266499108,-0.002765562841
-10.0,0.0,4.0,-2.0,-0.788306401613,0.038940947796,0.002665060701,0.00486340779,0.294478731526,-0.000690897651
-10.0,2.0,4.0,-2.0,-0.787802214437,0.038963527088,-0.000965327723,0.006098383532,0.294455588374,0.001384422019
-8.0,-2.0,4.0,-2.0,-0.643320795707,0.028704339371,0.006200792174,0.004344007028,0.257839682686,-0.002356516746
-8.0,0.0,4.0,-2.0,-0.644966596023,0.028721546193,0.002514111963,0.004912848898,0.258998992508,-0.00057526409
-8.0,2.0,4.0,-2.0,-0.644664261296,0.028754224009,-0.001167340028,0.005475535875,0.259040073757,0.001206337361
-6.0,-2.0,4.0,-2.0,-0.498612548917,0.020560116299,0.006059652006,0.005059833734,0.220583598367,-0.001958517034
-6.0,0.0,4.0,-2.0,-0.50007091858,0.020556169588,0.002355356126,0.004954248779,0.221687745933,-0.000456234129
-6.0,2.0,4.0,-2.0,-0.499970493992,0.020595284988,-0.001343036536,0.004843216719,0.221794312618,0.001045936947
-4.0,-2.0,4.0,-2.0,-0.352585586842,0.014516257952,0.005875516953,0.005768171237,0.181590288562,-0.001572168353
-4.0,0.0,4.0,-2.0,-0.353857943781,0.0144947587,0.002199972669,0.00499192241,0.182642597618,-0.000336574831
-4.0,2.0,4.0,-2.0,-0.35395829114,0.014536691201,-0.001490180463,0.004201925223,0.182811168279,0.000903056273
-2.0,-2.0,4.0,-2.0,-0.20548172835,0.010611396499,0.005647823957,0.006469080794,0.140962096708,-0.001198268055
-2.0,0.0,4.0,-2.0,-0.206569155433,0.010575678062,0.002027958422,0.005017741176,0.141966461016,-0.000212149024
-2.0,2.0,4.0,-2.0,-0.206866461223,0.010616736304,-0.001606633014,0.003552618288,0.142190582653,0.000777505957
0.0,-2.0,4.0,-2.0,-0.057547632376,0.008872318037,0.005377283348,0.007161999556,0.098811230815,-0.000837810486
0.0,0.0,4.0,-2.0,-0.058450084266,0.008825744203,0.001850519805,0.005035969069,0.099767195877,-8.5809319e-05
0.0,2.0,4.0,-2.0,-0.058942324234,0.008862416104,-0.001690804955,0.002895970724,0.10004547627,0.00066917202
2.0,-2.0,4.0,-2.0,0.09096844621,0.009313916425,0.005062665489,0.007845370361,0.055257682812,-0.000491341103
2.0,0.0,4.0,-2.0,0.090252461604,0.009259993047,0.001667655346,0.005045902334,0.05616244485,4.2096355e-05
2.0,2.0,4.0,-2.0,0.089565483739,0.009288788746,-0.001741634989,0.002232477594,0.056496040953,0.000577942965
4.0,-2.0,4.0,-2.0,0.23981930283,0.011938975929,0.004704324572,0.00851864094,0.01042649126,-0.000159668269
4.0,0.0,4.0,-2.0,0.239291945734,0.01188122923,0.001479826634,0.00504763183,0.011277256411,0.000171114896
4.0,2.0,4.0,-2.0,0.238409522983,0.011898696836,-0.001757874275,0.001562882858,0.011667798165,0.000503632953
6.0,-2.0,4.0,-2.0,0.388733270983,0.016737118195,0.004283572631,0.009172656471,-0.035514108355,0.000159526942
6.0,0.0,4.0,-2.0,0.388414247223,0.016680107523,0.001288491876,0.005041711354,-0.034749897631,0.000300689047
6.0,2.0,4.0,-2.0,0.387308690243,0.016681227017,-0.001708955017,0.000901064684,-0.034255361249,0.00044124452
8.0,-2.0,4.0,-2.0,0.537488228708,0.02368845537,0.003835712418,0.009821058932,-0.082474745042,0.000459527772
8.0,0.0,4.0,-2.0,0.537365686925,0.023635096886,0.001094409501,0.005027151885,-0.081777216327,0.000430263504
8.0,2.0,4.0,-2.0,0.536061877677,0.02361767208,-0.00165021512,0.000223488349,-0.081217800018,0.000400056526
10.0,-2.0,4.0,-2.0,0.685819548917,0.032759091087,0.003347676467,0.010457222073,-0.130284162033,0.000741946244
10.0,0.0,4.0,-2.0,0.685891317129,0.032712874232,0.000897479211,0.005004260092,-0.129652818181,0.000559375073
10.0,2.0,4.0,-2.0,0.684390775357,0.032673608601,-0.001556291449,-0.000458277748,-0.129028860137,0.000375469428
-10.0,-2.0,4.0,0.0,-0.787328090798,0.038849922523,0.003636046089,-0.00123813162,0.294004290779,-0.002074504202
-10.0,0.0,4.0,0.0,-0.788498052696,0.038859416717,1.702904e-06,4.45725e-07,0.294622814409,-3.53058e-07
-10.0,2.0,4.0,0.0,-0.787330156167,0.038849874143,-0.003632590742,0.001239147142,0.294005624465,0.002073777859
-8.0,-2.0,4.0,0.0,-0.644168102503,0.028642581966,0.003686959513,-0.000565773102,0.258574093238,-0.001780837761
-8.0,0.0,4.0,0.0,-0.645143630986,0.028634860682,1.545924e-06,7.14582e-07,0.259134103374,-3.32224e-07
-8.0,2.0,4.0,0.0,-0.644169646669,0.028642499499,-0.00368410405,0.000567016595,0.258575184785,0.001780257443
-6.0,-2.0,4.0,0.0,-0.499454668667,0.020486669585,0.003703907157,0.000107946663,0.22131543794,-0.00150155954
-6.0,0.0,4.0,0.0,-0.500233414405,0.020464911099,1.100336e-06,5.80481e-07,0.221813809557,-2.3517e-07
-6.0,2.0,4.0,0.0,-0.499453345593,0.020486376007,-0.003701704814,-0.000106901644,0.221314720134,0.001501070401
-4.0,-2.0,4.0,0.0,-0.353419373613,0.014431224766,0.00368496853,0.000782502624,0.182317412787,-0.001236781718
-4.0,0.0,4.0,0.0,-0.354005666156,0.014399535705,4.75034e-07,1.56784e-07,0.182759791005,-1.18564e-07
-4.0,2.0,4.0,0.0,-0.353419433531,0.014431258779,-0.003683759632,-0.000782057952,0.182317597767,0.001236524894
-2.0,-2.0,4.0,0.0,-0.206305582625,0.010515382639,0.003629131521,0.00145760158,0.141683038144,-0.000986967419
-2.0,0.0,4.0,0.0,-0.206700953513,0.010476897653,1.98446e-07,1.27846e-07,0.142073327146,-3.7587e-08
-2.0,2.0,4.0,0.0,-0.206305680785,0.010515337867,-0.003628744723,-0.001457455608,0.14168293394,0.000986900667
0.0,-2.0,4.0,0.0,-0.058361174008,0.00876591936,0.003535925725,0.002132357035,0.099525478912,-0.000752533772
0.0,0.0,4.0,0.0,-0.058566107893,0.008724182778,1.30195e-07,5.621e-08,0.09986430536,-2.7108e-08
0.0,2.0,4.0,0.0,-0.058360479172,0.008765899618,-0.003535662912,-0.002132135991,0.099524946996,0.000752487371
2.0,-2.0,4.0,0.0,0.090167553281,0.009197706712,0.003403866896,0.002805740001,0.055962666578,-0.000533622436
2.0,0.0,4.0,0.0,0.090152576929,0.00915625011,-2.9259e-08,-7.9673e-08,0.056248888036,7.33e-10
2.0,2.0,4.0,0.0,0.090167293402,0.009197710401,-0.003403899842,-0.002805854789,0.05596296017,0.000533622325
4.0,-2.0,4.0,0.0,0.239031006891,0.011813702482,0.00323259415,0.00347691744,0.011122635417,-0.000330591471
4.0,0.0,4.0,0.0,0.239207521241,0.011775960371,-2.47271e-07,-3.2811e-07,0.011353990626,2.4702e-08
4.0,2.0,4.0,0.0,0.239030784898,0.011813686967,-0.003233095684,-0.003477545528,0.011122822319,0.000330640258
6.0,-2.0,4.0,0.0,0.38795329486,0.016603161542,0.002997835025,0.00413480795,-0.034819577674,-0.000139805261
6.0,0.0,4.0,0.0,0.388346882096,0.016573988133,-1.85281e-07,-3.7935e-07,-0.034685310728,7.365e-09
6.0,2.0,4.0,0.0,0.387953149269,0.016603148501,-0.00299817578,-0.004135542614,-0.034819488042,0.000139814851
8.0,-2.0,4.0,0.0,0.536723415728,0.023547059295,0.002744414717,0.004797443989,-0.08179147568,3.0745103e-05
8.0,0.0,4.0,0.0,0.537313261248,0.02352895224,-3.23329e-07,-8.67337e-07,-0.081721728491,-5.8589e-08
8.0,2.0,4.0,0.0,0.536723136587,0.023547007937,-0.002745071183,-0.00479917355,-0.081791399302,-3.0854859e-05
10.0,-2.0,4.0,0.0,0.685069477337,0.032610727412,0.002453251037,0.005455648275,-0.129612145287,0.000184125629
10.0,0.0,4.0,0.0,0.685856053448,0.032606952631,-4.41999e-07,-1.380662e-06,-0.129609326748,-1.40851e-07
10.0,2.0,4.0,0.0,0.68506993073,0.032610580333,-0.002454161855,-0.005458600616,-0.12961308358,-0.000184452617
-10.0,-2.0,4.0,2.0,-0.787801568943,0.0389636654,0.000968807713,-0.006097358663,0.294454949045,-0.00138515987
-10.0,0.0,4.0,2.0,-0.788307965958,0.038940921597,-0.002661635357,-0.004862497969,0.294479514247,0.000690185545
-10.0,2.0,4.0,2.0,-0.786476336333,0.038899193145,-0.006297260662,-0.003621968283,0.293268227872,0.002764793784
-8.0,-2.0,4.0,2.0,-0.644663930215,0.028754257757,0.001170218462,-0.005474290565,0.259039628975,-0.001206933967
-8.0,0.0,4.0,2.0,-0.644967242327,0.028721553242,-0.002511031094,-0.004911422571,0.258999265624,0.000574602685
-8.0,2.0,4.0,2.0,-0.643321661707,0.028704056657,-0.006198133019,-0.004343326401,0.257840312789,0.002355933878
-6.0,-2.0,4.0,2.0,-0.499972766744,0.020595449744,0.001345196705,-0.004842152017,0.221795617821,-0.001046385805
-6.0,0.0,4.0,2.0,-0.500071835925,0.020556293256,-0.002353161038,-0.00495311157,0.221688134218,0.000455759163
-6.0,2.0,4.0,2.0,-0.498612225515,0.020559928656,-0.006057442692,-0.005058766187,0.220583390522,0.001958029444
-4.0,-2.0,4.0,2.0,-0.353958750639,0.014536713423,0.001491296881,-0.004201418776,0.182811577583,-0.000903287932
-4.0,0.0,4.0,2.0,-0.353858181656,0.014494815205,-0.002198650699,-0.004991373017,0.182642829242,0.0003362777
-4.0,2.0,4.0,2.0,-0.352586147297,0.014516152875,-0.005874217758,-0.005767608614,0.181590835757,0.001571908344
-2.0,-2.0,4.0,2.0,-0.20686622242,0.010616690012,0.001607061021,-0.003552337312,0.142190506041,-0.000777584607
-2.0,0.0,4.0,2.0,-0.206569111039,0.010575597886,-0.00202753703,-0.005017560947,0.141966209326,0.000212074403
-2.0,2.0,4.0,2.0,-0.205482066619,0.010611343076,-0.00564749733,-0.006468971932,0.140962289737,0.001198211708
0.0,-2.0,4.0,2.0,-0.058942082462,0.008862412797,0.001691095668,-0.002895742851,0.100045456011,-0.000669220287
0.0,0.0,4.0,2.0,-0.058449519017,0.008825735283,-0.001850255352,-0.005035606684,0.099767013883,8.5773047e-05
0.0,2.0,4.0,2.0,-0.057547387646,0.008872325007,-0.005377092329,-0.007161760881,0.098811127834,0.000837780091
2.0,-2.0,4.0,2.0,0.089565540001,0.009288791095,0.001741492182,-0.002232648654,0.056496041559,-0.000577924619
2.0,0.0,4.0,2.0,0.090252419303,0.009259995526,-0.001667801122,-0.005046112337,0.056162411291,-4.2079927e-05
2.0,2.0,4.0,2.0,0.090969022209,0.009313914491,-0.005062772177,-0.007845503386,0.055257040268,0.000491357651
4.0,-2.0,4.0,2.0,0.238409024809,0.01189870421,0.001757424965,-0.001563418716,0.011668661179,-0.000503585405
4.0,0.0,4.0,2.0,0.239291675742,0.011881249766,-0.001480266284,-0.005048161455,0.01127777304,-0.000171067711
4.0,2.0,4.0,2.0,0.239819129852,0.011939010185,-0.004704747136,-0.008519151958,0.010426924695,0.000159714343
6.0,-2.0,4.0,2.0,0.387308314366,0.016681321457,0.001708465454,-0.000902009313,-0.034254839962,-0.000441241993
6.0,0.0,4.0,2.0,0.388413792059,0.016680217952,-0.00128901511,-0.005042679201,-0.034749324135,-0.000300680453
6.0,2.0,4.0,2.0,0.38873271122,0.016737241513,-0.004284097804,-0.00917359727,-0.03551348257,-0.000159512344
8.0,-2.0,4.0,2.0,0.536060822046,0.023617987148,0.00164947974,-0.000225244743,-0.081216284093,-0.000400126691
8.0,0.0,4.0,2.0,0.537364598856,0.02363541642,-0.001095212947,-0.005028934984,-0.08177571204,-0.00043032055
8.0,2.0,4.0,2.0,0.537488546486,0.023688699158,-0.003836450624,-0.009822839677,-0.082474753475,-0.000459598035
10.0,-2.0,4.0,2.0,0.68439028644,0.032673813091,0.001555341542,0.000455249532,-0.129027739354,-0.000375785914
10.0,0.0,4.0,2.0,0.685890512836,0.032713000795,-0.000898478611,-0.005007307682,-0.129651665373,-0.000559691439
10.0,2.0,4.0,2.0,0.685819214411,0.03275903072,-0.003348552499,-0.01045997836,-0.130283996965,-0.000742229643
-10.0,-2.0,4.0,4.0,-0.787893523533,0.039237990059,-0.001688123024,-0.010931296165,0.294616739504,-0.000698025211
-10.0,0.0,4.0,4.0,-0.787738572081,0.0391840415,-0.005312622012,-0.009702149092,0.294050694598,0.001380248893
-10.0,2.0,4.0,4.0,-0.78524722282,0.039110136337,-0.008946462068,-0.008461480029,0.292248317369,0.003456867858
-8.0,-2.0,4.0,4.0,-0.644806081116,0.029037243588,-0.001337535262,-0.010357416051,0.259234353541,-0.000634908238
-8.0,0.0,4.0,4.0,-0.644439982323,0.028980060088,-0.005011939224,-0.009799957136,0.258596398814,0.001149423948
-8.0,2.0,4.0,4.0,-0.642125881195,0.028937700956,-0.008697687482,-0.009231842462,0.256840278417,0.002933211266
-6.0,-2.0,4.0,4.0,-0.500164486305,0.020884579939,-0.00100515763,-0.009766373783,0.22202185842,-0.000592845959
-6.0,0.0,4.0,4.0,-0.499588347523,0.020828647219,-0.004696377708,-0.00988287362,0.221312465935,0.00091197474
-6.0,2.0,4.0,4.0,-0.49745284719,0.020814554828,-0.008399251272,-0.009988451066,0.219605219319,0.002417033924
-4.0,-2.0,4.0,4.0,-0.354202368641,0.014830574537,-0.000694886988,-0.0091593805,0.183070829044,-0.000571107553
-4.0,0.0,4.0,4.0,-0.353426371909,0.014779121771,-0.004379398796,-0.009955395424,0.182307171339,0.000671532284
-4.0,2.0,4.0,4.0,-0.351463542483,0.014790048935,-0.008051203691,-0.010730525514,0.180635493904,0.001909737096
-2.0,-2.0,4.0,4.0,-0.207161582388,0.010913208484,-0.00040848083,-0.008536170697,0.142482205821,-0.000569180333
-2.0,0.0,4.0,4.0,-0.206174909419,0.010869996644,-0.004045570074,-0.010010576935,0.14164652613,0.000425133179
-2.0,2.0,4.0,4.0,-0.204399855508,0.010903004501,-0.007653523248,-0.011457519974,0.140032226707,0.001412435817
0.0,-2.0,4.0,4.0,-0.059290212958,0.009159797371,-0.000148176198,-0.007897682073,0.100370611013,-0.000586542745
0.0,0.0,4.0,4.0,-0.058104500349,0.009128556878,-0.003691916733,-0.010046934011,0.099478535306,0.000172916318
0.0,2.0,4.0,4.0,-0.056507750948,0.00917990831,-0.007206470577,-0.01216820788,0.097908866464,0.000926418163
2.0,-2.0,4.0,4.0,0.089165851564,0.009585093706,8.3782468e-05,-0.00724470034,0.056854227365,-0.000622501531
2.0,0.0,4.0,4.0,0.090552680686,0.009569244741,-0.003327283596,-0.010066948357,0.055902585648,-8.2438167e-05
2.0,2.0,4.0,4.0,0.091966154352,0.009635501932,-0.006710150646,-0.012861581003,0.054382462033,0.000452841335
4.0,-2.0,4.0,4.0,0.237958545587,0.012192015679,0.000285920699,-0.006577371193,0.012058788505,-0.000676466614
4.0,0.0,4.0,4.0,0.239542012384,0.012195060034,-0.002953620512,-0.010071380437,0.011051883191,-0.000339970153
4.0,2.0,4.0,4.0,0.240771507731,0.012272662916,-0.006165713756,-0.013537053366,0.009582509584,-7.024836e-06
6.0,-2.0,4.0,4.0,0.38680249608,0.016969464104,0.000422118898,-0.005912208784,-0.033823952354,-0.000742197255
6.0,0.0,4.0,4.0,0.388617123232,0.016996622376,-0.00257280728,-0.010059485056,-0.034945128424,-0.000598597939
6.0,2.0,4.0,4.0,0.389644263009,0.017081226679,-0.005560092722,-0.014187505605,-0.036334814983,-0.000454199727
8.0,-2.0,4.0,4.0,0.53550492796,0.023899364438,0.00055655865,-0.005221399606,-0.080753204069,-0.00083011209
8.0,0.0,4.0,4.0,0.537518828506,0.023952411106,-0.002184653854,-0.010031593287,-0.081938373763,-0.000857593341
8.0,2.0,4.0,4.0,0.538352900881,0.024040658345,-0.004918905895,-0.014822348136,-0.083263150127,-0.000883266238
10.0,-2.0,4.0,4.0,0.683785141661,0.032946595856,0.000658499761,-0.004518753481,-0.128533033108,-0.000934414696
10.0,0.0,4.0,4.0,0.685995971114,0.033028638979,-0.001791905245,-0.009987619606,-0.129781465116,-0.001115808876
10.0,2.0,4.0,4.0,0.686635198664,0.033116885122,-0.004234967723,-0.015437033024,-0.131038039104,-0.001294505769
-10.0,-2.0,4.0,6.0,-0.787608067094,0.039668901526,-0.00432344959,-0.01571732376,0.29449407848,-1.3416137e-05
-10.0,0.0,4.0,6.0,-0.786798324508,0.039584111398,-0.00793855937,-0.014495358568,0.293341971769,0.002069212492
-10.0,2.0,4.0,6.0,-0.783653821608,0.039479013137,-0.011569486534,-0.013256961559,0.290955711246,0.004149813339
-8.0,-2.0,4.0,6.0,-0.644598124378,0.029486549197,-0.003824501754,-0.015191752422,0.259160374258,-6.4944539e-05
-8.0,0.0,4.0,6.0,-0.643569128404,0.029405704616,-0.007489528485,-0.014641505995,0.257930984456,0.001723916593
-8.0,2.0,4.0,6.0,-0.640593190695,0.029338955187,-0.011171320205,-0.014075183895,0.255583898035,0.003511888918
-6.0,-2.0,4.0,6.0,-0.500034014343,0.021348985035,-0.00333631463,-0.014641363484,0.221996911732,-0.000140708588
-6.0,0.0,4.0,6.0,-0.498789047167,0.021276812956,-0.007017616852,-0.014764977363,0.220691623967,0.001368607986
-6.0,2.0,4.0,6.0,-0.495984885286,0.021245507887,-0.010716246144,-0.014872265536,0.2183883344,0.002878192445
-4.0,-2.0,4.0,6.0,-0.354152653233,0.015307332499,-0.002863406021,-0.014067516639,0.183096763526,-0.000239635136
-4.0,0.0,4.0,6.0,-0.352704611291,0.01524686915,-0.006542264143,-0.014872276237,0.181739212545,0.001008515218
-4.0,2.0,4.0,6.0,-0.350063154628,0.01524797978,-0.010205396648,-0.015647604379,0.179460618189,0.00225065548
-2.0,-2.0,4.0,6.0,-0.207193869606,0.011399318345,-0.002407795697,-0.013469627989,0.142560304856,-0.000360820722
-2.0,0.0,4.0,6.0,-0.205523736992,0.011354506918,-0.006044361414,-0.014954804343,0.141118331553,0.00064004153
-2.0,2.0,4.0,6.0,-0.203068221088,0.011384948251,-0.009637322788,-0.016398944048,0.138900510868,0.001630414139
0.0,-2.0,4.0,6.0,-0.059404904462,0.009652178469,-0.001973045481,-0.012848938122,0.100500711709,-0.000503137439
0.0,0.0,4.0,6.0,-0.057530872751,0.009626786396,-0.005515784288,-0.015008612451,0.098999234574,0.000262686946
0.0,2.0,4.0,6.0,-0.055250466648,0.009683058873,-0.009015070413,-0.017127166464,0.096824814848,0.001019609792
2.0,-2.0,4.0,6.0,0.08896981095,0.010080635079,-0.001561160523,-0.012205616698,0.057036431636,-0.000665598233
2.0,0.0,4.0,6.0,0.09104514752,0.010078178866,-0.00497116096,-0.015038846616,0.055477074138,-0.000119353994
2.0,2.0,4.0,6.0,0.093151991355,0.010156636608,-0.008338134197,-0.017829345572,0.053345139565,0.000419704463
4.0,-2.0,4.0,6.0,0.237644700535,0.012685916958,-0.001209642695,-0.011555375245,0.012351190601,-0.000841029842
4.0,0.0,4.0,6.0,0.239958405678,0.012711384274,-0.004413067224,-0.015044331943,0.010675080834,-0.000504552251
4.0,2.0,4.0,6.0,0.241880861545,0.012808645954,-0.007609014824,-0.018506398916,0.008596257846,-0.000167531973
6.0,-2.0,4.0,6.0,0.386437090537,0.017461636837,-0.00085492785,-0.010871030669,-0.033527532738,-0.001040113841
6.0,0.0,4.0,6.0,0.388952300881,0.017517092739,-0.003842760667,-0.015025960087,-0.035267211263,-0.000891612903
6.0,2.0,4.0,6.0,0.390680751735,0.017628968421,-0.006819975645,-0.01915229654,-0.037276311519,-0.000741812992
8.0,-2.0,4.0,6.0,0.535058610329,0.024385135778,-0.000528691098,-0.010165855456,-0.080404345721,-0.001256245825
8.0,0.0,4.0,6.0,0.537775587746,0.02447383351,-0.003263418029,-0.014983612106,-0.082208948409,-0.001278925553
8.0,2.0,4.0,6.0,0.539311833998,0.024596739926,-0.005987146467,-0.019772638186,-0.084151962822,-0.001299006463
10.0,-2.0,4.0,6.0,0.683258407005,0.03342292779,-0.000232443859,-0.00944088408,-0.128131734802,-0.001488328929
10.0,0.0,4.0,6.0,0.686172610087,0.03354774974,-0.002676075006,-0.014917088881,-0.129998068796,-0.001665164912
10.0,2.0,4.0,6.0,0.687514248889,0.033677836854,-0.005109015755,-0.020364655872,-0.131871186258,-0.001837993263
-10.0,-2.0,4.0,8.0,-0.786955269965,0.040248445882,-0.006924593707,-0.020432807346,0.294092999731,0.00066799712
-10.0,0.0,4.0,8.0,-0.785499664815,0.040134468068,-0.010528609645,-0.019220004343,0.292364127535,0.002756649087
-10.0,2.0,4.0,8.0,-0.781712207921,0.039998972696,-0.014153724406,-0.017985540692,0.28940252029,0.00484266652
-8.0,-2.0,4.0,8.0,-0.644048652688,0.030093964212,-0.00627927224,-0.019954562776,0.25882378082,0.00050277202
-8.0,0.0,4.0,8.0,-0.64236627201,0.029990736722,-0.009932436251,-0.01941324182,0.257011869631,0.002297762369
-8.0,2.0,4.0,8.0,-0.638738988858,0.029900386602,-0.013607801287,-0.018850536126,0.254083294631,0.004091561684
-6.0,-2.0,4.0,8.0,-0.499588383472,0.021979887684,-0.005637049521,-0.019443826775,0.221725170334,0.000310112276
-6.0,0.0,4.0,8.0,-0.497684052957,0.021892212674,-0.009306141057,-0.019576231571,0.219833417509,0.001825740282
-6.0,2.0,4.0,8.0,-0.494222081899,0.021844901988,-0.012997803389,-0.019686998736,0.216943823516,0.003341434459
-4.0,-2.0,4.0,8.0,-0.353815787699,0.015958059089,-0.005004077665,-0.018902465871,0.182893831507,9.1631974e-05
-4.0,0.0,4.0,8.0,-0.351704269805,0.015889344243,-0.008674309116,-0.019717389078,0.18095067138,0.00134701248
-4.0,2.0,4.0,8.0,-0.348394375638,0.015881251108,-0.012325345193,-0.020493986448,0.178074376684,0.002594683309
-2.0,-2.0,4.0,8.0,-0.206967551573,0.012065701648,-0.004381803719,-0.018329345201,0.142427185022,-0.00015153417
-2.0,0.0,4.0,8.0,-0.20462330983,0.012019984749,-0.008015022214,-0.019826451742,0.140387412937,0.000857655295
-2.0,2.0,4.0,8.0,-0.201497777163,0.012048332075,-0.011589222429,-0.021269111409,0.137576120697,0.001852727865
0.0,-2.0,4.0,8.0,-0.059290364563,0.010330062762,-0.003774787343,-0.017725762347,0.100438658149,-0.000417735523
0.0,0.0,4.0,8.0,-0.056739923054,0.010311217654,-0.00731345393,-0.019897583451,0.098339602228,0.000356249756
0.0,2.0,4.0,8.0,-0.05378252414,0.010372447431,-0.010794122155,-0.022014119403,0.095566004558,0.001118400327
2.0,-2.0,4.0,8.0,0.08897241442,0.010765755003,-0.003185441503,-0.017091713343,0.057045716567,-0.000705561863
2.0,0.0,4.0,8.0,0.091733107093,0.010776957363,-0.006590893943,-0.019936092257,0.05488220578,-0.000151247384
2.0,2.0,4.0,8.0,0.094516535448,0.010867793407,-0.009939495185,-0.022725171078,0.052153775593,0.000393467751
4.0,-2.0,4.0,8.0,0.237531541064,0.013373651442,-0.002656898872,-0.016444982366,0.012440528694,-0.001006467167
4.0,0.0,4.0,8.0,0.240533812053,0.01342035952,-0.005850120332,-0.019943059285,0.010153759194,-0.000663051858
4.0,2.0,4.0,8.0,0.243139527855,0.013537122644,-0.009027819157,-0.023402891799,0.007475174114,-0.00031991362
6.0,-2.0,4.0,8.0,0.386210930821,0.01814780584,-0.002116255626,-0.015754064778,-0.03336347453,-0.001332489701
6.0,0.0,4.0,8.0,0.389418711313,0.018231786819,-0.005094051523,-0.019918125622,-0.035714985495,-0.001177163415
6.0,2.0,4.0,8.0,0.391837825526,0.018370616813,-0.008057900892,-0.024043906078,-0.03833416097,-0.001020060159
8.0,-2.0,4.0,8.0,0.534722923614,0.025065575933,-0.001601131656,-0.015034623525,-0.080169291319,-0.001675577387
8.0,0.0,4.0,8.0,0.538132395913,0.025189837257,-0.004325986126,-0.019860972252,-0.082583852234,-0.001691542026
8.0,2.0,4.0,8.0,0.540360221916,0.025346776794,-0.00703607091,-0.024649252034,-0.085135782894,-0.001704085179
10.0,-2.0,4.0,8.0,0.682811889967,0.034093270287,-0.001113346876,-0.014287438555,-0.127823254519,-0.002034200092
10.0,0.0,4.0,8.0,0.686418845473,0.034260604594,-0.00354695817,-0.019771864078,-0.130298123486,-0.002204523087
10.0,2.0,4.0,8.0,0.688452603484,0.034431672123,-0.005966490181,-0.025218351998,-0.132778940106,-0.002369530844
-10.0,-2.0,4.0,10.0,-0.785948850956,0.040966574073,-0.009479694858,-0.025055991443,0.293423103221,0.001345423057
-10.0,0.0,4.0,10.0,-0.783860358932,0.040825072536,-0.013070531531,-0.023854104775,0.291129384165,0.003441552733
-10.0,2.0,4.0,10.0,-0.779443446161,0.040660468325,-0.01668776776,-0.02262544073,0.287604890912,0.005534487428
-8.0,-2.0,4.0,10.0,-0.64317042424,0.030848319881,-0.00869014676,-0.024623620129,0.258232945133,0.001067777096
-8.0,0.0,4.0,10.0,-0.64084797055,0.030724485226,-0.012329781017,-0.024093169023,0.255851577223,0.002870506869
-8.0,2.0,4.0,10.0,-0.636582610029,0.03061157676,-0.015995755194,-0.023535605523,0.252352824784,0.004671501616
-6.0,-2.0,4.0,10.0,-0.498840187893,0.02276590666,-0.007897514382,-0.024151796795,0.221216530943,0.000759748958
-6.0,0.0,4.0,10.0,-0.496287175575,0.022664137655,-0.011551069265,-0.024294084017,0.218747996737,0.002283007121
-6.0,2.0,4.0,10.0,-0.492181698751,0.02260137146,-0.015233356232,-0.024410088138,0.215285210592,0.003806486179
-4.0,-2.0,4.0,10.0,-0.353200487746,0.016770502628,-0.007106960123,-0.023641611174,0.182468541729,0.000423081076
-4.0,0.0,4.0,10.0,-0.350439540272,0.01669495002,-0.010766730128,-0.024467960357,0.179951847919,0.001687338013
-4.0,2.0,4.0,10.0,-0.346474737096,0.016678316458,-0.014402218833,-0.025247633355,0.176490834724,0.002942069381
-2.0,-2.0,4.0,10.0,-0.206490410436,0.01289986181,-0.00632113296,-0.023092370901,0.142089039973,5.940313e-05
-2.0,0.0,4.0,10.0,-0.203487540864,0.012854378924,-0.009947953586,-0.024603205506,0.139466603498,0.001078487127
-2.0,2.0,4.0,10.0,-0.199704221552,0.012880920567,-0.013501247814,-0.02604582804,0.136071999385,0.002080057398
0.0,-2.0,4.0,10.0,-0.058952363158,0.0111805475,-0.005544861622,-0.022505068249,0.100189057783,-0.000329183187
0.0,0.0,4.0,10.0,-0.055736328242,0.011168730187,-0.009076067359,-0.024689746095,0.097501090095,0.00045461475
0.0,2.0,4.0,10.0,-0.052118207463,0.011235415483,-0.01253582751,-0.026806223075,0.094144442081,0.00122373296
2.0,-2.0,4.0,10.0,0.08917332684,0.011627123052,-0.004781348571,-0.021879697523,0.056884466073,-0.000740755329
2.0,0.0,4.0,10.0,0.09260114983,0.011652492596,-0.00817847962,-0.024736565085,0.054131231349,-0.000176819788
2.0,2.0,4.0,10.0,0.096049362499,0.011755807394,-0.01150641495,-0.027525224923,0.0508176741,0.00037538755
4.0,-2.0,4.0,10.0,0.23758729374,0.014240388632,-0.004078902114,-0.021235740386,0.012377545255,-0.001165584664
4.0,0.0,4.0,10.0,0.24126411241,0.014308592115,-0.007259303784,-0.024744444838,0.009494357762,-0.00081345432
4.0,2.0,4.0,10.0,0.244538081472,0.014444753464,-0.010415742629,-0.028202983603,0.006227132916,-0.000462436221
6.0,-2.0,4.0,10.0,0.386126806271,0.019014603826,-0.003355834402,-0.020538026814,-0.033334764055,-0.001616896525
6.0,0.0,4.0,10.0,0.390011970454,0.019127051028,-0.006321228977,-0.024712024993,-0.036284459038,-0.001452833533
6.0,2.0,4.0,10.0,0.393106981302,0.019292460063,-0.00926813487,-0.028838658765,-0.039499841773,-0.001286791869
8.0,-2.0,4.0,10.0,0.534499538562,0.025927012814,-0.002655337195,-0.019804007139,-0.080048727082,-0.002085258586
8.0,0.0,4.0,10.0,0.538587381005,0.026086628124,-0.005367241948,-0.024639914975,-0.083060564104,-0.002092717998
8.0,2.0,4.0,10.0,0.541492602701,0.02627701493,-0.008060809043,-0.029428584643,-0.086208636901,-0.002095941073
10.0,-2.0,4.0,10.0,0.682449563245,0.034943966743,-0.001979589008,-0.019034524518,-0.12761015138,-0.002568720615
10.0,0.0,4.0,10.0,0.686734911068,0.035153352414,-0.004400251444,-0.024528024722,-0.130680773235,-0.002730709442
10.0,2.0,4.0,10.0,0.689446468668,0.035364596936,-0.006803399075,-0.029974503419,-0.13375644644,-0.002886122393
-10.0,-2.0,6.0,-10.0,-0.798476918836,0.042338766455,0.016366606569,0.022015063898,0.304311451057,-0.005251193174
-10.0,0.0,6.0,-10.0,-0.802863054276,0.042534583325,0.012810008933,0.023401280611,0.307813613423,-0.003139459075
-10.0,2.0,6.0,-10.0,-0.804889341052,0.042702484999,0.009279460127,0.024761568217,0.310062713411,-0.001024681972
-8.0,-2.0,6.0,-10.0,-0.655823336371,0.032064643173,0.01571113484,0.022947799293,0.269315932068,-0.004399694846
-8.0,0.0,6.0,-10.0,-0.660058988171,0.032209006564,0.012098092989,0.023663965231,0.272792027691,-0.002578996208
-8.0,2.0,6.0,-10.0,-0.662322215215,0.032360391286,0.008512337321,0.02435402003,0.27513026671,-0.00075703594
-6.0,-2.0,6.0,-10.0,-0.511602656502,0.023821838915,0.014984453398,0.023846047655,0.232476925036,-0.003545526737
-6.0,0.0,6.0,-10.0,-0.515683184988,0.02391698022,0.01134916485,0.023889463044,0.235920181484,-0.002001612683
-6.0,2.0,6.0,-10.0,-0.518179445935,0.024047437851,0.007739867329,0.023907719123,0.238345914192,-0.000457946651
-4.0,-2.0,6.0,-10.0,-0.366052901306,0.017660204354,0.01418643528,0.024707268141,0.193885046203,-0.002690853887
-4.0,0.0,6.0,-10.0,-0.370000324214,0.017709795972,0.010593850792,0.02409059935,0.197336255207,-0.001415799345
-4.0,2.0,6.0,-10.0,-0.372701123368,0.017814596383,0.006967086948,0.023423075044,0.199802357346,-0.000129435727
-2.0,-2.0,6.0,-10.0,-0.21941472768,0.013619342846,0.013319107184,0.025531445109,0.153642995621,-0.001838267405
-2.0,0.0,6.0,-10.0,-0.223181814845,0.013625511558,0.009793627419,0.024249058317,0.15703105578,-0.000814202998
-2.0,2.0,6.0,-10.0,-0.226125712995,0.013701554901,0.006198212571,0.022900597506,0.159600259571,0.000226634486
0.0,-2.0,6.0,-10.0,-0.071930100917,0.011726763453,0.012385716716,0.026317997129,0.111859085612,-0.000990514143
0.0,0.0,6.0,-10.0,-0.075536098463,0.011692839955,0.008945191533,0.024361985367,0.115211043918,-0.000198025411
0.0,2.0,6.0,-10.0,-0.078695583243,0.01173613207,0.00543692569,0.022340062117,0.117847299024,0.000608426521
2.0,-2.0,6.0,-10.0,0.07615515673,0.011998160621,0.011385214285,0.027063552498,0.068653674158,-0.000149465839
2.0,0.0,6.0,-10.0,0.07271535874,0.011927910628,0.008069177349,0.024436563528,0.071966937305,0.000426825859
2.0,2.0,6.0,-10.0,0.069345951282,0.011934571263,0.004686149925,0.02174188501,0.074664002556,0.001014245343
4.0,-2.0,6.0,-10.0,0.224599253551,0.014437298218,0.01032230586,0.027768668639,0.024146937216,0.00068186048
4.0,0.0,6.0,-10.0,0.221331859234,0.014334035188,0.007170095025,0.02447147824,0.027413513479,0.001057557063
4.0,2.0,6.0,-10.0,0.217705086514,0.014298322774,0.003998670216,0.021127165817,0.030250743718,0.001433422759
6.0,-2.0,6.0,-10.0,0.373141534739,0.01903547066,0.009195325016,0.028429813728,-0.021515962062,0.00150155604
6.0,0.0,6.0,-10.0,0.370055641621,0.018903062314,0.00624873133,0.0244667244,-0.018308110324,0.00169232148
6.0,2.0,6.0,-10.0,0.366218563868,0.018823627244,0.003284191778,0.020456805884,-0.015403874154,0.001880843067
8.0,-2.0,6.0,-10.0,0.521533604273,0.025772368866,0.008011144059,0.029047658087,-0.068198414299,0.002306237732
8.0,0.0,6.0,-10.0,0.518634509126,0.025614778232,0.005309132703,0.024422295117,-0.065056114249,0.002328557679
8.0,2.0,6.0,-10.0,0.514591899773,0.025488643253,0.002589716458,0.019750114178,-0.062088313176,0.002346330874
10.0,-2.0,6.0,-10.0,0.669523443046,0.034615575333,0.006774796996,0.029621946182,-0.115752748876,0.003092966568
10.0,0.0,6.0,-10.0,0.666815324892,0.034436812078,0.004354601702,0.024338239367,-0.112681536574,0.002963854813
10.0,2.0,6.0,-10.0,0.662572172541,0.034261223986,0.001917828607,0.019007853063,-0.109653429233,0.002827862032
-10.0,-2.0,6.0,-8.0,-0.801140588104,0.041769138914,0.01387898972,0.017454805981,0.306475130651,-0.004614738166
-10.0,0.0,6.0,-8.0,-0.804906094197,0.04193106806,0.010316680188,0.018850481565,0.309421077223,-0.002509111861
-10.0,2.0,6.0,-8.0,-0.806307333984,0.042066171369,0.006775250234,0.020225222953,0.311110923368,-0.000401017128
-8.0,-2.0,6.0,-8.0,-0.658384739572,0.031437979237,0.013363820356,0.018337979771,0.271419894124,-0.003872908896
-8.0,0.0,6.0,-8.0,-0.661991068011,0.031554907134,0.009743935727,0.01906325341,0.274333285442,-0.002058747428
-8.0,2.0,6.0,-8.0,-0.663621663368,0.031680036811,0.006146131551,0.019767363885,0.276106453492,-0.000243623592
-6.0,-2.0,6.0,-8.0,-0.51405684502,0.023142167785,0.012784677359,0.019193836094,0.23451677553,-0.003131733638
-6.0,0.0,6.0,-8.0,-0.517499165037,0.023216553253,0.009140399321,0.019246583785,0.237391377505,-0.001594635451
-6.0,2.0,6.0,-8.0,-0.519356938426,0.023327639925,0.005519170713,0.0192781224,0.239247935468,-5.8036403e-05
-4.0,-2.0,6.0,-8.0,-0.368393890112,0.016931971982,0.012141012133,0.020020009716,0.195856184199,-0.002392979269
-4.0,0.0,6.0,-8.0,-0.371692726759,0.016967210135,0.00853503934,0.019409569654,0.198726363984,-0.00112431142
-4.0,2.0,6.0,-8.0,-0.373752144795,0.0170597967,0.004898686989,0.018757584079,0.200626557576,0.000154120489
-2.0,-2.0,6.0,-8.0,-0.22163732652,0.012847099037,0.011434277864,0.020816462656,0.155540337534,-0.001658804163
-2.0,0.0,6.0,-8.0,-0.224757326518,0.012846324799,0.007890388555,0.019538484091,0.158355591187,-0.000640554896
-2.0,2.0,6.0,-8.0,-0.227045730438,0.012916601177,0.00428870275,0.018206687603,0.160342648002,0.000391335894
0.0,-2.0,6.0,-8.0,-0.074031610998,0.010915393109,0.010666651,0.021582531943,0.113681239354,-0.000931434878
0.0,0.0,6.0,-8.0,-0.076984852542,0.010881408862,0.007206925109,0.019630589474,0.116457470937,-0.000145195137
0.0,2.0,6.0,-8.0,-0.079484657512,0.010925980271,0.003691917524,0.01762531962,0.118508972564,0.000652333616
2.0,-2.0,6.0,-8.0,0.074179252295,0.0111526756,0.00983753327,0.022315471215,0.070394959803,-0.00021251866
2.0,0.0,6.0,-8.0,0.071398758471,0.011089079954,0.006501324936,0.019691426924,0.073126517936,0.000357082716
2.0,2.0,6.0,-8.0,0.068690852738,0.011104213239,0.003111081408,0.017013405694,0.075240402472,0.000935703057
4.0,-2.0,6.0,-8.0,0.222751198894,0.013562907384,0.008950529002,0.023015507657,0.025804792055,0.000495484311
4.0,0.0,6.0,-8.0,0.220145697016,0.013473300678,0.005776713942,0.019721209966,0.028490222894,0.000864284817
4.0,2.0,6.0,-8.0,0.217189209427,0.013453272731,0.002593995518,0.016391012125,0.030734067994,0.001232059313
6.0,-2.0,6.0,-8.0,0.371417777847,0.018137338328,0.007997910341,0.023676944284,-0.019935213741,0.001192013566
6.0,0.0,6.0,-8.0,0.369001931465,0.018025716624,0.005035105202,0.019718551449,-0.017318339634,0.001374550485
6.0,2.0,6.0,-8.0,0.365837411268,0.017968927436,0.002058236655,0.015722366517,-0.015007782514,0.001555216637
8.0,-2.0,6.0,-8.0,0.519942585071,0.024856242942,0.006996826329,0.024305125048,-0.066706997175,0.001872330912
8.0,0.0,6.0,-8.0,0.517715497384,0.024726272739,0.004278503766,0.019684006046,-0.064155711752,0.001886096412
8.0,2.0,6.0,-8.0,0.514346789482,0.024629639683,0.001546179057,0.015025161577,-0.06178096586,0.001896184023
10.0,-2.0,6.0,-8.0,0.668067349498,0.033687041444,0.005946219337,0.024897424993,-0.114353512256,0.00253489896
10.0,0.0,6.0,-8.0,0.666032156399,0.033542610895,0.003509571212,0.01961755832,-0.111872265643,0.002396955512
10.0,2.0,6.0,-8.0,0.662463606135,0.033403264661,0.001059594144,0.014300066314,-0.109436077694,0.002253453278
-10.0,-2.0,6.0,-6.0,-0.80339126001,0.041324525797,0.011344430294,0.012811473593,0.308315907392,-0.003981029854
-10.0,0.0,6.0,-6.0,-0.806520931323,0.041450454933,0.007777997843,0.014214433032,0.310693048102,-0.001880145455
-10.0,2.0,6.0,-6.0,-0.807287861478,0.041550877181,0.004227471122,0.015600783337,0.311813175682,0.000222479009
-8.0,-2.0,6.0,-6.0,-0.660556060374,0.030946208892,0.010971335008,0.01364327736,0.273214499063,-0.003350228077
-8.0,0.0,6.0,-6.0,-0.663520123627,0.03103399855,0.007346670352,0.014375173019,0.275553168559,-0.001541283785
-8.0,2.0,6.0,-6.0,-0.66450579864,0.031131038766,0.003738637525,0.015091073036,0.276750161683,0.000268382422
-6.0,-2.0,6.0,-6.0,-0.516144628904,0.022606386091,0.010541729074,0.014455043747,0.236261418935,-0.002723467314
-6.0,0.0,6.0,-6.0,-0.5189366796,0.022658490543,0.006891950704,0.014514185155,0.238555730064,-0.001191965639
-6.0,2.0,6.0,-6.0,-0.520142359407,0.022748471704,0.003259525559,0.014557221124,0.239831049564,0.000339143958
-4.0,-2.0,6.0,-6.0,-0.370393516292,0.016355692363,0.010054582525,0.015244542555,0.197547378416,-0.002102104772
-4.0,0.0,6.0,-6.0,-0.373031662582,0.01637567072,0.006437006482,0.014638598609,0.199826683583,-0.000838281234
-4.0,2.0,6.0,-6.0,-0.374434648333,0.016454186578,0.002794329871,0.013999824506,0.201146063911,0.000433469767
-2.0,-2.0,6.0,-6.0,-0.223544507283,0.012233957502,0.009510702061,0.016011840686,0.157174453298,-0.001487851319
-2.0,0.0,6.0,-6.0,-0.226000603832,0.01222481059,0.005949832688,0.014735260503,0.15939987973,-0.000473841054
-2.0,2.0,6.0,-6.0,-0.227624293867,0.012288323598,0.002345500688,0.013418723197,0.160797816667,0.000550481929
0.0,-2.0,6.0,-6.0,-0.075842373297,0.010269189543,0.008911419027,0.01675592402,0.115254094488,-0.000882462581
0.0,0.0,6.0,-6.0,-0.078129114655,0.010234304559,0.005435116887,0.014806183677,0.117441971808,-0.000100962257
0.0,2.0,6.0,-6.0,-0.0799556007,0.01027900697,0.001916209279,0.012815007542,0.118896553971,0.000689128219
2.0,-2.0,6.0,-6.0,0.072466873629,0.010477530047,0.008256790537,0.01747531036,0.071904844428,-0.000287362398
2.0,0.0,6.0,-6.0,0.070358168543,0.01042009719,0.0049034997,0.014852543456,0.074044671955,0.000277091351
2.0,2.0,6.0,-6.0,0.068326393375,0.010442632425,0.001508458492,0.012188703819,0.07556082368,0.000848478696
4.0,-2.0,6.0,-6.0,0.22113922104,0.012862950093,0.007548491994,0.018169173405,0.02724900237,0.000295675629
4.0,0.0,6.0,-6.0,0.219210818337,0.012786548806,0.004356810163,0.014875363731,0.029338148443,0.000658982051
4.0,2.0,6.0,-6.0,0.216935144202,0.012781438269,0.001164554574,0.011557478224,0.030979589618,0.001020482543
6.0,-2.0,6.0,-6.0,0.369903747419,0.017416561104,0.006773721443,0.018830056732,-0.018551533084,0.000867272708
6.0,0.0,6.0,-6.0,0.368172203998,0.017325617255,0.003797294965,0.01487431052,-0.016538211679,0.001043233281
6.0,2.0,6.0,-6.0,0.365693907241,0.017290960085,0.000811267947,0.010889960984,-0.014833565301,0.001217596907
8.0,-2.0,6.0,-6.0,0.51853336799,0.024119298928,0.005958979676,0.019467663443,-0.06539406105,0.001421500388
8.0,0.0,6.0,-6.0,0.516992582088,0.024017062834,0.003227276815,0.014848799231,-0.063446428194,0.00142830909
8.0,2.0,6.0,-6.0,0.514311686463,0.023949656634,0.000485022134,0.010201494225,-0.061676992458,0.001432339513
10.0,-2.0,6.0,-6.0,0.666764852861,0.032938358266,0.005097525191,0.020077205568,-0.11311357517,0.001958158524
10.0,0.0,6.0,-6.0,0.665417122329,0.032828629117,0.00264739204,0.014799249348,-0.111235018068,0.001812979159
10.0,2.0,6.0,-6.0,0.662537160878,0.032725463065,0.000187245191,0.00949292338,-0.109403022717,0.001663599239
-10.0,-2.0,6.0,-4.0,-0.805205139934,0.041012624673,0.008773771124,0.008105813382,0.309814470723,-0.003350111874
-10.0,0.0,6.0,-4.0,-0.807691452573,0.041101341285,0.005205192558,0.009512955024,0.311614042742,-0.001252654503
-10.0,2.0,6.0,-4.0,-0.807813042544,0.041165203207,0.0016471926,0.010908769294,0.312155724202,0.000845961913
-8.0,-2.0,6.0,-4.0,-0.662313142348,0.030597644368,0.008544159421,0.008885392738,0.274680454452,-0.002831347598
-8.0,0.0,6.0,-4.0,-0.664626639852,0.03065531897,0.004916650332,0.009620774774,0.276436126751,-0.001026192226
-8.0,2.0,6.0,-4.0,-0.664957032604,0.030722503467,0.001300389077,0.010346306935,0.277047544531,0.000779515741
-6.0,-2.0,6.0,-4.0,-0.517845076949,0.022223960466,0.008265387408,0.009651199454,0.237693453738,-0.002320103768
-6.0,0.0,6.0,-4.0,-0.519976807167,0.02225269318,0.004612447874,0.009714233702,0.239398239379,-0.000792706535
-6.0,2.0,6.0,-4.0,-0.520519764347,0.022319863469,0.000971268527,0.009766756392,0.240082378449,0.000734411677
-4.0,-2.0,6.0,-4.0,-0.372031819708,0.015941603438,0.007936407629,0.010402876573,0.198941772027,-0.001817259482
-4.0,0.0,6.0,-4.0,-0.373994479874,0.015945379637,0.004313761634,0.009800167059,0.200614531188,-0.00055754215
-4.0,2.0,6.0,-4.0,-0.374736999691,0.016008526316,0.000662859577,0.00917060843,0.20135122126,0.000709961694
-2.0,-2.0,6.0,-4.0,-0.225117327663,0.011790853556,0.007557177234,0.01113987205,0.158528433942,-0.001324093387
-2.0,0.0,6.0,-4.0,-0.226901392173,0.011772802346,0.003981759534,0.009862824831,0.160157606362,-0.000312653795
-2.0,2.0,6.0,-4.0,-0.227848399068,0.011828170093,0.000377932974,0.008558912068,0.160954153052,0.000705577564
0.0,-2.0,6.0,-4.0,-0.077347354184,0.009799872654,0.007128529065,0.011861361801,0.116565427517,-0.000841935935
0.0,0.0,6.0,-4.0,-0.078952929616,0.009763193484,0.003637525427,0.009910187173,0.118149611522,-6.3447788e-05
0.0,2.0,6.0,-4.0,-0.080100326625,0.009807289246,0.000118273776,0.007932013103,0.119003565675,0.000720787632
2.0,-2.0,6.0,-4.0,0.071032480446,0.009984875171,0.006650071132,0.012565791847,0.073170261962,-0.000371827902
2.0,0.0,6.0,-4.0,0.069606377883,0.009933134795,0.003281727752,0.00994195409,0.074708101743,0.000189294293
2.0,2.0,6.0,-4.0,0.068260595079,0.009962315817,-0.000114193974,0.00729035345,0.075618037951,0.000754986873
4.0,-2.0,6.0,-4.0,0.219776533312,0.012350004641,0.00612274463,0.013252692071,0.028466864811,8.4986148e-05
4.0,0.0,6.0,-4.0,0.218533033832,0.012286619369,0.00291639328,0.00995738762,0.029953949904,0.000444497988
4.0,2.0,6.0,-4.0,0.216953293559,0.012295799073,-0.00028247655,0.006649708241,0.030978812375,0.000801433252
6.0,-2.0,6.0,-4.0,0.368609889278,0.01688624674,0.005528021652,0.013912260092,-0.017374466018,0.000530395293
6.0,0.0,6.0,-4.0,0.367573901774,0.01681587614,0.002541721408,0.009956937685,-0.015975560689,0.000701389603
6.0,2.0,6.0,-4.0,0.365791431096,0.01680283665,-0.000451003497,0.005982680332,-0.014885102399,0.000871336991
8.0,-2.0,6.0,-4.0,0.517315177683,0.023575106735,0.004902177492,0.01455878248,-0.064268512944,0.000957212392
8.0,0.0,6.0,-4.0,0.516471517308,0.023500671416,0.002160283466,0.009940231822,-0.062934479147,0.000958821715
8.0,2.0,6.0,-4.0,0.514488746106,0.023462141633,-0.000588762808,0.005302639446,-0.061779743372,0.000958578416
10.0,-2.0,6.0,-4.0,0.665624087612,0.032383619203,0.004232514421,0.015185167766,-0.112041622236,0.001366624968
10.0,0.0,6.0,-4.0,0.664974569572,0.032308787803,0.001772086239,0.009907290023,-0.110775680541,0.001215988277
10.0,2.0,6.0,-4.0,0.662793529334,0.032241607519,-0.000694993797,0.004610451017,-0.109557137296,0.001062534825
-10.0,-2.0,6.0,-2.0,-0.806561618257,0.040838636532,0.006178249438,0.003359799787,0.310954856179,-0.002721696355
-10.0,0.0,6.0,-2.0,-0.808400244873,0.04088947103,0.002609373405,0.004767774036,0.312171719635,-0.000626252731
-10.0,2.0,6.0,-2.0,-0.80787086807,0.040915571204,-0.000954239167,0.006170389544,0.31212941722,0.001469820963
-8.0,-2.0,6.0,-2.0,-0.663641840543,0.030398925102,0.006092657331,0.004084997547,0.275804798227,-0.002315735446
-8.0,0.0,6.0,-2.0,-0.665294735206,0.030425149281,0.002464752654,0.00482226356,0.276969607705,-0.000512811961
-8.0,2.0,6.0,-2.0,-0.664967020747,0.030461855841,-0.001157752325,0.005553941691,0.276991378445,0.001290403958
-6.0,-2.0,6.0,-2.0,-0.519141722074,0.022001683736,0.005965775331,0.004804512351,0.238799128082,-0.001920743119
-6.0,0.0,6.0,-2.0,-0.520606373632,0.022006327933,0.002312083892,0.004868848738,0.239908173566,-0.00039586691
-6.0,2.0,6.0,-2.0,-0.520481372425,0.022049832515,-0.001335739409,0.004927832029,0.239996013222,0.001128867423
-4.0,-2.0,6.0,-2.0,-0.373293613137,0.015697072733,0.005795909382,0.005517489405,0.200026539152,-0.001537166345
-4.0,0.0,6.0,-2.0,-0.37458256483,0.015684071156,0.002162207058,0.004911858878,0.201099459714,-0.00027805477
-4.0,2.0,6.0,-2.0,-0.374649641433,0.015730923154,-0.001485700183,0.004292751758,0.201234550168,0.000984973351
-2.0,-2.0,6.0,-2.0,-0.226342023909,0.011525720879,0.00558235288,0.006223314033,0.159590473847,-0.001165863764
-2.0,0.0,6.0,-2.0,-0.227446036413,0.011498240355,0.001995577492,0.004943261641,0.160615712378,-0.000155360831
-2.0,2.0,6.0,-2.0,-0.22771105509,0.011544720214,-0.001605508343,0.00364971275,0.16080650379,0.000858562067
0.0,-2.0,6.0,-2.0,-0.078532720839,0.009515759165,0.005325810654,0.006921400887,0.117602178822,-0.000807815022
0.0,0.0,6.0,-2.0,-0.079452741648,0.009477104271,0.001823155656,0.004967209821,0.118579777086,-3.05665e-05
0.0,2.0,6.0,-2.0,-0.079912577834,0.009519729333,-0.001693699841,0.002999210808,0.118824455521,0.000749557933
2.0,-2.0,6.0,-2.0,0.06988775279,0.009683555328,0.005024763191,0.007610400835,0.074180574903,-0.000463487621
2.0,0.0,6.0,-2.0,0.069153492398,0.009637226749,0.001644533126,0.004982830608,0.07510711938,9.6041068e-05
2.0,2.0,6.0,-2.0,0.06849881953,0.00967249063,-0.001749074376,0.002341722771,0.075407233546,0.000657814657
4.0,-2.0,6.0,-2.0,0.218672459933,0.012033349169,0.004679747335,0.008289559982,0.029450164705,-0.000133744872
4.0,0.0,6.0,-2.0,0.218124575587,0.011982856778,0.001461066898,0.00499086716,0.030325334206,0.000223915356
4.0,2.0,6.0,-2.0,0.217275369812,0.012007268911,-0.00177050792,0.001678138699,0.030680375303,0.000583198427
6.0,-2.0,6.0,-2.0,0.367545803539,0.01655589452,0.004266791568,0.008947483011,-0.016413676701,0.000184606006
6.0,0.0,6.0,-2.0,0.367212274629,0.016506106747,0.001274200524,0.004990670004,-0.015635105212,0.000352437959
6.0,2.0,6.0,-2.0,0.366133004135,0.016514296387,-0.00172230236,0.001024265054,-0.015165763813,0.00051984064
8.0,-2.0,6.0,-2.0,0.516296176336,0.02323334164,0.003831479418,0.009602450787,-0.063338992631,0.000483139965
8.0,0.0,6.0,-2.0,0.516156948376,0.02318682731,0.001083523864,0.004982196728,-0.062625122251,0.000481277463
8.0,2.0,6.0,-2.0,0.514879361879,0.023176901071,-0.001669768162,0.000352379076,-0.062091393711,0.000478742065
10.0,-2.0,6.0,-2.0,0.664650216446,0.03203260252,0.003355398515,0.01024506792,-0.111143714014,0.000764353809
10.0,0.0,6.0,-2.0,0.664706053928,0.031992890737,0.000888084313,0.004965345179,-0.110496835668,0.000610120458
10.0,2.0,6.0,-2.0,0.663231060292,0.031961525496,-0.001582613017,-0.000323876065,-0.109898050866,0.000454479534
-10.0,-2.0,6.0,0.0,-0.807452933505,0.040806195034,0.003569193355,-0.00140602646,0.311728460524,-0.002095434859
-10.0,0.0,6.0,0.0,-0.808637994258,0.040818448627,2.01093e-06,6.50265e-07,0.312358624443,-4.45772e-07
-10.0,2.0,6.0,0.0,-0.807454804509,0.040806080941,-0.003565281981,0.00140730727,0.311729599407,0.002094589993
-8.0,-2.0,6.0,0.0,-0.664528784211,0.030353384311,0.003627918205,-0.000735112092,0.276577003219,-0.001802615745
-8.0,0.0,6.0,0.0,-0.665519148937,0.030348075131,1.703443e-06,8.35526e-07,0.277148569761,-3.68429e-07
-8.0,2.0,6.0,0.0,-0.664528926763,0.030353370041,-0.003624768684,0.000736490368,0.27657714043,0.001801959033
-6.0,-2.0,6.0,0.0,-0.520023212567,0.021943189439,0.003653150933,-6.2348186e-05,0.239568840445,-0.001524199737
-6.0,0.0,6.0,0.0,-0.520817418587,0.021923755036,1.219574e-06,6.06694e-07,0.240079024537,-2.7761e-07
-6.0,2.0,6.0,0.0,-0.52002146985,0.021943059079,-0.003650779322,6.353254e-05,0.23956778336,0.001523705489
-4.0,-2.0,6.0,0.0,-0.374168197375,0.01562640994,0.003642823221,0.000611393554,0.200792551408,-0.001260352381
-4.0,0.0,6.0,0.0,-0.37477940817,0.015596475805,7.31682e-07,3.03005e-07,0.201261872306,-1.68291e-07
-4.0,2.0,6.0,0.0,-0.374168101921,0.015626331496,-0.003641388602,-0.000610717241,0.200792595979,0.001260070652
-2.0,-2.0,6.0,0.0,-0.227208261338,0.011443182632,0.003595587918,0.001285748624,0.16035119306,-0.001011371266
-2.0,0.0,6.0,0.0,-0.227628251824,0.011406131785,2.65345e-07,1.83726e-07,0.16076890097,-5.316e-08
-2.0,2.0,6.0,0.0,-0.227208266303,0.01144311084,-0.003595077262,-0.001285539801,0.160350972441,0.001011282329
0.0,-2.0,6.0,0.0,-0.079389207944,0.009421867383,0.003511541046,0.001960178842,0.118356343042,-0.000777820666
0.0,0.0,6.0,0.0,-0.079619892501,0.009381151913,1.70941e-07,6.3515e-08,0.118723770269,-3.4823e-08
0.0,2.0,6.0,0.0,-0.079389175789,0.009421876436,-0.003511182995,-0.001959762329,0.118356763325,0.000777764494
2.0,-2.0,6.0,0.0,0.069041577862,0.009578880502,0.003388528087,0.002633098185,0.074927701807,-0.000559733374
2.0,0.0,6.0,0.0,0.069001232704,0.00953798817,-5.3644e-08,-1.37987e-07,0.075241591123,2.668e-09
2.0,2.0,6.0,0.0,0.069041573642,0.009578877137,-0.003388665797,-0.002633305004,0.074927676522,0.000559749464
4.0,-2.0,6.0,0.0,0.217838070535,0.011918539228,0.00322657449,0.003304358316,0.030188723963,-0.000357508514
4.0,0.0,6.0,0.0,0.217990194205,0.011880979265,-2.38983e-07,-2.99397e-07,0.030446643609,2.4027e-08
4.0,2.0,6.0,0.0,0.217837057057,0.011918543805,-0.003227084411,-0.003304871496,0.030189822975,0.000357565497
6.0,-2.0,6.0,0.0,0.36671866632,0.016431299066,0.002996060061,0.003960169024,-0.015676025148,-0.000166657363
6.0,0.0,6.0,0.0,0.367090804068,0.016402172073,-2.01558e-07,-3.91647e-07,-0.015520436204,6.223e-09
6.0,2.0,6.0,0.0,0.366718607763,0.016431304436,-0.002996422386,-0.003960928189,-0.015675986162,0.000166664548
8.0,-2.0,6.0,0.0,0.515482662273,0.023099953458,0.002752064537,0.004623301289,-0.062611808511,3.149694e-06
8.0,0.0,6.0,0.0,0.516051985491,0.023081580319,-3.07174e-07,-7.24021e-07,-0.062521920383,-1.3833e-08
8.0,2.0,6.0,0.0,0.515482672211,0.023099963156,-0.002752640405,-0.004624723722,-0.062611859085,-3.180525e-06
10.0,-2.0,6.0,0.0,0.663851545257,0.031891555754,0.0024702969,0.005281966686,-0.110427350897,0.000155737055
10.0,0.0,6.0,0.0,0.664617403831,0.031887202692,-4.16529e-07,-1.358827e-06,-0.110404135852,-1.47329e-07
10.0,2.0,6.0,0.0,0.663851861165,0.031891464959,-0.002471161313,-0.00528485801,-0.110428251333,-0.000156062494
-10.0,-2.0,6.0,2.0,-0.807870408809,0.040915676508,0.0009581747,-0.006169074432,0.312129002086,-0.001470687076
-10.0,0.0,6.0,2.0,-0.808401666501,0.040889484953,-0.002605398028,-0.004766518773,0.312172422475,0.000625377049
-10.0,2.0,6.0,2.0,-0.806564962576,0.040838556975,-0.006174395579,-0.003358540376,0.31095675465,0.002720882376
-8.0,-2.0,6.0,2.0,-0.664967889748,0.030461894848,0.001160937927,-0.005552541442,0.276991780311,-0.001291085648
-8.0,0.0,6.0,2.0,-0.665295292025,0.030425165654,-0.002461360229,-0.004820603648,0.276969848348,0.000512078681
-8.0,2.0,6.0,2.0,-0.663643036023,0.030398878348,-0.006089545602,-0.004083647939,0.275805509349,0.002315098179
-6.0,-2.0,6.0,2.0,-0.520483405087,0.02204990448,0.001337964495,-0.004926915307,0.239997149242,-0.001129336419
-6.0,0.0,6.0,2.0,-0.520607326477,0.022006472386,-0.00230965755,-0.004867667484,0.239908665997,0.000395308748
-6.0,2.0,6.0,2.0,-0.519140765089,0.02200141596,-0.005963339251,-0.004803380063,0.238798449074,0.001920183469
-4.0,-2.0,6.0,2.0,-0.374649671041,0.015730897907,0.001486963825,-0.004292161173,0.201234593827,-0.000985234308
-4.0,0.0,6.0,2.0,-0.374583049573,0.015684082056,-0.002160787017,-0.004911305287,0.20109996109,0.000277743739
-4.0,2.0,6.0,2.0,-0.373293937443,0.015697021834,-0.005794565507,-0.005517027665,0.200026946806,0.001536875212
-2.0,-2.0,6.0,2.0,-0.227710648626,0.01154465018,0.001606083883,-0.003649325171,0.160806190434,-0.000858669048
-2.0,0.0,6.0,2.0,-0.227446058176,0.011498130837,-0.00199502011,-0.004943027918,0.160615407324,0.000155259266
-2.0,2.0,6.0,2.0,-0.226342324507,0.011525644839,-0.005581903656,-0.006223104962,0.159590679283,0.001165781584
0.0,-2.0,6.0,2.0,-0.079912536844,0.009519730884,0.001694029393,-0.002998994368,0.118824499981,-0.000749613327
0.0,0.0,6.0,2.0,-0.07945200619,0.009477086517,-0.001822730164,-0.004966718898,0.118579505671,3.050599e-05
0.0,2.0,6.0,2.0,-0.078532415126,0.009515739197,-0.0053254728,-0.006921216164,0.117602363096,0.000807755773
2.0,-2.0,6.0,2.0,0.068498254737,0.00967248772,0.001748977778,-0.002342005783,0.075407711476,-0.000657811182
2.0,0.0,6.0,2.0,0.06915432683,0.009637225832,-0.001644646826,-0.004982944601,0.07510638088,-9.6023028e-05
2.0,2.0,6.0,2.0,0.069888965359,0.009683548961,-0.005024823367,-0.007610422738,0.074179450049,0.000463500529
4.0,-2.0,6.0,2.0,0.217275174992,0.012007270914,0.001770014811,-0.001678578335,0.030680632809,-0.000583133108
4.0,0.0,6.0,2.0,0.218124401321,0.011982882307,-0.001461507949,-0.004991379803,0.030325743438,-0.000223870568
4.0,2.0,6.0,2.0,0.218672447553,0.012033385165,-0.004680173607,-0.008290051436,0.029450424129,0.00013378883
6.0,-2.0,6.0,2.0,0.366132431363,0.016514372521,0.001721816624,-0.001025188205,-0.015165212652,-0.000519838849
6.0,0.0,6.0,2.0,0.367211678535,0.016506182488,-0.001274711201,-0.004991598768,-0.0156345696,-0.000352429726
6.0,2.0,6.0,2.0,0.367545103277,0.016555972327,-0.004267290271,-0.00894839176,-0.01641306537,-0.00018459488
8.0,-2.0,6.0,2.0,0.514878293757,0.023177162627,0.001669049816,-0.00035410392,-0.062089885963,-0.000478818974
8.0,0.0,6.0,2.0,0.516156227237,0.023187030593,-0.00108423119,-0.004983795391,-0.062624231702,-0.000481336635
8.0,2.0,6.0,2.0,0.516295339591,0.023233562622,-0.003832182676,-0.009604043791,-0.063338088074,-0.000483196968
10.0,-2.0,6.0,2.0,0.663231035657,0.031961949743,0.001581646083,0.000320871437,-0.109897087288,-0.000454760747
10.0,0.0,6.0,2.0,0.664705843457,0.031993301053,-0.000889097855,-0.004968382638,-0.110495779044,-0.000610397333
10.0,2.0,6.0,2.0,0.664650397339,0.0320328572,-0.003356282043,-0.010247835529,-0.111143591582,-0.000764610153
-10.0,-2.0,6.0,4.0,-0.807814400576,0.04116490859,-0.001642664337,-0.010907293191,0.312155309011,-0.000846936332
-10.0,0.0,6.0,4.0,-0.807694398613,0.041101007903,-0.005200627889,-0.009511485917,0.311614676088,0.001251670351
-10.0,2.0,6.0,4.0,-0.805207223117,0.041012340748,-0.008769152522,-0.008104834281,0.309815539807,0.003349012137
-8.0,-2.0,6.0,4.0,-0.664959007048,0.030722683105,-0.001297180366,-0.010344911946,0.277048491723,-0.000780231465
-8.0,0.0,6.0,4.0,-0.664626332279,0.030655104313,-0.004913403442,-0.009619659352,0.276435913588,0.001025442287
-8.0,2.0,6.0,4.0,-0.662315138322,0.030597670274,-0.008541020864,-0.008884024625,0.274681529718,0.002830687564
-6.0,-2.0,6.0,4.0,-0.520520866103,0.022319794018,-0.000968691671,-0.009765218515,0.240082893449,-0.000734920788
-6.0,0.0,6.0,4.0,-0.519978887231,0.022252920566,-0.004610084134,-0.00971311955,0.239399416841,0.000792175549
-6.0,2.0,6.0,4.0,-0.517845510317,0.022223867765,-0.008262957821,-0.009650096406,0.237693483306,0.002319539191
-4.0,-2.0,6.0,4.0,-0.374737328404,0.016008485475,-0.000661533572,-0.009169916704,0.201351501558,-0.000710224119
-4.0,0.0,6.0,4.0,-0.373995234591,0.015945403359,-0.004312350951,-0.009799576493,0.200615248212,0.000557242417
-4.0,2.0,6.0,4.0,-0.372031407098,0.015941392911,-0.007934780911,-0.010402006274,0.198941722265,0.001816943265
-2.0,-2.0,6.0,4.0,-0.227848134367,0.011828061741,-0.000377187879,-0.008558495005,0.1609538304,-0.000705703204
-2.0,0.0,6.0,4.0,-0.226901409252,0.011772699728,-0.003981033596,-0.009862466798,0.160157501546,0.000312529866
-2.0,2.0,6.0,4.0,-0.225117642471,0.011790787136,-0.007556565951,-0.011139512279,0.158528769728,0.001323987075
0.0,-2.0,6.0,4.0,-0.080100183021,0.009807307304,-0.000118000326,-0.007931725937,0.119003511775,-0.000720836117
0.0,0.0,6.0,4.0,-0.078951782542,0.00976315982,-0.003637169152,-0.009909708941,0.118149079858,6.340737e-05
0.0,2.0,6.0,4.0,-0.077347214286,0.0097999012,-0.007128411885,-0.011861171226,0.116565753358,0.000841916694
2.0,-2.0,6.0,4.0,0.068261580288,0.009962312691,0.000114069576,-0.0072904002,0.075617372288,-0.000754959767
2.0,0.0,6.0,4.0,0.069608266064,0.009933122128,-0.003281686707,-0.009941774811,0.074706425914,-0.000189285967
2.0,2.0,6.0,4.0,0.071034524961,0.009984888286,-0.00665014576,-0.012565729309,0.073168490305,0.000371840086
4.0,-2.0,6.0,4.0,0.216953083223,0.012295831804,0.000282123418,-0.006650161224,0.030978908113,-0.000801401385
4.0,0.0,6.0,4.0,0.218532850351,0.012286666278,-0.002916778594,-0.009957895087,0.029953920901,-0.000444464104
4.0,2.0,6.0,4.0,0.219775425886,0.012350048943,-0.006122968725,-0.013252982049,0.028467997795,-8.4964005e-05
6.0,-2.0,6.0,4.0,0.365791054316,0.016802923473,0.000450492617,-0.005983607941,-0.014884688076,-0.000871334417
6.0,0.0,6.0,4.0,0.367572088381,0.016815908328,-0.002542240683,-0.009957764916,-0.015973641701,-0.000701372086
6.0,2.0,6.0,4.0,0.368608402953,0.016886304527,-0.005528518496,-0.013913022971,-0.017372920549,-0.000530371062
8.0,-2.0,6.0,4.0,0.51448757222,0.023462413337,0.000587950303,-0.005304439251,-0.061778118931,-0.00095864283
8.0,0.0,6.0,4.0,0.516470763672,0.02350086185,-0.002160942509,-0.009941856975,-0.062933544276,-0.000958882294
8.0,2.0,6.0,4.0,0.517314407554,0.023575324422,-0.004902923926,-0.014560384153,-0.06426764648,-0.00095725853
10.0,-2.0,6.0,4.0,0.662791671881,0.032242080944,0.000693910789,-0.004613288755,-0.109554651211,-0.00106274498
10.0,0.0,6.0,4.0,0.664972521044,0.03230926713,-0.001773255838,-0.009910192011,-0.11077302592,-0.001216185273
10.0,2.0,6.0,4.0,0.665622724423,0.032383966793,-0.004233506767,-0.015187736997,-0.112040123805,-0.001366796064
-10.0,-2.0,6.0,6.0,-0.807290758912,0.041550673239,-0.004222995237,-0.01559935676,0.311813556652,-0.00022344866
-10.0,0.0,6.0,6.0,-0.80652488397,0.041450259712,-0.00777342758,-0.014212959521,0.310694162434,0.001879144948
-10.0,2.0,6.0,6.0,-0.803394142069,0.041324454447,-0.011339663131,-0.012810417047,0.308317447686,0.003979871436
-8.0,-2.0,6.0,6.0,-0.664507594175,0.031131305597,-0.003735403541,-0.015090095981,0.276751087951,-0.000269195614
-8.0,0.0,6.0,6.0,-0.663520956415,0.031033981157,-0.007343439782,-0.014374123252,0.275553685911,0.001540515545
-8.0,2.0,6.0,6.0,-0.660557151287,0.030946211312,-0.010968259469,-0.01364239439,0.273215186076,0.003349497755
-6.0,-2.0,6.0,6.0,-0.520142158332,0.022748175853,-0.003257080522,-0.014556051876,0.239830585825,-0.000339653665
-6.0,0.0,6.0,6.0,-0.51893919121,0.022658475055,-0.006889572777,-0.014513013814,0.238557156193,0.00119149081
-6.0,2.0,6.0,6.0,-0.516146566637,0.022606498189,-0.010539292653,-0.01445395153,0.236262284145,0.002722877402
-4.0,-2.0,6.0,6.0,-0.374435279492,0.016454143796,-0.002792956484,-0.013999050063,0.201146567966,-0.000433729064
-4.0,0.0,6.0,6.0,-0.373031645471,0.016375736832,-0.006435892385,-0.014638205667,0.199826897673,0.000838068776
-4.0,2.0,6.0,6.0,-0.370393927942,0.016355701773,-0.010053156935,-0.015243678147,0.197548036099,0.002101792897
-2.0,-2.0,6.0,6.0,-0.227623877097,0.012288185312,-0.002344694356,-0.013418203097,0.160797518738,-0.000550603611
-2.0,0.0,6.0,6.0,-0.226000032788,0.01222477339,-0.005949209907,-0.014734781508,0.159399558806,0.00047372516
-2.0,2.0,6.0,6.0,-0.223544756441,0.012233875481,-0.009510096315,-0.016011423941,0.157174705149,0.001487752301
0.0,-2.0,6.0,6.0,-0.079954726338,0.010278979558,-0.001915850179,-0.012814596037,0.118896030221,-0.000689174714
0.0,0.0,6.0,6.0,-0.078129293954,0.010234339617,-0.005434890227,-0.014805901585,0.117441976614,0.000100916218
0.0,2.0,6.0,6.0,-0.075842304759,0.010269246735,-0.00891124655,-0.016755732866,0.115254740838,0.000882421715
2.0,-2.0,6.0,6.0,0.068327845149,0.010442653591,-0.001508429961,-0.012188562281,0.075559476145,-0.000848477791
2.0,0.0,6.0,6.0,0.070360246385,0.010420094884,-0.004903561638,-0.014852577068,0.074042966101,-0.000277072188
2.0,2.0,6.0,6.0,0.072469604198,0.010477533027,-0.008256870364,-0.01747523858,0.071902544965,0.000287384371
4.0,-2.0,6.0,6.0,0.216934829472,0.012781482482,-0.001164941265,-0.011557963803,0.030979718412,-0.001020448035
4.0,0.0,6.0,6.0,0.219208745872,0.012786589959,-0.004357083686,-0.014875738536,0.029339594509,-0.000658963257
4.0,2.0,6.0,6.0,0.221137434795,0.012862982747,-0.007548798624,-0.018169543131,0.027249827617,-0.00029565523
6.0,-2.0,6.0,6.0,0.365691763678,0.017290992865,-0.000811768082,-0.010890840055,-0.014831137401,-0.001217597571
6.0,0.0,6.0,6.0,0.368170605726,0.017325664116,-0.003797777461,-0.014875120971,-0.016536347169,-0.001043225183
6.0,2.0,6.0,6.0,0.36990256103,0.017416628077,-0.006774166117,-0.018830798898,-0.018550120745,-0.000867259457
8.0,-2.0,6.0,6.0,0.514310898638,0.023949852603,-0.000485743244,-0.010203138243,-0.061676034558,-0.001432404345
8.0,0.0,6.0,6.0,0.516991907231,0.024017275279,-0.003228048573,-0.014850442769,-0.063445580741,-0.001428357926
8.0,2.0,6.0,6.0,0.518532674008,0.024119522859,-0.005959772715,-0.019469291941,-0.06539326811,-0.001421540191
10.0,-2.0,6.0,6.0,0.662535641057,0.032725785813,-0.000188222662,-0.009495547698,-0.109401279951,-0.001663797288
10.0,0.0,6.0,6.0,0.665415547458,0.032828963761,-0.002648426694,-0.01480187168,-0.111233326554,-0.001813156303
10.0,2.0,6.0,6.0,0.666763381158,0.032938728801,-0.005098575393,-0.020079802007,-0.113112016706,-0.00195832078
-10.0,-2.0,6.0,8.0,-0.806311417122,0.042066118865,-0.006770804359,-0.020223821158,0.311111806923,0.000400035475
-10.0,0.0,6.0,8.0,-0.804908758412,0.041930845984,-0.010311940219,-0.018849413083,0.309422292418,0.002508010087
-10.0,2.0,6.0,8.0,-0.801144188179,0.041769257695,-0.013874081464,-0.017453664077,0.306477066413,0.00461352283
-8.0,-2.0,6.0,8.0,-0.663624727345,0.031680680126,-0.006142889741,-0.019766451832,0.276108219851,0.000242752687
-8.0,0.0,6.0,8.0,-0.661993236074,0.031555165237,-0.009740704281,-0.019062249075,0.27433455941,0.002057942252
-8.0,2.0,6.0,8.0,-0.658386649319,0.031438177774,-0.013360676866,-0.018337029949,0.271421079248,0.003872138759
-6.0,-2.0,6.0,8.0,-0.519356975135,0.02332738011,-0.005516344117,-0.019276853703,0.239247256809,5.7443643e-05
-6.0,0.0,6.0,8.0,-0.517501158734,0.023216475262,-0.009137909705,-0.019245272098,0.237392474374,0.0015941431
-6.0,2.0,6.0,8.0,-0.514059829285,0.023142452563,-0.012782199619,-0.019192710495,0.234518285551,0.003131114219
-4.0,-2.0,6.0,8.0,-0.37375206964,0.01705978805,-0.004897591911,-0.018757138848,0.20062663073,-0.0001543148
-4.0,0.0,6.0,8.0,-0.371692748373,0.016967145827,-0.00853432898,-0.019409370467,0.198726440826,0.001124202162
-4.0,2.0,6.0,8.0,-0.368395485529,0.016931872376,-0.01214012451,-0.020019620333,0.195857417379,0.002392820513
-2.0,-2.0,6.0,8.0,-0.227045443726,0.012916483656,-0.004287881725,-0.018206025191,0.160342556914,-0.000391456771
-2.0,0.0,6.0,8.0,-0.224757251,0.012846242877,-0.007889809954,-0.019537983107,0.158355527316,0.000640464405
-2.0,2.0,6.0,8.0,-0.221636954511,0.012846997179,-0.011433225496,-0.020815612528,0.155539937356,0.001658620899
0.0,-2.0,6.0,8.0,-0.07948297448,0.010925939776,-0.003691431482,-0.017624689631,0.118507706243,-0.000652394747
0.0,0.0,6.0,8.0,-0.076985226533,0.010881485749,-0.007206721253,-0.019630461591,0.116457781608,0.000145137093
0.0,2.0,6.0,8.0,-0.074030972496,0.010915409913,-0.01066589703,-0.021581848527,0.113680838763,0.000931286837
2.0,-2.0,6.0,8.0,0.068692367398,0.011104220737,-0.003111157217,-0.017013520755,0.075239190997,-0.000935681712
2.0,0.0,6.0,8.0,0.071400694503,0.011089087059,-0.006501429153,-0.019691541617,0.073124849289,-0.000357055859
2.0,2.0,6.0,8.0,0.074182078038,0.011152666536,-0.009837603834,-0.022315477667,0.070392468529,0.000212544468
4.0,-2.0,6.0,8.0,0.217187342517,0.013453293455,-0.002594288402,-0.016391335513,0.030735099215,-0.001232046192
4.0,0.0,6.0,8.0,0.220144014098,0.013473335223,-0.005777014834,-0.019721544505,0.028490959951,-0.00086426771
4.0,2.0,6.0,8.0,0.222749765051,0.013562959748,-0.008950823591,-0.023015809796,0.025805237349,-0.000495464297
6.0,-2.0,6.0,8.0,0.365836107464,0.017969009475,-0.002058799607,-0.015723140814,-0.015006005158,-0.001555188343
6.0,0.0,6.0,8.0,0.369001056531,0.018025771867,-0.005035653301,-0.019719296895,-0.017317165574,-0.001374520502
6.0,2.0,6.0,8.0,0.371417251941,0.01813737093,-0.007998444079,-0.02367768751,-0.019934589899,-0.00119198692
8.0,-2.0,6.0,8.0,0.51434635746,0.024629824015,-0.001547017843,-0.015026614915,-0.06178026634,-0.001896213369
8.0,0.0,6.0,8.0,0.517715105006,0.024726431417,-0.004279407927,-0.019685499489,-0.064155227155,-0.001886116662
8.0,2.0,6.0,8.0,0.519942196114,0.024856373897,-0.006997751285,-0.024306663883,-0.066706762178,-0.001872356079
10.0,-2.0,6.0,8.0,0.662462225347,0.03340348172,-0.001060633279,-0.014302362929,-0.109434136462,-0.002253626393
10.0,0.0,6.0,8.0,0.666030522714,0.033542768596,-0.003510697959,-0.019619895466,-0.111870428212,-0.002397116243
10.0,2.0,6.0,8.0,0.668065633438,0.033687165134,-0.005947383246,-0.02489982146,-0.11435189073,-0.00253506169
-10.0,-2.0,6.0,10.0,-0.80489450967,0.042702728658,-0.009274932468,-0.024760129891,0.310063939129,0.001023624607
-10.0,0.0,6.0,10.0,-0.802866875164,0.042534690742,-0.012805162828,-0.023400156752,0.307815539567,0.003138286014
-10.0,2.0,6.0,10.0,-0.798481144466,0.042339132327,-0.016361539048,-0.022013798389,0.304313637092,0.005249902751
-8.0,-2.0,6.0,10.0,-0.662326631459,0.032360999304,-0.008508633272,-0.024352988551,0.275132355394,0.000756080024
-8.0,0.0,6.0,10.0,-0.660061933352,0.032209417495,-0.01209419755,-0.023662727566,0.272792938845,0.002577998874
-8.0,2.0,6.0,10.0,-0.655826082407,0.03206488132,-0.01570732672,-0.022946593821,0.269316826717,0.004398742464
-6.0,-2.0,6.0,10.0,-0.518179946819,0.024047235028,-0.007737070363,-0.023906491972,0.238345664244,0.00045736158
-6.0,0.0,6.0,10.0,-0.515682808288,0.0239167372,-0.011346549573,-0.023888375843,0.235919169103,0.002001085857
-6.0,2.0,6.0,10.0,-0.511606642712,0.02382181376,-0.014981967692,-0.023844959216,0.232479169185,0.00354498172
-4.0,-2.0,6.0,10.0,-0.372700337787,0.017814366588,-0.006965900455,-0.023422496554,0.199801880589,0.00012925455
-4.0,0.0,6.0,10.0,-0.369999566907,0.01770957479,-0.010592545445,-0.024089982947,0.19733612489,0.001415593092
-4.0,2.0,6.0,10.0,-0.366054299188,0.017660104495,-0.014185628714,-0.024706871622,0.193885955485,0.002690724789
-2.0,-2.0,6.0,10.0,-0.226124812567,0.013701399929,-0.006197507933,-0.022899924029,0.159598943706,-0.000226713875
-2.0,0.0,6.0,10.0,-0.223181298707,0.013625359773,-0.009792941274,-0.024248431862,0.157030011759,0.000814118893
-2.0,2.0,6.0,10.0,-0.21941412424,0.013619217217,-0.013318337416,-0.025530682636,0.153641603874,0.001838149428
0.0,-2.0,6.0,10.0,-0.078695061841,0.011736134025,-0.005436466036,-0.02233974005,0.117847262493,-0.000608497312
0.0,0.0,6.0,10.0,-0.07553694965,0.011692921777,-0.008944717917,-0.024361588971,0.115211378906,0.000197918619
0.0,2.0,6.0,10.0,-0.071929509889,0.011726782405,-0.012384744923,-0.026317098998,0.11185879742,0.000990327608
2.0,-2.0,6.0,10.0,0.069347394634,0.011934571311,-0.00468622566,-0.0217420347,0.074662830592,-0.001014218493
2.0,0.0,6.0,10.0,0.072717454711,0.011927919615,-0.008069302306,-0.024436704755,0.071965042249,-0.000426789492
2.0,2.0,6.0,10.0,0.076158506309,0.011998152616,-0.011385285909,-0.027063551989,0.068650613935,0.000149497971
4.0,-2.0,6.0,10.0,0.217703823581,0.014298409331,-0.003999153156,-0.021127558104,0.030251728739,-0.001433350547
4.0,0.0,6.0,10.0,0.221330649005,0.014334106835,-0.007170603763,-0.024471860544,0.027414108608,-0.00105748316
4.0,2.0,6.0,10.0,0.224598289072,0.014437367975,-0.010322832245,-0.027769054513,0.024147118939,-0.000681789606
6.0,-2.0,6.0,10.0,0.366218178379,0.018823760993,-0.003284586343,-0.020457406409,-0.015403326644,-0.001880804759
6.0,0.0,6.0,10.0,0.370054882328,0.018903127361,-0.00624919285,-0.024467462437,-0.018306856671,-0.001692308045
6.0,2.0,6.0,10.0,0.373141094239,0.019035501611,-0.009195783105,-0.028430568521,-0.021515232762,-0.001501547061
8.0,-2.0,6.0,10.0,0.5145916156,0.025488857219,-0.002590542892,-0.019751547729,-0.062087618889,-0.00234636424
8.0,0.0,6.0,10.0,0.518632542859,0.025614795651,-0.00530989942,-0.0244235915,-0.065053589301,-0.002328582478
8.0,2.0,6.0,10.0,0.521532123973,0.025772357195,-0.008011911885,-0.029048975267,-0.068196654607,-0.002306266699
10.0,-2.0,6.0,10.0,0.662570724815,0.034261434095,-0.001918890578,-0.019010164146,-0.109651404551,-0.002828041094
10.0,0.0,6.0,10.0,0.666813723962,0.034436960942,-0.004355762442,-0.024340589272,-0.112679633107,-0.002964020418
10.0,2.0,6.0,10.0,0.669521907388,0.034615689546,-0.006775996749,-0.029624350932,-0.115751181502,-0.003093134338
-10.0,-2.0,8.0,-10.0,-0.817130211178,0.044124993999,0.015983546079,0.021300272865,0.320717781833,-0.004969089607
-10.0,0.0,8.0,-10.0,-0.821469598777,0.044349675393,0.012489221483,0.02284178303,0.324182987914,-0.002837396482
-10.0,2.0,8.0,-10.0,-0.823422156264,0.04454155835,0.009020638109,0.024357717507,0.326372971159,-0.000702973234
-8.0,-2.0,8.0,-10.0,-0.674702014683,0.033633997661,0.015368354242,0.022254079762,0.285989943726,-0.004131121118
-8.0,0.0,8.0,-10.0,-0.678893805587,0.033808111184,0.011809835817,0.023126150242,0.289429967203,-0.00228947888
-8.0,2.0,8.0,-10.0,-0.681082908097,0.033984703752,0.008278924162,0.023973345385,0.291709672318,-0.000446873733
-6.0,-2.0,8.0,-10.0,-0.530684855396,0.025166439938,0.014680676367,0.023173424066,0.249393044705,-0.003289829475
-6.0,0.0,8.0,-10.0,-0.534732021589,0.025291334552,0.01112271423,0.02338728594,0.252827747111,-0.001731089128
-6.0,2.0,8.0,-10.0,-0.537146743849,0.025448913108,0.007530455047,0.023550670135,0.255170013841,-0.000158762005
-4.0,-2.0,8.0,-10.0,-0.385312112741,0.01877316006,0.013920754759,0.024057562509,0.211016382182,-0.002447322639
-4.0,0.0,8.0,-10.0,-0.389220867684,0.018853461912,0.010370246341,0.023600446288,0.214437552084,-0.001150217409
-4.0,2.0,8.0,-10.0,-0.391849255113,0.018986125444,0.006780324842,0.023090496927,0.216842886599,0.000159401057
-2.0,-2.0,8.0,-10.0,-0.238826872604,0.014494927304,0.013090287745,0.024905538971,0.17096200363,-0.001606131533
-2.0,0.0,8.0,-10.0,-0.242560125999,0.014532199869,0.009594372901,0.023780640512,0.174325704055,-0.000558165904
-2.0,2.0,8.0,-10.0,-0.245430272614,0.014637474363,0.006032407773,0.0225932665,0.176830178153,0.000505866729
0.0,-2.0,8.0,-10.0,-0.091471538759,0.012360781007,0.012191825244,0.025716807468,0.12934115664,-0.000768815921
0.0,0.0,8.0,-10.0,-0.095051119959,0.012358850176,0.008773244047,0.023920082731,0.132677585299,4.8478656e-05
0.0,2.0,8.0,-10.0,-0.0981341611,0.012432031637,0.005289833798,0.022058567283,0.135242778136,0.00087899382
2.0,-2.0,8.0,-10.0,0.056513465831,0.012387591135,0.011224847832,0.026487988694,0.086267477384,6.2661026e-05
2.0,0.0,8.0,-10.0,0.053097400106,0.012349628917,0.007922605378,0.02402085729,0.089567405995,0.000664582599
2.0,2.0,8.0,-10.0,0.049802504258,0.012387181107,0.00455586284,0.021486342241,0.092193232951,0.001276962276
4.0,-2.0,8.0,-10.0,0.204883627973,0.014580380593,0.010193542637,0.027219450054,0.041864075724,0.00088539589
4.0,0.0,8.0,-10.0,0.201639117281,0.014509502411,0.007046961317,0.024081726222,0.045115814742,0.001287438981
4.0,2.0,8.0,-10.0,0.198079450728,0.014505497118,0.003887374917,0.020899893252,0.047891674183,0.001688446865
6.0,-2.0,8.0,-10.0,0.353374625294,0.018931502351,0.00909110704,0.02790542393,-0.003717353209,0.001698330299
6.0,0.0,8.0,-10.0,0.350314579292,0.01883188086,0.006146854069,0.024103977482,-0.000531783893,0.001915379912
6.0,2.0,8.0,-10.0,0.346542064846,0.018784957371,0.003185631685,0.020256426104,0.002312373934,0.002129902512
8.0,-2.0,8.0,-10.0,0.501748011851,0.025422388758,0.007934673918,0.028551078661,-0.050356953793,0.002496398981
8.0,0.0,8.0,-10.0,0.498872250262,0.025297634452,0.005226446359,0.02408709112,-0.047235628386,0.00254580289
8.0,2.0,8.0,-10.0,0.494891784861,0.025204737051,0.00250173743,0.019576953947,-0.044326763005,0.002590404531
10.0,-2.0,8.0,-10.0,0.649746918337,0.034021712311,0.006723892582,0.029153793149,-0.097899074012,0.003277595322
10.0,0.0,8.0,-10.0,0.647059597626,0.033875750449,0.004288911105,0.024031015102,-0.094847506952,0.003176332884
10.0,2.0,8.0,-10.0,0.642876172808,0.033734031176,0.001838270414,0.018862174945,-0.091877180555,0.00306795255
-10.0,-2.0,8.0,-8.0,-0.820159086465,0.043656486018,0.013552967619,0.016839748467,0.323224035217,-0.004388478149
-10.0,0.0,8.0,-8.0,-0.823889199343,0.043842697538,0.010055001719,0.018394192653,0.326141978099,-0.002261953987
-10.0,2.0,8.0,-8.0,-0.82522540055,0.043996744092,0.006577951101,0.019928407329,0.32778097314,-0.000133222378
-8.0,-2.0,8.0,-8.0,-0.677640225089,0.033102293527,0.013072182539,0.017740030487,0.288445309569,-0.003657708945
-8.0,0.0,8.0,-8.0,-0.681214168545,0.033244319755,0.009509207227,0.018624805868,0.291331940015,-0.001821745417
-8.0,2.0,8.0,-8.0,-0.682781452605,0.033389772284,0.005968227431,0.019489594244,0.293055436385,1.5028749e-05
-6.0,-2.0,8.0,-8.0,-0.533527061737,0.024575228744,0.012526445853,0.018612890241,0.251793203455,-0.00292708728
-6.0,0.0,8.0,-8.0,-0.536935909721,0.024675000862,0.00893318282,0.018826679725,0.254639890331,-0.001367490981
-6.0,2.0,8.0,-8.0,-0.538733231351,0.024807433364,0.005359204497,0.019019785017,0.256449281821,0.00019199754
-4.0,-2.0,8.0,-8.0,-0.388052065101,0.018126230296,0.011915390616,0.019457567167,0.213356377131,-0.002198262833
-4.0,0.0,8.0,-8.0,-0.391325323326,0.018187574762,0.008355428261,0.019011283152,0.216209182205,-0.000906884981
-4.0,2.0,8.0,-8.0,-0.393319587954,0.018302248896,0.004755602793,0.018519534011,0.218052563391,0.000396030111
-2.0,-2.0,8.0,-8.0,-0.241458599811,0.013796439667,0.011240329438,0.020273460808,0.173236866499,-0.00147338849
-2.0,0.0,8.0,-8.0,-0.244556623901,0.013821760292,0.007727843139,0.019157387313,0.176039634881,-0.000430301496
-2.0,2.0,8.0,-8.0,-0.246779580501,0.013915587029,0.004160916393,0.0179894819,0.177966727623,0.000625764355
0.0,-2.0,8.0,-8.0,-0.093990361538,0.011615056882,0.010502721706,0.021059341169,0.131545996027,-0.000754535264
0.0,0.0,8.0,-8.0,-0.09692441541,0.011607461254,0.00706644023,0.019270209195,0.13431128299,5.7357384e-05
0.0,2.0,8.0,-8.0,-0.099359069345,0.011676591413,0.003577709791,0.017429164031,0.136302828151,0.000879979578
2.0,-2.0,8.0,-8.0,0.054111061567,0.011599396522,0.009703111991,0.021813616695,0.08839910543,-4.3505048e-05
2.0,0.0,8.0,-8.0,0.051345314175,0.011562517048,0.006381934497,0.019352986175,0.091124569528,0.000552639741
2.0,2.0,8.0,-8.0,0.048702588881,0.011602942201,0.003008853463,0.016838877732,0.093175678592,0.00115726267
4.0,-2.0,8.0,-8.0,0.202600441308,0.01375455868,0.008843498074,0.022535155778,0.043919023343,0.000657514284
4.0,0.0,8.0,-8.0,0.200009653503,0.013691671315,0.005677181003,0.019404108986,0.046596574795,0.001053439529
4.0,2.0,8.0,-8.0,0.197109588532,0.013697599635,0.002506294128,0.016240012397,0.048788400167,0.001447504036
6.0,-2.0,8.0,-8.0,0.351209186117,0.018072885116,0.007911897272,0.023216592501,-0.001734393166,0.001348655287
6.0,0.0,8.0,-8.0,0.348810430796,0.017988335916,0.004952354713,0.019423620666,0.000868102162,0.001558394188
6.0,2.0,8.0,-8.0,0.345702207365,0.017958236647,0.001979186914,0.015593501756,0.003126085208,0.001766074789
8.0,-2.0,8.0,-8.0,0.499708857796,0.024536519088,0.00693524346,0.023867583989,-0.048458201201,0.002023572822
8.0,0.0,8.0,-8.0,0.497496689649,0.024433599545,0.004211185787,0.019411668651,-0.045920021756,0.002065366787
8.0,2.0,8.0,-8.0,0.494182455982,0.024364322888,0.001473898582,0.014918555044,-0.043597148428,0.002103267987
10.0,-2.0,8.0,-8.0,0.647836993107,0.033114004573,0.005907301812,0.024483263046,-0.096087916221,0.002681630584
10.0,0.0,8.0,-8.0,0.645814695786,0.032996530575,0.003456064651,0.019368127306,-0.093618707418,0.002572479976
10.0,2.0,8.0,-8.0,0.642298561185,0.032885120351,0.00099228237,0.014215880761,-0.091233419932,0.002457571202
-10.0,-2.0,8.0,-6.0,-0.822694181861,0.043294437489,0.01107912089,0.012302553825,0.32533259744,-0.003814032789
-10.0,0.0,8.0,-6.0,-0.825802845354,0.04343989278,0.007579024126,0.013866669317,0.327691898022,-0.001691616195
-10.0,2.0,8.0,-6.0,-0.826514156569,0.043553879457,0.004094622231,0.015415534332,0.328769737585,0.000432481228
-8.0,-2.0,8.0,-6.0,-0.680105305135,0.032688223585,0.0107341178,0.013147199764,0.290514691033,-0.003191779984
-8.0,0.0,8.0,-6.0,-0.683048815433,0.032796040414,0.007167998958,0.014041449346,0.292836317981,-0.001360303325
-8.0,2.0,8.0,-6.0,-0.683982409441,0.032907902177,0.003618606633,0.014920617004,0.293992147459,0.000471745886
-6.0,-2.0,8.0,-6.0,-0.535917668498,0.024112042142,0.010331938434,0.013971585077,0.253819801236,-0.00257322139
-6.0,0.0,8.0,-6.0,-0.538688411519,0.024184245659,0.006733105291,0.014194738595,0.256096367805,-0.001018262641
-6.0,2.0,8.0,-6.0,-0.539844144055,0.024289853104,0.003151164641,0.014401960516,0.257332269626,0.000536296578
-4.0,-2.0,8.0,-6.0,-0.390362962753,0.017616855059,0.009871649175,0.014774959071,0.215336007073,-0.001959548353
-4.0,0.0,8.0,-6.0,-0.392980953139,0.017657109146,0.00630551388,0.014337026769,0.21759894667,-0.000673138948
-4.0,2.0,8.0,-6.0,-0.394336032919,0.01775222013,0.002696442988,0.013859875254,0.218878912967,0.000624813987
-2.0,-2.0,8.0,-6.0,-0.243684950559,0.01324420045,0.009354062062,0.015557019169,0.175165651881,-0.001352517826
-2.0,0.0,8.0,-6.0,-0.246133088887,0.013255760217,0.005827049722,0.014446034866,0.177392039942,-0.000313045585
-2.0,2.0,8.0,-6.0,-0.247698089932,0.013336603215,0.002257703589,0.013295470847,0.178733469415,0.000736321396
0.0,-2.0,8.0,-6.0,-0.096128506646,0.011023461663,0.008780197103,0.016316682969,0.133420487982,-0.000753786205
0.0,0.0,8.0,-6.0,-0.098405645949,0.01100906303,0.005328555831,0.014532141329,0.135605702791,5.4089823e-05
0.0,2.0,8.0,-6.0,-0.100177177003,0.011072256128,0.001836395751,0.012707998969,0.137008126285,0.000870148584
2.0,-2.0,8.0,-6.0,0.052064740349,0.010972066162,0.008149843225,0.017051662117,0.090214988249,-0.000164764224
2.0,0.0,8.0,-6.0,0.049962483846,0.010935208432,0.004812142163,0.014594760407,0.092354409376,0.000426995107
2.0,2.0,8.0,-6.0,0.047985012626,0.010977045614,0.001435415561,0.012098145619,0.093818588893,0.001025180274
4.0,-2.0,8.0,-6.0,0.200647677748,0.013095438663,0.007464626367,0.017761896599,0.045674474425,0.000412848962
4.0,0.0,8.0,-6.0,0.19872182687,0.013039642621,0.004280221059,0.014634549043,0.047767329596,0.000804228917
4.0,2.0,8.0,-6.0,0.196498205451,0.013054283443,0.001101662154,0.011485614705,0.049360311976,0.001192576528
6.0,-2.0,8.0,-6.0,0.349348352987,0.017385775395,0.006706793689,0.018437567624,-3.4304457e-05,0.000980462644
6.0,0.0,8.0,-6.0,0.347624566369,0.017315625049,0.003734518195,0.014650277026,0.001972853975,0.001184314608
6.0,2.0,8.0,-6.0,0.345194874122,0.017301369146,0.000752552218,0.010834924841,0.003631897014,0.001386510998
8.0,-2.0,8.0,-6.0,0.497947893086,0.023825911741,0.005913012734,0.019092780398,-0.046825013932,0.001530456354
8.0,0.0,8.0,-6.0,0.496413293975,0.02374437853,0.003176023972,0.014642189938,-0.044882508324,0.001566045636
8.0,2.0,8.0,-6.0,0.493778727243,0.023697925629,0.000428984386,0.010163538644,-0.043157562426,0.001598696446
10.0,-2.0,8.0,-6.0,0.646178472874,0.03238423759,0.005071156635,0.019720413418,-0.094524530694,0.002063568787
10.0,0.0,8.0,-6.0,0.644835244941,0.032295033799,0.00260663885,0.014610298459,-0.09265022541,0.001947945285
10.0,2.0,8.0,-6.0,0.641999986582,0.032213346912,0.000132679578,0.009472164955,-0.090861938264,0.001827966202
-10.0,-2.0,8.0,-4.0,-0.824709217292,0.043044633838,0.008572121498,0.007708175745,0.32702146933,-0.003244937332
-10.0,0.0,8.0,-4.0,-0.827184381726,0.043147264372,0.005071227485,0.009279051958,0.328812188,-0.001125394976
-10.0,2.0,8.0,-4.0,-0.82726519887,0.043219586921,0.001580745592,0.010838720569,0.329321990874,0.000995209298
-8.0,-2.0,8.0,-4.0,-0.682072062584,0.032398564672,0.008363860886,0.008495542141,0.292176845232,-0.002732208546
-8.0,0.0,8.0,-4.0,-0.684373667774,0.032470155742,0.004796473808,0.00939648507,0.293923365924,-0.000903976018
-8.0,2.0,8.0,-4.0,-0.684665140232,0.03254681058,0.001240054339,0.010286775441,0.294503740648,0.000924651036
-6.0,-2.0,8.0,-4.0,-0.53783283893,0.023784608317,0.008106393237,0.009269948865,0.255452500103,-0.002226771229
-6.0,0.0,8.0,-4.0,-0.539955229683,0.02382767783,0.004505498297,0.00949904221,0.257149205372,-0.000675377678
-6.0,2.0,8.0,-4.0,-0.540458511438,0.023904655364,0.000916079594,0.009717764832,0.257802258562,0.000875725956
-4.0,-2.0,8.0,-4.0,-0.392222258618,0.017253668925,0.007798258535,0.010030663934,0.216935844934,-0.001729367852
-4.0,0.0,8.0,-4.0,-0.394185859725,0.017271883652,0.004218832278,0.009594679945,0.218615937968,-0.000444594905
-4.0,2.0,8.0,-4.0,-0.394881996239,0.017345486747,0.000611842371,0.009132161214,0.219307946627,0.00084775891
-2.0,-2.0,8.0,-4.0,-0.245484836619,0.012847652611,0.007439589813,0.010777396436,0.176729706122,-0.001241326615
-2.0,0.0,8.0,-4.0,-0.247269650328,0.012843968184,0.003899330018,0.009667663646,0.178365889364,-0.000203981351
-2.0,2.0,8.0,-4.0,-0.248171200213,0.012910738858,0.000330768312,0.008532017674,0.179118315682,0.000840020678
0.0,-2.0,8.0,-4.0,-0.097865258278,0.010596056426,0.007031001806,0.011509096935,0.134945124878,-0.000763918058
0.0,0.0,8.0,-4.0,-0.099475306395,0.010573823792,0.003566230011,0.00972623947,0.136540179013,4.1413926e-05
0.0,2.0,8.0,-4.0,-0.100575519916,0.010629900418,7.3691075e-05,0.007916332497,0.137347206691,0.000852293601
2.0,-2.0,8.0,-4.0,0.050392279322,0.010516518605,0.006571874455,0.012224078551,0.091698832248,-0.000298138008
2.0,0.0,8.0,-4.0,0.048962303614,0.010478992771,0.003220828965,0.009768440461,0.09324557147,0.000290676938
2.0,2.0,8.0,-4.0,0.047661228441,0.01052096678,-0.000157219133,0.007285882408,0.094111413547,0.000883910145
4.0,-2.0,8.0,-4.0,0.199041431994,0.012614542751,0.006063141913,0.012921917062,0.047114953631,0.000154775643
4.0,0.0,8.0,-4.0,0.197794158027,0.012565237478,0.002864578783,0.009795194314,0.048610739099,0.000542901238
4.0,2.0,8.0,-4.0,0.196254273471,0.012587586179,-0.000320027734,0.006658669626,0.049598656402,0.000927277058
6.0,-2.0,8.0,-4.0,0.347807871933,0.016882249234,0.005481406109,0.013590933203,0.001367271205,0.000597541268
6.0,0.0,8.0,-4.0,0.346769957538,0.016826071446,0.002499233342,0.009806442257,0.002769480964,0.000797062508
6.0,2.0,8.0,-4.0,0.345026970905,0.016826763994,-0.000488831531,0.006002985881,0.003822354184,0.000995356928
8.0,-2.0,8.0,-4.0,0.496478731744,0.02330307987,0.004872729239,0.014249334629,-0.045471518932,0.001021288198
8.0,0.0,8.0,-4.0,0.495632387743,0.023242654017,0.002127014873,0.009801212604,-0.044134085913,0.001052037207
8.0,2.0,8.0,-4.0,0.493687744012,0.023218377303,-0.00062779738,0.005334312426,-0.043016002317,0.00108115122
10.0,-2.0,8.0,-4.0,0.644782786151,0.031845225824,0.004219354544,0.014887994242,-0.093221321099,0.001428107135
10.0,0.0,8.0,-4.0,0.644129525957,0.031784190459,0.001744712566,0.009780092459,-0.091951435941,0.001307542313
10.0,2.0,8.0,-4.0,0.641985594799,0.031731752763,-0.000736193909,0.004653457524,-0.090769130532,0.001184052772
-10.0,-2.0,8.0,-2.0,-0.826181622723,0.042910738145,0.006042540946,0.003077262601,0.328272544589,-0.002680021904
-10.0,0.0,8.0,-2.0,-0.828022058842,0.042970057265,0.00254210213,0.004650162675,0.329490748431,-0.000562186933
-10.0,2.0,8.0,-2.0,-0.82746446718,0.042999025656,-0.000953140134,0.006217760039,0.329426426127,0.001556227749
-8.0,-2.0,8.0,-2.0,-0.683521358865,0.032238081707,0.005971435636,0.003805585365,0.293415387623,-0.002277548964
-8.0,0.0,8.0,-2.0,-0.685176465437,0.032272696257,0.002404291208,0.004709174738,0.294581772314,-0.000451255596
-8.0,2.0,8.0,-2.0,-0.684820413625,0.032312781907,-0.001157456031,0.005607284833,0.294581394402,0.001375251019
-6.0,-2.0,8.0,-2.0,-0.539253979943,0.023598024307,0.00585928922,0.004529004533,0.256675316339,-0.001885886749
-6.0,0.0,8.0,-2.0,-0.540721754653,0.023611355916,0.002258325742,0.004760572844,0.257786296234,-0.000336756694
-6.0,2.0,8.0,-2.0,-0.540569257543,0.023658690914,-0.001336909247,0.004987040828,0.257852663248,0.001212297577
-4.0,-2.0,8.0,-2.0,-0.393612539401,0.017042770742,0.005704146654,0.005246049023,0.218140761212,-0.001505568772
-4.0,0.0,8.0,-2.0,-0.394914329436,0.017038013663,0.002114510971,0.004808496134,0.219230638404,-0.000221127911
-4.0,2.0,8.0,-2.0,-0.394945586359,0.017089130854,-0.001488978603,0.004357649535,0.219329794936,0.001067126655
-2.0,-2.0,8.0,-2.0,-0.24684186452,0.012613558852,0.005505347276,0.005956479052,0.177914571868,-0.001137309057
-2.0,0.0,8.0,-2.0,-0.247958515481,0.012594151579,0.001954077105,0.004845253946,0.178957087074,-0.00010056027
-2.0,2.0,8.0,-2.0,-0.248188432932,0.012645551113,-0.001610875567,0.003720940498,0.179111936098,0.000939445015
0.0,-2.0,8.0,-2.0,-0.09918643166,0.010340268367,0.005263203001,0.006659467693,0.136107305257,-0.000782062906
0.0,0.0,8.0,-2.0,-0.100120260033,0.010309411267,0.001787248516,0.00487440828,0.137102761552,2.232075e-05
0.0,2.0,8.0,-2.0,-0.100545227911,0.010357582565,-0.001702467438,0.00307624778,0.137311895082,0.000829485969
2.0,-2.0,8.0,-2.0,0.049108505291,0.010240638386,0.004976329601,0.007353465389,0.092837164634,-0.00044033547
2.0,0.0,8.0,-2.0,0.048357927546,0.010201910328,0.001614032625,0.004895901733,0.093784156939,0.000147197621
2.0,2.0,8.0,-2.0,0.047739194007,0.010243199179,-0.001761622627,0.002424604776,0.094046717367,0.000736908701
4.0,-2.0,8.0,-2.0,0.197796216008,0.012320314224,0.004645292458,0.008038185066,0.04822763863,-0.000112961049
4.0,0.0,8.0,-2.0,0.19723384495,0.012277114628,0.001436316239,0.004909425975,0.049120574418,0.000273407778
4.0,2.0,8.0,-2.0,0.196383497075,0.012306398286,-0.001752162542,0.001781940296,0.049497820603,0.000655489798
6.0,-2.0,8.0,-2.0,0.346598170894,0.016571162954,0.004240933249,0.00869972348,0.002460856093,0.00020409223
6.0,0.0,8.0,-2.0,0.34625333874,0.016528661441,0.00125301457,0.004914812194,0.003251149215,0.000400709634
6.0,2.0,8.0,-2.0,0.345204206137,0.016543655325,-0.001738902527,0.001120703859,0.00369154361,0.000596879488
8.0,-2.0,8.0,-2.0,0.495311448713,0.022977327003,0.003818922253,0.009360799258,-0.04440719514,0.0005006888
8.0,0.0,8.0,-2.0,0.495160563005,0.022937847913,0.001065311255,0.004912351556,-0.043681521041,0.000528576035
8.0,2.0,8.0,-2.0,0.493912432818,0.022935156276,-0.001691634243,0.000454424957,-0.043176321441,0.000555466586
10.0,-2.0,8.0,-2.0,0.64365964917,0.031506806162,0.003355656185,0.010010049807,-0.092188095052,0.000780298974
10.0,0.0,8.0,-2.0,0.643703525047,0.031473878014,0.00087424042,0.004901645208,-0.091529274891,0.000656444504
10.0,2.0,8.0,-2.0,0.642257445884,0.031450176178,-0.001610255274,-0.000216121888,-0.09095885388,0.000531119676
-10.0,-2.0,8.0,0.0,-0.827103074061,0.042895581056,0.003500745549,-0.001571218723,0.329076391123,-0.00211797316
-10.0,0.0,8.0,0.0,-0.828302718807,0.042910706329,2.27149e-06,8.33953e-07,0.329718001889,-5.19682e-07
-10.0,2.0,8.0,0.0,-0.827104168286,0.042895554467,-0.003496380935,0.001572793782,0.329076980909,0.002117000953
-8.0,-2.0,8.0,0.0,-0.684440193156,0.032209416447,0.003567076604,-0.000901820326,0.294219090007,-0.001826117984
-8.0,0.0,8.0,0.0,-0.685445298513,0.032206528854,1.807665e-06,8.85586e-07,0.294802226432,-3.87534e-07
-8.0,2.0,8.0,0.0,-0.68443908344,0.032209316905,-0.003563609478,0.000903325231,0.294218432638,0.001825358791
-6.0,-2.0,8.0,0.0,-0.540168447183,0.023555889174,0.003600274759,-0.000230325533,0.257477177025,-0.001548641139
-6.0,0.0,8.0,0.0,-0.540978582877,0.023538901799,1.334142e-06,6.07043e-07,0.257999726078,-3.24958e-07
-6.0,2.0,8.0,0.0,-0.540167203189,0.023555873728,-0.003597799806,0.000231358728,0.257476512801,0.001548097636
-4.0,-2.0,8.0,0.0,-0.394522181635,0.016987647303,0.003598431305,0.000442801687,0.21894051791,-0.001285751854
-4.0,0.0,8.0,0.0,-0.395158084155,0.016959659152,8.32085e-07,3.74955e-07,0.219436555908,-1.90071e-07
-4.0,2.0,8.0,0.0,-0.394522149504,0.016987627159,-0.003596865267,-0.000442142818,0.218940513508,0.001285419524
-2.0,-2.0,8.0,0.0,-0.247745074041,0.012545868229,0.00355970764,0.001116345884,0.178710553903,-0.001037682086
-2.0,0.0,8.0,0.0,-0.248188895219,0.012510396953,3.48565e-07,2.48449e-07,0.179154775456,-7.4215e-08
-2.0,2.0,8.0,0.0,-0.247745013665,0.012545754617,-0.003559065477,-0.001116063209,0.178710171333,0.0010375668
0.0,-2.0,8.0,0.0,-0.100081702904,0.010260384571,0.003484465372,0.001790231482,0.136897969697,-0.000805026939
0.0,0.0,8.0,0.0,-0.100336949954,0.010220834985,2.04153e-07,6.8299e-08,0.137292447271,-4.1964e-08
0.0,2.0,8.0,0.0,-0.100081757109,0.010260397504,-0.003484035652,-0.001789728184,0.136898458995,0.000804961586
2.0,-2.0,8.0,0.0,0.048221738944,0.0101490877,0.003370405461,0.002462715837,0.093621846286,-0.000587808311
2.0,0.0,8.0,0.0,0.048157757392,0.010108931571,-2.555e-08,-6.214e-09,0.093961747852,7.632e-09
2.0,2.0,8.0,0.0,0.048222845043,0.010149072737,-0.003370348668,-0.002462734836,0.093620804798,0.000587801017
4.0,-2.0,8.0,0.0,0.19692026216,0.012217674733,0.003217713649,0.003134139755,0.049004088041,-0.000386424892
4.0,0.0,8.0,0.0,0.197043896496,0.012180484102,-2.84529e-07,-2.68862e-07,0.049294356798,2.8947e-08
4.0,2.0,8.0,0.0,0.196919518986,0.012217696412,-0.00321809748,-0.003134409539,0.049005175416,0.000386475221
6.0,-2.0,8.0,0.0,0.345728540936,0.016457764482,0.002991353772,0.003787648875,0.003237222317,-0.000195549672
6.0,0.0,8.0,0.0,0.346080621362,0.01642892816,-1.85234e-07,-3.77146e-07,0.003412214269,2.199e-09
6.0,2.0,8.0,0.0,0.345728516205,0.016457771911,-0.002991707526,-0.003788388728,0.003237220326,0.00019555205
8.0,-2.0,8.0,0.0,0.494454350523,0.022854119731,0.002756678311,0.004451020394,-0.043640523521,-2.6559145e-05
8.0,0.0,8.0,0.0,0.495002851358,0.022835621462,-2.98838e-07,-7.24501e-07,-0.043530175288,-2.0989e-08
8.0,2.0,8.0,0.0,0.494454415341,0.022854128484,-0.002757237891,-0.004452450488,-0.043640618681,2.6513031e-05
10.0,-2.0,8.0,0.0,0.642814596234,0.031374758682,0.002484218945,0.005110155629,-0.091430179712,0.000125291368
10.0,0.0,8.0,0.0,0.64355975406,0.031369945874,-4.10527e-07,-1.377728e-06,-0.091386783343,-1.34588e-07
10.0,2.0,8.0,0.0,0.642816139704,0.03137450842,-0.002485129089,-0.005112843185,-0.091432405831,-0.000125513095
-10.0,-2.0,8.0,2.0,-0.827464431139,0.042999110315,0.000957592025,-0.006216135169,0.329426285731,-0.001557234606
-10.0,0.0,8.0,2.0,-0.828023297079,0.042969658887,-0.002536960668,-0.004648317729,0.329490347351,0.00056104481
-10.0,2.0,8.0,2.0,-0.8261840221,0.04291071239,-0.006038200545,-0.003075734825,0.3282737947,0.002679072828
-8.0,-2.0,8.0,2.0,-0.684822301635,0.032313011571,0.001160981312,-0.00560573187,0.294582400729,-0.001376049425
-8.0,0.0,8.0,2.0,-0.685176963791,0.032272739073,-0.002400682259,-0.00470741494,0.294581998252,0.000450478739
-8.0,2.0,8.0,2.0,-0.683521094131,0.032238072738,-0.005968071576,-0.003804148873,0.293415135851,0.002276835992
-6.0,-2.0,8.0,2.0,-0.540570414467,0.023658875048,0.001339419545,-0.004985915391,0.257853282852,-0.001212858065
-6.0,0.0,8.0,2.0,-0.540722665532,0.023611355673,-0.002255690536,-0.004759359782,0.257786927651,0.000336147754
-6.0,2.0,8.0,2.0,-0.539252897412,0.023598041129,-0.005856683831,-0.0045277312,0.25667447751,0.001885323721
-4.0,-2.0,8.0,2.0,-0.394945169516,0.017089153281,0.00149041516,-0.004357155584,0.219329635306,-0.001067399633
-4.0,0.0,8.0,2.0,-0.394914607412,0.017038002744,-0.00211290395,-0.004807841292,0.219231086729,0.000220780239
-4.0,2.0,8.0,2.0,-0.393612483873,0.017042767782,-0.005702564631,-0.005245385809,0.218140892542,0.001505214858
-2.0,-2.0,8.0,2.0,-0.248188153552,0.012645513769,0.001611706192,-0.003720396809,0.179111774555,-0.000939602872
-2.0,0.0,8.0,2.0,-0.24795861324,0.012594046761,-0.001953250192,-0.004844871757,0.178956868481,0.000100412753
-2.0,2.0,8.0,2.0,-0.246841985852,0.012613448183,-0.00550450379,-0.005956063784,0.177914437262,0.001137164207
0.0,-2.0,8.0,2.0,-0.100545506315,0.010357589944,0.001702839573,-0.003076065279,0.137312202175,-0.00082954902
0.0,0.0,8.0,2.0,-0.100119444986,0.010309382508,-0.001786720906,-0.004873822,0.137102454574,-2.2393174e-05
0.0,2.0,8.0,2.0,-0.099186191796,0.010340259018,-0.00526264469,-0.006658940329,0.136107721077,0.000781974621
2.0,-2.0,8.0,2.0,0.047740109908,0.010243190258,0.001761578446,-0.002424602479,0.094045957528,-0.000736890067
2.0,0.0,8.0,2.0,0.04835915302,0.010201913825,-0.00161399748,-0.004895852776,0.093783039462,-0.000147204542
2.0,2.0,8.0,2.0,0.049109578291,0.010240643362,-0.004976334991,-0.007353372718,0.092836089043,0.000440335429
4.0,-2.0,8.0,2.0,0.196383595213,0.012306404502,0.001751629743,-0.001782425189,0.049497913052,-0.000655434752
4.0,0.0,8.0,2.0,0.19723357129,0.012277142798,-0.001436783163,-0.004909940819,0.049120977619,-0.000273362223
4.0,2.0,8.0,2.0,0.197796015587,0.012320344979,-0.00464573915,-0.008038659424,0.048227963363,0.000113005855
6.0,-2.0,8.0,2.0,0.34520315405,0.016543666692,0.001738443154,-0.001121624011,0.003692305678,-0.000596880283
6.0,0.0,8.0,2.0,0.346252334792,0.016528686943,-0.001253500446,-0.00491572301,0.003251849905,-0.000400705198
6.0,2.0,8.0,2.0,0.346597137784,0.016571203614,-0.004241397259,-0.008700596749,0.002461608919,-0.00020408734
8.0,-2.0,8.0,2.0,0.493912405433,0.022935180302,0.001691085409,-0.000455844004,-0.043176215968,-0.000555514714
8.0,0.0,8.0,2.0,0.495160511297,0.022937871695,-0.001065705303,-0.00491376336,-0.043681399168,-0.000528639654
8.0,2.0,8.0,2.0,0.495311518054,0.022977365948,-0.003819463667,-0.00936219623,-0.044407278293,-0.000500732576
10.0,-2.0,8.0,2.0,0.642256098883,0.031450596457,0.001609316792,0.00021343463,-0.090956721246,-0.000531349128
10.0,0.0,8.0,2.0,0.643702554463,0.031474216181,-0.000875147515,-0.004904181796,-0.091527998546,-0.000656648945
10.0,2.0,8.0,2.0,0.643658535315,0.03150716191,-0.003356562412,-0.010012562002,-0.092186803877,-0.000780500862
-10.0,-2.0,8.0,4.0,-0.827266589223,0.043219282985,-0.001575713158,-0.010836933991,0.329321588296,-0.000996314829
-10.0,0.0,8.0,4.0,-0.827186853857,0.043146946412,-0.005066134634,-0.009277261539,0.328812478176,0.001124270071
-10.0,2.0,8.0,4.0,-0.824710422823,0.04304425861,-0.008567954497,-0.007707380104,0.327022520792,0.003243980995
-8.0,-2.0,8.0,4.0,-0.684667884055,0.032547197849,-0.00123652202,-0.010285217617,0.294505166368,-0.000925478894
-8.0,0.0,8.0,4.0,-0.684374884067,0.032470272098,-0.004792887717,-0.009394757341,0.29392393255,0.000903192848
-8.0,2.0,8.0,4.0,-0.68207281672,0.032398604335,-0.008360502192,-0.00849412381,0.292177169601,0.00273150057
-6.0,-2.0,8.0,4.0,-0.540460237446,0.023904873256,-0.000913666744,-0.009716680686,0.257803343709,-0.000876250109
-6.0,0.0,8.0,4.0,-0.539956440221,0.023827495055,-0.004502792115,-0.009497718508,0.257150012081,0.000674803055
-6.0,2.0,8.0,4.0,-0.537832717645,0.023784508343,-0.008103758447,-0.009268792938,0.255452139967,0.002226135905
-4.0,-2.0,8.0,4.0,-0.394880707197,0.017345559018,-0.000610652335,-0.009131788091,0.219307146611,-0.000847976058
-4.0,0.0,8.0,4.0,-0.394186572424,0.017271814488,-0.004217277953,-0.009594108986,0.218616708376,0.000444276176
-4.0,2.0,8.0,4.0,-0.392222384374,0.017253673758,-0.007796736413,-0.010030088016,0.21693623877,0.001729030198
-2.0,-2.0,8.0,4.0,-0.248170951783,0.012910607692,-0.000329899251,-0.008531548116,0.179117907629,-0.000840166029
-2.0,0.0,8.0,4.0,-0.247269682212,0.01284384251,-0.003898481172,-0.009667248866,0.178365705865,0.000203837691
-2.0,2.0,8.0,4.0,-0.245485185722,0.012847568785,-0.007438862169,-0.010776933764,0.17673008248,0.001241201365
0.0,-2.0,8.0,4.0,-0.100575897027,0.010629909012,-7.3334992e-05,-0.007916161376,0.137347696282,-0.000852354364
0.0,0.0,8.0,4.0,-0.099474214558,0.010573783938,-0.003565676508,-0.00972561168,0.1365398099,-4.1486237e-05
0.0,2.0,8.0,4.0,-0.097864703429,0.010596025695,-0.007030511693,-0.011508649509,0.134945276136,0.000763853961
2.0,-2.0,8.0,4.0,0.047662936874,0.010520960343,0.000157134104,-0.007285930174,0.094110027273,-0.000883889699
2.0,0.0,8.0,4.0,0.048964311835,0.0104789833,-0.003220862207,-0.009768401156,0.093243928363,-0.000290662431
2.0,2.0,8.0,4.0,0.05039458804,0.010516527858,-0.006571936714,-0.01222393604,0.0916968577,0.000298151652
4.0,-2.0,8.0,4.0,0.19625414551,0.012587616233,0.000319631361,-0.006659157359,0.049598656282,-0.000927241597
4.0,0.0,8.0,4.0,0.197794181165,0.012565282517,-0.002865010555,-0.009795732782,0.048610520413,-0.000542863161
4.0,2.0,8.0,4.0,0.199041654994,0.012614598084,-0.006063604663,-0.012922470112,0.047114516823,-0.000154736269
6.0,-2.0,8.0,4.0,0.345026379202,0.016826844118,0.000488317135,-0.006003861473,0.00382280247,-0.000995354905
6.0,0.0,8.0,4.0,0.346767918518,0.016826103475,-0.002499720535,-0.009807202746,0.002771360007,-0.000797053387
6.0,2.0,8.0,4.0,0.347806143297,0.016882303618,-0.005481879637,-0.01359164797,0.001368872124,-0.000597525854
8.0,-2.0,8.0,4.0,0.493687068453,0.023218557262,0.000627121885,-0.005335881839,-0.043015183555,-0.001081223027
8.0,0.0,8.0,4.0,0.495631739705,0.023242844857,-0.002127756734,-0.009802791303,-0.044133297145,-0.001052097393
8.0,2.0,8.0,4.0,0.496478027205,0.023303293878,-0.00487348132,-0.014250908025,-0.045470749067,-0.001021345445
10.0,-2.0,8.0,4.0,0.641983885963,0.031732184688,0.000735143,-0.004656265452,-0.090766611975,-0.001184276623
10.0,0.0,8.0,4.0,0.644128379545,0.03178451937,-0.00174567196,-0.009782653197,-0.091949999898,-0.001307737276
10.0,2.0,8.0,4.0,0.644781585147,0.031845570066,-0.004220320973,-0.014890538125,-0.093219941022,-0.001428297764
-10.0,-2.0,8.0,6.0,-0.826516893343,0.043553672435,-0.004089657566,-0.015413802147,0.328770053372,-0.000433572624
-10.0,0.0,8.0,6.0,-0.825803709028,0.043439332264,-0.007573961844,-0.013865467995,0.327691871352,0.001690455857
-10.0,2.0,8.0,6.0,-0.822696469329,0.043294085769,-0.011074114301,-0.012301463526,0.325333720148,0.003812837088
-8.0,-2.0,8.0,6.0,-0.683984253274,0.032908277523,-0.003615165759,-0.014919607847,0.2939931173,-0.000472641521
-8.0,0.0,8.0,6.0,-0.683049084151,0.032795980418,-0.007164596145,-0.014040362942,0.29283635441,0.001359485182
-8.0,2.0,8.0,6.0,-0.680106999822,0.032688421237,-0.010730713313,-0.013145743617,0.29051541904,0.00319102848
-6.0,-2.0,8.0,6.0,-0.539842563615,0.024289595458,-0.003148656295,-0.014400783185,0.257330730148,-0.000536802697
-6.0,0.0,8.0,6.0,-0.53868939274,0.024184024722,-0.006730303983,-0.014193288522,0.256097038755,0.001017680208
-6.0,2.0,8.0,6.0,-0.535918968648,0.024112218927,-0.010329292739,-0.013970457187,0.253820319469,0.00257256231
-4.0,-2.0,8.0,6.0,-0.394335078231,0.017752249185,-0.002695268366,-0.01385948813,0.218878335452,-0.000625022477
-4.0,0.0,8.0,6.0,-0.392981852304,0.017657058069,-0.006304006292,-0.014336464948,0.217599900176,0.000672840219
-4.0,2.0,8.0,6.0,-0.390363255474,0.017616857482,-0.009870261274,-0.014774320293,0.215336364356,0.001959247862
-2.0,-2.0,8.0,6.0,-0.247697884945,0.013336441531,-0.002256750734,-0.013294886566,0.178733180706,-0.000736465994
-2.0,0.0,8.0,6.0,-0.246133023918,0.0132556917,-0.005826311548,-0.014445505648,0.177392103165,0.000312914543
-2.0,2.0,8.0,6.0,-0.24368544188,0.013244078795,-0.009353296665,-0.01555648546,0.175166087151,0.001352397325
0.0,-2.0,8.0,6.0,-0.100176259229,0.011072232802,-0.001835864786,-0.012707449205,0.137007771495,-0.000870220369
0.0,0.0,8.0,6.0,-0.098403779963,0.011008998164,-0.005328058487,-0.014531485608,0.135604634132,-5.4141284e-05
0.0,2.0,8.0,6.0,-0.09612727846,0.011023490065,-0.008779686132,-0.016316035748,0.133419703723,0.00075369409
2.0,-2.0,8.0,6.0,0.047986375626,0.01097704087,-0.001435501531,-0.012098241802,0.093817485361,-0.001025159331
2.0,0.0,8.0,6.0,0.04996406736,0.010935201636,-0.004812206865,-0.014594814697,0.092353012536,-0.000426977954
2.0,2.0,8.0,6.0,0.052067087507,0.010972044307,-0.008149825524,-0.017051562786,0.090212945343,0.00016477474
4.0,-2.0,8.0,6.0,0.196498200184,0.013054321362,-0.001102065737,-0.011486091318,0.049360173587,-0.001192539791
4.0,0.0,8.0,6.0,0.198722005386,0.013039705375,-0.004280652358,-0.014635055635,0.047766901052,-0.000804188786
4.0,2.0,8.0,6.0,0.200647287636,0.013095471766,-0.007465120571,-0.017762353229,0.045674081425,-0.000412794993
6.0,-2.0,8.0,6.0,0.345192295928,0.017301372347,-0.000752926285,-0.010835581268,0.003633772647,-0.001386514403
6.0,0.0,8.0,6.0,0.347623492117,0.017315672359,-0.003735136864,-0.014651056844,0.001973890518,-0.001184279524
6.0,2.0,8.0,6.0,0.349347614535,0.01738581019,-0.006707387704,-0.018438325042,-3.3799359e-05,-0.000980429408
8.0,-2.0,8.0,6.0,0.493778470848,0.023698104789,-0.00042983381,-0.010164997522,-0.043157080776,-0.001598727662
8.0,0.0,8.0,6.0,0.496413026866,0.023744533187,-0.003176924291,-0.014643691093,-0.044882211297,-0.001566072332
8.0,2.0,8.0,6.0,0.497947563288,0.023826048303,-0.005913935327,-0.019094321899,-0.046824898864,-0.001530487904
10.0,-2.0,8.0,6.0,0.641998157842,0.032213691612,-0.000133945013,-0.009474791672,-0.090859108607,-0.001828144738
10.0,0.0,8.0,6.0,0.644833982912,0.03229522253,-0.002607742104,-0.01461264586,-0.092648665831,-0.001948112368
10.0,2.0,8.0,6.0,0.646177035421,0.032384398576,-0.005072286495,-0.019722820023,-0.094523130804,-0.002063742
-10.0,-2.0,8.0,8.0,-0.825229439072,0.043996712575,-0.006573057783,-0.019926730066,0.327781902277,0.000132129043
-10.0,0.0,8.0,8.0,-0.823891172004,0.043842327595,-0.010049963524,-0.018393046492,0.326142733882,0.002260785099
-10.0,2.0,8.0,8.0,-0.820162000103,0.043656435882,-0.013547814843,-0.01683857426,0.32322550293,0.004387208978
-8.0,-2.0,8.0,8.0,-0.682784379909,0.033390209318,-0.005964296939,-0.019488467047,0.293056582964,-1.6030882e-05
-8.0,0.0,8.0,8.0,-0.681215820754,0.033244591743,-0.009505833057,-0.018623812976,0.291332843197,0.00182088854
-8.0,2.0,8.0,8.0,-0.67764295172,0.03310265516,-0.013068737313,-0.017738533163,0.28844643111,0.0036569088
-6.0,-2.0,8.0,8.0,-0.538732144779,0.024807183709,-0.005356327434,-0.019018528664,0.256447408477,-0.000192593574
-6.0,0.0,8.0,8.0,-0.536936821909,0.024674764219,-0.008930340345,-0.018825171401,0.254640539237,0.001366905258
-6.0,2.0,8.0,8.0,-0.533529777567,0.024575147875,-0.012523803403,-0.018611797272,0.251794657663,0.002926510318
-4.0,-2.0,8.0,8.0,-0.393319048512,0.018302238014,-0.004754401211,-0.01851905831,0.218052310297,-0.000396236705
-4.0,0.0,8.0,8.0,-0.391325656587,0.018187580955,-0.008354180043,-0.019010779593,0.216209636984,0.00090665691
-4.0,2.0,8.0,8.0,-0.38805232769,0.018126070861,-0.011913774948,-0.01945647687,0.213356835768,0.002197950196
-2.0,-2.0,8.0,8.0,-0.246779288963,0.013915436535,-0.004159966366,-0.017988715044,0.177966501644,-0.000625902225
-2.0,0.0,8.0,8.0,-0.244556783545,0.013821652844,-0.007727109126,-0.019156795928,0.176039776952,0.000430187947
-2.0,2.0,8.0,8.0,-0.241458246208,0.013796310917,-0.011239098159,-0.020272477418,0.173236471445,0.001473175064
0.0,-2.0,8.0,8.0,-0.099357297727,0.011676551723,-0.003577107273,-0.017428499453,0.136301764684,-0.000880056944
0.0,0.0,8.0,8.0,-0.096922192351,0.011607379024,-0.007065897132,-0.019269490885,0.134309856279,-5.7412731e-05
0.0,2.0,8.0,8.0,-0.093988947563,0.011615111265,-0.010502375944,-0.021058862248,0.13154541509,0.000754463345
2.0,-2.0,8.0,8.0,0.048704121668,0.011602932613,-0.003008870965,-0.016838909743,0.093174337356,-0.001157246012
2.0,0.0,8.0,8.0,0.051347249021,0.011562500569,-0.00638192982,-0.019353002688,0.091122671845,-0.000552625177
2.0,2.0,8.0,8.0,0.05411339033,0.011599375588,-0.009703102217,-0.021813581915,0.088396888211,4.3517304e-05
4.0,-2.0,8.0,8.0,0.197109437056,0.013697647341,-0.002506778654,-0.016240511698,0.048788477035,-0.001447449062
4.0,0.0,8.0,8.0,0.200007942761,0.013691727724,-0.005677533494,-0.01940447118,0.046597444054,-0.001053402955
4.0,2.0,8.0,8.0,0.202599541827,0.013754609297,-0.008844029249,-0.022535612276,0.043919143764,-0.000657446858
6.0,-2.0,8.0,8.0,0.345699936082,0.017958274597,-0.001979711762,-0.015594180253,0.003127691545,-0.001766043846
6.0,0.0,8.0,8.0,0.348809395407,0.017988395508,-0.00495290506,-0.019424379713,0.000869278243,-0.001558371498
6.0,2.0,8.0,8.0,0.351208472286,0.018072924079,-0.007912430543,-0.023217353797,-0.001733731929,-0.001348635943
8.0,-2.0,8.0,8.0,0.494179962544,0.024364408568,-0.001474724346,-0.014919936508,-0.043594209397,-0.002103300802
8.0,0.0,8.0,8.0,0.497494542283,0.024433641355,-0.004212036699,-0.019413012807,-0.045917715398,-0.002065385606
8.0,2.0,8.0,8.0,0.499707182994,0.024536538096,-0.006936075206,-0.023868918277,-0.048456639674,-0.00202359323
10.0,-2.0,8.0,8.0,0.642297266088,0.032885366199,-0.000993360278,-0.014218232081,-0.091231574244,-0.002457752233
10.0,0.0,8.0,8.0,0.645813251954,0.032996719593,-0.003457220347,-0.019370522401,-0.093617022607,-0.002572651819
10.0,2.0,8.0,8.0,0.647835537978,0.033114161438,-0.005908479022,-0.024485703605,-0.096086490561,-0.002681805913
-10.0,-2.0,8.0,10.0,-0.823424634937,0.044541604607,-0.009015529262,-0.024356452425,0.326373675404,0.000701727533
-10.0,0.0,8.0,10.0,-0.821472417885,0.044349608711,-0.012484106625,-0.022840599832,0.324184265692,0.00283616775
-10.0,2.0,8.0,10.0,-0.817133616054,0.044125205744,-0.01597825954,-0.021299001709,0.320719475248,0.004967751951
-8.0,-2.0,8.0,10.0,-0.681087948713,0.033984975228,-0.008275694387,-0.023972595193,0.291712916842,0.000446118609
-8.0,0.0,8.0,10.0,-0.678896396338,0.033808590238,-0.011805814941,-0.023124955521,0.28943066813,0.002288434609
-8.0,2.0,8.0,10.0,-0.674705434946,0.033634334671,-0.015364152311,-0.02225227642,0.285990473297,0.00413010978
-6.0,-2.0,8.0,10.0,-0.537145319441,0.02544866696,-0.007527543605,-0.023549371663,0.255168192078,0.000158157967
-6.0,0.0,8.0,10.0,-0.534742731901,0.025291822534,-0.011117446336,-0.023383720856,0.252838432951,0.001729922523
-6.0,2.0,8.0,10.0,-0.530687803047,0.025166200652,-0.014677933783,-0.023172240313,0.249394699968,0.003289265621
-4.0,-2.0,8.0,10.0,-0.391849138277,0.018986082421,-0.00677905441,-0.023089891847,0.216842878154,-0.000159615575
-4.0,0.0,8.0,10.0,-0.389221434518,0.01885334134,-0.010369398501,-0.023600063255,0.214437818642,0.001150099358
-4.0,2.0,8.0,10.0,-0.385312369872,0.018772986197,-0.013919022671,-0.024056209377,0.211016599734,0.002446999331
-2.0,-2.0,8.0,10.0,-0.245430129851,0.014637308116,-0.006031386868,-0.022592387893,0.176830067442,-0.000506007666
-2.0,0.0,8.0,10.0,-0.242559742936,0.014532067729,-0.009593154774,-0.023779584885,0.174325182023,0.000557966225
-2.0,2.0,8.0,10.0,-0.238827110131,0.014494793157,-0.013089105934,-0.024904553327,0.170961895549,0.001605934273
0.0,-2.0,8.0,10.0,-0.098131955777,0.012431983977,-0.00528911912,-0.022057794157,0.135241285548,-0.000879085737
0.0,0.0,8.0,10.0,-0.095048729189,0.012358788198,-0.008772545934,-0.02391935363,0.132676406484,-4.8569544e-05
0.0,2.0,8.0,10.0,-0.091469429625,0.012360640219,-0.01219061521,-0.025715611816,0.129339984713,0.000768645816
2.0,-2.0,8.0,10.0,0.04980410466,0.012387166984,-0.004555838431,-0.021486371621,0.092191766155,-0.001276947765
2.0,0.0,8.0,10.0,0.053099245068,0.012349615124,-0.007922626772,-0.024020918314,0.089565604218,-0.000664561301
2.0,2.0,8.0,10.0,0.056516144328,0.012387571322,-0.011224827412,-0.026487956867,0.086264844443,-6.2645027e-05
4.0,-2.0,8.0,10.0,0.19807816553,0.014505562973,-0.003887803398,-0.020900322081,0.047892656294,-0.001688388466
4.0,0.0,8.0,10.0,0.201637902017,0.014509554215,-0.007047415801,-0.024082144701,0.045116376777,-0.00128737718
4.0,2.0,8.0,10.0,0.204882610467,0.014580431735,-0.010194012802,-0.027219877637,0.041864258757,-0.00088533613
6.0,-2.0,8.0,10.0,0.346539248135,0.018785015273,-0.003186140346,-0.020257163119,0.002314488516,-0.002129881017
6.0,0.0,8.0,10.0,0.350313580948,0.018831945484,-0.006147337679,-0.024104744411,-0.000530448038,-0.00191537183
6.0,2.0,8.0,10.0,0.353374010297,0.018931538956,-0.00909157412,-0.027906199159,-0.003716586747,-0.001698326942
8.0,-2.0,8.0,10.0,0.494889411374,0.025204840322,-0.002502487532,-0.019578267033,-0.044323757687,-0.002590447119
8.0,0.0,8.0,10.0,0.498870363146,0.025297706473,-0.005227202552,-0.024088386538,-0.047233326525,-0.00254583801
8.0,2.0,8.0,10.0,0.501746590685,0.025422419813,-0.007935416361,-0.028552377486,-0.050355406664,-0.002496437257
10.0,-2.0,8.0,10.0,0.642874585372,0.033734278519,-0.001839406258,-0.018864572683,-0.091875147229,-0.003068138878
10.0,0.0,8.0,10.0,0.647058201393,0.033875965293,-0.004290102497,-0.024033425336,-0.094845834827,-0.003176510277
10.0,2.0,8.0,10.0,0.649745578552,0.034021894845,-0.006725114669,-0.029156260022,-0.097897705727,-0.003277775341
-10.0,-2.0,10.0,-10.0,-0.835318061102,0.046002533018,0.015547820079,0.020490625009,0.336749936158,-0.004693580991
-10.0,0.0,10.0,-10.0,-0.839598334974,0.046253548723,0.012116062773,0.022183559027,0.340164454415,-0.002540805325
-10.0,2.0,10.0,-10.0,-0.841460878783,0.046466290034,0.008710338474,0.023852434391,0.342281823685,-0.000385602362
-8.0,-2.0,10.0,-10.0,-0.693137741935,0.035304906452,0.01497437622,0.021461492063,0.302300367093,-0.00387080796
-8.0,0.0,10.0,-10.0,-0.697270066921,0.035506063465,0.011471741175,0.022487135421,0.305691047196,-0.002007096858
-8.0,2.0,10.0,-10.0,-0.699369245415,0.035705096207,0.007996503782,0.023488480053,0.307897924071,-0.000142680269
-6.0,-2.0,10.0,-10.0,-0.549342444616,0.026621616772,0.014328025882,0.022400238037,0.265956932493,-0.00304413656
-6.0,0.0,10.0,-10.0,-0.553347400174,0.026775388926,0.010820210551,0.022769073482,0.269361464051,-0.001462725746
-6.0,2.0,10.0,-10.0,-0.555659286004,0.026955849413,0.007274635767,0.023087102966,0.27161328027,0.000132809526
-4.0,-2.0,10.0,-10.0,-0.404168246554,0.020005047341,0.01360847652,0.023304851497,0.227808317512,-0.002215595571
-4.0,0.0,10.0,-10.0,-0.408022986329,0.020114204836,0.010103196794,0.023004865736,0.231186103693,-0.000895437221
-4.0,2.0,10.0,-10.0,-0.410563023329,0.020272149117,0.006549984413,0.022649369784,0.233515307149,0.000438855406
-2.0,-2.0,10.0,-10.0,-0.257858025217,0.015497088018,0.012817429614,0.024174601121,0.187955691058,-0.001387685363
-2.0,0.0,10.0,-10.0,-0.261545536676,0.015564187719,0.009353356053,0.023205734773,0.191287777523,-0.000314518343
-2.0,2.0,10.0,-10.0,-0.264322759842,0.015695978555,0.005825894538,0.022175312591,0.193706192857,0.000773923442
0.0,-2.0,10.0,-10.0,-0.110653362625,0.013128093835,0.011956622643,0.025008233234,0.146509716233,-0.000562771755
0.0,0.0,10.0,-10.0,-0.114190229045,0.013156697521,0.008562366634,0.023368939101,0.149817430085,0.000280568756
0.0,2.0,10.0,-10.0,-0.117180942563,0.013257730735,0.00510558533,0.021664769666,0.152295571929,0.001136395085
2.0,-2.0,10.0,-10.0,0.037209309134,0.01291629707,0.011026754753,0.025803614788,0.103581583271,0.000257008244
2.0,0.0,10.0,-10.0,0.03383666605,0.012909016901,0.007741477378,0.023492449932,0.106847392486,0.000885555236
2.0,2.0,10.0,-10.0,0.030628022583,0.012976032933,0.004391953711,0.021116897717,0.109394669711,0.001524518304
4.0,-2.0,10.0,-10.0,0.185481457372,0.014867776175,0.010030471401,0.02655980527,0.059297419705,0.001069044347
4.0,0.0,10.0,-10.0,0.182276548694,0.014828156907,0.006891491938,0.023578811915,0.062519217302,0.001498785845
4.0,2.0,10.0,-10.0,0.178798175656,0.014854427522,0.00374569491,0.020556919235,0.065220919034,0.001926320354
6.0,-2.0,10.0,-10.0,0.33389737962,0.01897594762,0.008956208162,0.027269117494,0.013813009843,0.001873051912
6.0,0.0,10.0,-10.0,0.330880084099,0.018908262797,0.006016417377,0.023626640459,0.016961113011,0.002117740658
6.0,2.0,10.0,-10.0,0.327188527963,0.018892726463,0.003060668672,0.019938991379,0.019730517411,0.002359648696
8.0,-2.0,10.0,-10.0,0.482228138179,0.025224024887,0.007831372262,0.027941231788,-0.032767892738,0.002662282698
8.0,0.0,10.0,-10.0,0.479392755382,0.025131525269,0.005119211184,0.023636042087,-0.029682772335,0.002740128766
8.0,2.0,10.0,-10.0,0.475490756608,0.025070950963,0.002391477944,0.019285569975,-0.02684736368,0.002812957608
10.0,-2.0,10.0,-10.0,0.630211335641,0.033581654061,0.006650238403,0.028571227397,-0.080281121757,0.003435678197
10.0,0.0,10.0,-10.0,0.627561971308,0.033468188941,0.004202794224,0.023606864063,-0.077264411116,0.003363629272
10.0,2.0,10.0,-10.0,0.623454522662,0.033359669145,0.001740680793,0.018597308273,-0.074366350902,0.003284271348
-10.0,-2.0,10.0,-8.0,-0.838680285903,0.045642230842,0.013184111557,0.016148681378,0.339571872353,-0.004168424808
-10.0,0.0,10.0,-8.0,-0.842365530673,0.045850767101,0.00975153551,0.017857884654,0.34245101806,-0.00201989128
-10.0,2.0,10.0,-8.0,-0.843625491331,0.046021276716,0.006339443188,0.019548402941,0.344028392187,0.00013072387
-8.0,-2.0,10.0,-8.0,-0.696422567711,0.034876630688,0.012738799915,0.017062540119,0.30508186248,-0.003450093794
-8.0,0.0,10.0,-8.0,-0.699948412562,0.035041042554,0.009234071786,0.018104888618,0.307929156383,-0.001591014895
-8.0,2.0,10.0,-8.0,-0.701442681992,0.035204735144,0.005751014579,0.019126548278,0.309592675702,0.000268599804
-6.0,-2.0,10.0,-8.0,-0.552545745816,0.026128031021,0.01222764874,0.017950401077,0.268693869953,-0.002731237904
-6.0,0.0,10.0,-8.0,-0.555920371192,0.026250976075,0.008715252035,0.018335197137,0.271530256993,-0.001154666823
-6.0,2.0,10.0,-8.0,-0.557632138626,0.026403014756,0.00516206081,0.01867434496,0.273250724131,0.000435686031
-4.0,-2.0,10.0,-8.0,-0.407279628735,0.019450010513,0.011651711745,0.018812381518,0.230493414152,-0.002013981163
-4.0,0.0,10.0,-8.0,-0.410507710459,0.019535315683,0.008140736037,0.018527852028,0.233307422361,-0.000699046064
-4.0,2.0,10.0,-8.0,-0.412431472438,0.019670511339,0.004577680957,0.01819276682,0.235092451445,0.000630202501
-2.0,-2.0,10.0,-8.0,-0.260872714175,0.014883910033,0.011010424093,0.019645978583,0.190584525555,-0.001299940971
-2.0,0.0,10.0,-8.0,-0.263934016839,0.014933493474,0.007531002056,0.01868809307,0.193359318504,-0.000230646895
-2.0,2.0,10.0,-8.0,-0.266080796754,0.015049345813,0.004001006426,0.017682000049,0.195218219143,0.000850963781
0.0,-2.0,10.0,-8.0,-0.113566588737,0.012460659088,0.010305632569,0.020450656829,0.14907786612,-0.000591251338
0.0,0.0,10.0,-8.0,-0.116470177783,0.012478292689,0.006894918867,0.018821772594,0.151823381663,0.000247764508
0.0,2.0,10.0,-8.0,-0.118825176655,0.012570100902,0.003433933751,0.017141301906,0.153739643567,0.001096916851
2.0,-2.0,10.0,-8.0,0.034401326979,0.012198717608,0.009537662178,0.021224243,0.10608468417,0.000110291833
2.0,0.0,10.0,-8.0,0.031663164633,0.012187459103,0.006233529665,0.018924292694,0.108792831818,0.00073447994
2.0,2.0,10.0,-8.0,0.029098617088,0.012251723318,0.002879940848,0.016571230343,0.110769038501,0.001366527364
4.0,-2.0,10.0,-8.0,0.182783065243,0.014104576627,0.008708167513,0.021965788733,0.061730659016,0.000802625824
4.0,0.0,10.0,-8.0,0.180218157606,0.014067509845,0.005550594241,0.01899504557,0.064390123231,0.0012273509
4.0,2.0,10.0,-8.0,0.177390454013,0.014098178061,0.002394693517,0.015994581724,0.066516148544,0.001649060405
6.0,-2.0,10.0,-8.0,0.331307688283,0.018171573815,0.007800362682,0.022665956693,0.016181153368,0.001486673507
6.0,0.0,10.0,-8.0,0.328939659207,0.018113405693,0.004846255538,0.019035647178,0.018757056826,0.001725146821
6.0,2.0,10.0,-8.0,0.325901176645,0.01810901327,0.001879366428,0.015368946422,0.020950394257,0.00196135013
8.0,-2.0,10.0,-8.0,0.479756057477,0.024383683244,0.006851242306,0.023338646787,-0.030477338712,0.002154413754
8.0,0.0,10.0,-8.0,0.477572713835,0.024307343099,0.004123961128,0.019045216119,-0.027964733148,0.002225752069
8.0,2.0,10.0,-8.0,0.474326254565,0.024264627902,0.001384176366,0.014715302842,-0.025705548751,0.002293022561
10.0,-2.0,10.0,-8.0,0.627860881309,0.032710513004,0.00584921844,0.023976695239,-0.07807231487,0.002806150623
10.0,0.0,10.0,-8.0,0.625865445184,0.032619756869,0.003385979794,0.019023697342,-0.075627612089,0.002727320404
10.0,2.0,10.0,-8.0,0.622414905785,0.032535685308,0.000911009201,0.014034284613,-0.073304916933,0.002642573023
-10.0,-2.0,10.0,-6.0,-0.841473509634,0.045368210514,0.010781126634,0.011737105467,0.341925865405,-0.003652430046
-10.0,0.0,10.0,-6.0,-0.84454915325,0.045531203248,0.00734813298,0.013459282164,0.344257609614,-0.001507123608
-10.0,2.0,10.0,-6.0,-0.845201812752,0.045657434956,0.003930837688,0.015166328455,0.345286856801,0.000639615581
-8.0,-2.0,10.0,-6.0,-0.699156379804,0.034546890558,0.010464952066,0.012591614516,0.307405018025,-0.003039832056
-8.0,0.0,10.0,-6.0,-0.702066483246,0.034672297198,0.006959021055,0.013646091606,0.309699156854,-0.001184431518
-8.0,2.0,10.0,-6.0,-0.702941737462,0.03479774472,0.003469177423,0.014684821993,0.31080750409,0.000671371175
-6.0,-2.0,10.0,-6.0,-0.555215357403,0.025744778748,0.010090857439,0.013427018034,0.270982064968,-0.002430305884
-6.0,0.0,10.0,-6.0,-0.557953490341,0.025835897949,0.006546648463,0.013811457291,0.273230898826,-0.000850873675
-6.0,2.0,10.0,-6.0,-0.559047316235,0.025955448535,0.003015498763,0.014180351882,0.274416783679,0.000728645099
-4.0,-2.0,10.0,-6.0,-0.409879213546,0.019015881243,0.00965940775,0.014243544961,0.232741966164,-0.001825621698
-4.0,0.0,10.0,-6.0,-0.412478056294,0.019075439856,0.006137261385,0.013967326559,0.234995699277,-0.000513196212
-4.0,2.0,10.0,-6.0,-0.413764121758,0.019185297427,0.002573029457,0.013652268521,0.236210840666,0.000810357339
-2.0,-2.0,10.0,-6.0,-0.263397157738,0.014401728105,0.009169597904,0.015038949832,0.19278936781,-0.001226968856
-2.0,0.0,10.0,-6.0,-0.265823837633,0.014432489746,0.005677317326,0.014089710449,0.195002785641,-0.000160435444
-2.0,2.0,10.0,-6.0,-0.267324687285,0.014529590238,0.00214576378,0.013102736472,0.196284416256,0.000915419497
0.0,-2.0,10.0,-6.0,-0.116011418678,0.011933450989,0.008622793958,0.015812704422,0.151234482011,-0.000636103228
0.0,0.0,10.0,-6.0,-0.118268968604,0.011938465326,0.005197484232,0.01419028874,0.153407040575,0.000199754208
0.0,2.0,10.0,-6.0,-0.119976722988,0.012018978936,0.001734750561,0.012530409507,0.154750481882,0.001043259602
2.0,-2.0,10.0,-6.0,0.032038934774,0.011629819076,0.008018686908,0.016562428981,0.1081901806,-5.440285e-05
2.0,0.0,10.0,-6.0,0.029951644348,0.011612820211,0.00469933543,0.014268958627,0.110322817979,0.000566216058
2.0,2.0,10.0,-6.0,0.02803858263,0.011672716279,0.001342473576,0.011935793749,0.111724613139,0.00119285254
4.0,-2.0,10.0,-6.0,0.1805058751,0.013497525812,0.007358688355,0.017287884616,0.063781739861,0.000516475148
4.0,0.0,10.0,-6.0,0.178595775815,0.013461709931,0.004184859777,0.014323833838,0.065865860869,0.000937369993
4.0,2.0,10.0,-6.0,0.176430187463,0.013495090763,0.001021244535,0.011341207173,0.067405686212,0.001354427934
6.0,-2.0,10.0,-6.0,0.329115494363,0.01752989469,0.006619922989,0.01797733387,0.01818222047,0.00107881691
6.0,0.0,10.0,-6.0,0.327410310738,0.01748010199,0.003654238454,0.014355643397,0.020173650471,0.001312225812
6.0,2.0,10.0,-6.0,0.325037445424,0.017485382094,0.000678631272,0.010706448559,0.021779833398,0.00154394901
8.0,-2.0,10.0,-6.0,0.477656765179,0.023711567011,0.005849341716,0.018649131976,-0.028537894888,0.001623255589
8.0,0.0,10.0,-6.0,0.476138927485,0.023650438664,0.003110874667,0.014363974913,-0.026609811053,0.001689100635
8.0,2.0,10.0,-6.0,0.473560950053,0.023624323936,0.000360622346,0.01005129792,-0.024938282068,0.001752198045
10.0,-2.0,10.0,-6.0,0.625857640093,0.032012079091,0.005029485282,0.019293928718,-0.076197820213,0.002151475447
10.0,0.0,10.0,-6.0,0.624529825361,0.031943310432,0.002553341106,0.014348877923,-0.074337247206,0.002067050373
10.0,2.0,10.0,-6.0,0.621749618915,0.031882638251,6.8395146e-05,0.009376329773,-0.072601598537,0.001978142506
-10.0,-2.0,10.0,-4.0,-0.843669685291,0.04518428485,0.008348253618,0.007273967685,0.34378782504,-0.003144028704
-10.0,0.0,10.0,-4.0,-0.846129789642,0.04530007615,0.0049158276,0.009004317811,0.345564644845,-0.001001062609
-10.0,2.0,10.0,-4.0,-0.846164398524,0.045379477751,0.001493898827,0.010724519355,0.346037293883,0.001142852786
-8.0,-2.0,10.0,-4.0,-0.701311978802,0.034320520577,0.00816185923,0.00806734098,0.309246287557,-0.002638136309
-8.0,0.0,10.0,-4.0,-0.703597333039,0.034405004199,0.004655637275,0.00912982753,0.310978888227,-0.000785358124
-8.0,2.0,10.0,-4.0,-0.703842742433,0.034489571199,0.001160421069,0.010182058382,0.311522029479,0.001067625278
-6.0,-2.0,10.0,-4.0,-0.557325939777,0.025477475609,0.007925783355,0.008848733792,0.272798974961,-0.002139010118
-6.0,0.0,10.0,-4.0,-0.559432171782,0.025534437408,0.004378924706,0.009241010256,0.274481700767,-0.000562292291
-6.0,2.0,10.0,-4.0,-0.559890146998,0.025620102725,0.000842894974,0.009622711388,0.275097877914,0.001014234537
-4.0,-2.0,10.0,-4.0,-0.411942005404,0.018709492352,0.007639775494,0.00961803519,0.234532002816,-0.001647962852
-4.0,0.0,10.0,-4.0,-0.413899027707,0.018741199498,0.004106277974,0.009345363505,0.236212041618,-0.000336727572
-4.0,2.0,10.0,-4.0,-0.414541661984,0.01882440101,0.000544504972,0.009047302726,0.236853689563,0.000982010764
-2.0,-2.0,10.0,-4.0,-0.265407667711,0.014058290947,0.007302616088,0.010373566937,0.194548989576,-0.00116584004
-2.0,0.0,10.0,-4.0,-0.26718844444,0.014068471207,0.003799344603,0.009428426908,0.196188755183,-0.000100948427
-2.0,2.0,10.0,-4.0,-0.268036354843,0.014145359579,0.000268467732,0.008457478858,0.19688841337,0.000970304469
0.0,-2.0,10.0,-4.0,-0.117965057437,0.011555129969,0.006915151646,0.011114481138,0.15295914222,-0.000694010742
0.0,0.0,10.0,-4.0,-0.119570552276,0.011546539869,0.003478266679,0.009496297556,0.154555714012,0.000139858357
0.0,2.0,10.0,-4.0,-0.120619787969,0.011613833434,1.5286123e-05,0.007852202276,0.155313532583,0.000978948592
2.0,-2.0,10.0,-4.0,0.030142491548,0.011219046371,0.006476511728,0.011839315012,0.109879501081,-0.000233381994
2.0,0.0,10.0,-4.0,0.028715128492,0.011195183921,0.003144070475,0.00954842075,0.111428722073,0.000384958883
2.0,2.0,10.0,-4.0,0.027465297609,0.011249145015,-0.000212431153,0.007232466832,0.112244788729,0.001007225274
4.0,-2.0,10.0,-4.0,0.178669432668,0.01305686521,0.00598770391,0.012547451769,0.065432760638,0.000214771043
4.0,0.0,10.0,-4.0,0.177424120473,0.013021283769,0.002800044735,0.009586549999,0.066932192703,0.000633153861
4.0,2.0,10.0,-4.0,0.175930788816,0.0130560211,-0.000368441553,0.006617836096,0.067876639627,0.001046750285
6.0,-2.0,10.0,-4.0,0.327338818389,0.0170617884,0.005420051445,0.013224909742,0.019798770189,0.000654050092
6.0,0.0,10.0,-4.0,0.326307277527,0.017019495364,0.002445986888,0.009608135953,0.021196268395,0.000883599069
6.0,2.0,10.0,-4.0,0.324610255064,0.017033295668,-0.000535766432,0.005972939236,0.022206026176,0.001112172265
8.0,-2.0,10.0,-4.0,0.475946688184,0.023219171611,0.004830105366,0.013894683036,-0.026965969265,0.001073825066
8.0,0.0,10.0,-4.0,0.475105458091,0.023172584763,0.0020812306,0.009614122905,-0.025632423469,0.001135758655
8.0,2.0,10.0,-4.0,0.473205625947,0.023162019245,-0.000674174135,0.005315178379,-0.024556864766,0.00119566309
10.0,-2.0,10.0,-4.0,0.624216813284,0.031498297508,0.004194802449,0.014545026511,-0.074673330411,0.001477107749
10.0,0.0,10.0,-4.0,0.623567110911,0.031451016156,0.001708866656,0.009604347203,-0.073406029168,0.001388374593
10.0,2.0,10.0,-4.0,0.621466943875,0.031412873544,-0.000782910827,0.004645287422,-0.072265745729,0.001296631884
-10.0,-2.0,10.0,-2.0,-0.845247386121,0.04509290463,0.005895045017,0.002777724966,0.345139147384,-0.002641254281
-10.0,0.0,10.0,-2.0,-0.847086010583,0.045160171238,0.002464081881,0.004512065814,0.34635550028,-0.000499638974
-10.0,2.0,10.0,-2.0,-0.846497437112,0.045191233104,-0.000961781277,0.006241156628,0.346266451523,0.001642493458
-8.0,-2.0,10.0,-2.0,-0.702868855036,0.03420080708,0.005838790916,0.003508735881,0.310587747825,-0.002242758487
-8.0,0.0,10.0,-2.0,-0.704523231301,0.034243064646,0.002333482645,0.004575017073,0.311753030463,-0.000391538182
-8.0,2.0,10.0,-2.0,-0.704136149504,0.034285813255,-0.001166213879,0.00563614882,0.311727837845,0.001459719523
-6.0,-2.0,10.0,-2.0,-0.558857844668,0.02533027134,0.005741268014,0.00423504755,0.274127257907,-0.001854782377
-6.0,0.0,10.0,-2.0,-0.560326084064,0.02535168551,0.002194709923,0.00463077231,0.275237857437,-0.000279821552
-6.0,2.0,10.0,-2.0,-0.560142918354,0.025402168605,-0.001346375431,0.005021280309,0.275279679142,0.001295057913
-4.0,-2.0,10.0,-2.0,-0.413449186614,0.018535614137,0.005601185343,0.004955920957,0.235846764611,-0.001478069656
-4.0,0.0,10.0,-2.0,-0.414759680295,0.018538799768,0.002057478077,0.004683185821,0.236950004217,-0.000166735503
-4.0,2.0,10.0,-2.0,-0.414751658833,0.018593683496,-0.001499455138,0.004397632445,0.237010174573,0.001148238541
-2.0,-2.0,10.0,-2.0,-0.266885976417,0.01385904777,0.005417353306,0.005670374545,0.195846971727,-0.001113254173
-2.0,0.0,10.0,-2.0,-0.2680106859,0.013847351009,0.001904119006,0.004724637378,0.196902205456,-4.8695832e-05
-2.0,2.0,10.0,-2.0,-0.268203610603,0.013903141008,-0.00162311987,0.003766461029,0.197019689016,0.001019104333
0.0,-2.0,10.0,-2.0,-0.11941216674,0.011331855188,0.005190085764,0.006377709627,0.154238056693,-0.00076126159
0.0,0.0,10.0,-2.0,-0.120357556498,0.011308677672,0.001743340356,0.004759253955,0.155249980324,7.1938446e-05
0.0,2.0,10.0,-2.0,-0.120742775487,0.011361706049,-0.001716977673,0.003127362901,0.155418337889,0.000907796147
2.0,-2.0,10.0,-2.0,0.02872873794,0.010973130306,0.004917916473,0.007076404391,0.111137251641,-0.000422564801
2.0,0.0,10.0,-2.0,0.027968901543,0.010941758769,0.001576324126,0.004785637717,0.112097338979,0.000194639413
2.0,2.0,10.0,-2.0,0.027388072945,0.010988644076,-0.001778742785,0.002481604721,0.112321695143,0.000813988746
4.0,-2.0,10.0,-2.0,0.177291949359,0.012789890679,0.004601534779,0.007766396813,0.066665838555,-9.8024607e-05
4.0,0.0,10.0,-2.0,0.17671612981,0.012753872322,0.001403210549,0.004804032498,0.067576770377,0.000319015788
4.0,2.0,10.0,-2.0,0.175901023452,0.012789023132,-0.001768075774,0.0018461151,0.067920501242,0.000730674657
6.0,-2.0,10.0,-2.0,0.32599332316,0.016775094691,0.004206379208,0.008431049644,0.021015544945,0.000217270372
6.0,0.0,10.0,-2.0,0.325641007979,0.016739851708,0.001224844255,0.004815380366,0.021814192622,0.000444628805
6.0,2.0,10.0,-2.0,0.324625173396,0.016761216253,-0.001758660627,0.001190346569,0.022222754218,0.000671188586
8.0,-2.0,10.0,-2.0,0.474639706339,0.022914799732,0.003798340854,0.009097849101,-0.025775485977,0.00051147032
8.0,0.0,10.0,-2.0,0.474481071651,0.022882371122,0.001043184636,0.004818269357,-0.025041566246,0.000570739682
8.0,2.0,10.0,-2.0,0.473265535646,0.022886541835,-0.001715701294,0.000529484585,-0.024567609049,0.000629044055
10.0,-2.0,10.0,-2.0,0.622950289627,0.031178166063,0.0033486838,0.009753158305,-0.073510891745,0.000788941138
10.0,0.0,10.0,-2.0,0.622985806842,0.03115205385,0.00085622251,0.004813316938,-0.07284344083,0.000697291135
10.0,2.0,10.0,-2.0,0.621571978615,0.031135711635,-0.001639127882,-0.000135744785,-0.072304232845,0.000604125486
-10.0,-2.0,10.0,0.0,-0.846192440133,0.045095281831,0.003431273145,-0.001732950545,0.345967462894,-0.00214190796
-10.0,0.0,10.0,0.0,-0.847406057598,0.04511333465,2.532756e-06,1.031092e-06,0.346620090278,-5.88008e-07
-10.0,2.0,10.0,0.0,-0.846192558268,0.045095291934,-0.003426437611,0.001734772888,0.345967455813,0.002140809848
-8.0,-2.0,10.0,0.0,-0.703813365229,0.034189385931,0.003505035617,-0.001064989028,0.311417412375,-0.001851150032
-8.0,0.0,10.0,0.0,-0.704833175874,0.0341888589,1.878553e-06,8.66792e-07,0.312012183896,-4.02336e-07
-8.0,2.0,10.0,0.0,-0.703811512686,0.034188977258,-0.003501169124,0.001066658062,0.311416408855,0.001850242537
-6.0,-2.0,10.0,0.0,-0.559799554962,0.025305160452,0.0035459661,-0.000394602213,0.274956523113,-0.00157466728
-6.0,0.0,10.0,0.0,-0.560625519136,0.025290266353,1.3993e-06,6.30288e-07,0.275491195239,-3.09867e-07
-6.0,2.0,10.0,0.0,-0.559799280146,0.025305087974,-0.003543204896,0.000395797573,0.274956330885,0.001574020317
-4.0,-2.0,10.0,0.0,-0.414387818102,0.01849684211,0.003552131646,0.000277488464,0.236674823284,-0.001312732786
-4.0,0.0,10.0,0.0,-0.415047511442,0.018470915278,9.35977e-07,4.29192e-07,0.237196682527,-2.12909e-07
-4.0,2.0,10.0,0.0,-0.414387538479,0.01849687909,-0.003550317407,-0.000276648934,0.236674610527,0.00131233529
-2.0,-2.0,10.0,0.0,-0.267820038309,0.013807140653,0.003521708972,0.000950178843,0.196672465823,-0.00106562951
-2.0,0.0,10.0,0.0,-0.268286947123,0.013773394772,4.30506e-07,2.98623e-07,0.197142521756,-8.955e-08
-2.0,2.0,10.0,0.0,-0.267820317634,0.013807149342,-0.00352086196,-0.000949589588,0.19667260955,0.001065459777
0.0,-2.0,10.0,0.0,-0.120340118656,0.011267098517,0.003454907473,0.0016231728,0.155059952409,-0.000833901286
0.0,0.0,10.0,0.0,-0.120618332285,0.011228810726,2.31134e-07,4.7914e-08,0.155479131805,-4.8582e-08
0.0,2.0,10.0,0.0,-0.120340074979,0.011267121022,-0.003454511393,-0.001622850894,0.155060005548,0.000833842228
2.0,-2.0,10.0,0.0,0.027809620332,0.010895987445,0.003349978597,0.002295872459,0.111952131839,-0.000617632235
2.0,0.0,10.0,0.0,0.027718002688,0.01085685882,1.39606e-07,2.35333e-07,0.112322849392,-1.7861e-08
2.0,2.0,10.0,0.0,0.027809506004,0.010896008593,-0.003349649149,-0.002295422722,0.111952315177,0.000617596491
4.0,-2.0,10.0,0.0,0.176344442305,0.012699164721,0.003170761917,0.002951368184,0.067533804455,-0.000411005852
4.0,0.0,10.0,0.0,0.176479800559,0.012664243359,-2.74584e-07,-2.48018e-07,0.06779196762,2.5229e-08
4.0,2.0,10.0,0.0,0.176344921023,0.012699174394,-0.003171305799,-0.002951859802,0.067533249021,0.000411055914
6.0,-2.0,10.0,0.0,0.325086590468,0.016674474231,0.002983860355,0.003618101667,0.021825655605,-0.000226248912
6.0,0.0,10.0,0.0,0.325418742274,0.016646088015,-1.70711e-07,-3.5072e-07,0.022019943876,-2.6e-10
6.0,2.0,10.0,0.0,0.325086553051,0.016674472556,-0.002984177155,-0.003618785599,0.021825649619,0.00022624571
8.0,-2.0,10.0,0.0,0.473744014236,0.02280345516,0.002758360141,0.004281612296,-0.024974038154,-5.8095975e-05
8.0,0.0,10.0,0.0,0.474272028705,0.022785032316,-2.82487e-07,-7.15229e-07,-0.024843571625,-2.7834e-08
8.0,2.0,10.0,0.0,0.473744092167,0.022803457866,-0.002758887286,-0.004283027331,-0.024974163126,5.8035439e-05
10.0,-2.0,10.0,0.0,0.622066865322,0.031056788584,0.002495173203,0.004941456022,-0.072719384798,9.3057287e-05
10.0,0.0,10.0,0.0,0.622791466902,0.031051811773,-4.3146e-07,-1.186195e-06,-0.072655227806,-7.6383e-08
10.0,2.0,10.0,0.0,0.6220669199,0.031056786908,-0.002496006352,-0.004943806156,-0.072719567222,-9.3213974e-05
-10.0,-2.0,10.0,2.0,-0.846498227452,0.045191310844,0.000966621957,-0.00623930999,0.3462668331,-0.001643598887
-10.0,0.0,10.0,2.0,-0.847086925816,0.04515979313,-0.002458432861,-0.004509894487,0.346354832597,0.000498366982
-10.0,2.0,10.0,2.0,-0.845248912259,0.045092474441,-0.005889663504,-0.002775805133,0.345138956446,0.002640068465
-8.0,-2.0,10.0,2.0,-0.704138926185,0.034286351889,0.00117007585,-0.005634478033,0.311729350065,-0.001460647447
-8.0,0.0,10.0,2.0,-0.704523655299,0.034243180386,-0.002329722931,-0.004573285786,0.311753229838,0.000390725651
-8.0,2.0,10.0,2.0,-0.702867834564,0.034200533944,-0.005834984068,-0.00350712918,0.310587160062,0.002241884771
-6.0,-2.0,10.0,2.0,-0.560143710661,0.025402339468,0.001349061479,-0.005020099127,0.275280220808,-0.001295677412
-6.0,0.0,10.0,2.0,-0.560326051242,0.025351299127,-0.002191766825,-0.004629387053,0.275237935501,0.000279167798
-6.0,2.0,10.0,2.0,-0.558857523695,0.02533040186,-0.005738600823,-0.004234011077,0.274127040333,0.001854155826
-4.0,-2.0,10.0,2.0,-0.414751765966,0.018593645678,0.001501216949,-0.004396881302,0.237010449683,-0.001148598681
-4.0,0.0,10.0,2.0,-0.41475993688,0.018538741881,-0.002055646697,-0.004682389688,0.236950335208,0.000166329663
-4.0,2.0,10.0,2.0,-0.413448930179,0.018535644915,-0.005599425518,-0.004955150448,0.235846793651,0.00147767447
-2.0,-2.0,10.0,2.0,-0.268203358721,0.013903130548,0.001624090886,-0.003765811907,0.197019558348,-0.001019292284
-2.0,0.0,10.0,2.0,-0.268010678349,0.013847226515,-0.001903153732,-0.004724174657,0.196901830664,4.8526933e-05
-2.0,2.0,10.0,2.0,-0.266886039064,0.013858916299,-0.005416343584,-0.005669850086,0.19584668723,0.00111308302
0.0,-2.0,10.0,2.0,-0.120743379658,0.011361722239,0.001717415359,-0.003127182522,0.155418994367,-0.000907869501
0.0,0.0,10.0,2.0,-0.12035720069,0.011308683635,-0.001742731099,-0.004758816598,0.155250105681,-7.2039109e-05
0.0,2.0,10.0,2.0,-0.119411681915,0.011331840059,-0.005189485319,-0.006377009922,0.154238236126,0.000761176425
2.0,-2.0,10.0,2.0,0.027387900722,0.01098864517,0.001778998285,-0.002481262213,0.112321988925,-0.000814009991
2.0,0.0,10.0,2.0,0.027969731591,0.010941755576,-0.001576164454,-0.004785433058,0.112096588672,-0.000194646215
2.0,2.0,10.0,2.0,0.028730436274,0.010973144028,-0.004917827211,-0.007076214093,0.111135724744,0.000422556896
4.0,-2.0,10.0,2.0,0.175900882863,0.012789031546,0.001767552065,-0.001846585442,0.067920767703,-0.00073062617
4.0,0.0,10.0,2.0,0.176716474446,0.012753886848,-0.001403750478,-0.004804533344,0.067576477779,-0.000318965203
4.0,2.0,10.0,2.0,0.177291409998,0.012789931936,-0.004601911065,-0.007766720075,0.066666782367,9.8068864e-05
6.0,-2.0,10.0,2.0,0.324623509408,0.016761206619,0.001758203698,-0.001191262311,0.022223865393,-0.000671193474
6.0,0.0,10.0,2.0,0.325639472658,0.01673985429,-0.001225303353,-0.004816263268,0.021815183751,-0.000444630539
6.0,2.0,10.0,2.0,0.32599188127,0.016775112111,-0.004206811191,-0.008431876631,0.021016496971,-0.000217271766
8.0,-2.0,10.0,2.0,0.473265596093,0.022886572732,0.001715166466,-0.000530904278,-0.024567512926,-0.000629105718
8.0,0.0,10.0,2.0,0.474481242578,0.02288240746,-0.001043748805,-0.004819700081,-0.025041619968,-0.000570796375
8.0,2.0,10.0,2.0,0.474639962888,0.022914836931,-0.003798863374,-0.009099255004,-0.025775667656,-0.000511530287
10.0,-2.0,10.0,2.0,0.621570542313,0.031136018814,0.001638192373,0.000133028109,-0.072302034824,-0.000604363443
10.0,0.0,10.0,2.0,0.622985774346,0.031152110086,-0.0008571022,-0.004815681098,-0.072843294552,-0.000697444096
10.0,2.0,10.0,2.0,0.622950249914,0.031178204544,-0.003349503336,-0.009755495566,-0.07351091012,-0.000789097026
-10.0,-2.0,10.0,4.0,-0.846166195829,0.045379208323,-0.001488425079,-0.010722489284,0.346037086913,-0.0011440749
-10.0,0.0,10.0,4.0,-0.846131723772,0.045299776177,-0.004910292665,-0.009002272048,0.345564595998,0.000999830215
-10.0,2.0,10.0,4.0,-0.843672499798,0.045183886805,-0.008342855499,-0.007272093365,0.343788394666,0.003142850166
-8.0,-2.0,10.0,4.0,-0.703846106219,0.034490260319,-0.001156589927,-0.010180402049,0.311523851254,-0.001068566848
-8.0,0.0,10.0,4.0,-0.703598376713,0.03440524207,-0.004651875707,-0.009128104758,0.310979360104,0.000784528192
-8.0,2.0,10.0,4.0,-0.701311824191,0.034320398347,-0.008158172047,-0.008065829682,0.309246111575,0.0026373053
-6.0,-2.0,10.0,4.0,-0.559891652466,0.025620228393,-0.000840320961,-0.009621610505,0.275099025358,-0.001014793039
-6.0,0.0,10.0,4.0,-0.559432772184,0.025534147404,-0.004376126088,-0.00923992632,0.274482361402,0.000561669839
-6.0,2.0,10.0,4.0,-0.557324837627,0.025477905503,-0.007923400917,-0.008848053856,0.272798219918,0.002138458269
-4.0,-2.0,10.0,4.0,-0.414541047476,0.01882444092,-0.000543028311,-0.009046720641,0.236853388724,-0.000982298491
-4.0,0.0,10.0,4.0,-0.413899432659,0.018741122148,-0.004104510706,-0.009344660875,0.236212706141,0.00033636308
-4.0,2.0,10.0,4.0,-0.411942182546,0.01870947815,-0.007638084284,-0.009617374992,0.234532444424,0.001647596011
-2.0,-2.0,10.0,4.0,-0.268036142204,0.014145199255,-0.00026743644,-0.008456909321,0.196887982501,-0.000970474361
-2.0,0.0,10.0,4.0,-0.267188524061,0.014068312458,-0.003798324472,-0.00942790392,0.196188544731,0.000100778727
-2.0,2.0,10.0,4.0,-0.265407812801,0.014058124153,-0.007301520993,-0.010372952846,0.194548843443,0.001165658236
0.0,-2.0,10.0,4.0,-0.120620265188,0.011613849426,-1.4842266e-05,-0.007852003149,0.155314209147,-0.000979024195
0.0,0.0,10.0,4.0,-0.119569452417,0.011546495627,-0.003477588908,-0.009495587476,0.15455532292,-0.000139948985
0.0,2.0,10.0,4.0,-0.117964183133,0.011555105872,-0.00691440801,-0.011113781897,0.152959295837,0.00069389622
2.0,-2.0,10.0,4.0,0.027466623435,0.011249143456,0.0002124159,-0.00723247209,0.112243843898,-0.001007209539
2.0,0.0,10.0,4.0,0.028717072851,0.011195168762,-0.003144391535,-0.009548712012,0.111426858177,-0.00038490696
2.0,2.0,10.0,4.0,0.030144636927,0.011219029532,-0.006476413041,-0.011839027302,0.10987754201,0.000233379854
4.0,-2.0,10.0,4.0,0.175931816678,0.013056054714,0.00036799469,-0.0066182567,0.067875663089,-0.001046705142
4.0,0.0,10.0,4.0,0.177425472674,0.01302132558,-0.002800555521,-0.009587037322,0.066930768669,-0.000633103932
4.0,2.0,10.0,4.0,0.178671179372,0.013056930582,-0.005988191601,-0.012547922706,0.06543084197,-0.000214725369
6.0,-2.0,10.0,4.0,0.324607260987,0.017033311374,0.000535235592,-0.00597376113,0.022208617529,-0.001112172243
6.0,0.0,10.0,4.0,0.326304721603,0.017019529847,-0.002446516253,-0.009608916793,0.021198416777,-0.000883591506
6.0,2.0,10.0,4.0,0.327337650243,0.017061821467,-0.005420801677,-0.013225752632,0.019799459549,-0.000654003307
8.0,-2.0,10.0,4.0,0.473204954005,0.023162198252,0.000673491535,-0.005316724581,-0.024556172507,-0.001195742602
8.0,0.0,10.0,4.0,0.475104899803,0.023172772631,-0.002081961404,-0.00961568574,-0.02563184378,-0.001135831524
8.0,2.0,10.0,4.0,0.475947496655,0.023219191079,-0.004830798662,-0.01389605988,-0.026966861876,-0.001073855041
10.0,-2.0,10.0,4.0,0.621465479808,0.031413284288,0.000781887374,-0.0046480544,-0.072263435647,-0.001296868355
10.0,0.0,10.0,4.0,0.623566199121,0.031451357462,-0.001709819676,-0.009606901561,-0.073404801312,-0.001388588694
10.0,2.0,10.0,4.0,0.624215785,0.031498652879,-0.004195766623,-0.014547576933,-0.07467210134,-0.00147732249
-10.0,-2.0,10.0,6.0,-0.845204707802,0.045657280951,-0.003925447155,-0.015164353355,0.345287252475,-0.000640819437
-10.0,0.0,10.0,6.0,-0.844552136469,0.045530975479,-0.0073426645,-0.013457301583,0.344258145908,0.001505914672
-10.0,2.0,10.0,6.0,-0.841477448624,0.045367945466,-0.01077572528,-0.011735228542,0.341927063072,0.003651242535
-8.0,-2.0,10.0,6.0,-0.702943804142,0.034798102887,-0.003465615628,-0.014683834608,0.310808554361,-0.000672290922
-8.0,0.0,10.0,6.0,-0.702068343289,0.034672700584,-0.006955274115,-0.013644401037,0.309700010738,0.00118357238
-8.0,2.0,10.0,6.0,-0.699157185326,0.034546941148,-0.010461305889,-0.012590151321,0.307405317464,0.003039002438
-6.0,-2.0,10.0,6.0,-0.559047676491,0.025955341669,-0.003012489731,-0.014178642519,0.274416761625,-0.000729243269
-6.0,0.0,10.0,6.0,-0.557952897721,0.025835561591,-0.006543541296,-0.013809833041,0.273230631632,0.000850214445
-6.0,2.0,10.0,6.0,-0.555214566316,0.025745028863,-0.010088615966,-0.013426540852,0.270981535689,0.00242984237
-4.0,-2.0,10.0,6.0,-0.413762763048,0.019185319058,-0.002571664179,-0.013651736457,0.23620994474,-0.000810599355
-4.0,0.0,10.0,6.0,-0.412478634563,0.019075371477,-0.006135667379,-0.013966573926,0.234996252156,0.000512873944
-4.0,2.0,10.0,6.0,-0.409879312349,0.01901581343,-0.009657873505,-0.014242840329,0.232742157471,0.001825304052
-2.0,-2.0,10.0,6.0,-0.267324786458,0.014529423402,-0.002144767976,-0.013102068188,0.196284324275,-0.000915572058
-2.0,0.0,10.0,6.0,-0.265824086149,0.014432311248,-0.005676333296,-0.014089082246,0.195002843391,0.000160284192
-2.0,2.0,10.0,6.0,-0.263397968308,0.014401578689,-0.00916868181,-0.015038298318,0.192790048879,0.001226826429
0.0,-2.0,10.0,6.0,-0.119977153348,0.012018992239,-0.001734327171,-0.01253022671,0.154751224223,-0.001043330722
0.0,0.0,10.0,6.0,-0.118267055403,0.011938403323,-0.005196839587,-0.014189487179,0.153406073047,-0.000199827296
0.0,2.0,10.0,6.0,-0.116009028199,0.011933348455,-0.00862200964,-0.015811645009,0.151233214543,0.000636017358
2.0,-2.0,10.0,6.0,0.028040977879,0.011672691688,-0.001342802559,-0.011936099945,0.11172234768,-0.001192793392
2.0,0.0,10.0,6.0,0.029953033481,0.011612812878,-0.004699261269,-0.014268846526,0.110321385785,-0.000566219987
2.0,2.0,10.0,6.0,0.032040977964,0.011629788347,-0.008018487138,-0.016562114767,0.108188261695,5.4389784e-05
4.0,-2.0,10.0,6.0,0.176431107127,0.013495145502,-0.001021766532,-0.011341664178,0.067404873022,-0.001354362835
4.0,0.0,10.0,6.0,0.178595919867,0.013461772355,-0.00418533423,-0.014324366857,0.065865588296,-0.000937319431
4.0,2.0,10.0,6.0,0.180506079801,0.013497596904,-0.007359203574,-0.017288453833,0.063781311921,-0.00051642294
6.0,-2.0,10.0,6.0,0.325035553917,0.017485396681,-0.000679232881,-0.010707219371,0.021781086431,-0.001543918649
6.0,0.0,10.0,6.0,0.327409149206,0.017480151475,-0.00365483955,-0.014356420344,0.020174653231,-0.001312201159
6.0,2.0,10.0,6.0,0.329114649436,0.017529935275,-0.006620512136,-0.017978101697,0.018182729189,-0.001078792217
8.0,-2.0,10.0,6.0,0.473560976132,0.023624528521,-0.000361498272,-0.010052751019,-0.02493800371,-0.001752232944
8.0,0.0,10.0,6.0,0.476138924519,0.023650622635,-0.003111800524,-0.014365476276,-0.026609695605,-0.001689133271
8.0,2.0,10.0,6.0,0.4776551609,0.023711607693,-0.005850213438,-0.018650470735,-0.028536615299,-0.001623275064
10.0,-2.0,10.0,6.0,0.621748212921,0.031883017548,-6.9651783e-05,-0.009378953502,-0.072599010175,-0.001978332745
10.0,0.0,10.0,6.0,0.624528821461,0.031943539417,-0.002554473751,-0.014351261179,-0.074335835717,-0.00206722888
10.0,2.0,10.0,6.0,0.625856545257,0.032012286604,-0.005030633997,-0.019296358625,-0.076196614625,-0.002151661316
-10.0,-2.0,10.0,8.0,-0.843629483011,0.046021317176,-0.006334114787,-0.019546480686,0.34402933407,-0.000131931469
-10.0,0.0,10.0,8.0,-0.84236655703,0.045850288073,-0.009746158995,-0.017856628453,0.342451183356,0.00201863742
-10.0,2.0,10.0,8.0,-0.838684901493,0.045642259791,-0.01317861484,-0.01614671735,0.339573305466,0.004167165202
-8.0,-2.0,10.0,8.0,-0.701446269015,0.035204798354,-0.005747523347,-0.019125665039,0.309594833448,-0.000269412042
-8.0,0.0,10.0,8.0,-0.699951527862,0.035041711553,-0.009230379608,-0.018103291209,0.307930660411,0.001590117803
-8.0,2.0,10.0,8.0,-0.696424540921,0.034876890291,-0.012735202263,-0.017061109157,0.305082680044,0.003449245269
-6.0,-2.0,10.0,8.0,-0.557629554418,0.026402881292,-0.005159502959,-0.018673233146,0.273248758952,-0.000436179274
-6.0,0.0,10.0,8.0,-0.555929877402,0.0262514012,-0.008709848665,-0.018331724924,0.271540345219,0.00115346387
-6.0,2.0,10.0,8.0,-0.552545590768,0.026128057687,-0.012225342152,-0.017949837797,0.268693831978,0.0027307929
-4.0,-2.0,10.0,8.0,-0.412430427958,0.019670481898,-0.004576320393,-0.01819218003,0.235091767776,-0.00063043082
-4.0,0.0,10.0,8.0,-0.410508668436,0.019535194807,-0.008139120086,-0.018527020341,0.233308239442,0.000698740479
-4.0,2.0,10.0,8.0,-0.407280125105,0.019449779588,-0.01165000321,-0.018811335942,0.230494040424,0.002013657637
-2.0,-2.0,10.0,8.0,-0.266080885252,0.015049165792,-0.003999942146,-0.017681190534,0.195218131145,-0.000851117561
-2.0,0.0,10.0,8.0,-0.263934807046,0.014933350874,-0.007530128434,-0.018687452667,0.1933599194,0.000230515457
-2.0,2.0,10.0,8.0,-0.260872603514,0.014883757373,-0.011009024898,-0.019644886137,0.190584259631,0.001299698819
0.0,-2.0,10.0,8.0,-0.118825119175,0.01257010272,-0.003433508129,-0.017141059711,0.153740087295,-0.001096978969
0.0,0.0,10.0,8.0,-0.116467572689,0.012478207603,-0.006894134073,-0.018820697387,0.151821795373,-0.000247854336
0.0,2.0,10.0,8.0,-0.113563686843,0.012460525023,-0.010304819083,-0.020449677235,0.149076143699,0.000591162812
2.0,-2.0,10.0,8.0,0.029100304927,0.012251713623,-0.002879772636,-0.016571031288,0.110767413774,-0.001366537814
2.0,0.0,10.0,8.0,0.031664799705,0.01218744346,-0.006233377633,-0.018924106913,0.108791144995,-0.00073449096
2.0,2.0,10.0,8.0,0.034403403212,0.012198685023,-0.009537408174,-0.021223922603,0.106082655091,-0.000110313901
4.0,-2.0,10.0,8.0,0.177391291518,0.014098252081,-0.002395178691,-0.015995029137,0.06651532706,-0.001648994981
4.0,0.0,10.0,8.0,0.180218163451,0.01406757392,-0.005551030556,-0.018995576734,0.064389883315,-0.00122730495
4.0,2.0,10.0,8.0,0.182782407448,0.014104617039,-0.008708671926,-0.021966318479,0.061730658394,-0.000802565141
6.0,-2.0,10.0,8.0,0.325898662868,0.018109037575,-0.001879926849,-0.015369776024,0.020952214089,-0.001961333141
6.0,0.0,10.0,8.0,0.328937288236,0.018113412146,-0.004846840483,-0.019036478823,0.018758347321,-0.001725128907
6.0,2.0,10.0,8.0,0.331306849341,0.018171621381,-0.007800892808,-0.022666741671,0.016181824043,-0.001486661749
8.0,-2.0,10.0,8.0,0.474323938619,0.024264751104,-0.001384996286,-0.014716693256,-0.025702795096,-0.002293067631
8.0,0.0,10.0,8.0,0.477570744535,0.024307426477,-0.00412478543,-0.019046564023,-0.027962641542,-0.002225785602
8.0,2.0,10.0,8.0,0.479754484467,0.024383732115,-0.006852037895,-0.023339969047,-0.030475959263,-0.002154448068
10.0,-2.0,10.0,8.0,0.62241394869,0.032535980104,-0.000912094424,-0.014036639301,-0.073303297266,-0.002642762413
10.0,0.0,10.0,8.0,0.625864214896,0.032619980236,-0.003387141065,-0.019026105486,-0.075626083648,-0.00272750342
10.0,2.0,10.0,8.0,0.627859672585,0.032710724602,-0.005850408463,-0.023979166036,-0.078071051008,-0.002806339124
-10.0,-2.0,10.0,10.0,-0.841463157184,0.046466360873,-0.008704909731,-0.023851084171,0.342282280319,0.000384265436
-10.0,0.0,10.0,10.0,-0.839600327937,0.046253375502,-0.012110652869,-0.022182300322,0.340165239471,0.002539506017
-10.0,2.0,10.0,10.0,-0.835323082309,0.04600286867,-0.015542182052,-0.020488558341,0.336751319833,0.00469222644
-8.0,-2.0,10.0,10.0,-0.69937220737,0.035704987528,-0.007992376192,-0.023487354894,0.307899343586,0.000141757923
-8.0,0.0,10.0,10.0,-0.697271712962,0.035506598234,-0.011467694723,-0.022486004452,0.305691114662,0.002006041815
-8.0,2.0,10.0,10.0,-0.693140599811,0.035305212393,-0.014970022049,-0.021459779395,0.302300704992,0.003869747013
-6.0,-2.0,10.0,10.0,-0.555656632885,0.026955750225,-0.007271670139,-0.023085857695,0.271610819978,-0.000133400731
-6.0,0.0,10.0,10.0,-0.553353271799,0.026775425574,-0.010818086076,-0.022768517013,0.269365228463,0.001462276741
-6.0,2.0,10.0,10.0,-0.549344059998,0.026621298785,-0.014324970865,-0.022398831777,0.265957788152,0.003043501963
-4.0,-2.0,10.0,10.0,-0.410562797111,0.020272092563,-0.006548595231,-0.022648706352,0.233515160706,-0.000439082182
-4.0,0.0,10.0,10.0,-0.408022613435,0.020114062279,-0.010101457191,-0.023003652494,0.231186012759,0.000895128934
-4.0,2.0,10.0,10.0,-0.404168301844,0.020004759703,-0.013606572363,-0.023303410447,0.227808413887,0.002215248164
-2.0,-2.0,10.0,10.0,-0.264322669444,0.015695785871,-0.005824762895,-0.022174356271,0.193706004074,-0.00077407962
-2.0,0.0,10.0,10.0,-0.261545344312,0.015564043272,-0.009351994303,-0.023204600566,0.19128735696,0.000314291143
-2.0,2.0,10.0,10.0,-0.257858282208,0.0154969334,-0.012816057809,-0.024173474959,0.187955544479,0.001387453783
0.0,-2.0,10.0,10.0,-0.117180292968,0.013257713944,-0.005104976329,-0.021664227016,0.152295488572,-0.001136480384
0.0,0.0,10.0,10.0,-0.114187753599,0.01315660683,-0.008561577942,-0.023368002318,0.149815836151,-0.000280661713
0.0,2.0,10.0,10.0,-0.110650433296,0.013127988503,-0.011955766626,-0.025007355081,0.14650833459,0.000562661245
2.0,-2.0,10.0,10.0,0.030629850053,0.012976016301,-0.004391702619,-0.021116638224,0.109392869397,-0.001524537042
2.0,0.0,10.0,10.0,0.033837990243,0.012908981221,-0.007741391338,-0.023492414423,0.106846192124,-0.00088555356
2.0,2.0,10.0,10.0,0.037211129006,0.012916258733,-0.011026629655,-0.025803511901,0.103580025773,-0.000257014943
4.0,-2.0,10.0,10.0,0.178799285495,0.014854527181,-0.003746096682,-0.020557293673,0.065219491302,-0.001926266913
4.0,0.0,10.0,10.0,0.182275350558,0.01482819008,-0.006891878721,-0.023579287789,0.062519793397,-0.00149873682
4.0,2.0,10.0,10.0,0.185480413782,0.014867804901,-0.010030865143,-0.026560291309,0.059297663105,-0.001068996687
6.0,-2.0,10.0,10.0,0.327185455664,0.01889275299,-0.003061255703,-0.019939909984,0.019732941703,-0.002359633754
6.0,0.0,10.0,10.0,0.330877255165,0.018908273426,-0.006017009096,-0.023627539218,0.016962854936,-0.002117727101
6.0,2.0,10.0,10.0,0.333896570904,0.018975996933,-0.008956700724,-0.02726993522,0.013813795428,-0.00187305186
8.0,-2.0,10.0,10.0,0.475488484216,0.025071099299,-0.002392235485,-0.019286909289,-0.026844555374,-0.002813011329
8.0,0.0,10.0,10.0,0.47939079873,0.025131622361,-0.005119907409,-0.023637347843,-0.029680583574,-0.002740181308
8.0,2.0,10.0,10.0,0.482226624756,0.025224079772,-0.007832088455,-0.027942537826,-0.032766439668,-0.00266233382
10.0,-2.0,10.0,10.0,0.62345341681,0.033359980093,-0.001741830443,-0.018599687526,-0.07436467484,-0.003284462417
10.0,0.0,10.0,10.0,0.627558909468,0.033468212103,-0.004203875727,-0.023609003559,-0.077261236261,-0.00336379057
10.0,2.0,10.0,10.0,0.630208687126,0.033581627993,-0.006651299743,-0.028573319171,-0.080278800059,-0.003435829734
