alpha_deg,beta_deg,deltaS_deg,deltaD_deg,CL,CD,CY,Cl,Cm,Cn
-10,-6,-20,0,-0.538320472,0.029947977,0.012652936,0.002114456,0.081948464,-0.005936579
-10,-4,-20,0,-0.542766648,0.029890052,0.008431303,0.001402517,0.083809969,-0.003970359
-10,-2,-20,0,-0.545441913,0.029855499,0.004185651,0.000686148,0.084931395,-0.00198195
-10,0,-20,0,-0.546418945,0.029848418,1.08E-06,8.44E-07,0.085408593,-3.90E-07
-10,2,-20,0,-0.545455649,0.029856617,-0.004187429,-0.000688792,0.084946344,0.001982315
-10,4,-20,0,-0.54276693,0.029889853,-0.008429104,-0.001400812,0.083810399,0.003969581
-10,6,-20,0,-0.538322071,0.029948067,-0.012650913,-0.002113231,0.081948818,0.00593592
-8,-6,-20,0,-0.39613398,0.022967607,0.01250555,0.004136639,0.045149418,-0.005040794
-8,-4,-20,0,-0.399662192,0.022848715,0.008335211,0.002756632,0.046747066,-0.003370862
-8,-2,-20,0,-0.401785576,0.022777566,0.004139771,0.001366119,0.04770899,-0.001682244
-8,0,-20,0,-0.402571547,0.02275729,8.38E-07,6.21E-07,0.048130031,-2.74E-07
-8,2,-20,0,-0.401785957,0.022777465,-0.004137921,-0.001364862,0.047709324,0.001681675
-8,4,-20,0,-0.399662815,0.022848628,-0.008333623,-0.002755407,0.04674784,0.003370337
-8,6,-20,0,-0.396135328,0.022967627,-0.012504398,-0.004135984,0.04514974,0.005040428
-6,-6,-20,0,-0.2526899,0.01801735,0.012195136,0.006133712,0.006798502,-0.00417296
-6,-4,-20,0,-0.255347862,0.017859371,0.008166938,0.004108602,0.008211467,-0.00279903
-6,-2,-20,0,-0.256914182,0.017761326,0.00405769,0.002044634,0.009009297,-0.00139628
-6,0,-20,0,-0.257507256,0.017731326,2.01E-07,6.75E-08,0.009371321,-6.72E-08
-6,2,-20,0,-0.256914492,0.017761298,-0.004057327,-0.002044514,0.009009403,0.001396155
-6,4,-20,0,-0.255348921,0.017859319,-0.008167012,-0.004108925,0.008212059,0.002799027
-6,6,-20,0,-0.252691346,0.018017299,-0.012195195,-0.006134046,0.006799286,0.004172963
-4,-6,-20,0,-0.108335803,0.015141716,0.011837563,0.008151344,-0.032828044,-0.003363279
-4,-4,-20,0,-0.110058927,0.014954941,0.00792609,0.005458589,-0.031700934,-0.002256053
-4,-2,-20,0,-0.111065192,0.014839981,0.003939072,0.002721914,-0.031071353,-0.001124734
-4,0,-20,0,-0.11146517,0.014803678,-2.82E-07,-3.88E-07,-0.030770415,6.44E-08
-4,2,-20,0,-0.111065125,0.014840007,-0.003939644,-0.002722691,-0.031071397,0.001124867
-4,4,-20,0,-0.11005979,0.014954943,-0.007926309,-0.005459126,-0.03169984,0.002256113
-4,6,-20,0,-0.108336866,0.015141693,-0.011837809,-0.008151926,-0.03282718,0.003363357
-2,-6,-20,0,0.036746737,0.014356209,0.0113685,0.010163556,-0.073712782,-0.002597373
-2,-4,-20,0,0.035963501,0.014157297,0.007610497,0.00680511,-0.072879442,-0.001742503
-2,-2,-20,0,0.03551707,0.01403548,0.003783935,0.003398241,-0.072420541,-0.000868145
-2,0,-20,0,0.03531137,0.013996301,3.18E-08,-7.71E-08,-0.072183532,1.52E-08
-2,2,-20,0,0.035517913,0.014035436,-0.003783485,-0.003397977,-0.072421214,0.000868076
-2,4,-20,0,0.03596347,0.01415722,-0.007610201,-0.006804699,-0.07287941,0.001742454
-2,6,-20,0,0.036746201,0.014356097,-0.011368081,-0.010163317,-0.0737132,0.002597292
0,-6,-20,0,0.182317313,0.015670942,0.010784724,0.012166213,-0.115742502,-0.001875881
0,-4,-20,0,0.182478219,0.015476632,0.007217641,0.008144661,-0.115209887,-0.001258707
0,-2,-20,0,0.1825985,0.015358101,0.003589479,0.004070806,-0.114929172,-0.000626321
0,0,-20,0,0.182689617,0.015319007,-1.57E-07,-2.63E-07,-0.1149162,3.29E-08
0,2,-20,0,0.182599588,0.015358114,-0.003589717,-0.004071298,-0.114930201,0.000626373
0,4,-20,0,0.182481667,0.015476796,-0.007217878,-0.008144858,-0.115212239,0.001258738
0,6,-20,0,0.182320727,0.015671134,-0.010784943,-0.012166509,-0.115744731,0.001875909
2,-6,-20,0,0.328140158,0.019084939,0.01008698,0.014158768,-0.158800086,-0.001200205
2,-4,-20,0,0.329249023,0.018911991,0.006748226,0.009477525,-0.158575951,-0.00080572
2,-2,-20,0,0.329938517,0.018806734,0.003356538,0.004739803,-0.158477253,-0.000399932
2,0,-20,0,0.330220069,0.018772477,-5.44E-07,-6.46E-07,-0.158517897,7.03E-08
2,2,-20,0,0.329939152,0.018806624,-0.003357553,-0.004740971,-0.158477318,0.000400041
2,4,-20,0,0.329250372,0.018911855,-0.006748703,-0.009478463,-0.158576494,0.000805764
2,6,-20,0,0.328141175,0.019084967,-0.010087217,-0.014159753,-0.158800746,0.001200252
4,-6,-20,0,0.473965035,0.024585535,0.009275052,0.016138444,-0.202753174,-0.000571369
4,-4,-20,0,0.476026184,0.024449991,0.006202586,0.010801947,-0.202844414,-0.000384158
4,-2,-20,0,0.477287723,0.0243676,0.003086193,0.005405243,-0.202931386,-0.000189318
4,0,-20,0,0.477758873,0.024341741,-8.45E-08,-4.75E-07,-0.203026875,2.88E-08
4,2,-20,0,0.477287457,0.024367621,-0.003086351,-0.005406247,-0.202931182,0.000189381
4,4,-20,0,0.476025552,0.024449989,-0.006202772,-0.010803035,-0.202843801,0.000384215
4,6,-20,0,0.473965267,0.024585717,-0.009275301,-0.016139133,-0.202752404,0.000571438
6,-6,-20,0,0.619542317,0.032148362,0.008350431,0.01810295,-0.247463644,9.43E-06
6,-4,-20,0,0.622582308,0.032066028,0.005557619,0.012104974,-0.247919316,9.14E-06
6,-2,-20,0,0.624387467,0.032016886,0.00277731,0.006065164,-0.24815118,5.17E-06
6,0,-20,0,0.625048382,0.032002979,-1.12E-07,-1.00E-07,-0.248300533,3.74E-09
6,2,-20,0,0.624387687,0.032017288,-0.002777759,-0.006066121,-0.248150359,-5.11E-06
6,4,-20,0,0.622582586,0.032066386,-0.005558162,-0.012106045,-0.247918497,-9.06E-06
6,6,-20,0,0.619542888,0.032148652,-0.008350953,-0.018103983,-0.247463133,-9.34E-06
8,-6,-20,0,0.764626442,0.041737698,0.007315862,0.020050407,-0.292791037,0.000540947
8,-4,-20,0,0.768609824,0.041725391,0.004868169,0.01341004,-0.293561179,0.000364082
8,-2,-20,0,0.771019576,0.041719681,0.002459788,0.006732125,-0.294041295,0.000178902
8,0,-20,0,0.771838899,0.04171898,-3.85E-07,-4.92E-07,-0.294196919,-2.90E-09
8,2,-20,0,0.771018962,0.041720068,-0.002460757,-0.006733812,-0.294040128,-0.000178872
8,4,-20,0,0.768609522,0.041725795,-0.004869157,-0.013411784,-0.293560228,-0.000364027
8,6,-20,0,0.764626168,0.041738017,-0.007316759,-0.020052023,-0.292790292,-0.000540895
10,-6,-20,0,0.908970969,0.053306343,0.006175074,0.02197875,-0.338588317,0.001021935
10,-4,-20,0,0.91389408,0.053379617,0.004107314,0.014702244,-0.339674534,0.000685173
10,-2,-20,0,0.916868303,0.053425394,0.002072535,0.007377955,-0.340344932,0.000340837
10,0,-20,0,0.917881934,0.053442324,-6.62E-07,-9.25E-07,-0.340566541,-5.55E-08
10,2,-20,0,0.916868989,0.05342538,-0.002073837,-0.007379799,-0.340345788,-0.00034095
10,4,-20,0,0.913893002,0.053379944,-0.004108822,-0.014704878,-0.339673508,-0.000685246
10,6,-20,0,0.908969755,0.053306561,-0.006176481,-0.021981268,-0.338587475,-0.001022016
12,-6,-20,0,1.052328693,0.066795089,0.004932415,0.023885016,-0.38469966,0.001451185
12,-4,-20,0,1.058188025,0.066968867,0.003278195,0.01597971,-0.386104395,0.000971642
12,-2,-20,0,1.061726675,0.067074466,0.001650621,0.008014442,-0.386969592,0.000485269
12,0,-20,0,1.06293102,0.067112558,-1.14E-06,-2.86E-06,-0.387255024,-1.72E-07
12,2,-20,0,1.061725976,0.06707469,-0.00165292,-0.008020213,-0.386969458,-0.000485637
12,4,-20,0,1.058186158,0.066969295,-0.003280461,-0.015985323,-0.386103616,-0.000971958
12,6,-20,0,1.052326039,0.066795596,-0.004934486,-0.023890444,-0.384698822,-0.001451521
14,-6,-20,0,1.194452924,0.082136194,0.003594223,0.025769435,-0.430967626,0.001826986
14,-4,-20,0,1.201247819,0.082425572,0.002384786,0.017241717,-0.432696055,0.001222221
14,-2,-20,0,1.20534771,0.082599918,0.001196699,0.008644276,-0.433756263,0.000611448
14,0,-20,0,1.206743674,0.082661834,-1.50E-06,-3.58E-06,-0.434107695,-4.91E-07
14,2,-20,0,1.205346765,0.082599858,-0.001199727,-0.008651466,-0.433756291,-0.000612479
14,4,-20,0,1.201245516,0.08242542,-0.002387655,-0.017248804,-0.432695761,-0.001223142
14,6,-20,0,1.194449503,0.082135975,-0.003596904,-0.02577632,-0.430967019,-0.001827914
16,-6,-20,0,1.335116405,0.099251164,0.002166764,0.027626813,-0.477240926,0.002148103
16,-4,-20,0,1.342832394,0.099667004,0.001431498,0.018486851,-0.47928718,0.001436518
16,-2,-20,0,1.347488268,0.099919568,0.000712733,0.009265085,-0.480540548,0.000719038
16,0,-20,0,1.349076388,0.100008142,-2.02E-06,-4.77E-06,-0.480961407,-9.94E-07
16,2,-20,0,1.347487188,0.099919515,-0.0007167,-0.009274617,-0.48054076,-0.000721029
16,4,-20,0,1.342830249,0.099668088,-0.001435253,-0.018495926,-0.479287196,-0.001438172
16,6,-20,0,1.335111833,0.099250612,-0.002170244,-0.027635648,-0.477240784,-0.00214998
18,-6,-20,0,1.474072793,0.118047578,0.000657947,0.02945641,-0.523348019,0.002413293
18,-4,-20,0,1.482704341,0.11860606,0.000425439,0.019713452,-0.525713542,0.001612531
18,-2,-20,0,1.487908244,0.11894111,0.000201298,0.009876142,-0.527156893,0.000807617
18,0,-20,0,1.489603524,0.119046708,-2.60E-06,-6.44E-06,-0.527625715,-1.56E-06
18,2,-20,0,1.4879009,0.118936725,-0.000206922,-0.009888564,-0.527153874,-0.000810101
18,4,-20,0,1.482695666,0.118601671,-0.000430979,-0.019725397,-0.525711067,-0.001614996
18,6,-20,0,1.474062296,0.118043452,-0.000663035,-0.029467547,-0.523345556,-0.002415687
20,-6,-20,0,1.611087526,0.138428132,-0.000923475,0.031255009,-0.569115895,0.002620282
20,-4,-20,0,1.620609381,0.139131403,-0.000637037,0.020916856,-0.571787175,0.00175169
20,-2,-20,0,1.626365449,0.139558997,-0.000334612,0.010477633,-0.573433645,0.00087741
20,0,-20,0,1.628238268,0.139694159,-3.65E-06,-7.95E-06,-0.573965116,-1.57E-06
20,2,-20,0,1.62636436,0.139559148,0.000327353,-0.01049336,-0.573434551,-0.000880472
20,4,-20,0,1.620604979,0.13913133,0.000629787,-0.020932482,-0.57178775,-0.001754722
20,6,-20,0,1.61107544,0.138421221,0.000916911,-0.031270896,-0.569119314,-0.002624633
-10,-6,-18,0,-0.556090318,0.029687713,0.01257118,0.001703561,0.097023269,-0.005926809
-10,-4,-18,0,-0.560630007,0.029631915,0.008378242,0.001128088,0.098967441,-0.003964209
-10,-2,-18,0,-0.563362416,0.029598694,0.004161527,0.00055004,0.100138309,-0.001979553
-10,0,-18,0,-0.564353654,0.029591681,1.20E-06,8.63E-07,0.100626001,-3.98E-07
-10,2,-18,0,-0.563363182,0.029598511,-0.004160056,-0.00054889,0.1001403,0.001979023
-10,4,-18,0,-0.560630245,0.029631697,-0.008375853,-0.001126365,0.098967876,0.003963423
-10,6,-18,0,-0.556092105,0.029687798,-0.012568927,-0.001702242,0.097023796,0.005926119
-8,-6,-18,0,-0.413800444,0.022483048,0.012444305,0.00372534,0.060267809,-0.005031872
-8,-4,-18,0,-0.417421138,0.02236468,0.008296023,0.002481979,0.061948059,-0.003365305
-8,-2,-18,0,-0.419600374,0.022293817,0.004122416,0.001229409,0.062959891,-0.001679981
-8,0,-18,0,-0.420400537,0.022273398,7.85E-07,6.23E-07,0.063390791,-2.58E-07
-8,2,-18,0,-0.41960071,0.022293715,-0.004120607,-0.001228168,0.062960329,0.001679439
-8,4,-18,0,-0.417421568,0.022364596,-0.008294433,-0.002480699,0.061948605,0.003364792
-8,6,-18,0,-0.413801706,0.022483064,-0.012443402,-0.003724706,0.060267806,0.005031568
-6,-6,-18,0,-0.27023175,0.017313721,0.012159259,0.00572447,0.021939335,-0.004166203
-6,-4,-18,0,-0.272977112,0.017154324,0.008142111,0.003834489,0.023428641,-0.002794294
-6,-2,-18,0,-0.274598454,0.017055657,0.004047394,0.001908007,0.02427623,-0.001394366
-6,0,-18,0,-0.275205348,0.017025226,2.02E-07,7.80E-08,0.024647935,-6.43E-08
-6,2,-18,0,-0.274598731,0.017055638,-0.004047,-0.001907866,0.024276411,0.00139424
-6,4,-18,0,-0.272977913,0.017154291,-0.008141748,-0.003834372,0.023429205,0.002794179
-6,6,-18,0,-0.270232356,0.017313641,-0.012158864,-0.0057244,0.021938817,0.00416608
-4,-6,-18,0,-0.125723541,0.014224576,0.011822304,0.007742749,-0.0176988,-0.003357678
-4,-4,-18,0,-0.127532313,0.014034952,0.007914749,0.005184546,-0.016495872,-0.002252017
-4,-2,-18,0,-0.128592912,0.013918474,0.003935726,0.002585547,-0.01581659,-0.001123203
-4,0,-18,0,-0.129006269,0.013881464,-2.73E-07,-3.62E-07,-0.015506222,5.91E-08
-4,2,-18,0,-0.12859355,0.013918472,-0.003935899,-0.002585978,-0.015815676,0.001123237
-4,4,-18,0,-0.127533292,0.014034941,-0.007915016,-0.00518507,-0.016494978,0.002252083
-4,6,-18,0,-0.125724759,0.014224546,-0.011822612,-0.007743306,-0.017698083,0.003357764
-2,-6,-18,0,0.019537452,0.013232644,0.011373784,0.009756135,-0.058622671,-0.002593073
-2,-4,-18,0,0.018670072,0.013029457,0.007612804,0.006531513,-0.057714311,-0.001739318
-2,-2,-18,0,0.018172131,0.012905308,0.003787362,0.003262235,-0.057207439,-0.000867006
-2,0,-18,0,0.017954483,0.01286513,3.79E-08,-1.82E-09,-0.056961375,1.38E-08
-2,2,-18,0,0.018173124,0.012905243,-0.00378701,-0.003262019,-0.057208154,0.000866931
-2,4,-18,0,0.018670941,0.013029405,-0.007612538,-0.006531616,-0.057715035,0.001739267
-2,6,-18,0,0.019537624,0.013232543,-0.011373308,-0.009755928,-0.058623911,0.002592983
0,-6,-18,0,0.165312624,0.014349108,0.010810194,0.011760662,-0.100721098,-0.001873011
0,-4,-18,0,0.165390899,0.01414921,0.007233611,0.007872613,-0.100113684,-0.001256528
0,-2,-18,0,0.165459466,0.014027465,0.003599705,0.003935375,-0.099784143,-0.000625649
0,0,-18,0,0.165530298,0.013987405,1.07E-07,2.89E-07,-0.09974824,-2.57E-08
0,2,-18,0,0.165461635,0.014027575,-0.003599759,-0.003935331,-0.09978565,0.000625657
0,4,-18,0,0.165393935,0.014149346,-0.007233724,-0.007872708,-0.100115705,0.001256542
0,6,-18,0,0.165315326,0.014349246,-0.010810305,-0.011760818,-0.100722799,0.001873021
2,-6,-18,0,0.311361534,0.017573954,0.010132169,0.013755351,-0.143873783,-0.001198862
2,-4,-18,0,0.312389734,0.017394065,0.006777539,0.009206923,-0.143575564,-0.000804576
2,-2,-18,0,0.313028602,0.017284927,0.003373545,0.00460525,-0.143428652,-0.000399781
2,0,-18,0,0.313288569,0.017249311,-5.32E-07,-5.88E-07,-0.143445793,6.43E-08
2,2,-18,0,0.313028956,0.01728478,-0.003374389,-0.004606273,-0.143428626,0.000399871
2,4,-18,0,0.312390843,0.017394174,-0.006778073,-0.009207724,-0.143576677,0.000804647
2,6,-18,0,0.311362249,0.017573981,-0.010132344,-0.01375615,-0.143874206,0.001198901
4,-6,-18,0,0.457433903,0.022895513,0.009339514,0.015737628,-0.187949065,-0.000571681
4,-4,-18,0,0.459415944,0.022751988,0.006244702,0.010533058,-0.187967242,-0.000384151
4,-2,-18,0,0.460627316,0.022664889,0.003109569,0.005271449,-0.188006106,-0.000189699
4,0,-18,0,0.461077544,0.022637341,-5.52E-08,-4.59E-07,-0.188078229,2.42E-08
4,2,-18,0,0.460627073,0.022664908,-0.003109658,-0.005272371,-0.188005814,0.000189747
4,4,-18,0,0.459415528,0.022751996,-0.006244863,-0.010534065,-0.187966794,0.000384201
4,6,-18,0,0.457433343,0.022895511,-0.009339648,-0.015738575,-0.187948549,0.000571724
6,-6,-18,0,0.603280916,0.030290369,0.008433635,0.017705325,-0.232809572,7.35E-06
6,-4,-18,0,0.606239069,0.03019908,0.005616057,0.011839986,-0.233186083,7.31E-06
6,-2,-18,0,0.607999053,0.03014447,0.002806911,0.005932406,-0.233377051,4.22E-06
6,0,-18,0,0.608639434,0.030128181,-2.74E-07,-7.83E-07,-0.233504345,4.18E-08
6,2,-18,0,0.607998997,0.030144854,-0.002807328,-0.00593331,-0.233376117,-4.16E-06
6,4,-18,0,0.606239103,0.030199427,-0.005616548,-0.011840972,-0.233185213,-7.23E-06
6,6,-18,0,0.603281333,0.030290664,-0.008434092,-0.017706251,-0.232809081,-7.28E-06
8,-6,-18,0,0.748655917,0.039723615,0.007417142,0.019656434,-0.278314253,0.000537021
8,-4,-18,0,0.752559208,0.039701348,0.004938643,0.013147487,-0.279006278,0.000361045
8,-2,-18,0,0.754920284,0.039689388,0.00249129,0.0065987,-0.279438917,0.000177949
8,0,-18,0,0.755723522,0.039686672,-3.63E-07,-4.72E-07,-0.279578662,2.04E-10
8,2,-18,0,0.754919583,0.039689759,-0.002492208,-0.006600291,-0.279437693,-0.000177915
8,4,-18,0,0.752558728,0.039701707,-0.004939576,-0.013149126,-0.279005285,-0.000360991
8,6,-18,0,0.748655518,0.039723914,-0.007417964,-0.019657928,-0.278313534,-0.000536972
10,-6,-18,0,0.893311897,0.051148826,0.006293682,0.02158888,-0.324315757,0.001016069
10,-4,-18,0,0.898156576,0.051211188,0.004189421,0.014442438,-0.325325101,0.00068086
10,-2,-18,0,0.901085315,0.051249839,0.00210975,0.00724519,-0.325950947,0.000339202
10,0,-18,0,0.902081676,0.051264893,-6.27E-07,-8.83E-07,-0.326155033,-4.84E-08
10,2,-18,0,0.901084065,0.051250118,-0.002111195,-0.007247702,-0.325949556,-0.0003393
10,4,-18,0,0.898155398,0.051211424,-0.004190847,-0.014444923,-0.325324094,-0.000680931
10,6,-18,0,0.893310744,0.051149021,-0.006294991,-0.021591237,-0.324315089,-0.001016146
12,-6,-18,0,1.037001295,0.064507622,0.00506757,0.023499741,-0.370658153,0.001443251
12,-4,-18,0,1.042784155,0.064669588,0.003371226,0.015722952,-0.371987166,0.000965997
12,-2,-18,0,1.046276917,0.06476794,0.00169369,0.00788406,-0.372806929,0.000482886
12,0,-18,0,1.047466161,0.064803636,-1.10E-06,-2.72E-06,-0.373077206,-1.78E-07
12,2,-18,0,1.046276369,0.064768115,-0.00169589,-0.007889547,-0.372806893,-0.000483272
12,4,-18,0,1.042782702,0.064669963,-0.003373361,-0.015728303,-0.371986769,-0.000966334
12,6,-18,0,1.036999124,0.064508037,-0.005069537,-0.023504955,-0.370657668,-0.001443623
14,-6,-18,0,1.179477639,0.079733139,0.003745039,0.025389203,-0.417183795,0.001816906
14,-4,-18,0,1.18619816,0.080010038,0.002488204,0.016988303,-0.418838162,0.001215134
14,-2,-18,0,1.190253112,0.080176537,0.001245131,0.008515603,-0.419853542,0.000608281
14,0,-18,0,1.191634445,0.080235959,-1.43E-06,-3.43E-06,-0.420190255,-5.50E-07
14,2,-18,0,1.190252209,0.080176413,-0.001248049,-0.008522575,-0.419853596,-0.000609413
14,4,-18,0,1.18619607,0.080009572,-0.002491056,-0.016995134,-0.418837759,-0.001216165
14,6,-18,0,1.179474079,0.079732457,-0.00374756,-0.025395793,-0.417183287,-0.00181794
16,-6,-18,0,1.320510564,0.096745902,0.002332214,0.027251976,-0.463739552,0.002135954
16,-4,-18,0,1.328154768,0.097149677,0.001544618,0.01823692,-0.465713403,0.001427915
16,-2,-18,0,1.332766468,0.097392986,0.000766152,0.0091382,-0.466923031,0.000715193
16,0,-18,0,1.33434031,0.097478952,-1.98E-06,-4.77E-06,-0.467329403,-9.78E-07
16,2,-18,0,1.332765489,0.097392915,-0.000770017,-0.009147648,-0.466923363,-0.000717141
16,4,-18,0,1.328152297,0.097149739,-0.001548255,-0.018245995,-0.465713603,-0.001429769
16,6,-18,0,1.320507109,0.096745478,-0.002335618,-0.027260803,-0.463740133,-0.002137845
18,-6,-18,0,1.459853479,0.115456155,0.000836881,0.029086365,-0.510150411,0.002398483
18,-4,-18,0,1.468412469,0.115999672,0.000544255,0.019465966,-0.512443158,0.001603015
18,-2,-18,0,1.473578259,0.116326878,0.000259454,0.00975132,-0.513850453,0.000803002
18,0,-18,0,1.475258756,0.116429792,-2.53E-06,-6.36E-06,-0.514304772,-1.52E-06
18,2,-18,0,1.473571197,0.116322583,-0.000264968,-0.009763595,-0.51384798,-0.000805414
18,4,-18,0,1.468403585,0.115995246,-0.000549652,-0.019477732,-0.512441066,-0.001605404
18,6,-18,0,1.459844852,0.11545106,-0.00084208,-0.029098548,-0.51015264,-0.00240128
20,-6,-18,0,1.597275643,0.13576443,-0.000731626,0.030892623,-0.556255287,0.002603692
20,-4,-18,0,1.606725205,0.13645306,-0.000509706,0.020673737,-0.558851725,0.001740634
20,-2,-18,0,1.612449199,0.136873765,-0.000273594,0.010356618,-0.560471411,0.000872469
20,0,-18,0,1.614303597,0.137005198,-3.59E-06,-7.80E-06,-0.560980758,-1.52E-06
20,2,-18,0,1.612448043,0.136873941,0.000266479,-0.010372072,-0.560472302,-0.000875442
20,4,-18,0,1.606722086,0.136453229,0.000502589,-0.020689066,-0.55885303,-0.001743573
20,6,-18,0,1.597263659,0.135757526,0.000725231,-0.030908234,-0.556258847,-0.002607951
-10,-6,-16,0,-0.57458551,0.029573496,0.01247758,0.00127283,0.11276521,-0.005921116
-10,-4,-16,0,-0.579222105,0.029520788,0.008317307,0.000840404,0.114795458,-0.003960802
-10,-2,-16,0,-0.582013053,0.029489389,0.004133433,0.000406815,0.116018227,-0.001978425
-10,0,-16,0,-0.583019316,0.029482724,1.28E-06,8.45E-07,0.116516439,-3.95E-07
-10,2,-16,0,-0.582012951,0.029489214,-0.004131678,-0.000405525,0.11601963,0.001977848
-10,4,-16,0,-0.579222307,0.029520558,-0.008314766,-0.000838708,0.114795871,0.00396002
-10,6,-16,0,-0.574587258,0.029573551,-0.012475171,-0.001271525,0.112765691,0.005920413
-8,-6,-16,0,-0.432211791,0.022132274,0.012372651,0.003294133,0.076069116,-0.005027202
-8,-4,-16,0,-0.435928462,0.022015347,0.008249728,0.002193942,0.077835589,-0.003362564
-8,-2,-16,0,-0.438165692,0.021945318,0.004101646,0.001086037,0.078899403,-0.001679164
-8,0,-16,0,-0.438980563,0.021924923,8.72E-07,6.54E-07,0.079340649,-2.67E-07
-8,2,-16,0,-0.438166011,0.021945211,-0.004099893,-0.001084816,0.078899978,0.001678647
-8,4,-16,0,-0.43592884,0.022015242,-0.008247989,-0.002192622,0.077836117,0.003362038
-8,6,-16,0,-0.432212887,0.022132248,-0.012371541,-0.003293398,0.076069011,0.005026866
-6,-6,-16,0,-0.28853696,0.016730911,0.012113919,0.00529507,0.037778575,-0.004163732
-6,-4,-16,0,-0.291373066,0.016570924,0.008110491,0.003546417,0.039347507,-0.002792307
-6,-2,-16,0,-0.293050898,0.016472114,0.004034412,0.001764983,0.040245668,-0.001394014
-6,0,-16,0,-0.293672266,0.01644141,6.33E-07,4.08E-07,0.040627615,-1.73E-07
-6,2,-16,0,-0.293051206,0.016472082,-0.004033171,-0.00176417,0.040245962,0.001393673
-6,4,-16,0,-0.291372973,0.016570862,-0.008109785,-0.003546002,0.039346725,0.002792099
-6,6,-16,0,-0.288537495,0.016730843,-0.012113539,-0.005294853,0.037778039,0.004163604
-4,-6,-16,0,-0.143891904,0.013414646,0.011798746,0.007313796,-0.001856794,-0.00335643
-4,-4,-16,0,-0.145790065,0.013222895,0.007897821,0.004896862,-0.000574535,-0.00225089
-4,-2,-16,0,-0.146907274,0.01310534,0.003929695,0.002442388,0.000156662,-0.001123155
-4,0,-16,0,-0.14733486,0.013067757,1.46E-07,6.65E-09,0.000477597,-4.01E-08
-4,2,-16,0,-0.14690799,0.013105319,-0.003929882,-0.002442787,0.000157377,0.001123189
-4,4,-16,0,-0.145791073,0.013222872,-0.007898097,-0.004897322,-0.000573893,0.002250952
-4,6,-16,0,-0.143893264,0.013414609,-0.011799054,-0.007314279,-0.001856184,0.003356509
-2,-6,-16,0,0.001533189,0.012202086,0.011371656,0.009328096,-0.042808493,-0.002593112
-2,-4,-16,0,0.00057712,0.01199532,0.007610362,0.006244588,-0.04182037,-0.001739102
-2,-2,-16,0,2.44E-05,0.011869087,0.003788267,0.003119038,-0.041261803,-0.000867302
-2,0,-16,0,-0.000128991,0.011827411,-2.25E-06,-2.69E-06,-0.041136878,3.83E-07
-2,2,-16,0,2.51E-05,0.011869091,-0.003788254,-0.003119177,-0.041262698,0.000867313
-2,4,-16,0,0.000577826,0.011995267,-0.007610109,-0.006244558,-0.041820742,0.00173905
-2,6,-16,0,0.001532334,0.012202012,-0.011371423,-0.009327973,-0.042808326,0.002593083
0,-6,-16,0,0.147496083,0.013105678,0.010829753,0.011334418,-0.084961075,-0.001874607
0,-4,-16,0,0.147487702,0.012900684,0.007245634,0.007586664,-0.084274985,-0.001257333
0,-2,-16,0,0.147501949,0.012776053,0.003608083,0.00379304,-0.083894188,-0.0006265
0,0,-16,0,0.147549001,0.01273493,3.20E-08,-3.06E-08,-0.083832592,8.03E-10
0,2,-16,0,0.147504185,0.012776146,-0.003608077,-0.003792927,-0.083895699,0.000626499
0,4,-16,0,0.147490261,0.012900796,-0.007245636,-0.007586678,-0.084276624,0.001257332
0,6,-16,0,0.14749787,0.013105726,-0.010829849,-0.011334415,-0.084961947,0.001874604
2,-6,-16,0,0.29375675,0.01612626,0.010172835,0.013331068,-0.128196775,-0.001202036
2,-4,-16,0,0.294700534,0.015939958,0.006803677,0.008922318,-0.127821081,-0.000806452
2,-2,-16,0,0.295286118,0.015827058,0.003389118,0.004463671,-0.127623106,-0.000401153
2,0,-16,0,0.295523688,0.01579023,-4.81E-07,-4.98E-07,-0.127615885,5.35E-08
2,2,-16,0,0.29528632,0.015826963,-0.003389831,-0.004464621,-0.127623397,0.000401236
2,4,-16,0,0.294700865,0.015940099,-0.006804221,-0.008923099,-0.127821926,0.000806536
2,6,-16,0,0.293757402,0.016126298,-0.010172999,-0.013331693,-0.128197183,0.001202076
4,-6,-16,0,0.440064286,0.021253417,0.009400807,0.015315867,-0.172383816,-0.000576556
4,-4,-16,0,0.441963184,0.021102244,0.006284643,0.010250126,-0.172325152,-0.000387191
4,-2,-16,0,0.443121752,0.021010635,0.003131893,0.005130627,-0.172313354,-0.000191617
4,0,-16,0,0.44355009,0.020981467,-5.65E-08,-4.49E-07,-0.172361089,2.22E-08
4,2,-16,0,0.443121694,0.021010641,-0.00313201,-0.005131522,-0.17231323,0.000191663
4,4,-16,0,0.441962949,0.021102243,-0.00628479,-0.010251055,-0.17232484,0.000387233
4,6,-16,0,0.440063854,0.021253411,-0.009400942,-0.015316738,-0.172383432,0.000576594
6,-6,-16,0,0.586169896,0.028464677,0.008515049,0.017286669,-0.217384861,6.84E-07
6,-4,-16,0,0.58904196,0.028364668,0.005673413,0.011560972,-0.2176781,2.38E-06
6,-2,-16,0,0.590754348,0.02830473,0.00283598,0.005792626,-0.217825973,1.71E-06
6,0,-16,0,0.591373181,0.028286535,-2.67E-07,-7.40E-07,-0.217929166,3.95E-08
6,2,-16,0,0.590754542,0.028304707,-0.002836477,-0.005794125,-0.21782608,-1.65E-06
6,4,-16,0,0.589041778,0.028364986,-0.005673874,-0.011561882,-0.217677187,-2.30E-06
6,6,-16,0,0.586170105,0.028464957,-0.008515461,-0.0172875,-0.217384339,-6.13E-07
8,-6,-16,0,0.731826024,0.03772606,0.007518026,0.019241363,-0.263058425,0.000528473
8,-4,-16,0,0.735644894,0.037693951,0.005008976,0.012870863,-0.26366816,0.000354892
8,-2,-16,0,0.737954771,0.037675818,0.002522543,0.006458159,-0.264050838,0.000175462
8,0,-16,0,0.738741965,0.037670702,-5.21E-07,-1.11E-06,-0.264175513,2.55E-08
8,2,-16,0,0.737953961,0.037676136,-0.002523417,-0.006459662,-0.26404958,-0.000175426
8,4,-16,0,0.735644342,0.037694259,-0.005009849,-0.012872391,-0.263667198,-0.000354841
8,6,-16,0,0.731825582,0.037726319,-0.007518786,-0.019242742,-0.263057777,-0.000528427
10,-6,-16,0,0.876785225,0.048991355,0.006413257,0.021177586,-0.30925572,0.001005641
10,-4,-16,0,0.881547307,0.049042946,0.004272121,0.014168193,-0.31018379,0.0006735
10,-2,-16,0,0.884425464,0.049074874,0.002147347,0.007105629,-0.310760151,0.000336047
10,0,-16,0,0.88540532,0.04908811,-5.95E-07,-8.41E-07,-0.310949395,-4.05E-08
10,2,-16,0,0.884424683,0.049075555,-0.002148758,-0.00710843,-0.310760473,-0.00033611
10,4,-16,0,0.881546247,0.049043673,-0.004273472,-0.014170841,-0.310184222,-0.000673514
10,6,-16,0,0.876784059,0.048992138,-0.006414529,-0.021180092,-0.309256394,-0.001005638
12,-6,-16,0,1.020799895,0.062205441,0.005205191,0.02309333,-0.355824612,0.0014306
12,-4,-16,0,1.026501754,0.062355443,0.003466013,0.015452087,-0.357073721,0.00095716
12,-2,-16,0,1.029945992,0.062446437,0.001737482,0.007746569,-0.357845368,0.000478914
12,0,-16,0,1.031119113,0.0624796,-1.03E-06,-2.55E-06,-0.358099594,-2.17E-07
12,2,-16,0,1.029945283,0.062446359,-0.00173954,-0.007751707,-0.35784525,-0.000479385
12,4,-16,0,1.026500266,0.062355407,-0.003468001,-0.015457153,-0.35707334,-0.000957585
12,6,-16,0,1.020797567,0.062205335,-0.005207001,-0.023098277,-0.355824106,-0.00143108
14,-6,-16,0,1.163621928,0.077298981,0.003899646,0.024987742,-0.402602472,0.00180223
14,-4,-16,0,1.170263555,0.077563157,0.002594338,0.01672074,-0.404178316,0.001204965
14,-2,-16,0,1.174270965,0.077721735,0.001294694,0.008379701,-0.405146434,0.000603611
14,0,-16,0,1.175637052,0.077778707,-1.40E-06,-3.40E-06,-0.405467779,-5.81E-07
14,2,-16,0,1.174270335,0.077721653,-0.001297542,-0.008386602,-0.405146699,-0.000604783
14,4,-16,0,1.170261654,0.077562732,-0.002596954,-0.016727385,-0.404178417,-0.0012061
14,6,-16,0,1.163618854,0.077298278,-0.003902061,-0.02499415,-0.402602409,-0.001803346
16,-6,-16,0,1.305019157,0.094194837,0.00250279,0.026855149,-0.449434321,0.002118873
16,-4,-16,0,1.312587426,0.094584777,0.001661268,0.01797277,-0.451333814,0.001416351
16,-2,-16,0,1.317153248,0.094819478,0.000821215,0.009004183,-0.452497689,0.000709816
16,0,-16,0,1.31871176,0.094902755,-1.93E-06,-4.73E-06,-0.45288846,-9.51E-07
16,2,-16,0,1.317152377,0.094819418,-0.000824988,-0.009013552,-0.452498071,-0.000711706
16,4,-16,0,1.312585299,0.094584506,-0.001664854,-0.017981929,-0.451334567,-0.001418234
16,6,-16,0,1.305016873,0.094193668,-0.00250618,-0.02686472,-0.449437915,-0.002121053
18,-6,-16,0,1.444748968,0.112802415,0.001022681,0.028696461,-0.496153854,0.002379541
18,-4,-16,0,1.453228535,0.11333116,0.000667395,0.019204249,-0.49836474,0.001590414
18,-2,-16,0,1.458353952,0.113650365,0.000319682,0.009619327,-0.499733493,0.000796849
18,0,-16,0,1.460018775,0.113750537,-2.45E-06,-6.29E-06,-0.500172535,-1.48E-06
18,2,-16,0,1.458347549,0.113646279,-0.00032511,-0.009631467,-0.499731784,-0.000799203
18,4,-16,0,1.453219699,0.113326792,-0.000672682,-0.019215893,-0.498363018,-0.001592743
18,6,-16,0,1.444740401,0.112797198,-0.001027769,-0.028708458,-0.496156397,-0.002382283
20,-6,-16,0,1.582575629,0.133024105,-0.000531741,0.030509294,-0.542590176,0.002582547
20,-4,-16,0,1.591948545,0.133697894,-0.00037712,0.020416501,-0.545107282,0.001726522
20,-2,-16,0,1.597632136,0.134109995,-0.000208478,0.010226488,-0.546687202,0.00086547
20,0,-16,0,1.599472501,0.134238896,-3.52E-06,-7.65E-06,-0.547183868,-1.48E-06
20,2,-16,0,1.597631708,0.134110161,0.0002015,-0.010241997,-0.546688987,-0.000868449
20,4,-16,0,1.591945509,0.133698014,0.000370218,-0.020431474,-0.545108902,-0.001729377
20,6,-16,0,1.582564013,0.133017386,0.000525547,-0.030524568,-0.542594001,-0.002586694
-10,-6,-14,0,-0.593719934,0.029623352,0.012371764,0.000824387,0.129104104,-0.00592015
-10,-4,-14,0,-0.598455401,0.029574435,0.008248158,0.00054058,0.13122402,-0.003960537
-10,-2,-14,0,-0.601306465,0.029545487,0.004101209,0.00025746,0.132500476,-0.00197887
-10,0,-14,0,-0.602328379,0.029539403,1.32E-06,8.11E-07,0.133009579,-3.88E-07
-10,2,-14,0,-0.601305562,0.029545302,-0.0040992,-0.000256077,0.132501315,0.001978254
-10,4,-14,0,-0.598455594,0.029574201,-0.008245519,-0.000538947,0.131224445,0.003959768
-10,6,-14,0,-0.593720419,0.029623033,-0.012369194,-0.000822769,0.129104957,0.005919403
-8,-6,-14,0,-0.45128404,0.021934503,0.012290216,0.00284508,0.092484142,-0.00502747
-8,-4,-14,0,-0.455099607,0.021819895,0.008195946,0.001893657,0.094341175,-0.003363048
-8,-2,-14,0,-0.457396724,0.021751287,0.004077219,0.000936538,0.095458862,-0.001679982
-8,0,-14,0,-0.458226817,0.021731119,9.57E-07,6.54E-07,0.095910945,-2.72E-07
-8,2,-14,0,-0.457396771,0.021751212,-0.004075355,-0.000935251,0.095459106,0.001679454
-8,4,-14,0,-0.455099994,0.021819773,-0.008194055,-0.00189234,0.094341759,0.003362514
-8,6,-14,0,-0.451284894,0.021934328,-0.012288388,-0.002843795,0.092485177,0.005026957
-6,-6,-14,0,-0.307524578,0.016289314,0.012058491,0.004847242,0.054249333,-0.004166191
-6,-4,-14,0,-0.310453539,0.016129658,0.008072432,0.003246304,0.055899716,-0.002793698
-6,-2,-14,0,-0.312191653,0.01603126,0.004017579,0.001615403,0.056853426,-0.001395199
-6,0,-14,0,-0.312827916,0.016000466,5.61E-07,4.16E-07,0.057245913,-1.56E-07
-6,2,-14,0,-0.312191879,0.016031224,-0.00401644,-0.001614548,0.056853552,0.001394886
-6,4,-14,0,-0.310454155,0.016129591,-0.008071298,-0.003245433,0.055900181,0.002793388
-6,6,-14,0,-0.307525652,0.016289271,-0.012058037,-0.004846991,0.054250164,0.004166063
-4,-6,-14,0,-0.162763084,0.012733468,0.011766129,0.006866145,0.014633026,-0.003360172
-4,-4,-14,0,-0.164754012,0.012540424,0.007874797,0.004596643,0.015997869,-0.002253097
-4,-2,-14,0,-0.165929724,0.012422264,0.003920975,0.00229333,0.016782918,-0.001124866
-4,0,-14,0,-0.166371871,0.0123843,1.01E-07,-3.06E-08,0.017114143,-3.01E-08
-4,2,-14,0,-0.165930531,0.012422265,-0.003920817,-0.002293294,0.016783602,0.001124816
-4,4,-14,0,-0.164755082,0.012540404,-0.007874945,-0.004596973,0.015998579,0.002253127
-4,6,-14,0,-0.162764749,0.012733436,-0.011766304,-0.006866488,0.014633969,0.003360219
-2,-6,-14,0,-0.017194575,0.011287115,0.011362029,0.008881287,-0.026329924,-0.002598314
-2,-4,-14,0,-0.018240883,0.011077473,0.007602739,0.005945036,-0.025260143,-0.00174229
-2,-2,-14,0,-0.018851946,0.010949697,0.003786843,0.002969825,-0.024647485,-0.000869384
-2,0,-14,0,-0.019021896,0.01090728,-2.07E-07,-2.72E-07,-0.024505091,3.69E-08
-2,2,-14,0,-0.018851938,0.010949755,-0.00378687,-0.00297001,-0.024647402,0.000869397
-2,4,-14,0,-0.018241157,0.011077442,-0.007602324,-0.005944793,-0.025259842,0.001742208
-2,6,-14,0,-0.017195822,0.011287112,-0.011361672,-0.008881124,-0.026328501,0.002598247
0,-6,-14,0,0.128938134,0.011963935,0.010842614,0.010888992,-0.068522867,-0.001881308
0,-4,-14,0,0.128839977,0.011754575,0.007253062,0.007287881,-0.067755176,-0.001261549
0,-2,-14,0,0.128797613,0.011627447,0.003614275,0.003644319,-0.06732087,-0.000629085
0,0,-14,0,0.128821354,0.011585476,1.15E-08,-2.71E-08,-0.067233612,2.86E-09
0,2,-14,0,0.128799572,0.011627518,-0.00361419,-0.00364414,-0.067322154,0.000629073
0,4,-14,0,0.128841917,0.011754659,-0.007252985,-0.007287818,-0.067756256,0.001261537
0,6,-14,0,0.128939239,0.011963966,-0.010842626,-0.01088887,-0.068523089,0.001881297
2,-6,-14,0,0.275393219,0.01476594,0.010207964,0.012887453,-0.111827943,-0.00121037
2,-4,-14,0,0.276248879,0.01457382,0.00682604,0.008624774,-0.111371349,-0.000811778
2,-2,-14,0,0.276778609,0.014457378,0.003402868,0.004315564,-0.111119867,-0.00040426
2,0,-14,0,0.276993363,0.014419505,-3.82E-07,-4.13E-07,-0.111087546,4.09E-08
2,2,-14,0,0.276778906,0.014457468,-0.003403468,-0.004316432,-0.111120637,0.000404345
2,4,-14,0,0.276248999,0.01457394,-0.006826521,-0.008625493,-0.111372075,0.000811857
2,6,-14,0,0.275393877,0.014766094,-0.010208284,-0.012887945,-0.111828756,0.001210435
4,-6,-14,0,0.421919807,0.01968386,0.009457845,0.01487466,-0.15611394,-0.000586634
4,-4,-14,0,0.423731845,0.019525503,0.006321689,0.009954161,-0.155974948,-0.000393707
4,-2,-14,0,0.42483522,0.019429666,0.003152842,0.004983307,-0.155910196,-0.000195295
4,0,-14,0,0.425240715,0.019398959,-8.12E-08,-4.31E-07,-0.155932547,2.20E-08
4,2,-14,0,0.424835226,0.019429659,-0.003152989,-0.004984155,-0.15591013,0.000195338
4,4,-14,0,0.42373176,0.019525484,-0.006321849,-0.009955022,-0.155974757,0.000393744
4,6,-14,0,0.421919532,0.019683833,-0.009457991,-0.01487546,-0.156113651,0.000586666
6,-6,-14,0,0.568269148,0.026696272,0.008593534,0.016848451,-0.201243617,-1.12E-05
6,-4,-14,0,0.571051181,0.026587909,0.005728914,0.011268909,-0.20144979,-6.08E-06
6,-2,-14,0,0.572713723,0.026522861,0.002864129,0.005646312,-0.201552522,-2.56E-06
6,0,-14,0,0.573309912,0.026502808,-2.72E-07,-6.91E-07,-0.2016305,3.77E-08
6,2,-14,0,0.572713908,0.026522822,-0.002864626,-0.005647699,-0.201552656,2.62E-06
6,4,-14,0,0.571050986,0.026587853,-0.005729379,-0.011270271,-0.201449701,6.14E-06
6,6,-14,0,0.568269143,0.026696506,-0.008593921,-0.016849199,-0.201243046,1.13E-05
8,-6,-14,0,0.714192845,0.035770209,0.007617335,0.018806624,-0.247075153,0.000514674
8,-4,-14,0,0.717923279,0.035728525,0.005078366,0.012581126,-0.247598717,0.000345202
8,-2,-14,0,0.720179557,0.035704367,0.002553156,0.00631098,-0.247929116,0.000171229
8,0,-14,0,0.720949125,0.035697331,-4.85E-07,-1.03E-06,-0.248036518,2.13E-08
8,2,-14,0,0.720179265,0.035704228,-0.002554104,-0.006313004,-0.247929057,-0.00017119
8,4,-14,0,0.717922685,0.035728763,-0.005079179,-0.012582533,-0.247597812,-0.000345154
8,6,-14,0,0.714192386,0.035770416,-0.007618043,-0.018807896,-0.247074586,-0.000514632
10,-6,-14,0,0.859442808,0.046860496,0.006532684,0.020746792,-0.29345955,0.000989839
10,-4,-14,0,0.864117982,0.046901264,0.00435497,0.013881077,-0.294302618,0.000662506
10,-2,-14,0,0.866943999,0.046926513,0.002184808,0.006959826,-0.294827446,0.000331105
10,0,-14,0,0.867907582,0.046936995,-7.21E-07,-1.86E-06,-0.294999672,-5.84E-08
10,2,-14,0,0.866943744,0.046926695,-0.002186248,-0.006963571,-0.294827485,-0.000331234
10,4,-14,0,0.86411731,0.046901611,-0.004356306,-0.013884729,-0.294302305,-0.000662632
10,6,-14,0,0.859441269,0.046860866,-0.006533942,-0.020750309,-0.293459113,-0.000989978
12,-6,-14,0,1.003772381,0.05991338,0.005343981,0.022667076,-0.340244986,0.001412683
12,-4,-14,0,1.009389596,0.060051717,0.003561732,0.015167993,-0.341410428,0.000944742
12,-2,-14,0,1.012782599,0.060135253,0.001781537,0.007602326,-0.342131433,0.000473169
12,0,-14,0,1.01393899,0.060166042,-9.59E-07,-2.39E-06,-0.342368998,-3.05E-07
12,2,-14,0,1.012781846,0.060135013,-0.001783499,-0.007607186,-0.342131413,-0.000473788
12,4,-14,0,1.009387365,0.060050995,-0.003563539,-0.015172756,-0.341409831,-0.000945321
12,6,-14,0,1.00376976,0.059912648,-0.005345653,-0.022671761,-0.340244503,-0.001413291
14,-6,-14,0,1.146929523,0.074858391,0.004056815,0.024566344,-0.387266693,0.001782358
14,-4,-14,0,1.153488154,0.075109769,0.002702177,0.01643981,-0.388760297,0.001191333
14,-2,-14,0,1.157445747,0.075260499,0.001345003,0.008237,-0.389678531,0.000597225
14,0,-14,0,1.158795659,0.07531494,-1.38E-06,-3.41E-06,-0.389983701,-5.72E-07
14,2,-14,0,1.157445473,0.075260469,-0.001347794,-0.008243924,-0.389679205,-0.000598374
14,4,-14,0,1.153487187,0.075109618,-0.002704769,-0.016446468,-0.388760954,-0.001192472
14,6,-14,0,1.146927764,0.07485804,-0.004059177,-0.024572735,-0.387267557,-0.001783501
16,-6,-14,0,1.288685056,0.09162111,0.002677472,0.026439339,-0.434371644,0.002096899
16,-4,-14,0,1.2961715,0.091997349,0.00178075,0.017695433,-0.436189335,0.001401332
16,-2,-14,0,1.300689115,0.092223688,0.000877535,0.008863432,-0.437305133,0.000702689
16,0,-14,0,1.302231498,0.092304232,-1.88E-06,-4.69E-06,-0.437679567,-9.25E-07
16,2,-14,0,1.300688408,0.092223628,-0.000881185,-0.008872728,-0.437305652,-0.000704534
16,4,-14,0,1.296170239,0.091997079,-0.001784238,-0.017704608,-0.436190978,-0.001403188
16,6,-14,0,1.288682824,0.091619812,-0.002680741,-0.02644879,-0.434375185,-0.002099044
18,-6,-14,0,1.428793506,0.110110779,0.001213874,0.028286662,-0.481391152,0.002355415
18,-4,-14,0,1.437189115,0.11062451,0.000794116,0.018929256,-0.483515577,0.001574348
18,-2,-14,0,1.44227198,0.110935616,0.00038174,0.009480709,-0.484843853,0.000788961
18,0,-14,0,1.443920187,0.111032972,-2.38E-06,-6.23E-06,-0.485266733,-1.45E-06
18,2,-14,0,1.442266133,0.110931743,-0.000386939,-0.009492585,-0.484842875,-0.000791265
18,4,-14,0,1.437181339,0.110620461,-0.000799227,-0.01894069,-0.48351484,-0.001576629
18,6,-14,0,1.428785766,0.110105666,-0.001218826,-0.028298482,-0.481394501,-0.002358116
20,-6,-14,0,1.567019135,0.130230334,-0.000325134,0.030106008,-0.528154183,0.002556252
20,-4,-14,0,1.576318767,0.130894201,-0.000239447,0.020146048,-0.530590103,0.001708231
20,-2,-14,0,1.581951657,0.131292208,-0.000141238,0.010089658,-0.53212572,0.00085676
20,0,-14,0,1.583777179,0.131418477,-3.44E-06,-7.50E-06,-0.532608996,-1.44E-06
20,2,-14,0,1.581950871,0.131292352,0.000134407,-0.010104586,-0.532126836,-0.000859596
20,4,-14,0,1.576308509,0.130889069,0.000233268,-0.020160635,-0.530589612,-0.001711762
20,6,-14,0,1.567007801,0.130223792,0.00031897,-0.030121151,-0.528158193,-0.002560316
-10,-6,-12,0,-0.613398645,0.029851648,0.012253333,0.000359352,0.145965414,-0.005924361
-10,-4,-12,0,-0.618236646,0.029808009,0.008170634,0.000229915,0.148177105,-0.003963789
-10,-2,-12,0,-0.621149521,0.0297822,0.004064898,0.00010275,0.149508809,-0.00198111
-10,0,-12,0,-0.622187335,0.02977691,1.34E-06,7.53E-07,0.15002926,-3.74E-07
-10,2,-12,0,-0.621147917,0.029781978,-0.004062707,-0.000101358,0.149509134,0.001980477
-10,4,-12,0,-0.618236827,0.029807772,-0.008167961,-0.00022841,0.14817755,0.003963046
-10,6,-12,0,-0.613399056,0.029851317,-0.012250696,-0.000357825,0.14596632,0.00592363
-8,-6,-12,0,-0.470927487,0.021906178,0.012194961,0.00237849,0.109442569,-0.005032776
-8,-4,-12,0,-0.474844083,0.021795142,0.008134316,0.001582305,0.111390216,-0.003367111
-8,-2,-12,0,-0.477202666,0.021728589,0.004048894,0.000781504,0.112563423,-0.001682607
-8,0,-12,0,-0.47804837,0.021708872,9.95E-07,6.23E-07,0.113026699,-2.68E-07
-8,2,-12,0,-0.477202719,0.021728521,-0.0040469,-0.000780243,0.112563644,0.001682072
-8,4,-12,0,-0.474844361,0.021795011,-0.008132336,-0.001581045,0.111390758,0.003366582
-8,6,-12,0,-0.470927372,0.021906046,-0.012193543,-0.002377729,0.109442011,0.005032396
-6,-6,-12,0,-0.327107313,0.016007238,0.011992131,0.004382448,0.071279578,-0.004174062
-6,-4,-12,0,-0.330133391,0.015848883,0.008026407,0.002934295,0.073016307,-0.002798557
-6,-2,-12,0,-0.33193252,0.015751514,0.003996951,0.001459949,0.074025651,-0.001398169
-6,0,-12,0,-0.332584095,0.015720834,3.23E-07,1.48E-07,0.074429122,-8.47E-08
-6,2,-12,0,-0.331932145,0.015751472,-0.003995993,-0.001459352,0.074024763,0.001397918
-6,4,-12,0,-0.330133386,0.015848818,-0.008025502,-0.002933734,0.073015717,0.002798321
-6,6,-12,0,-0.327107684,0.016007161,-0.011991344,-0.004381988,0.07127931,0.004173856
-4,-6,-12,0,-0.1822541,0.012200747,0.011723887,0.006401591,0.031700497,-0.003369502
-4,-4,-12,0,-0.184339655,0.012007316,0.007845438,0.004285279,0.033149829,-0.002259073
-4,-2,-12,0,-0.185575708,0.011889136,0.003908667,0.002138163,0.033990585,-0.001128365
-4,0,-12,0,-0.186032405,0.011850966,9.61E-08,-4.23E-10,0.034332336,-2.65E-08
-4,2,-12,0,-0.185576357,0.011889146,-0.003908431,-0.002138123,0.0339913,0.001128301
-4,4,-12,0,-0.184340191,0.012007273,-0.007845022,-0.00428514,0.033149898,0.002258967
-4,6,-12,0,-0.182254376,0.012200694,-0.011723706,-0.006401637,0.031700087,0.003369455
-2,-6,-12,0,-0.036564133,0.010508649,0.011343482,0.008417256,-0.009256857,-0.002609101
-2,-4,-12,0,-0.037705411,0.010296987,0.007588621,0.005633302,-0.008101457,-0.001749128
-2,-2,-12,0,-0.038375133,0.010168228,0.003782476,0.002814879,-0.007434028,-0.000873375
-2,0,-12,0,-0.038566898,0.010125418,-5.55E-09,-2.93E-08,-0.007267223,-2.31E-09
-2,2,-12,0,-0.03837479,0.010168274,-0.003782525,-0.002815057,-0.007434023,0.000873375
-2,4,-12,0,-0.037704785,0.010296994,-0.007588615,-0.00563336,-0.008101771,0.001749137
-2,6,-12,0,-0.036564776,0.010508643,-0.011343142,-0.00841697,-0.009256144,0.002609055
0,-6,-12,0,0.109716694,0.010946026,0.010847823,0.010426114,-0.0514741,-0.001893702
0,-4,-12,0,0.109525869,0.010733086,0.007255291,0.006977448,-0.050622111,-0.001269571
0,-2,-12,0,0.109424893,0.010603908,0.003617959,0.003489778,-0.050132318,-0.000633597
0,0,-12,0,0.109424292,0.010561228,-4.40E-09,-4.26E-08,-0.050018418,3.92E-09
0,2,-12,0,0.109425535,0.010603927,-0.003617857,-0.003489748,-0.050132612,0.000633586
0,4,-12,0,0.109527134,0.010733131,-0.00725519,-0.006977293,-0.05062252,0.001269552
0,6,-12,0,0.109717299,0.010946053,-0.010847774,-0.010425961,-0.051473831,0.001893689
2,-6,-12,0,0.256345545,0.013516065,0.010236599,0.012426246,-0.094832995,-0.001224457
2,-4,-12,0,0.257109683,0.013318794,0.006844012,0.008315423,-0.094292321,-0.000820949
2,-2,-12,0,0.25758169,0.013199371,0.003414401,0.004161596,-0.09398573,-0.000409314
2,0,-12,0,0.257772464,0.013160325,-2.62E-07,-3.72E-07,-0.093926791,3.33E-08
2,2,-12,0,0.257581868,0.01319948,-0.003414942,-0.004162345,-0.093986394,0.000409393
2,4,-12,0,0.25710975,0.013318895,-0.006844457,-0.008316105,-0.094292958,0.000821024
2,6,-12,0,0.256345707,0.013516228,-0.010236957,-0.012426727,-0.094833673,0.001224531
4,-6,-12,0,0.4030715,0.018210711,0.0095096,0.014415706,-0.139202924,-0.000602506
4,-4,-12,0,0.404793357,0.018045759,0.006355156,0.009646303,-0.138980473,-0.000404099
4,-2,-12,0,0.405839396,0.017946054,0.00317207,0.004830065,-0.138860729,-0.000200931
4,0,-12,0,0.406221299,0.017913912,-1.23E-07,-4.01E-07,-0.13885682,2.34E-08
4,2,-12,0,0.405839442,0.017946032,-0.00317227,-0.004830849,-0.138860707,0.000200971
4,4,-12,0,0.404793357,0.018045719,-0.006355352,-0.009647094,-0.138980367,0.000404132
4,6,-12,0,0.403071428,0.01821066,-0.009509766,-0.014416445,-0.139202763,0.000602532
6,-6,-12,0,0.549646197,0.025009679,0.00866799,0.016392335,-0.184447123,-2.89E-05
6,-4,-12,0,0.552334604,0.024893459,0.005781809,0.010964906,-0.184562765,-1.85E-05
6,-2,-12,0,0.553944265,0.024823739,0.00289095,0.005493797,-0.18461784,-8.85E-06
6,0,-12,0,0.554518161,0.024801779,-2.88E-07,-6.24E-07,-0.184670465,3.57E-08
6,2,-12,0,0.553945459,0.024823546,-0.002891481,-0.005495277,-0.18461867,8.86E-06
6,4,-12,0,0.55233444,0.024893367,-0.005782273,-0.010966142,-0.184562733,1.85E-05
6,6,-12,0,0.549645998,0.025009846,-0.008668362,-0.016393019,-0.184446493,2.90E-05
8,-6,-12,0,0.695820289,0.033881079,0.007713901,0.018353853,-0.230423359,0.000495037
8,-4,-12,0,0.699458621,0.033830217,0.005146008,0.012279351,-0.230857234,0.000331585
8,-2,-12,0,0.701659045,0.033800258,0.002582757,0.006157712,-0.231133184,0.000165049
8,0,-12,0,0.70241043,0.033791396,-4.80E-07,-9.53E-07,-0.231222638,2.21E-08
8,2,-12,0,0.7016588,0.033800112,-0.002583665,-0.006159573,-0.231133185,-0.000165015
8,4,-12,0,0.699457976,0.03383038,-0.005146768,-0.012280639,-0.23085637,-0.000331538
8,6,-12,0,0.695819851,0.033881232,-0.007714557,-0.018355012,-0.230422884,-0.000494996
10,-6,-12,0,0.841346157,0.04478161,0.006650761,0.02029792,-0.27698317,0.00096808
10,-4,-12,0,0.845930951,0.044811837,0.004436881,0.013581897,-0.277737489,0.000647495
10,-2,-12,0,0.848701912,0.044830285,0.002221739,0.006807949,-0.278208577,0.000324145
10,0,-12,0,0.849647212,0.044838399,-6.72E-07,-1.72E-06,-0.278362799,-9.05E-08
10,2,-12,0,0.848701266,0.044830102,-0.00222306,-0.006811419,-0.278208317,-0.000324368
10,4,-12,0,0.845929704,0.044811517,-0.004438156,-0.013585311,-0.277736975,-0.000647738
10,6,-12,0,0.841344288,0.044781233,-0.006651882,-0.02030121,-0.276982491,-0.000968367
12,-6,-12,0,0.985974185,0.0576562,0.005482633,0.022222458,-0.323972506,0.001389035
12,-4,-12,0,0.99150249,0.057782946,0.003657368,0.014871571,-0.325050468,0.000928516
12,-2,-12,0,0.994842337,0.057859287,0.001825444,0.007451823,-0.325718781,0.00046556
12,0,-12,0,0.995981413,0.057887862,-9.62E-07,-2.37E-06,-0.325938981,-3.22E-07
12,2,-12,0,0.99484216,0.057859271,-0.001827368,-0.00745662,-0.325719122,-0.00046621
12,4,-12,0,0.99150157,0.057782679,-0.003659134,-0.014876238,-0.325050779,-0.000929167
12,6,-12,0,0.985972691,0.05765575,-0.005484241,-0.022226989,-0.323972947,-0.001389694
14,-6,-12,0,1.129453713,0.072437942,0.00421519,0.024126038,-0.371226792,0.001756489
14,-4,-12,0,1.135925801,0.072675938,0.002811097,0.016146691,-0.372635586,0.001173799
14,-2,-12,0,1.139830985,0.072818793,0.001395661,0.008088161,-0.373501998,0.00058891
14,0,-12,0,1.141163695,0.072870655,-1.35E-06,-3.39E-06,-0.373789956,-5.52E-07
14,2,-12,0,1.139830879,0.072818775,-0.001398374,-0.008094986,-0.373502682,-0.000590017
14,4,-12,0,1.135925317,0.072675841,-0.002813588,-0.016153318,-0.372636748,-0.001174913
14,6,-12,0,1.129453462,0.072437038,-0.004217496,-0.024132992,-0.371229925,-0.001757866
16,-6,-12,0,1.271555568,0.089050696,0.002854839,0.026005108,-0.418596618,0.002069152
16,-4,-12,0,1.278956328,0.089413199,0.001902104,0.017405848,-0.420329327,0.001382439
16,-2,-12,0,1.283423356,0.089631253,0.000934652,0.008716465,-0.421394331,0.00069363
16,0,-12,0,1.284948779,0.089708839,-1.80E-06,-4.64E-06,-0.421751435,-9.08E-07
16,2,-12,0,1.283422744,0.089631166,-0.000938186,-0.008725671,-0.42139494,-0.000695438
16,4,-12,0,1.278955364,0.089412902,-0.001905538,-0.017415034,-0.420331091,-0.001384268
16,6,-12,0,1.271549973,0.089046697,-0.002858591,-0.026014024,-0.418598644,-0.002070842
18,-6,-12,0,1.412032087,0.107406325,0.001409069,0.027858307,-0.465907998,0.002325561
18,-4,-12,0,1.420340158,0.107905084,0.000923495,0.018641836,-0.467942121,0.001554442
18,-2,-12,0,1.425377441,0.10820787,0.000445003,0.009335797,-0.469227467,0.000779158
18,0,-12,0,1.42700817,0.108302394,-2.30E-06,-6.15E-06,-0.469633252,-1.42E-06
18,2,-12,0,1.425372323,0.108204227,-0.000450027,-0.009347466,-0.469227191,-0.00078142
18,4,-12,0,1.420333037,0.107901235,-0.000928431,-0.0186531,-0.467942125,-0.00155669
18,6,-12,0,1.412024688,0.107401329,-0.001413917,-0.027869994,-0.465911595,-0.00232822
20,-6,-12,0,1.550646945,0.127407619,-0.00011305,0.029684252,-0.512990173,0.002524296
20,-4,-12,0,1.559861001,0.12805581,-9.87E-05,0.019863015,-0.515338014,0.001686887
20,-2,-12,0,1.565449557,0.128445198,-7.22E-05,0.009946631,-0.516830413,0.000846151
20,0,-12,0,1.567258772,0.128568745,-3.39E-06,-7.37E-06,-0.517298909,-1.41E-06
20,2,-12,0,1.565448538,0.128445278,6.56E-05,-0.009961227,-0.516831326,-0.00084893
20,4,-12,0,1.559852071,0.128051006,9.28E-05,-0.019877406,-0.515338651,-0.001690368
20,6,-12,0,1.550636743,0.127401336,0.000107098,-0.029699159,-0.512995163,-0.002528285
-10,-6,-10,0,-0.633525499,0.030270789,0.012122283,-0.000119836,0.163268051,-0.005934282
-10,-4,-10,0,-0.638467934,0.030233587,0.008084687,-9.02E-05,0.165573595,-0.003970872
-10,-2,-10,0,-0.641443864,0.030211615,0.004024397,-5.67E-05,0.166961903,-0.001985282
-10,0,-10,0,-0.642497873,0.030207354,1.34E-06,6.82E-07,0.167494024,-3.61E-07
-10,2,-10,0,-0.641443939,0.030211502,-0.004021784,5.80E-05,0.166962213,0.001984584
-10,4,-10,0,-0.638468195,0.03023335,-0.008082008,9.16E-05,0.165574169,0.003970157
-10,6,-10,0,-0.633525851,0.030270443,-0.01211963,0.000121231,0.16326899,0.005933576
-8,-6,-10,0,-0.491044697,0.022061537,0.012088768,0.001898421,0.126859006,-0.005044172
-8,-4,-10,0,-0.495066128,0.021955061,0.00806468,0.001261274,0.128902553,-0.00337508
-8,-2,-10,0,-0.497487536,0.021891245,0.004016578,0.000621619,0.130132696,-0.001687197
-8,0,-10,0,-0.498349175,0.021872205,1.00E-06,5.69E-07,0.130607468,-2.59E-07
-8,2,-10,0,-0.497487599,0.021891171,-0.004014565,-0.000620476,0.130132928,0.001686681
-8,4,-10,0,-0.495066452,0.021954926,-0.008062665,-0.001260111,0.128903122,0.003374566
-8,6,-10,0,-0.491045351,0.022061327,-0.012086778,-0.001897244,0.126859952,0.005043668
-6,-6,-10,0,-0.347192406,0.015900358,0.011914659,0.003902964,0.088790413,-0.004187893
-6,-4,-10,0,-0.350317293,0.015744363,0.007973254,0.002612715,0.090614727,-0.002807487
-6,-2,-10,0,-0.352178802,0.015648641,0.003972918,0.0012998,0.091681201,-0.001403225
-6,0,-10,0,-0.352845402,0.015618298,6.94E-07,4.34E-07,0.092094884,-1.71E-07
-6,2,-10,0,-0.352178399,0.015648595,-0.003971905,-0.001299286,0.091680302,0.001402974
-6,4,-10,0,-0.350317225,0.015744295,-0.007972291,-0.002612231,0.090614099,0.002807251
-6,6,-10,0,-0.347192712,0.015900274,-0.011913827,-0.003902567,0.088790076,0.004187689
-4,-6,-10,0,-0.202272317,0.011833772,0.011671306,0.00592216,0.049266237,-0.003384876
-4,-4,-10,0,-0.204456414,0.011640987,0.007808874,0.003963599,0.050803954,-0.002269029
-4,-2,-10,0,-0.205754212,0.011523409,0.003892953,0.001977972,0.051702002,-0.001133909
-4,0,-10,0,-0.206225678,0.011485234,1.69E-07,7.77E-08,0.052054364,-4.09E-08
-4,2,-10,0,-0.205754453,0.011523393,-0.003892616,-0.001977854,0.051702151,0.001133826
-4,4,-10,0,-0.204457037,0.011640964,-0.007808544,-0.003963526,0.050804416,0.002268948
-4,6,-10,0,-0.202273394,0.011833768,-0.011671061,-0.005922096,0.049267028,0.003384817
-2,-6,-10,0,-0.056488406,0.009885612,0.011315171,0.007937595,0.008335087,-0.002625966
-2,-4,-10,0,-0.057725723,0.009672872,0.007568613,0.005311844,0.009577325,-0.001760155
-2,-2,-10,0,-0.058456379,0.009543629,0.00377501,0.002654791,0.010301644,-0.000879422
-2,0,-10,0,-0.05867295,0.009500664,3.00E-08,-4.62E-08,0.010495599,-7.45E-09
-2,2,-10,0,-0.058455124,0.009543607,-0.003774877,-0.002654821,0.010300591,0.000879402
-2,4,-10,0,-0.057726141,0.009672889,-0.007568786,-0.005312066,0.009577664,0.001760189
-2,6,-10,0,-0.056489283,0.009885628,-0.01131534,-0.007937867,0.008335639,0.002626005
0,-6,-10,0,0.089916289,0.010072217,0.010844597,0.009947748,-0.033888889,-0.001912311
0,-4,-10,0,0.089630006,0.009856535,0.007251874,0.006656631,-0.032949876,-0.001281747
0,-2,-10,0,0.089468842,0.009725847,0.003618854,0.003330066,-0.032403041,-0.000640204
0,0,-10,0,0.089443184,0.009682617,-2.90E-08,-7.11E-08,-0.032261761,6.05E-09
0,2,-10,0,0.089468854,0.00972586,-0.003618834,-0.003330111,-0.032402913,0.000640204
0,4,-10,0,0.089630723,0.00985656,-0.00725176,-0.006656445,-0.032949811,0.001281727
0,6,-10,0,0.089916591,0.010072242,-0.01084452,-0.009947612,-0.033888304,0.001912296
2,-6,-10,0,0.23669504,0.01239815,0.010257871,0.011949381,-0.077284035,-0.001244824
2,-4,-10,0,0.237364786,0.012196496,0.006857017,0.007995559,-0.076656582,-0.000834319
2,-2,-10,0,0.237777135,0.01207457,0.003423479,0.004002371,-0.076293078,-0.000416484
2,0,-10,0,0.237943219,0.012034552,-2.19E-07,-3.49E-07,-0.076206727,3.13E-08
2,2,-10,0,0.237777186,0.012074663,-0.003423959,-0.004003021,-0.076293448,0.000416556
2,4,-10,0,0.237364723,0.01219659,-0.006857458,-0.007996163,-0.076656962,0.000834394
2,6,-10,0,0.236694899,0.012398267,-0.010258212,-0.011949844,-0.077284427,0.001244894
4,-6,-10,0,0.383597657,0.01685656,0.009555122,0.013940903,-0.121721085,-0.000624701
4,-4,-10,0,0.385226304,0.016685714,0.006384418,0.009327821,-0.121412326,-0.000418719
4,-2,-10,0,0.386213157,0.016582572,0.003189255,0.004671528,-0.121235828,-0.0002087
4,0,-10,0,0.386570745,0.016549129,-1.46E-07,-3.58E-07,-0.121204892,2.09E-08
4,2,-10,0,0.386213275,0.016582548,-0.003189507,-0.004672224,-0.121235895,0.000208738
4,4,-10,0,0.385226403,0.016685667,-0.006384642,-0.009328522,-0.121412342,0.000418749
4,6,-10,0,0.383597758,0.016856504,-0.009555302,-0.013941575,-0.121721076,0.000624724
6,-6,-10,0,0.530376066,0.023428431,0.008737365,0.015920186,-0.167063665,-5.30E-05
6,-4,-10,0,0.532967619,0.023304968,0.005831383,0.0106502,-0.167085689,-3.51E-05
6,-2,-10,0,0.534523995,0.023230843,0.002916164,0.005336227,-0.167092355,-1.72E-05
6,0,-10,0,0.535073385,0.023207208,-2.81E-07,-5.50E-07,-0.167117862,2.77E-08
6,2,-10,0,0.534524795,0.023230628,-0.00291667,-0.005337477,-0.167092977,1.72E-05
6,4,-10,0,0.532967484,0.023304862,-0.005831834,-0.010651287,-0.167085715,3.52E-05
6,6,-10,0,0.530375868,0.023428307,-0.008737716,-0.015921207,-0.167063676,5.31E-05
8,-6,-10,0,0.676780569,0.032082931,0.00780658,0.017884581,-0.213168807,0.000468985
8,-4,-10,0,0.680323125,0.032023284,0.005211125,0.01196645,-0.213509515,0.000313661
8,-2,-10,0,0.682465408,0.031987768,0.00261093,0.005998608,-0.213728801,0.000156735
8,0,-10,0,0.683198077,0.031977322,-4.82E-07,-1.20E-06,-0.213799677,-6.65E-09
8,2,-10,0,0.682465281,0.031987887,-0.002611833,-0.006000666,-0.213729837,-0.000156717
8,4,-10,0,0.680322548,0.032023307,-0.005211923,-0.011968453,-0.213510173,-0.00031366
8,6,-10,0,0.676779621,0.032083122,-0.007807185,-0.01788591,-0.213168831,-0.000468991
10,-6,-10,0,0.822561711,0.042778433,0.006766101,0.019832544,-0.259889122,0.000940059
10,-4,-10,0,0.827052799,0.042798721,0.004517111,0.013271695,-0.260551702,0.000628268
10,-2,-10,0,0.829767415,0.042811002,0.002257648,0.006650463,-0.260967372,0.000315082
10,0,-10,0,0.83069467,0.042817297,-6.40E-07,-1.60E-06,-0.261103591,-1.71E-07
10,2,-10,0,0.829767134,0.042810901,-0.002258905,-0.006653699,-0.260967468,-0.000315427
10,4,-10,0,0.827051824,0.042798274,-0.00451828,-0.013274918,-0.260551603,-0.000628597
10,6,-10,0,0.822560312,0.042777917,-0.006767166,-0.019835714,-0.259888961,-0.000940397
12,-6,-10,0,0.96747024,0.055460358,0.005619891,0.021760913,-0.30706828,0.00135893
12,-4,-10,0,0.97290633,0.055575184,0.003752178,0.014564149,-0.308056218,0.000908055
12,-2,-10,0,0.976190687,0.055644493,0.001868801,0.007295709,-0.308669626,0.000455853
12,0,-10,0,0.9773117,0.055670808,-9.51E-07,-2.38E-06,-0.308871776,-3.06E-07
12,2,-10,0,0.976190881,0.055644517,-0.001870688,-0.007300502,-0.308670253,-0.000456471
12,4,-10,0,0.972906487,0.055575172,-0.003753917,-0.014568841,-0.30805733,-0.000908694
12,6,-10,0,0.967470324,0.05545965,-0.005621505,-0.02176584,-0.307070395,-0.00135972
14,-6,-10,0,1.111256263,0.070062077,0.004373621,0.023669711,-0.354544846,0.0017245
14,-4,-10,0,1.117637482,0.070287508,0.002919677,0.015842523,-0.355864205,0.001152084
14,-2,-10,0,1.121488169,0.070422682,0.001446235,0.007933716,-0.356676206,0.000578477
14,0,-10,0,1.122803093,0.070472021,-1.34E-06,-3.39E-06,-0.356946321,-5.39E-07
14,2,-10,0,1.121488308,0.07042266,-0.001448854,-0.007940476,-0.356677054,-0.000579558
14,4,-10,0,1.117637222,0.07028735,-0.00292206,-0.015849084,-0.355865773,-0.001153176
14,6,-10,0,1.111256519,0.070061156,-0.004375828,-0.023676573,-0.354548321,-0.001725852
16,-6,-10,0,1.253688035,0.086509513,0.003033528,0.025554138,-0.402165694,0.002035124
16,-4,-10,0,1.260999957,0.08685846,0.002024523,0.017105283,-0.403810234,0.001359345
16,-2,-10,0,1.265413646,0.087068286,0.000992152,0.008563861,-0.404822037,0.000682467
16,0,-10,0,1.266921496,0.087143142,-1.71E-06,-4.58E-06,-0.40516132,-8.97E-07
16,2,-10,0,1.265413235,0.087068171,-0.000995525,-0.008572956,-0.404822828,-0.000684251
16,4,-10,0,1.260999345,0.086858222,-0.002027758,-0.017114245,-0.403812261,-0.001361132
16,6,-10,0,1.253683376,0.086505731,-0.003037137,-0.025562874,-0.402168536,-0.00203679
18,-6,-10,0,1.394518161,0.10471492,0.001607011,0.027413222,-0.449757531,0.00228949
18,-4,-10,0,1.402734693,0.105198784,0.00105464,0.018343235,-0.45169773,0.001530386
18,-2,-10,0,1.407726707,0.105493693,0.000507505,0.009185975,-0.452942563,0.000767654
18,0,-10,0,1.409337181,0.10558499,-2.16E-06,-6.03E-06,-0.453326617,-1.40E-06
18,2,-10,0,1.407726056,0.105493519,-0.000511808,-0.009198029,-0.452943521,-0.000770445
18,4,-10,0,1.402728127,0.10519507,-0.001059352,-0.018354221,-0.451698568,-0.00153259
18,6,-10,0,1.394511515,0.104710151,-0.001611696,-0.027424708,-0.449762,-0.0022921
20,-6,-10,0,1.533509438,0.124581721,0.000103044,0.02924558,-0.497149062,0.002486206
20,-4,-10,0,1.542634365,0.125214268,4.46E-05,0.019568668,-0.499405503,0.001661434
20,-2,-10,0,1.548175482,0.125594866,-1.89E-06,0.009797889,-0.500852073,0.000833484
20,0,-10,0,1.549968017,0.125715707,-3.29E-06,-7.23E-06,-0.501305245,-1.39E-06
20,2,-10,0,1.548174574,0.125594893,-4.55E-06,-0.009812381,-0.500853712,-0.000836262
20,4,-10,0,1.542625733,0.125209588,-5.04E-05,-0.019582805,-0.499406647,-0.001664853
20,6,-10,0,1.533499631,0.124575694,-0.000108814,-0.02926023,-0.497154844,-0.002490091
-10,-6,-8,0,-0.653998964,0.030889381,0.011978742,-0.00061098,0.180926734,-0.005950292
-10,-4,-8,0,-0.659047354,0.030859798,0.007990569,-0.000418259,0.183327672,-0.003982084
-10,-2,-8,0,-0.662087266,0.030842366,0.003979799,-0.000220117,0.184773691,-0.001991527
-10,0,-8,0,-0.663157868,0.030839373,1.38E-06,6.32E-07,0.185317834,-3.58E-07
-10,2,-8,0,-0.662087353,0.030842239,-0.003977114,0.00022128,0.184774013,0.001990834
-10,4,-8,0,-0.659047808,0.030859576,-0.007987717,0.000419571,0.18332857,0.003981354
-10,6,-8,0,-0.653999586,0.030889031,-0.011976106,0.000612196,0.18092776,0.005949615
-8,-6,-8,0,-0.511538693,0.022411066,0.011970099,0.001405618,0.144653531,-0.005061667
-8,-4,-8,0,-0.515665773,0.022310363,0.007987048,0.000932047,0.146793242,-0.003387228
-8,-2,-8,0,-0.518150848,0.022249967,0.003980279,0.000457634,0.148081313,-0.001693892
-8,0,-8,0,-0.519028794,0.022231844,1.01E-06,5.15E-07,0.148567964,-2.51E-07
-8,2,-8,0,-0.518151013,0.022249895,-0.003978265,-0.000456629,0.148081619,0.001693393
-8,4,-8,0,-0.515666133,0.022310222,-0.00798501,-0.000931006,0.146793837,0.003386726
-8,6,-8,0,-0.511539385,0.022410845,-0.011968072,-0.001404552,0.144654469,0.005061172
-6,-6,-8,0,-0.367681322,0.015981345,0.011826365,0.003411461,0.106696773,-0.0042082
-6,-4,-8,0,-0.370907013,0.01582881,0.007912931,0.002283169,0.10861072,-0.002820773
-6,-2,-8,0,-0.372831998,0.015735385,0.003945511,0.001135851,0.109735543,-0.001410518
-6,0,-8,0,-0.373515206,0.015705594,7.21E-07,4.06E-07,0.110161976,-1.70E-07
-6,2,-8,0,-0.372832243,0.015735329,-0.003944067,-0.001135041,0.10973576,0.001410178
-6,4,-8,0,-0.37090759,0.015828714,-0.007911504,-0.002282352,0.108611234,0.002820441
-6,6,-8,0,-0.367682406,0.015981221,-0.011824995,-0.003410627,0.106697699,0.004207884
-4,-6,-8,0,-0.222724184,0.011647128,0.011608048,0.005429785,0.067249714,-0.003406711
-4,-4,-8,0,-0.225007891,0.011456031,0.007765427,0.003633624,0.068876572,-0.002283363
-4,-2,-8,0,-0.226368957,0.011339647,0.003873716,0.001813508,0.069833564,-0.001141642
-4,0,-8,0,-0.226855965,0.011301703,1.80E-07,1.25E-08,0.070197398,-4.32E-08
-4,2,-8,0,-0.226369164,0.011339637,-0.003873329,-0.001813467,0.069833722,0.00114155
-4,4,-8,0,-0.225008776,0.01145599,-0.00776481,-0.003633319,0.068877542,0.002283231
-4,6,-8,0,-0.22272438,0.011647121,-0.011607729,-0.005429615,0.067249608,0.003406633
-2,-6,-8,0,-0.076872425,0.009434269,0.011277401,0.007445317,0.026362967,-0.002649475
-2,-4,-8,0,-0.07820882,0.009221428,0.007542205,0.004981825,0.027694719,-0.001775622
-2,-2,-8,0,-0.07900185,0.009092312,0.003764519,0.002490598,0.028477561,-0.000887732
-2,0,-8,0,-0.079243889,0.009049397,1.09E-07,6.36E-08,0.028699529,-2.33E-08
-2,2,-8,0,-0.079002192,0.00909234,-0.003764328,-0.002490556,0.028478148,0.000887692
-2,4,-8,0,-0.078209611,0.009221442,-0.00754216,-0.004981883,0.027695456,0.001775616
-2,6,-8,0,-0.076873645,0.009434273,-0.011277522,-0.007445511,0.026363837,0.002649503
0,-6,-8,0,0.069627502,0.009360418,0.010832329,0.009456035,-0.015847242,-0.001937568
0,-4,-8,0,0.069243768,0.009142919,0.007242432,0.00632689,-0.014819286,-0.001298383
0,-2,-8,0,0.069021099,0.009011306,0.003616748,0.003165955,-0.014214156,-0.000649054
0,0,-8,0,0.068969918,0.008967696,1.98E-09,-3.66E-08,-0.014044877,-1.55E-09
0,2,-8,0,0.069020414,0.009011324,-0.003616751,-0.003166021,-0.014213213,0.00064905
0,4,-8,0,0.069243469,0.009142936,-0.007242274,-0.006326742,-0.014818483,0.001298353
0,6,-8,0,0.069627517,0.009360426,-0.010832229,-0.009455883,-0.015846735,0.001937557
2,-6,-8,0,0.216529411,0.011431608,0.01027103,0.01145893,-0.059259366,-0.001271912
2,-4,-8,0,0.217102362,0.01122645,0.00686456,0.007666601,-0.058542823,-0.000852187
2,-2,-8,0,0.217453468,0.011102545,0.003429865,0.003838601,-0.058120914,-0.00042592
2,0,-8,0,0.217594351,0.011061739,-2.26E-07,-3.30E-07,-0.058006699,3.33E-08
2,2,-8,0,0.217453491,0.011102615,-0.003430324,-0.003839199,-0.058121135,0.000425989
2,4,-8,0,0.21710228,0.011226528,-0.006865003,-0.007667131,-0.058543052,0.00085226
2,6,-8,0,0.21652889,0.011431649,-0.010271146,-0.011459044,-0.059259133,0.001271952
4,-6,-8,0,0.363583401,0.015642197,0.009593555,0.01345233,-0.103745221,-0.000653664
4,-4,-8,0,0.365116231,0.01546625,0.006408915,0.009000104,-0.103347704,-0.000437867
4,-2,-8,0,0.366042179,0.015360162,0.003204112,0.004508381,-0.103112834,-0.000218751
4,0,-8,0,0.366374763,0.015325569,-1.56E-07,-3.11E-07,-0.10305417,1.95E-08
4,2,-8,0,0.366042362,0.015360155,-0.003204382,-0.004508981,-0.103112999,0.000218786
4,4,-8,0,0.365116362,0.015466235,-0.006409137,-0.009000693,-0.10334782,0.000437895
4,6,-8,0,0.363583503,0.015642165,-0.00959372,-0.013452898,-0.103745293,0.000653685
6,-6,-8,0,0.51054091,0.02197454,0.008800683,0.015434048,-0.149168247,-8.39E-05
6,-4,-8,0,0.513032779,0.021844551,0.005876969,0.010326152,-0.149093959,-5.63E-05
6,-2,-8,0,0.514534143,0.021766406,0.002939382,0.005173973,-0.14905068,-2.79E-05
6,0,-8,0,0.515058404,0.021741295,-2.59E-07,-4.70E-07,-0.149048323,2.28E-08
6,2,-8,0,0.514534983,0.021766212,-0.002939829,-0.00517504,-0.149051089,2.79E-05
6,4,-8,0,0.513032613,0.021844486,-0.005877381,-0.010327068,-0.149093998,5.64E-05
6,6,-8,0,0.510540645,0.021974463,-0.008800991,-0.015434902,-0.149168249,8.39E-05
8,-6,-8,0,0.657151989,0.030399543,0.007894287,0.017401357,-0.195385517,0.000436081
8,-4,-8,0,0.660596484,0.03033195,0.005272991,0.011644378,-0.195630824,0.000291097
8,-2,-8,0,0.662679361,0.030291285,0.002637424,0.005835117,-0.195792262,0.000146068
8,0,-8,0,0.663392302,0.030278991,-4.04E-07,-1.08E-06,-0.19584387,-6.86E-08
8,2,-8,0,0.662678685,0.030290972,-0.002638254,-0.005837288,-0.195791946,-0.000146202
8,4,-8,0,0.66059564,0.030331586,-0.005273803,-0.011646526,-0.19563039,-0.000291228
8,6,-8,0,0.657150862,0.030399196,-0.00789502,-0.017403451,-0.195385005,-0.000436228
10,-6,-8,0,0.803165492,0.040875678,0.006877568,0.019352483,-0.242248465,0.000905201
10,-4,-8,0,0.807559587,0.040886444,0.004594787,0.012951563,-0.242816188,0.000604452
10,-2,-8,0,0.810215804,0.040892273,0.002292177,0.006488042,-0.243174861,0.000303814
10,0,-8,0,0.811124087,0.040896695,-6.45E-07,-1.61E-06,-0.243292225,-1.54E-07
10,2,-8,0,0.810216145,0.040892331,-0.002293447,-0.006491263,-0.243175383,-0.000304128
10,4,-8,0,0.807560207,0.040886055,-0.004595987,-0.012954996,-0.242817474,-0.000604866
10,6,-8,0,0.803165753,0.040875173,-0.006878639,-0.01935581,-0.24224974,-0.000905626
12,-6,-8,0,0.948334032,0.053349721,0.005754573,0.021285242,-0.289602968,0.001322148
12,-4,-8,0,0.953674379,0.053454316,0.0038453,0.01424665,-0.290496321,0.000882886
12,-2,-8,0,0.956901399,0.053516205,0.001911215,0.007134696,-0.291053757,0.000443866
12,0,-8,0,0.958003609,0.053540318,-9.14E-07,-2.37E-06,-0.29123716,-3.00E-07
12,2,-8,0,0.956901772,0.053516201,-0.001913052,-0.007139457,-0.291054554,-0.000444466
12,4,-8,0,0.95367516,0.053453656,-0.003847036,-0.014251692,-0.290498522,-0.000883634
12,6,-8,0,0.948334698,0.05334899,-0.005756147,-0.021290125,-0.289605495,-0.001322914
14,-6,-8,0,1.092406038,0.067757102,0.004530714,0.02319865,-0.3372855,0.001685701
14,-4,-8,0,1.098692727,0.067970182,0.003027735,0.015528456,-0.338512117,0.001125745
14,-2,-8,0,1.102487238,0.06809789,0.001496634,0.007774361,-0.339268412,0.000565711
14,0,-8,0,1.10378375,0.068144739,-1.20E-06,-3.28E-06,-0.339520043,-5.35E-07
14,2,-8,0,1.102487578,0.068097831,-0.001499138,-0.007781038,-0.33926945,-0.000566783
14,4,-8,0,1.098693243,0.067970062,-0.003030129,-0.015535018,-0.338513794,-0.001126821
14,6,-8,0,1.092411969,0.067756663,-0.004532842,-0.02320435,-0.337294113,-0.001686901
16,-6,-8,0,1.235148479,0.08402349,0.003212131,0.0250883,-0.385143119,0.001994376
16,-4,-8,0,1.242368586,0.084359229,0.002147197,0.016794911,-0.386697222,0.001331716
16,-2,-8,0,1.246726427,0.084560916,0.001049569,0.008406267,-0.387653069,0.000669054
16,0,-8,0,1.248215999,0.084633084,-1.62E-06,-4.52E-06,-0.387973868,-8.88E-07
16,2,-8,0,1.246726182,0.084560761,-0.001052751,-0.00841522,-0.387653966,-0.00067082
16,4,-8,0,1.242364533,0.084356722,-0.002150526,-0.016802927,-0.386697949,-0.00133304
16,6,-8,0,1.235144541,0.084019924,-0.003215585,-0.025096833,-0.385146762,-0.00199601
18,-6,-8,0,1.376314164,0.102062745,0.001806168,0.026953142,-0.433001886,0.002246773
18,-4,-8,0,1.384435594,0.102531888,0.001186532,0.018034494,-0.43484488,0.00150186
18,-2,-8,0,1.389377316,0.102818438,0.000572129,0.009030067,-0.436041389,0.000753485
18,0,-8,0,1.390969543,0.102907119,-2.05E-06,-5.95E-06,-0.436408613,-1.38E-06
18,2,-8,0,1.389376533,0.102818224,-0.000576062,-0.009041873,-0.43604204,-0.00075625
18,4,-8,0,1.384429529,0.102528335,-0.001191038,-0.018045291,-0.434846107,-0.001504038
18,6,-8,0,1.376308447,0.102058288,-0.001810658,-0.02696441,-0.433007061,-0.002249323
20,-6,-8,0,1.51566551,0.12177882,0.000321702,0.028791879,-0.480690775,0.002441603
20,-4,-8,0,1.524697414,0.122395907,0.000189657,0.019264246,-0.482851454,0.001631603
20,-2,-8,0,1.530194953,0.122772039,6.98E-05,0.009643969,-0.484251176,0.000818016
20,0,-8,0,1.53196356,0.122885857,-3.16E-06,-7.08E-06,-0.484687263,-1.37E-06
20,2,-8,0,1.530187955,0.122767628,-7.53E-05,-0.009658358,-0.484252197,-0.000821413
20,4,-8,0,1.524688846,0.122391358,-0.000195122,-0.019278102,-0.482852845,-0.001634957
20,6,-8,0,1.51565766,0.121773253,-0.000327164,-0.028806359,-0.480697884,-0.002445426
-10,-6,-6,0,-0.674714878,0.031712366,0.011823241,-0.001111614,0.198852489,-0.00597272
-10,-4,-6,0,-0.679870354,0.031691567,0.007888303,-0.000752767,0.201350336,-0.003997568
-10,-2,-6,0,-0.682974514,0.031679333,0.00393124,-0.000386689,0.202854306,-0.001999948
-10,0,-6,0,-0.684061896,0.031677857,1.46E-06,5.77E-07,0.203410677,-3.72E-07
-10,2,-6,0,-0.682974705,0.031679202,-0.003928373,0.000387801,0.202854634,0.001999221
-10,4,-6,0,-0.679870696,0.031691291,-0.007885452,0.000753895,0.201350785,0.003996845
-10,6,-6,0,-0.674715659,0.03171196,-0.011820414,0.001112775,0.198853327,0.005972007
-8,-6,-6,0,-0.532305615,0.022961941,0.011839724,0.000902959,0.162736118,-0.005085706
-8,-4,-6,0,-0.536539502,0.022868153,0.007901608,0.000596226,0.164973275,-0.003403767
-8,-2,-6,0,-0.539088907,0.022811864,0.00394013,0.000290364,0.166320023,-0.001702808
-8,0,-6,0,-0.539983315,0.022794897,1.07E-06,4.65E-07,0.16681875,-2.60E-07
-8,2,-6,0,-0.539089059,0.02281179,-0.003938002,-0.000289441,0.16632032,0.001702293
-8,4,-6,0,-0.53653996,0.022867995,-0.007899468,-0.000595273,0.164973827,0.003403252
-8,6,-6,0,-0.532306488,0.022961693,-0.011837606,-0.000901978,0.162736995,0.005085201
-6,-6,-6,0,-0.388474201,0.016259363,0.011726358,0.002909374,0.124913326,-0.004235083
-6,-4,-6,0,-0.391801961,0.016111417,0.007844622,0.001946404,0.126918243,-0.002838429
-6,-2,-6,0,-0.3937911,0.016020987,0.003913954,0.000968128,0.128102194,-0.001419968
-6,0,-6,0,-0.394490584,0.015992,7.54E-07,3.68E-07,0.128540537,-1.73E-07
-6,2,-6,0,-0.393791375,0.01602093,-0.003912431,-0.000967382,0.128102397,0.00141962
-6,4,-6,0,-0.391802606,0.01611132,-0.007843123,-0.001945652,0.126918762,0.00283809
-6,6,-6,0,-0.388475624,0.016259232,-0.011724865,-0.002908522,0.124914388,0.004234746
-4,-6,-6,0,-0.243509391,0.011652054,0.011533973,0.004926893,0.085563056,-0.003435326
-4,-4,-6,0,-0.24589408,0.0114637,0.007714515,0.003296424,0.087280817,-0.002302197
-4,-2,-6,0,-0.247318879,0.011349232,0.003851147,0.001645865,0.088296694,-0.001151712
-4,0,-6,0,-0.247821736,0.011311726,4.52E-07,2.57E-07,0.088672272,-9.65E-08
-4,2,-6,0,-0.247319191,0.011349199,-0.003850218,-0.001645299,0.088296944,0.001151513
-4,4,-6,0,-0.245895012,0.011463666,-0.007713634,-0.00329585,0.087281421,0.002302017
-4,6,-6,0,-0.243509689,0.011652064,-0.01153355,-0.004926764,0.085563117,0.003435217
-2,-6,-6,0,-0.097620201,0.009167803,0.011229587,0.006942334,0.044741654,-0.002679904
-2,-4,-6,0,-0.099057176,0.008955942,0.007508828,0.004644439,0.046164803,-0.001795681
-2,-2,-6,0,-0.099914098,0.008827624,0.00375037,0.002322546,0.047007823,-0.000898316
-2,0,-6,0,-0.100180912,0.00878489,1.53E-07,7.47E-08,0.047256789,-2.95E-08
-2,2,-6,0,-0.099914089,0.008827624,-0.003750231,-0.002322558,0.047007927,0.000898286
-2,4,-6,0,-0.099058313,0.008955964,-0.007508701,-0.004644501,0.046165954,0.001795658
-2,6,-6,0,-0.097621728,0.009167835,-0.011229542,-0.006942442,0.044743155,0.002679903
0,-6,-6,0,0.048946203,0.008825745,0.010810664,0.008953312,0.002565636,-0.001969833
0,-4,-6,0,0.048462509,0.008607435,0.007226563,0.005989659,0.003685156,-0.001319683
0,-2,-6,0,0.048177347,0.008475496,0.003611461,0.002998066,0.004349634,-0.000660249
0,0,-6,0,0.048100513,0.008431699,1.80E-08,-3.95E-08,0.004547028,-5.61E-09
0,2,-6,0,0.048176702,0.008475495,-0.003611406,-0.002998039,0.004350136,0.000660238
0,4,-6,0,0.048461992,0.008607449,-0.007226535,-0.00598964,0.003685601,0.001319676
0,6,-6,0,0.048945828,0.008825743,-0.010810473,-0.008953097,0.002566327,0.001969805
2,-6,-6,0,0.195942171,0.010633277,0.010275457,0.010957117,-0.040843019,-0.001306059
2,-4,-6,0,0.196416458,0.010425574,0.00686624,0.007330035,-0.040035542,-0.00087478
2,-2,-6,0,0.196705103,0.010300271,0.003433348,0.003671034,-0.039554053,-0.000437734
2,0,-6,0,0.19682038,0.010258869,-2.41E-07,-3.19E-07,-0.039411561,3.53E-08
2,2,-6,0,0.196705145,0.01030032,-0.003433807,-0.003671613,-0.039554234,0.000437803
2,4,-6,0,0.196416472,0.010425642,-0.006866691,-0.007330547,-0.040035753,0.000874852
2,6,-6,0,0.195941936,0.010633313,-0.010275618,-0.010957288,-0.04084299,0.001306099
4,-6,-6,0,0.343119941,0.014586132,0.009624129,0.012952226,-0.085357994,-0.000689747
4,-4,-6,0,0.344554851,0.014405956,0.006428135,0.008664664,-0.08486971,-0.000461779
4,-2,-6,0,0.345418557,0.014297441,0.003216375,0.00434138,-0.084575169,-0.000231197
4,0,-6,0,0.345725463,0.014261866,-1.44E-07,-2.68E-07,-0.084488124,1.92E-08
4,2,-6,0,0.345418501,0.014297464,-0.003216619,-0.004341874,-0.08457521,0.000231232
4,4,-6,0,0.344554738,0.014405979,-0.006428329,-0.008665117,-0.084869726,0.000461807
4,6,-6,0,0.343120083,0.01458628,-0.009624483,-0.01295283,-0.085357938,0.000689789
6,-6,-6,0,0.490229895,0.020668303,0.008856923,0.014935792,-0.130841887,-0.000121998
6,-4,-6,0,0.49261988,0.02053255,0.005917849,0.009993918,-0.130669093,-8.24E-05
6,-2,-6,0,0.494065845,0.020450645,0.002961197,0.005007928,-0.130576221,-4.11E-05
6,0,-6,0,0.494562642,0.020424178,-2.30E-07,-4.04E-07,-0.130543787,2.36E-08
6,2,-6,0,0.494065114,0.020450583,-0.002961707,-0.005009022,-0.130576432,4.11E-05
6,4,-6,0,0.492618811,0.020532308,-0.005918309,-0.009994979,-0.130669056,8.24E-05
6,6,-6,0,0.490228825,0.020668009,-0.008857308,-0.014936803,-0.130841825,0.000121963
8,-6,-6,0,0.63701987,0.028851473,0.007975946,0.016905893,-0.177151746,0.000396062
8,-4,-6,0,0.640363509,0.02877655,0.005330822,0.01131401,-0.17729904,0.000263787
8,-2,-6,0,0.642385438,0.028730881,0.002661786,0.005667463,-0.177401215,0.000133112
8,0,-6,0,0.643078994,0.028717343,-4.28E-07,-1.02E-06,-0.177433557,-6.54E-08
8,2,-6,0,0.642385802,0.028730976,-0.002662632,-0.005669513,-0.177401596,-0.000133253
8,4,-6,0,0.640363857,0.028776264,-0.005331619,-0.011316205,-0.177299602,-0.000263967
8,6,-6,0,0.637019811,0.028851038,-0.007976685,-0.016908062,-0.177152086,-0.000396236
10,-6,-6,0,0.783241529,0.03909538,0.006984154,0.018860497,-0.22413992,0.000863227
10,-4,-6,0,0.787535996,0.039097315,0.004669268,0.012623591,-0.224610422,0.000575884
10,-2,-6,0,0.790131984,0.039097527,0.002325001,0.006321508,-0.224910107,0.000290136
10,0,-6,0,0.791020663,0.039100146,-6.34E-07,-1.60E-06,-0.225008064,-1.44E-07
10,2,-6,0,0.790132457,0.039097538,-0.002326253,-0.006324706,-0.22491075,-0.000290429
10,4,-6,0,0.787536996,0.039096893,-0.004670419,-0.012626966,-0.224611938,-0.000576268
10,6,-6,0,0.783242445,0.039094932,-0.006985214,-0.018863773,-0.224141633,-0.000863628
12,-6,-6,0,0.928645419,0.051348499,0.005885429,0.020797139,-0.271651411,0.0012782
12,-4,-6,0,0.933887728,0.051442291,0.003936024,0.013921621,-0.272449147,0.000853158
12,-2,-6,0,0.937055282,0.051498314,0.0019523,0.006969514,-0.2729476,0.000429477
12,0,-6,0,0.93813817,0.051520337,-8.77E-07,-2.35E-06,-0.273111741,-2.99E-07
12,2,-6,0,0.937055788,0.051498273,-0.001954055,-0.006974212,-0.272948483,-0.000430072
12,4,-6,0,0.933888541,0.051442167,-0.003937633,-0.013926225,-0.272450844,-0.000853772
12,6,-6,0,0.928646467,0.051347762,-0.005886948,-0.020801954,-0.271654247,-0.001278945
14,-6,-6,0,1.072985312,0.065547664,0.004685101,0.022713944,-0.31952775,0.001639714
14,-4,-6,0,1.079169701,0.06574868,0.003134099,0.015206023,-0.320654118,0.001094623
14,-2,-6,0,1.082905736,0.065869136,0.00154572,0.007610687,-0.321352638,0.000550619
14,0,-6,0,1.084183216,0.065913622,-1.13E-06,-3.24E-06,-0.321585279,-5.32E-07
14,2,-6,0,1.082906057,0.065869034,-0.001548071,-0.007617276,-0.32135363,-0.000551688
14,4,-6,0,1.079170085,0.065748441,-0.003136269,-0.015212419,-0.320655991,-0.001095691
14,6,-6,0,1.07298611,0.065546698,-0.004687146,-0.022720639,-0.319531569,-0.001640977
16,-6,-6,0,1.216010862,0.08161798,0.003389225,0.024609628,-0.367600594,0.001946546
16,-4,-6,0,1.223111888,0.081938322,0.002247634,0.016465893,-0.369022608,0.001301473
16,-2,-6,0,1.227436273,0.082134666,0.001106409,0.00824434,-0.369959651,0.000653273
16,0,-6,0,1.228906928,0.082204237,-1.53E-06,-4.47E-06,-0.37026133,-8.81E-07
16,2,-6,0,1.227436095,0.08213448,-0.001109403,-0.008253169,-0.369960519,-0.000655021
16,4,-6,0,1.223119045,0.081939016,-0.002272659,-0.016487239,-0.369040169,-0.001301485
16,6,-6,0,1.216010858,0.081616745,-0.003391962,-0.024618683,-0.367605335,-0.001948553
18,-6,-6,0,1.357491149,0.099475882,0.00200508,0.026480103,-0.415710552,0.002197041
18,-4,-6,0,1.365513951,0.099930471,0.001318215,0.017717081,-0.417453168,0.001468655
18,-2,-6,0,1.370403498,0.100208861,0.000636474,0.00886972,-0.418599595,0.000736978
18,0,-6,0,1.37197689,0.100295021,-1.92E-06,-5.87E-06,-0.418949415,-1.36E-06
18,2,-6,0,1.370402431,0.100208612,-0.000640133,-0.008881424,-0.418599996,-0.000739722
18,4,-6,0,1.365508248,0.099927098,-0.001322496,-0.017727664,-0.417454636,-0.001470799
18,6,-6,0,1.357485736,0.099471625,-0.002009394,-0.026491193,-0.415716062,-0.002199539
20,-6,-6,0,1.497182257,0.119025706,0.000541342,0.028324947,-0.463680957,0.002389993
20,-4,-6,0,1.506117237,0.11962724,0.000335342,0.01895114,-0.465742379,0.001597175
20,-2,-6,0,1.511564027,0.119994745,0.00014139,0.009485778,-0.46709396,0.000800801
20,0,-6,0,1.513313936,0.120105909,-3.04E-06,-6.95E-06,-0.467512732,-1.35E-06
20,2,-6,0,1.511556853,0.11999038,-0.000146489,-0.009499911,-0.467094857,-0.000804199
20,4,-6,0,1.506109374,0.119622891,-0.000340527,-0.018964651,-0.465744673,-0.001600438
20,6,-6,0,1.49717482,0.119020415,-0.000546605,-0.028339266,-0.463688247,-0.002393742
-10,-6,-4,0,-0.695567129,0.032740668,0.01165616,-0.001619326,0.216953242,-0.006001662
-10,-4,-4,0,-0.700829789,0.032729847,0.00777836,-0.001091942,0.219548408,-0.004017442
-10,-2,-4,0,-0.703998963,0.032723495,0.003878868,-0.000555607,0.221111141,-0.002010583
-10,0,-4,0,-0.705102828,0.032723766,1.56E-06,5.40E-07,0.221679735,-3.91E-07
-10,2,-4,0,-0.703999053,0.032723335,-0.003875775,0.000556706,0.221111358,0.002009812
-10,4,-4,0,-0.700830492,0.032729498,-0.007775318,0.001093046,0.219548829,0.004016683
-10,6,-4,0,-0.695568168,0.032740252,-0.011653212,0.001620456,0.216953924,0.006000946
-8,-6,-4,0,-0.553217445,0.023714809,0.011672565,0.00038339,0.180978296,-0.005110058
-8,-4,-4,0,-0.557581179,0.023631688,0.007808588,0.00025551,0.183350369,-0.003424799
-8,-2,-4,0,-0.560195373,0.023580203,0.00389622,0.000120662,0.184756373,-0.001713988
-8,0,-4,0,-0.561106457,0.023564629,1.15E-06,4.47E-07,0.185267337,-2.72E-07
-8,2,-4,0,-0.560195594,0.023580102,-0.003893948,-0.000119745,0.184756644,0.001713455
-8,4,-4,0,-0.557582065,0.023631508,-0.007806336,-0.000254576,0.183350937,0.003424275
-8,6,-4,0,-0.553224783,0.023714988,-0.011674149,-0.000384389,0.180986867,0.005110533
-6,-6,-4,0,-0.409466831,0.016739982,0.011615213,0.002399454,0.14334781,-0.004268818
-6,-4,-4,0,-0.41289635,0.016597713,0.007768879,0.001604523,0.145443942,-0.002860677
-6,-2,-4,0,-0.41494988,0.016510967,0.003878674,0.000797887,0.146687672,-0.001431722
-6,0,-4,0,-0.415665863,0.016483029,7.92E-07,3.77E-07,0.147138281,-1.75E-07
-6,2,-4,0,-0.414950595,0.016510915,-0.003877088,-0.000797111,0.146688165,0.001431372
-6,4,-4,0,-0.412897351,0.016597633,-0.007767322,-0.001603757,0.145444867,0.002860336
-6,6,-4,0,-0.409467862,0.016739816,-0.011613672,-0.002398681,0.143348692,0.004268477
-4,-6,-4,0,-0.264524474,0.0118563,0.011449515,0.004416339,0.104114626,-0.003470991
-4,-4,-4,0,-0.267011951,0.011671772,0.007656457,0.002953833,0.105925155,-0.002325725
-4,-2,-4,0,-0.268501192,0.011559883,0.003824724,0.00147522,0.107001191,-0.001164079
-4,0,-4,0,-0.269019618,0.011523043,5.01E-07,2.90E-07,0.107388419,-1.03E-07
-4,2,-4,0,-0.26850113,0.011559832,-0.003823699,-0.001474606,0.107001231,0.001163869
-4,4,-4,0,-0.267012743,0.01167175,-0.007655415,-0.002953148,0.105925814,0.002325515
-4,6,-4,0,-0.264525286,0.011856264,-0.011448629,-0.004415822,0.104115344,0.003470803
-2,-6,-4,0,-0.118630176,0.009096128,0.01117136,0.006430909,0.063381337,-0.002717426
-2,-4,-4,0,-0.120168907,0.008886304,0.007468534,0.004301439,0.064896999,-0.001820502
-2,-2,-4,0,-0.121089022,0.008759368,0.003733006,0.002151844,0.065799546,-0.000911337
-2,0,-4,0,-0.121382207,0.008717088,1.93E-07,1.05E-07,0.066077396,-3.58E-08
-2,2,-4,0,-0.121089532,0.00875937,-0.003732618,-0.002151654,0.065800106,0.000911266
-2,4,-4,0,-0.120169332,0.008886302,-0.007468215,-0.004301316,0.064897265,0.001820434
-2,6,-4,0,-0.118630766,0.009096124,-0.011171109,-0.006430806,0.063381783,0.002717373
0,-6,-4,0,0.027971509,0.008480071,0.010779045,0.008441873,0.021261147,-0.00200927
0,-4,-4,0,0.02738698,0.008261997,0.007204019,0.005646603,0.022472985,-0.001345787
0,-2,-4,0,0.027037767,0.008130348,0.003602831,0.002827198,0.023197902,-0.000673861
0,0,-4,0,0.026935632,0.00808658,1.01E-07,6.39E-08,0.02342351,-1.87E-08
0,2,-4,0,0.027038002,0.00813036,-0.003602742,-0.002827195,0.023197805,0.000673839
0,4,-4,0,0.027386434,0.008261985,-0.007204048,-0.005646597,0.022473157,0.001345798
0,6,-4,0,0.027971148,0.008480053,-0.010778959,-0.008441707,0.021261312,0.002009264
2,-6,-4,0,0.175031731,0.010017012,0.010270725,0.010446395,-0.022123756,-0.0013475
2,-4,-4,0,0.175405911,0.009807771,0.006861773,0.006987501,-0.021223919,-0.000902255
2,-2,-4,0,0.175631222,0.00968168,0.003433785,0.003500492,-0.020682001,-0.000452004
2,0,-4,0,0.175720575,0.009639868,-2.36E-07,-2.89E-07,-0.020510878,3.39E-08
2,2,-4,0,0.175631176,0.009681712,-0.003434231,-0.003501022,-0.020682042,0.00045207
2,4,-4,0,0.175405516,0.009807783,-0.006862013,-0.006987763,-0.021223653,0.000902299
2,6,-4,0,0.175031613,0.010017039,-0.010270935,-0.010446624,-0.022123707,0.001347539
4,-6,-4,0,0.322303662,0.013704197,0.009646041,0.012442689,-0.066646767,-0.000733195
4,-4,-4,0,0.323639031,0.013520724,0.006441495,0.008322821,-0.066066142,-0.000490621
4,-2,-4,0,0.324439511,0.013410308,0.00322567,0.004171075,-0.065710963,-0.000246117
4,0,-4,0,0.32472047,0.013373908,-2.63E-07,-4.37E-07,-0.065595105,2.65E-08
4,2,-4,0,0.324439144,0.013410327,-0.003226175,-0.004171924,-0.065710659,0.000246167
4,4,-4,0,0.323638444,0.013520722,-0.006441999,-0.008323632,-0.066065705,0.000490664
4,6,-4,0,0.322303247,0.0137042,-0.009646537,-0.012443438,-0.06664652,0.000733229
6,-6,-4,0,0.469535602,0.019526767,0.008905509,0.014428284,-0.112170795,-0.000167432
6,-4,-4,0,0.471821764,0.019386207,0.005953625,0.009655557,-0.1118977,-0.000113376
6,-2,-4,0,0.47320513,0.019301063,0.00297436,0.004836237,-0.111744211,-5.59E-05
6,0,-4,0,0.473682161,0.01927371,-3.01E-07,-6.18E-07,-0.111691511,-1.66E-08
6,2,-4,0,0.47320499,0.019300989,-0.002974955,-0.004837483,-0.111744171,5.59E-05
6,4,-4,0,0.471821521,0.019385955,-0.005954248,-0.009656884,-0.111897573,0.000113352
6,6,-4,0,0.469535263,0.019526522,-0.008906077,-0.014429566,-0.11217055,0.0001674
8,-6,-4,0,0.616477318,0.02745776,0.00805078,0.016400933,-0.158553359,0.000348639
8,-4,-4,0,0.61971809,0.027376358,0.00538414,0.010977389,-0.158600838,0.000231521
8,-2,-4,0,0.621677588,0.027326736,0.002683799,0.005496426,-0.158642241,0.000117628
8,0,-4,0,0.622350791,0.027311864,-4.60E-07,-1.13E-06,-0.158654529,-8.28E-08
8,2,-4,0,0.621677997,0.027326511,-0.002684669,-0.005498546,-0.158642807,-0.00011777
8,4,-4,0,0.61971873,0.027376162,-0.005384937,-0.010979476,-0.158601617,-0.000231681
8,6,-4,0,0.616477973,0.027457549,-0.008051481,-0.016402984,-0.158554226,-0.000348817
10,-6,-4,0,0.762879101,0.037458523,0.007084758,0.018358568,-0.205646543,0.000813817
10,-4,-4,0,0.767071841,0.037452399,0.00473978,0.012288975,-0.206017877,0.000542329
10,-2,-4,0,0.769606319,0.037447486,0.002355797,0.006151657,-0.206257525,0.000273966
10,0,-4,0,0.770474924,0.037448471,-6.16E-07,-1.59E-06,-0.206335596,-1.43E-07
10,2,-4,0,0.769606805,0.037447466,-0.002356997,-0.006154797,-0.206258166,-0.000274253
10,4,-4,0,0.767072914,0.037451972,-0.004740909,-0.012292294,-0.20601954,-0.000542696
10,6,-4,0,0.762880258,0.037458072,-0.007085805,-0.018361807,-0.205648528,-0.000814199
12,-6,-4,0,0.908491515,0.049478628,0.006011266,0.020298849,-0.253295651,0.001226832
12,-4,-4,0,0.913633499,0.049562919,0.004023428,0.013589456,-0.253995175,0.000818326
12,-2,-4,0,0.916740117,0.049612861,0.001991693,0.006800925,-0.254433946,0.000412603
12,0,-4,0,0.917803384,0.04963293,-8.43E-07,-2.35E-06,-0.254578563,-2.99E-07
12,2,-4,0,0.916740649,0.049612807,-0.001993347,-0.00680555,-0.254434784,-0.000413193
12,4,-4,0,0.91363414,0.049562758,-0.004024908,-0.013593968,-0.253996739,-0.000818933
12,6,-4,0,0.90849285,0.049477934,-0.006012763,-0.020303652,-0.253298734,-0.001227559
14,-6,-4,0,1.053067887,0.063456105,0.00483552,0.022219902,-0.30134198,0.001586421
14,-4,-4,0,1.059152976,0.06364617,0.003237831,0.014876642,-0.302370926,0.001058549
14,-2,-4,0,1.062829027,0.063759725,0.001593411,0.007443525,-0.303010259,0.000533065
14,0,-4,0,1.064086847,0.063801976,-1.09E-06,-3.22E-06,-0.303223294,-5.26E-07
14,2,-4,0,1.062829332,0.063759617,-0.001595634,-0.007450024,-0.303011162,-0.000534117
14,4,-4,0,1.059153203,0.06364594,-0.003239893,-0.014882942,-0.302372431,-0.001059597
14,6,-4,0,1.053068678,0.063455171,-0.004837479,-0.02222654,-0.301345708,-0.001587658
16,-6,-4,0,1.196357369,0.079317266,0.003563443,0.024120399,-0.34961682,0.00189138
16,-4,-4,0,1.203355207,0.079624652,0.002362699,0.016137631,-0.350934237,0.001264663
16,-2,-4,0,1.207626624,0.079814108,0.001160844,0.008079191,-0.351823127,0.000635341
16,0,-4,0,1.209034286,0.079876112,-2.19E-06,-1.17E-05,-0.352090151,-2.01E-06
16,2,-4,0,1.207626622,0.079813933,-0.001163675,-0.008088027,-0.35182412,-0.000637073
16,4,-4,0,1.203354603,0.079624283,-0.002365349,-0.016146154,-0.350935841,-0.001266372
16,6,-4,0,1.196357206,0.079316067,-0.003566021,-0.02412935,-0.349621134,-0.001893347
18,-6,-4,0,1.338128138,0.096979457,0.002202229,0.025996258,-0.397960051,0.002140038
18,-4,-4,0,1.346049253,0.097419829,0.00144866,0.017392431,-0.399599433,0.001430599
18,-2,-4,0,1.35088455,0.097690334,0.000700129,0.008705665,-0.400694151,0.000718051
18,0,-4,0,1.352438701,0.097774037,-1.82E-06,-5.81E-06,-0.401026221,-1.33E-06
18,2,-4,0,1.350882827,0.097689994,-0.000703619,-0.008717329,-0.400694422,-0.000720741
18,4,-4,0,1.346047338,0.097419322,-0.001452078,-0.017403677,-0.399600501,-0.001433225
18,6,-4,0,1.3381227,0.096975429,-0.002206367,-0.026007186,-0.397965495,-0.002142478
20,-6,-4,0,1.478135672,0.1163481,0.000760427,0.027847083,-0.446194499,0.002331207
20,-4,-4,0,1.486970704,0.11693414,0.000480491,0.01863037,-0.448155063,0.001557879
20,-2,-4,0,1.492367129,0.117293854,0.00021357,0.009324995,-0.449461125,0.000781203
20,0,-4,0,1.494099844,0.117405785,-2.22E-06,-7.51E-06,-0.449854881,-1.99E-06
20,2,-4,0,1.492360508,0.117289933,-0.000218658,-0.009339071,-0.449462629,-0.000784518
20,4,-4,0,1.486962639,0.116930053,-0.000485485,-0.018643814,-0.448156855,-0.001561114
20,6,-4,0,1.478128062,0.116343016,-0.000765517,-0.027861227,-0.446201631,-0.002334876
-10,-6,-2,0,-0.716448961,0.033970811,0.011478245,-0.002131643,0.235134833,-0.006037144
-10,-4,-2,0,-0.721819095,0.033971024,0.007660916,-0.001434328,0.237827908,-0.004041596
-10,-2,-2,0,-0.725052835,0.033971504,0.003822589,-0.000726212,0.239449517,-0.002023322
-10,0,-2,0,-0.726173186,0.033973966,1.57E-06,4.68E-07,0.240030447,-3.85E-07
-10,2,-2,0,-0.725052748,0.03397149,-0.003819611,0.000727115,0.239449547,0.00202263
-10,4,-2,0,-0.721819644,0.033971121,-0.007657936,0.001435271,0.237828198,0.004040916
-10,6,-2,0,-0.716450251,0.033970876,-0.011475192,0.002132726,0.23513567,0.00603645
-8,-6,-2,0,-0.574217861,0.024674466,0.011524786,-0.000129698,0.199366095,-0.005148728
-8,-4,-2,0,-0.578683563,0.024599891,0.007708292,-8.84E-05,0.201829168,-0.003450325
-8,-2,-2,0,-0.581362484,0.024553907,0.003848546,-5.07E-05,0.203294849,-0.001727378
-8,0,-2,0,-0.582290508,0.024540098,1.06E-06,3.82E-07,0.203818597,-2.23E-07
-8,2,-2,0,-0.581363255,0.024553907,-0.003846377,5.16E-05,0.203295525,0.001726932
-8,4,-2,0,-0.578685234,0.024600056,-0.007705959,8.94E-05,0.201830564,0.003449817
-8,6,-2,0,-0.574218578,0.024674471,-0.011522177,0.000131133,0.199366734,0.005148136
-6,-6,-2,0,-0.430551896,0.017424537,0.011493424,0.001884509,0.161905524,-0.004309448
-6,-4,-2,0,-0.434084545,0.017289326,0.007685986,0.001259137,0.164094067,-0.00288757
-6,-2,-2,0,-0.436202211,0.017206777,0.003839768,0.000625882,0.165397318,-0.001445787
-6,0,-2,0,-0.436933863,0.017180125,8.30E-07,4.60E-07,0.165859709,-1.71E-07
-6,2,-2,0,-0.436202577,0.017206795,-0.003838179,-0.000625056,0.165397782,0.001445461
-6,4,-2,0,-0.43408506,0.017289162,-0.007684418,-0.001258392,0.164094867,0.002887239
-6,6,-2,0,-0.430552805,0.017424511,-0.011491824,-0.001883632,0.16190644,0.004309144
-4,-6,-2,0,-0.285665854,0.012263691,0.011353657,0.003899383,0.122812472,-0.003513546
-4,-4,-2,0,-0.288255938,0.012084203,0.007590852,0.002607044,0.124715782,-0.002353886
-4,-2,-2,0,-0.289808635,0.011975382,0.003794796,0.001302825,0.125851321,-0.001178818
-4,0,-2,0,-0.290343451,0.011939549,5.79E-07,3.47E-07,0.126250851,-1.20E-07
-4,2,-2,0,-0.289808721,0.011975395,-0.0037936,-0.001302018,0.125851409,0.001178585
-4,4,-2,0,-0.288255673,0.0120841,-0.007590099,-0.002606701,0.124715628,0.002353733
-4,6,-2,0,-0.285666079,0.012263642,-0.011353174,-0.003899355,0.122812759,0.00351345
-2,-6,-2,0,-0.139796927,0.009225309,0.011103052,0.005913796,0.082187647,-0.002762168
-2,-4,-2,0,-0.141438099,0.00901863,0.007421508,0.003954681,0.083796621,-0.001850161
-2,-2,-2,0,-0.142422685,0.008893786,0.003712141,0.001979172,0.084759924,-0.000926761
-2,0,-2,0,-0.142741577,0.008852141,2.74E-07,2.03E-07,0.085065868,-4.86E-08
-2,2,-2,0,-0.142422996,0.008893786,-0.003711675,-0.001978903,0.084759848,0.00092667
-2,4,-2,0,-0.141438758,0.009018628,-0.007420962,-0.003954418,0.083796784,0.001850049
-2,6,-2,0,-0.139797901,0.0092253,-0.011102519,-0.005913505,0.082188135,0.002762061
0,-6,-2,0,0.006806209,0.008331689,0.010737466,0.007924163,0.040145833,-0.002056009
0,-4,-2,0,0.006121773,0.008114933,0.007175147,0.005299703,0.041449341,-0.001376839
0,-2,-2,0,0.005708283,0.007984263,0.003591065,0.002654497,0.042235856,-0.000689955
0,0,-2,0,0.005580051,0.007940691,9.58E-08,7.79E-08,0.042489878,-1.64E-08
0,2,-2,0,0.005708206,0.007984258,-0.003590878,-0.00265435,0.042235781,0.000689922
0,4,-2,0,0.006120698,0.008114943,-0.007174937,-0.005299532,0.041450511,0.001376803
0,6,-2,0,0.006807038,0.008331694,-0.010737566,-0.007924238,0.040145323,0.002056028
2,-6,-2,0,0.153900244,0.009593273,0.010256549,0.009929315,-0.003193981,-0.001396337
2,-4,-2,0,0.154173305,0.009383539,0.006850981,0.006640716,-0.002200819,-0.000934685
2,-2,-2,0,0.15433393,0.009257278,0.003431173,0.003327957,-0.001596967,-0.000468775
2,0,-2,0,0.154397385,0.009215246,-8.29E-08,-9.24E-08,-0.00139728,1.52E-08
2,2,-2,0,0.154334098,0.009257282,-0.003431326,-0.00332812,-0.001597311,0.000468803
2,4,-2,0,0.154172866,0.009383537,-0.006851219,-0.006640954,-0.002200445,0.000934723
2,6,-2,0,0.153899997,0.009593276,-0.010256798,-0.009929549,-0.003193796,0.001396376
4,-6,-2,0,0.301234437,0.013008665,0.009659131,0.011926614,-0.047703229,-0.000784095
4,-4,-2,0,0.302469067,0.012822934,0.006448988,0.007976718,-0.047029247,-0.000524458
4,-2,-2,0,0.303205737,0.012711318,0.003232087,0.00399875,-0.046612898,-0.000263557
4,0,-2,0,0.303460614,0.012674251,-2.53E-07,-3.88E-07,-0.046468195,2.32E-08
4,2,-2,0,0.303205373,0.012711279,-0.003232588,-0.003999509,-0.046612618,0.000263599
4,4,-2,0,0.302468527,0.012822899,-0.006449493,-0.007977466,-0.047028801,0.000524499
4,6,-2,0,0.301233968,0.013008612,-0.009659644,-0.011927352,-0.047702969,0.000784132
6,-6,-2,0,0.448558331,0.018564367,0.008945788,0.01391389,-0.093246139,-0.000220381
6,-4,-2,0,0.450739305,0.018419944,0.005983895,0.009312637,-0.092871581,-0.000149394
6,-2,-2,0,0.452058724,0.018332261,0.002984706,0.004662127,-0.092656275,-7.32E-05
6,0,-2,0,0.452515026,0.018304037,-2.93E-07,-5.67E-07,-0.092583319,-8.52E-09
6,2,-2,0,0.452058778,0.018332162,-0.002985297,-0.004663324,-0.092656402,7.31E-05
6,4,-2,0,0.450739137,0.018419776,-0.005984464,-0.009313837,-0.092871524,0.000149371
6,6,-2,0,0.448558062,0.018564177,-0.008946334,-0.013915089,-0.093245979,0.000220355
8,-6,-2,0,0.595621386,0.02623498,0.008117961,0.015888744,-0.139680085,0.000293662
8,-4,-2,0,0.598757715,0.026148013,0.005432357,0.010635924,-0.139626319,0.000194187
8,-2,-2,0,0.600653929,0.026094699,0.002703266,0.005323129,-0.139606301,9.96E-05
8,0,-2,0,0.601306526,0.026078725,-4.32E-07,-1.07E-06,-0.139598278,-7.54E-08
8,2,-2,0,0.60065431,0.026094496,-0.002704087,-0.00532515,-0.139606871,-9.98E-05
8,4,-2,0,0.598758253,0.026147826,-0.005433119,-0.010637928,-0.139627048,-0.000194332
8,6,-2,0,0.595622031,0.026234815,-0.00811865,-0.015890721,-0.139680947,-0.000293826
10,-6,-2,0,0.742173895,0.03598315,0.007178488,0.01784919,-0.186857528,0.000756847
10,-4,-2,0,0.746263082,0.035969807,0.00480572,0.011949388,-0.18712808,0.000503706
10,-2,-2,0,0.748734678,0.035960605,0.00238419,0.005979072,-0.187306053,0.000255214
10,0,-2,0,0.749582839,0.035960128,-6.46E-07,-1.77E-06,-0.187363892,-1.90E-07
10,2,-2,0,0.748735347,0.035960268,-0.002385384,-0.005982362,-0.187307184,-0.000255545
10,4,-2,0,0.746263994,0.035969437,-0.004806797,-0.011952616,-0.187129604,-0.000504054
10,6,-2,0,0.742174888,0.035982759,-0.007179492,-0.017852349,-0.18685933,-0.000757211
12,-6,-2,0,0.887966111,0.047759767,0.006131085,0.0197929,-0.234623746,0.001167915
12,-4,-2,0,0.893005311,0.047835292,0.004106687,0.013252077,-0.235223125,0.000778438
12,-2,-2,0,0.896050109,0.047879666,0.002028988,0.0066297,-0.23560097,0.000393206
12,0,-2,0,0.897093163,0.047897949,-7.76E-07,-2.26E-06,-0.235725599,-2.86E-07
12,2,-2,0,0.896050487,0.047879629,-0.002030546,-0.00663424,-0.235601628,-0.000393778
12,4,-2,0,0.893005869,0.047835192,-0.004108169,-0.013256554,-0.23522425,-0.000779022
12,6,-2,0,0.887967116,0.047759164,-0.006132473,-0.01979758,-0.234626328,-0.001168616
14,-6,-2,0,1.032750796,0.061504135,0.004980791,0.021717946,-0.28281964,0.001525612
14,-4,-2,0,1.038734215,0.061683954,0.003338124,0.014541938,-0.283748974,0.00101743
14,-2,-2,0,1.042348723,0.061791006,0.001639319,0.007273613,-0.28432779,0.00051299
14,0,-2,0,1.043586601,0.061831187,-1.02E-06,-3.15E-06,-0.284520927,-5.09E-07
14,2,-2,0,1.042349092,0.061790931,-0.001641425,-0.007280075,-0.284328696,-0.000514018
14,4,-2,0,1.03873406,0.061683754,-0.003340077,-0.014548158,-0.283750016,-0.001018453
14,6,-2,0,1.032751066,0.0615033,-0.004982649,-0.021724471,-0.28282266,-0.001526806
16,-6,-2,0,1.176276592,0.077143846,0.003733463,0.023622988,-0.331276208,0.00182874
16,-4,-2,0,1.183167629,0.07743948,0.002474752,0.015803086,-0.332484041,0.001222592
16,-2,-2,0,1.187384054,0.077621512,0.001215295,0.007910649,-0.333322789,0.000614564
16,0,-2,0,1.188736082,0.077677279,-1.39E-06,-4.37E-06,-0.333568011,-8.39E-07
16,2,-2,0,1.187383691,0.077621372,-0.001217953,-0.007919277,-0.333323317,-0.000616241
16,4,-2,0,1.183167907,0.077438579,-0.002477422,-0.015812277,-0.332487956,-0.001224515
16,6,-2,0,1.176276018,0.077142735,-0.00373591,-0.023631826,-0.331279901,-0.001830652
18,-6,-2,0,1.318311222,0.0945972,0.002396254,0.025504082,-0.379833122,0.002075635
18,-4,-2,0,1.326126182,0.095024534,0.001576698,0.017061103,-0.38136287,0.001387227
18,-2,-2,0,1.330907874,0.095286827,0.000762699,0.008538889,-0.382409225,0.000696644
18,0,-2,0,1.332441804,0.095368275,-1.75E-06,-5.80E-06,-0.382722142,-1.31E-06
18,2,-2,0,1.330905684,0.095286517,-0.000766,-0.008550289,-0.38240892,-0.000699252
18,4,-2,0,1.326125416,0.095023362,-0.001580166,-0.017073266,-0.381367497,-0.001390159
18,6,-2,0,1.318305067,0.094593377,-0.002400139,-0.025514757,-0.379837955,-0.002078006
20,-6,-2,0,1.458609206,0.113770775,0.000977396,0.027360537,-0.428312288,0.002265088
20,-4,-2,0,1.467339274,0.114342625,0.000623884,0.018302579,-0.430163568,0.001513229
20,-2,-2,0,1.472684084,0.114693556,0.000283899,0.009160482,-0.431424642,0.000759254
20,0,-2,0,1.474396074,0.114802719,-2.12E-06,-7.46E-06,-0.431798427,-1.95E-06
20,2,-2,0,1.472681594,0.114693184,-0.000288054,-0.009175286,-0.431424578,-0.000763147
20,4,-2,0,1.467333268,0.114337989,-0.000629042,-0.018317258,-0.430170933,-0.001516901
20,6,-2,0,1.458601059,0.113765925,-0.000982359,-0.027374557,-0.428318957,-0.002268677
-10,-6,0,-20,-0.710925117,0.043192769,0.035977056,0.042929777,0.232288175,-0.013924263
-10,-4,0,-20,-0.722481313,0.043409991,0.032480606,0.044011315,0.240522542,-0.011909719
-10,-2,0,-20,-0.731950614,0.043607572,0.028918537,0.045015609,0.247722564,-0.009840229
-10,0,0,-20,-0.739276772,0.043785201,0.02527824,0.045929687,0.253817489,-0.007721932
-10,2,0,-20,-0.744357375,0.04393646,0.021682924,0.046788727,0.258743306,-0.005595192
-10,4,0,-20,-0.747294442,0.044065952,0.017985098,0.04752734,0.262619368,-0.003433267
-10,6,0,-20,-0.748011771,0.044172228,0.014254704,0.048160501,0.265350174,-0.001262904
-8,-6,0,-20,-0.5700147,0.034086146,0.034586465,0.045281125,0.197498528,-0.011946052
-8,-4,0,-20,-0.580708773,0.034161051,0.031040796,0.045697618,0.205501442,-0.010203987
-8,-2,0,-20,-0.589697254,0.034247529,0.027452776,0.046038118,0.21260322,-0.008420317
-8,0,0,-20,-0.596899314,0.034343514,0.023781377,0.046281724,0.218694828,-0.006592565
-8,2,0,-20,-0.602228344,0.034444817,0.020161156,0.046474552,0.223719279,-0.004760692
-8,4,0,-20,-0.605796819,0.034556101,0.01643575,0.046543124,0.227813359,-0.002895678
-8,6,0,-20,-0.607496636,0.034674697,0.012684204,0.046515958,0.230851123,-0.001023814
-6,-6,0,-20,-0.427653198,0.026967159,0.033016584,0.047557643,0.160970921,-0.009977506
-6,-4,0,-20,-0.437478122,0.026915468,0.029471302,0.047311763,0.168747873,-0.008498426
-6,-2,0,-20,-0.445975472,0.026899797,0.02589146,0.046988564,0.175740729,-0.006986655
-6,0,0,-20,-0.453072985,0.026916544,0.022255165,0.046572906,0.181866001,-0.005442855
-6,2,0,-20,-0.458628297,0.026963996,0.018606773,0.046081945,0.18694837,-0.003883447
-6,4,0,-20,-0.462816086,0.027045526,0.014891399,0.045483861,0.19124884,-0.002302483
-6,6,0,-20,-0.465446066,0.027154021,0.011208811,0.044818738,0.194509417,-0.000729369
-4,-6,0,-20,-0.284089553,0.021881411,0.031287108,0.049762691,0.122823136,-0.008028702
-4,-4,0,-20,-0.293033019,0.021719407,0.027777732,0.048855456,0.13035897,-0.006798795
-4,-2,0,-20,-0.301022099,0.021609583,0.024238302,0.047864727,0.137225833,-0.005543864
-4,0,0,-20,-0.307984758,0.02155003,0.020645602,0.046780114,0.143339033,-0.004263166
-4,2,0,-20,-0.313783916,0.021539595,0.017030727,0.045614813,0.148513435,-0.002968367
-4,4,0,-20,-0.31858621,0.02158096,0.013360427,0.044350217,0.153018013,-0.001657265
-4,6,0,-20,-0.32220435,0.021668484,0.009718408,0.043022295,0.156595695,-0.000353349
-2,-6,0,-20,-0.139563669,0.018862368,0.029397721,0.051891866,0.083160516,-0.006104311
-2,-4,0,-20,-0.147608587,0.018606145,0.025960226,0.050323615,0.090435669,-0.005109234
-2,-2,0,-20,-0.155081661,0.018412309,0.022499754,0.048667973,0.097166362,-0.004097105
-2,0,0,-20,-0.161894216,0.018278487,0.018985107,0.046912306,0.103248738,-0.003064477
-2,2,0,-20,-0.167932852,0.018206939,0.015440809,0.045074142,0.108514066,-0.002019754
-2,4,0,-20,-0.173340546,0.018197843,0.011851282,0.043143229,0.113218565,-0.000963868
-2,6,0,-20,-0.177945128,0.018247488,0.008284496,0.041152236,0.117114865,8.52E-05
0,-6,0,-20,0.005693741,0.01793251,0.02735498,0.053945003,0.042084118,-0.004210406
0,-4,0,-20,-0.001442893,0.017598798,0.024023827,0.051714568,0.049086535,-0.003435057
0,-2,0,-20,-0.008391623,0.017330884,0.020678215,0.049393971,0.055670949,-0.002650391
0,0,0,-20,-0.014999773,0.017127166,0.017329037,0.046992524,0.061644588,-0.001860263
0,2,0,-20,-0.021310255,0.016990352,0.013842065,0.0444583,0.067061249,-0.001041257
0,4,0,-20,-0.027316221,0.016920521,0.010370345,0.041862029,0.071961199,-0.000225753
0,6,0,-20,-0.032900917,0.016915614,0.006916194,0.03920998,0.076177163,0.00058275
2,-6,0,-20,0.15144545,0.019102604,0.025160258,0.055917816,-0.000285891,-0.002351768
2,-4,0,-20,0.145231825,0.018708533,0.021972897,0.053027218,0.006425804,-0.00178131
2,-2,0,-20,0.138822415,0.01837675,0.018779849,0.050043333,0.012847901,-0.001208767
2,0,0,-20,0.132376023,0.018106814,0.015579866,0.046971895,0.018780877,-0.00063503
2,2,0,-20,0.125846796,0.017901632,0.012241461,0.043768383,0.024267158,-3.72E-05
2,4,0,-20,0.11924583,0.017761314,0.00892512,0.040508696,0.02936034,0.000553114
2,6,0,-20,0.112688159,0.017685336,0.005620415,0.037197323,0.033894464,0.001135897
4,-6,0,-20,0.297444027,0.022372006,0.022819767,0.057808171,-0.043827366,-0.000534209
4,-4,0,-20,0.292108678,0.021936488,0.019870261,0.054284866,-0.03732868,-0.000163789
4,-2,0,-20,0.286311428,0.021549701,0.016810951,0.050615692,-0.031179234,0.000222851
4,0,0,-20,0.280032805,0.021217468,0.013797211,0.046877146,-0.025290279,0.000596114
4,2,0,-20,0.273238549,0.020938505,0.010703713,0.043030677,-0.019651684,0.000977999
4,4,0,-20,0.266102996,0.020720998,0.007523206,0.039085211,-0.014459896,0.001368723
4,6,0,-20,0.25857473,0.020557934,0.004404529,0.035117027,-0.009607604,0.001741045
6,-6,0,-20,0.443447043,0.02772756,0.020340275,0.059614128,-0.08840714,0.001236718
6,-4,0,-20,0.439048574,0.027265892,0.017613689,0.0554386,-0.082218776,0.001433086
6,-2,0,-20,0.433819051,0.026837171,0.01477688,0.051108697,-0.076268311,0.001639636
6,0,0,-20,0.427719541,0.026447297,0.011986858,0.046706066,-0.070435022,0.001828419
6,2,0,-20,0.420719838,0.026093748,0.009124455,0.042198496,-0.064735796,0.002020185
6,4,0,-20,0.413033721,0.025787755,0.006194227,0.037604581,-0.059410255,0.00221324
6,6,0,-20,0.404512076,0.025522807,0.003274605,0.032971344,-0.054194646,0.002394722
8,-6,0,-20,0.589203843,0.035145242,0.017729747,0.061333825,-0.133884703,0.002955172
8,-4,0,-20,0.585750419,0.034674997,0.015261958,0.056509197,-0.128020084,0.002993684
8,-2,0,-20,0.58112636,0.034217454,0.012713374,0.051535077,-0.122328652,0.003032125
8,0,0,-20,0.575183467,0.033772592,0.010155746,0.046459098,-0.116510625,0.0030571
8,2,0,-20,0.567985687,0.033342709,0.007561232,0.041293912,-0.110756672,0.003075216
8,4,0,-20,0.559724456,0.032940678,0.004888744,0.036041979,-0.10524887,0.003092199
8,6,0,-20,0.550255552,0.03255751,0.002235642,0.030762342,-0.099729024,0.003093415
10,-6,0,-20,0.734465916,0.044589203,0.014997386,0.062965609,-0.180113691,0.004615335
10,-4,0,-20,0.731963722,0.044127913,0.012823463,0.057495695,-0.17458467,0.004512509
10,-2,0,-20,0.727915173,0.043650858,0.010565032,0.051866168,-0.169103929,0.004404791
10,0,0,-20,0.722172409,0.043157825,0.00831029,0.046136607,-0.163368108,0.00427741
10,2,0,-20,0.71478627,0.042649954,0.006020314,0.040318616,-0.157567162,0.004138752
10,4,0,-20,0.705959501,0.042144039,0.003641998,0.034413405,-0.151881874,0.003996186
10,6,0,-20,0.695551159,0.041628701,0.001290832,0.028492096,-0.146060119,0.003833666
12,-6,0,-20,0.87898407,0.056012128,0.01215324,0.064507609,-0.22693969,0.006211304
12,-4,0,-20,0.877438406,0.055576985,0.010307431,0.058397347,-0.221758044,0.005984077
12,-2,0,-20,0.873972058,0.055091809,0.008374042,0.052117443,-0.216498121,0.005747105
12,0,0,-20,0.868437657,0.054555868,0.006457424,0.045739511,-0.210853838,0.005484636
12,2,0,-20,0.860872244,0.053968826,0.004506963,0.039274168,-0.205012788,0.005206565
12,4,0,-20,0.851486742,0.053351075,0.002458395,0.032720207,-0.199152632,0.0049212
12,6,0,-20,0.840151113,0.052690055,0.000443915,0.026162935,-0.193034121,0.004611864
14,-6,0,-20,1.022513314,0.069355445,0.009208966,0.065959014,-0.274205696,0.007737243
14,-4,0,-20,1.021928142,0.068963677,0.007723524,0.059213788,-0.269382058,0.007402901
14,-2,0,-20,1.019046134,0.06847991,0.006148895,0.052288237,-0.264348856,0.007054016
14,0,0,-20,1.013727753,0.067906688,0.004603677,0.045267894,-0.258805065,0.006674168
14,2,0,-20,1.005993185,0.067240115,0.003026761,0.038161098,-0.252932204,0.006274227
14,4,0,-20,0.995986392,0.066495767,0.001416343,0.031000767,-0.246779084,0.005854641
14,6,0,-20,0.983812881,0.065685416,-0.000303481,0.02377848,-0.24049654,0.005424758
16,-6,0,-20,1.164803142,0.084547421,0.006176702,0.067318265,-0.321742411,0.00918764
16,-4,0,-20,1.16518461,0.084216056,0.005082377,0.059943728,-0.317289218,0.00876365
16,-2,0,-20,1.162897484,0.08374847,0.003897677,0.052380647,-0.312497538,0.008320278
16,0,0,-20,1.157723632,0.083135004,0.002756639,0.044727475,-0.30704881,0.007842211
16,2,0,-20,1.149909673,0.082396945,0.001583659,0.036983136,-0.301167233,0.007337683
16,4,0,-20,1.139366449,0.081527358,0.000371804,0.029189941,-0.294849028,0.006810987
16,6,0,-20,1.126300194,0.080548946,-0.000949963,0.021343712,-0.288290854,0.006269013
18,-6,0,-20,1.305625324,0.101512341,0.003070547,0.068585249,-0.369394577,0.010555664
18,-4,0,-20,1.306974793,0.101258641,0.00239774,0.060589733,-0.365322097,0.010059972
18,-2,0,-20,1.305281884,0.100816328,0.001630142,0.052394469,-0.360774,0.009540555
18,0,0,-20,1.300330069,0.100175059,0.000921315,0.044113135,-0.355440592,0.008982153
18,2,0,-20,1.292376814,0.099359344,0.000182611,0.035741533,-0.349546531,0.008392525
18,4,0,-20,1.281310791,0.098359084,-0.000601129,0.027323017,-0.343071291,0.007777106
18,6,0,-20,1.267363131,0.097199832,-0.001496837,0.018860313,-0.336243151,0.007141673
20,-6,0,-20,1.444738005,0.120159257,-9.45E-05,0.069759776,-0.41698565,0.011835703
20,-4,0,-20,1.447046643,0.119997351,-0.000328147,0.061146934,-0.413287931,0.011287609
20,-2,0,-20,1.445850075,0.119584103,-0.000564479,0.05237441,-0.408828275,0.010704199
20,0,0,-20,1.441232276,0.118927485,-0.00089452,0.043428847,-0.403792692,0.010090439
20,2,0,-20,1.433147359,0.11803394,-0.001172178,0.034437217,-0.397894998,0.009434571
20,4,0,-20,1.421572716,0.116896864,-0.001501888,0.025402288,-0.391272152,0.008749908
20,6,0,-20,1.406768703,0.115550478,-0.001943002,0.01633128,-0.384185409,0.008038812
-10,-6,0,-18,-0.713822874,0.041861286,0.033882157,0.03900936,0.234456936,-0.013201148
-10,-4,0,-18,-0.724861607,0.042058638,0.030352294,0.040073412,0.242228638,-0.011193434
-10,-2,0,-18,-0.733803819,0.04223908,0.026760638,0.041068004,0.248958254,-0.009133687
-10,0,0,-18,-0.740599324,0.042402401,0.023098451,0.041981448,0.254582827,-0.007028895
-10,2,0,-18,-0.745136965,0.042541623,0.019479535,0.04284728,0.259027035,-0.004916997
-10,4,0,-18,-0.74754439,0.042663372,0.015761222,0.043596239,0.262435259,-0.002772377
-10,6,0,-18,-0.747725215,0.042764171,0.012017677,0.044250441,0.264690564,-0.000622646
-8,-6,0,-18,-0.572705176,0.032697235,0.032620463,0.04133254,0.199534418,-0.011321396
-8,-4,0,-18,-0.582873853,0.032756775,0.02904342,0.041730682,0.207072043,-0.009588152
-8,-2,0,-18,-0.591328481,0.032831034,0.02542511,0.042060638,0.213698157,-0.007815224
-8,0,0,-18,-0.597993906,0.032917839,0.021730939,0.042302907,0.219314653,-0.006001586
-8,2,0,-18,-0.602784819,0.033013088,0.018083677,0.042498906,0.223863554,-0.004184287
-8,4,0,-18,-0.605807597,0.033121272,0.014339604,0.042580058,0.227474827,-0.002337143
-8,6,0,-18,-0.606966165,0.033239817,0.010573907,0.042573339,0.230033125,-0.000485478
-6,-6,0,-18,-0.430126382,0.025528487,0.031185957,0.043585891,0.16287007,-0.009454295
-6,-4,0,-18,-0.439422864,0.025466909,0.027609738,0.043322169,0.170178524,-0.007985565
-6,-2,0,-18,-0.447380315,0.025444043,0.023999162,0.042987592,0.176690755,-0.006485522
-6,0,0,-18,-0.45391644,0.025455942,0.020341172,0.042571139,0.182315142,-0.004956545
-6,2,0,-18,-0.458947097,0.025503548,0.016663276,0.042081161,0.186939447,-0.003411832
-6,4,0,-18,-0.462584721,0.025587405,0.012928636,0.041495119,0.190753329,-0.001848664
-6,6,0,-18,-0.464673464,0.025701706,0.009226834,0.040848045,0.193537718,-0.000294244
-4,-6,0,-18,-0.286342694,0.020402186,0.029596748,0.045775384,0.124581058,-0.007609268
-4,-4,0,-18,-0.294750727,0.020235135,0.026055777,0.044849377,0.131643447,-0.00639087
-4,-2,0,-18,-0.302196132,0.020123697,0.022486168,0.043847138,0.138027851,-0.005148829
-4,0,0,-18,-0.308607861,0.02006528,0.018865612,0.042757775,0.143651257,-0.003882469
-4,2,0,-18,-0.313861788,0.020059489,0.015226386,0.041595474,0.148348299,-0.002603612
-4,4,0,-18,-0.318110057,0.02010859,0.011536228,0.040342145,0.152363108,-0.001310137
-4,6,0,-18,-0.321183501,0.020207332,0.007874401,0.039031592,0.155462075,-2.44E-05
-2,-6,0,-18,-0.141588392,0.017351461,0.027852032,0.047896102,0.084769754,-0.005790579
-2,-4,0,-18,-0.149095675,0.017095427,0.024383243,0.046307986,0.091570593,-0.004808351
-2,-2,0,-18,-0.156018557,0.01690493,0.020891497,0.044639541,0.097812546,-0.003809744
-2,0,0,-18,-0.162274794,0.01677764,0.017349159,0.04287822,0.103401383,-0.002792117
-2,2,0,-18,-0.167766357,0.016716266,0.013780018,0.041042638,0.108189631,-0.00176344
-2,4,0,-18,-0.172618373,0.016720248,0.010169726,0.039121642,0.112402528,-0.000724858
-2,6,0,-18,-0.176675872,0.016786539,0.006583524,0.037148132,0.115818948,0.000306377
0,-6,0,-18,0.003897101,0.01639889,0.025956173,0.049946277,0.043543594,-0.004003551
0,-4,0,-18,-0.002695545,0.016070561,0.022594264,0.047695707,0.050066829,-0.003242331
0,-2,0,-18,-0.009088984,0.015811283,0.019217582,0.045361364,0.056160276,-0.002472114
0,0,0,-18,-0.01514343,0.015619425,0.015836295,0.042951173,0.06164541,-0.001696626
0,2,0,-18,-0.0208979,0.015498191,0.012329278,0.04042156,0.066575104,-0.000894723
0,4,0,-18,-0.026346995,0.015446914,0.008837309,0.037835169,0.070982955,-9.64E-05
0,6,0,-18,-0.031384001,0.015463923,0.005362774,0.035199133,0.074718117,0.000695009
2,-6,0,-18,0.149880194,0.017555367,0.023911645,0.051923174,0.001018752,-0.002252912
2,-4,0,-18,0.144216035,0.017171789,0.020694329,0.049011858,0.007247733,-0.001697789
2,-2,0,-18,0.138366919,0.016854305,0.017470312,0.046013626,0.013175319,-0.001140587
2,0,0,-18,0.132472751,0.016601744,0.014237314,0.042933998,0.018625922,-0.000581632
2,2,0,-18,0.126503286,0.016417091,0.010880218,0.039732822,0.023619285,-1.25E-06
2,4,0,-18,0.120459601,0.016300654,0.007543561,0.036482209,0.028220041,0.000572206
2,6,0,-18,0.114451155,0.016251838,0.00421852,0.0331863,0.032272712,0.001138542
4,-6,0,-18,0.296112268,0.0208203,0.021723593,0.053824173,-0.042680897,-0.000543934
4,-4,0,-18,0.291331719,0.020400481,0.018740925,0.050277828,-0.036671181,-0.000189316
4,-2,0,-18,0.286092015,0.020033097,0.015655014,0.046594926,-0.031010021,0.000180552
4,0,0,-18,0.280371867,0.019723644,0.012609868,0.042847181,-0.025609847,0.000538263
4,2,0,-18,0.274140614,0.019470839,0.009492964,0.039001156,-0.020467646,0.000903668
4,4,0,-18,0.26756056,0.019282318,0.006296419,0.03506587,-0.01576254,0.001277176
4,6,0,-18,0.260581331,0.019151488,0.003157586,0.031112267,-0.011391076,0.001633766
6,-6,0,-18,0.442349644,0.026180592,0.019398238,0.055647284,-0.087421757,0.001118224
6,-4,0,-18,0.43850846,0.025739875,0.016639366,0.051448025,-0.081723389,0.001297637
6,-2,0,-18,0.433837998,0.025335799,0.013776665,0.047103665,-0.07626139,0.001486693
6,0,0,-18,0.428298716,0.024973953,0.010956129,0.042691157,-0.070917566,0.001659489
6,2,0,-18,0.421862331,0.024651785,0.0080707,0.03818332,-0.065714034,0.001834819
6,4,0,-18,0.414727811,0.024379938,0.005121114,0.033597058,-0.06086763,0.002011766
6,6,0,-18,0.40676125,0.024151881,0.002185919,0.028979744,-0.056140253,0.002177602
8,-6,0,-18,0.588341676,0.033612203,0.016942985,0.057390651,-0.133063226,0.002728148
8,-4,0,-18,0.585447234,0.033168112,0.014444033,0.052541661,-0.127688829,0.002748592
8,-2,0,-18,0.581378786,0.03274013,0.01186635,0.047550532,-0.122478372,0.002769472
8,0,0,-18,0.576000873,0.032328664,0.009283324,0.04246586,-0.117156213,0.002777473
8,2,0,-18,0.569366406,0.031935245,0.006666509,0.037299668,-0.111896905,0.002779232
8,4,0,-18,0.56165648,0.031572297,0.003975357,0.032054627,-0.106866887,0.002780561
8,6,0,-18,0.552738512,0.031231138,0.001306649,0.026789754,-0.101831609,0.002767024
10,-6,0,-18,0.733839256,0.043079158,0.014366464,0.059052551,-0.179458383,0.004280446
10,-4,0,-18,0.731896872,0.042649122,0.012162753,0.053557713,-0.174419003,0.004158482
10,-2,0,-18,0.728404453,0.042206668,0.009876479,0.04791058,-0.169418464,0.00403252
10,0,0,-18,0.723226529,0.041752079,0.007597412,0.042171631,-0.164177216,0.003887893
10,2,0,-18,0.716402827,0.041285609,0.005286006,0.036351808,-0.158868959,0.003733001
10,4,0,-18,0.708126149,0.040823545,0.002889914,0.03045277,-0.153659458,0.003575286
10,6,0,-18,0.698262898,0.0403543,0.000523852,0.024544558,-0.148316,0.003398858
12,-6,0,-18,0.878592862,0.054533958,0.011678197,0.060631083,-0.226452658,0.005769634
12,-4,0,-18,0.877607373,0.054135121,0.009804149,0.054495366,-0.221759496,0.005522249
12,-2,0,-18,0.874696746,0.053689431,0.007844418,0.04819731,-0.216978207,0.005266397
12,0,0,-18,0.869726158,0.053196831,0.005904716,0.041809295,-0.211826333,0.004986464
12,2,0,-18,0.86271837,0.052655017,0.003934168,0.035340409,-0.206472014,0.004692244
12,4,0,-18,0.853884731,0.052086651,0.001868637,0.028792751,-0.201088628,0.004392354
12,6,0,-18,0.843095606,0.051476833,-0.000160045,0.02224851,-0.195448869,0.004070142
14,-6,0,-18,1.022357147,0.067917834,0.00888925,0.062125329,-0.273888614,0.007190296
14,-4,0,-18,1.022328587,0.067565669,0.007377389,0.055353145,-0.269548317,0.006834907
14,-2,0,-18,1.020004211,0.067127869,0.005777958,0.048409855,-0.264994612,0.006466461
14,0,0,-18,1.01524861,0.066602793,0.004211189,0.041378822,-0.259940873,0.006068968
14,2,0,-18,1.008072303,0.065986864,0.002615218,0.034268654,-0.254554743,0.005653185
14,4,0,-18,0.998615158,0.065295791,0.000985506,0.027111184,-0.248877726,0.005220084
14,6,0,-18,0.986980782,0.064540259,-0.000743754,0.019902653,-0.243063518,0.004777826
16,-6,0,-18,1.164880855,0.083158995,0.006011151,0.063533545,-0.321596394,0.008537271
16,-4,0,-18,1.165820912,0.082873537,0.004892385,0.056132696,-0.31762744,0.008091262
16,-2,0,-18,1.164086858,0.082455043,0.003684849,0.048550378,-0.313309093,0.007627859
16,0,0,-18,1.159472985,0.081894121,0.00252382,0.040885622,-0.308346567,0.007131939
16,2,0,-18,1.152215253,0.081211386,0.001333426,0.033137521,-0.302948309,0.006611911
16,4,0,-18,1.142217701,0.080398981,0.000103678,0.025346298,-0.297101779,0.006072317
16,6,0,-18,1.129686514,0.079479253,-0.001226527,0.017512808,-0.29100713,0.005519064
18,-6,0,-18,1.305936889,0.100181385,0.003057594,0.064855706,-0.369421384,0.009804204
18,-4,0,-18,1.307837941,0.099977781,0.002359092,0.056831722,-0.365822804,0.00928588
18,-2,0,-18,1.306699883,0.099589175,0.001574184,0.048618495,-0.361750937,0.008745735
18,0,0,-18,1.3023046,0.099004545,0.00084714,0.040324862,-0.356899245,0.008169425
18,2,0,-18,1.294902188,0.098247774,9.27E-05,0.031948678,-0.351483048,0.007564621
18,4,0,-18,1.284379192,0.097308862,-0.000707383,0.023531272,-0.345475106,0.006936939
18,6,0,-18,1.270961622,0.096211571,-0.001610261,0.01508032,-0.339105917,0.006291353
20,-6,0,-18,1.445280785,0.118893381,4.28E-05,0.066091308,-0.417185463,0.010985916
20,-4,0,-18,1.44813802,0.118785612,-0.000213939,0.057449821,-0.413957706,0.010414411
20,-2,0,-18,1.447499609,0.118431093,-0.000469826,0.048658745,-0.409983245,0.009810588
20,0,0,-18,1.443427848,0.11783413,-0.00081172,0.03970023,-0.405410916,0.009178183
20,2,0,-18,1.435890652,0.117003726,-0.001103325,0.030703294,-0.399986371,0.008507502
20,4,0,-18,1.424852433,0.11593124,-0.00144753,0.021668696,-0.393824359,0.007811257
20,6,0,-18,1.410573575,0.114650609,-0.001894619,0.012608479,-0.387189681,0.007091193
-10,-6,0,-16,-0.716727646,0.04060002,0.031680027,0.034897725,0.236651793,-0.012455341
-10,-4,0,-16,-0.72722224,0.040776911,0.028117562,0.035943321,0.243936694,-0.010453565
-10,-2,0,-16,-0.735610895,0.04093973,0.024496778,0.03692733,0.250174775,-0.008402617
-10,0,0,-16,-0.741849509,0.041087825,0.020813607,0.037839957,0.255305355,-0.006310597
-10,2,0,-16,-0.745827479,0.041214726,0.017169749,0.038709677,0.259254655,-0.004212284
-10,4,0,-16,-0.747669841,0.041326723,0.013435336,0.039472385,0.262160937,-0.002085155
-10,6,0,-16,-0.747288646,0.041420719,0.009680294,0.04014846,0.263917435,4.43E-05
-8,-6,0,-16,-0.575412013,0.031378739,0.030551939,0.037189722,0.20160409,-0.010677222
-8,-4,0,-16,-0.585031754,0.031423275,0.026945289,0.037569875,0.208653714,-0.008952171
-8,-2,0,-16,-0.592925756,0.031484959,0.023297687,0.037888705,0.214779935,-0.007189178
-8,0,0,-16,-0.599027991,0.03156207,0.019582261,0.038129546,0.219897436,-0.005389003
-8,2,0,-16,-0.603254095,0.031650803,0.015908653,0.038328516,0.223948779,-0.003585463
-8,4,0,-16,-0.605705779,0.031755026,0.012147619,0.038422938,0.227053614,-0.001755706
-8,6,0,-16,-0.606297552,0.031872557,0.008369441,0.038437574,0.229109121,7.62E-05
-6,-6,0,-16,-0.432633022,0.024161442,0.029259816,0.039420006,0.164814992,-0.008915403
-6,-4,0,-16,-0.441375866,0.024090447,0.02565419,0.039138631,0.17163107,-0.007456293
-6,-2,0,-16,-0.448764727,0.024060095,0.022013278,0.038790986,0.177638145,-0.005967008
-6,0,0,-16,-0.454721589,0.024068496,0.018300738,0.038358373,0.182731884,-0.004444676
-6,2,0,-16,-0.459191412,0.02411444,0.014628757,0.03788475,0.18687949,-0.002921415
-6,4,0,-16,-0.462253038,0.024200173,0.010876392,0.037311306,0.19018302,-0.001375459
-6,6,0,-16,-0.46377444,0.024319673,0.007156974,0.036683206,0.192467677,0.000160793
-4,-6,0,-16,-0.28864108,0.018994368,0.027817096,0.041592988,0.126392391,-0.007177769
-4,-4,0,-16,-0.296490386,0.018823219,0.024246176,0.040647148,0.132960017,-0.005970204
-4,-2,0,-16,-0.303362445,0.018710162,0.020646829,0.039632639,0.1388347,-0.004740073
-4,0,0,-16,-0.309197752,0.01865349,0.017001492,0.038539127,0.14394665,-0.003487543
-4,2,0,-16,-0.3138781,0.018652223,0.013337644,0.037379745,0.148140425,-0.002223715
-4,4,0,-16,-0.317546008,0.018708991,0.009629222,0.036138305,0.151641497,-0.000947247
-4,6,0,-16,-0.320048595,0.01881872,0.005949159,0.034846075,0.154238131,0.000320845
-2,-6,0,-16,-0.143675036,0.015911631,0.026224223,0.043704476,0.086443356,-0.005468629
-2,-4,0,-16,-0.150617757,0.015656771,0.022724342,0.042095758,0.092744849,-0.004498241
-2,-2,0,-16,-0.156961773,0.015470391,0.019202879,0.040413767,0.098474357,-0.003512474
-2,0,0,-16,-0.162605411,0.015350779,0.015678005,0.038664489,0.103493102,-0.002517855
-2,2,0,-16,-0.16755158,0.015299581,0.012041812,0.036813913,0.107832634,-0.001495769
-2,4,0,-16,-0.171821351,0.015317084,0.00841369,0.034904953,0.111530328,-0.000474107
-2,6,0,-16,-0.175306028,0.015400106,0.004808197,0.032948814,0.114442365,0.000540269
0,-6,0,-16,0.002026226,0.014935488,0.024482132,0.045751453,0.045075677,-0.003792273
0,-4,0,-16,-0.003995323,0.014613873,0.021090492,0.043479963,0.05109553,-0.003044362
0,-2,0,-16,-0.009805973,0.014364415,0.017683772,0.041131419,0.056673286,-0.002287772
0,0,0,-16,-0.015278224,0.014185604,0.014271499,0.038712885,0.061645189,-0.001526108
0,2,0,-16,-0.020450881,0.014080654,0.010745911,0.036187731,0.066063961,-0.000740575
0,4,0,-16,-0.025317063,0.014048607,0.007234955,0.033611519,0.06995604,4.13E-05
0,6,0,-16,-0.029779082,0.014088113,0.003741649,0.030992597,0.07318663,0.000816345
2,-6,0,-16,0.148227052,0.016077043,0.02259499,0.047732282,0.002405141,-0.002153469
2,-4,0,-16,0.143138295,0.015705793,0.019348397,0.044799447,0.008128195,-0.001612868
2,-2,0,-16,0.137875315,0.015403787,0.01609471,0.041786243,0.013538438,-0.001070133
2,0,0,-16,0.132566972,0.01517008,0.012831014,0.038697499,0.018473369,-0.000525532
2,2,0,-16,0.127181175,0.015007442,0.009455476,0.035500225,0.022955381,3.85E-05
2,4,0,-16,0.121723252,0.01491596,0.006100139,0.032259418,0.027038577,0.000595826
2,6,0,-16,0.116290343,0.014895281,0.002756113,0.028980063,0.030585643,0.001146494
4,-6,0,-16,0.294679616,0.01933582,0.020566753,0.049644161,-0.041443922,-0.000556938
4,-4,0,-16,0.290481034,0.018933801,0.017551689,0.046074,-0.03594757,-0.000217313
4,-2,0,-16,0.28582608,0.018587773,0.014440307,0.042377041,-0.030798915,0.000136565
4,0,0,-16,0.28069233,0.018302916,0.011364893,0.038620009,-0.025912562,0.000479545
4,2,0,-16,0.275051323,0.018077902,0.008225776,0.034774816,-0.021291156,0.000829292
4,4,0,-16,0.269054336,0.017919839,0.005014961,0.030850632,-0.017097278,0.001186336
4,6,0,-16,0.26265103,0.017822561,0.001857434,0.026912704,-0.01323073,0.001528007
6,-6,0,-16,0.441138186,0.024698781,0.018403023,0.051484915,-0.086336921,0.000992579
6,-4,0,-16,0.437881459,0.024281489,0.015612613,0.0472612,-0.081152923,0.001155816
6,-2,0,-16,0.433797425,0.023904408,0.012725138,0.042902119,-0.076203759,0.001328144
6,0,0,-16,0.428845714,0.023572753,0.009875041,0.038479691,-0.07137377,0.001485799
6,2,0,-16,0.423000567,0.023284018,0.006967886,0.03397202,-0.066690865,0.001645516
6,4,0,-16,0.416444847,0.023048154,0.004000451,0.029394241,-0.062347719,0.001807182
6,6,0,-16,0.409058002,0.022858938,0.001050841,0.024793692,-0.058131388,0.001958223
8,-6,0,-16,0.587352481,0.032141864,0.016110638,0.053252738,-0.132133404,0.002490113
8,-4,0,-16,0.58504403,0.031726746,0.01358124,0.048378702,-0.127273462,0.002493238
8,-2,0,-16,0.581558258,0.031331023,0.010975357,0.043370263,-0.122567895,0.002497338
8,0,0,-16,0.576773015,0.030955517,0.008368024,0.038276991,-0.117766408,0.002489183
8,2,0,-16,0.570729868,0.030601017,0.005730178,0.033110263,-0.113026689,0.002475419
8,4,0,-16,0.563598271,0.030279332,0.003021803,0.02787297,-0.108498528,0.002461958
8,6,0,-16,0.555258893,0.029982243,0.000339096,0.022624097,-0.103972437,0.002434545
10,-6,0,-16,0.733072671,0.041628965,0.013697646,0.054945833,-0.178685902,0.003930704
10,-4,0,-16,0.731717121,0.041233367,0.011464817,0.04942543,-0.174160338,0.003790319
10,-2,0,-16,0.728807742,0.040828559,0.009151554,0.043760443,-0.169663779,0.003646879
10,0,0,-16,0.724222258,0.040415352,0.006849195,0.038012242,-0.164941806,0.003485823
10,2,0,-16,0.717989195,0.039993138,0.004517612,0.032191152,-0.16015138,0.003315544
10,4,0,-16,0.710286256,0.039576873,0.002105164,0.026298263,-0.155438071,0.003143509
10,6,0,-16,0.701003463,0.039157375,-0.000274426,0.020406059,-0.150605004,0.002954223
12,-6,0,-16,0.878049137,0.053112449,0.011172996,0.056562266,-0.225839674,0.005309309
12,-4,0,-16,0.877650455,0.052753419,0.009271353,0.050400521,-0.221658916,0.005042446
12,-2,0,-16,0.875319974,0.052349529,0.007286136,0.044083168,-0.217377333,0.004768476
12,0,0,-16,0.87094062,0.051903642,0.005324309,0.037685135,-0.212742401,0.004471842
12,2,0,-16,0.864525064,0.051412386,0.003334513,0.031215283,-0.207906516,0.004162438
12,4,0,-16,0.856266828,0.050895092,0.001253596,0.024673837,-0.203020018,0.003848894
12,6,0,-16,0.846051519,0.050339358,-0.000787832,0.018143909,-0.197883471,0.003514748
14,-6,0,-16,1.022033543,0.066531763,0.008547038,0.058100007,-0.273433934,0.006621078
14,-4,0,-16,1.022593335,0.066226387,0.007009321,0.051302254,-0.269606723,0.006245027
14,-2,0,-16,1.020850654,0.065836589,0.005385928,0.044340119,-0.265553208,0.005857846
14,0,0,-16,1.016684792,0.065363201,0.003798482,0.037298584,-0.261013798,0.00544352
14,2,0,-16,1.010095157,0.064801498,0.002184628,0.030185704,-0.256139472,0.005012757
14,4,0,-16,1.001214461,0.064166936,0.000536682,0.023031975,-0.250962328,0.004567127
14,6,0,-16,0.990146985,0.063469385,-0.001200469,0.015838578,-0.24564088,0.00411348
16,-6,0,-16,1.164781731,0.081820037,0.005830989,0.059560114,-0.321307417,0.007860762
16,-4,0,-16,1.166306147,0.081584853,0.004688236,0.052132317,-0.317845629,0.007393273
16,-2,0,-16,1.16515266,0.081219365,0.003458678,0.044530884,-0.31402503,0.006910593
16,0,0,-16,1.161125742,0.080714876,0.002278368,0.036854689,-0.309572692,0.006397627
16,2,0,-16,1.15445111,0.080091072,0.001071526,0.029103354,-0.304681872,0.00586299
16,4,0,-16,1.145027214,0.079339701,-0.000175058,0.021315101,-0.299331351,0.005311482
16,6,0,-16,1.133058293,0.078481987,-0.001512248,0.013495776,-0.293724438,0.004747999
18,-6,0,-16,1.30605883,0.0988956,0.003037755,0.060939619,-0.369296601,0.009022994
18,-4,0,-16,1.308538156,0.098746479,0.002313784,0.052886755,-0.366195211,0.008482676
18,-2,0,-16,1.307981538,0.098415906,0.001512302,0.044655515,-0.362623065,0.007922476
18,0,0,-16,1.304169626,0.097892079,0.000767845,0.036349873,-0.358277222,0.007329009
18,2,0,-16,1.297346104,0.097198497,-1.45E-06,0.027969712,-0.353363549,0.006709922
18,4,0,-16,1.287392015,0.09632477,-0.000816908,0.019554453,-0.3478464,0.006070973
18,6,0,-16,1.274532154,0.095293489,-0.001725685,0.011116764,-0.341959763,0.005416326
20,-6,0,-16,1.445623714,0.117668239,0.000180935,0.062238906,-0.417226478,0.010102913
20,-4,0,-16,1.449054462,0.117619157,-9.88E-05,0.053568157,-0.414490676,0.009508503
20,-2,0,-16,1.448997028,0.117327078,-0.000372349,0.044756517,-0.411015843,0.008884415
20,0,0,-16,1.445501563,0.116795355,-0.000726646,0.035787466,-0.406939732,0.008234601
20,2,0,-16,1.438538755,0.11603242,-0.001031433,0.026785872,-0.402011903,0.007550011
20,4,0,-16,1.42806466,0.115028997,-0.001389303,0.017752714,-0.396335186,0.006843223
20,6,0,-16,1.414337337,0.113818218,-0.001841122,0.008704783,-0.390176111,0.006115308
-10,-6,0,-14,-0.719613062,0.039432252,0.029377568,0.030610415,0.238861795,-0.011690216
-10,-4,0,-14,-0.729538946,0.039588194,0.025783544,0.031636512,0.245637754,-0.009693204
-10,-2,0,-14,-0.737349336,0.039732387,0.02213546,0.03260962,0.251358695,-0.00765014
-10,0,0,-14,-0.743007067,0.039864387,0.018433297,0.033521263,0.255973502,-0.005570054
-10,2,0,-14,-0.746401216,0.039977894,0.014765831,0.034394829,0.259405876,-0.003484402
-10,4,0,-14,-0.747654772,0.040078931,0.011017082,0.035171667,0.261788651,-0.001374003
-10,6,0,-14,-0.746688332,0.040164697,0.007252598,0.035870393,0.263025037,0.000735849
-8,-6,0,-14,-0.57811604,0.030155221,0.028388638,0.032869941,0.203698071,-0.010016892
-8,-4,0,-14,-0.587162944,0.030184715,0.024753677,0.033231221,0.210238193,-0.008298914
-8,-2,0,-14,-0.594471592,0.030233506,0.021078105,0.033538269,0.21584216,-0.006544771
-8,0,0,-14,-0.59998612,0.030300403,0.017342956,0.033777466,0.220438517,-0.004757082
-8,2,0,-14,-0.603622096,0.030381534,0.013644948,0.033979537,0.223967385,-0.002966492
-8,4,0,-14,-0.605479238,0.030481012,0.009868918,0.03408781,0.226544468,-0.001153322
-8,6,0,-14,-0.605480501,0.03059644,0.006080275,0.0341246,0.228075534,0.000659522
-6,-6,0,-14,-0.435153515,0.022890059,0.027244687,0.035076124,0.166793026,-0.008363568
-6,-4,0,-14,-0.443316409,0.022809625,0.023610493,0.034775102,0.173094292,-0.006912853
-6,-2,0,-14,-0.450112659,0.022772016,0.01994112,0.034414847,0.178572464,-0.005433382
-6,0,0,-14,-0.455476446,0.02277637,0.016206889,0.033980205,0.18314152,-0.003923885
-6,2,0,-14,-0.459350485,0.022820814,0.012511526,0.033508936,0.186762333,-0.002414008
-6,4,0,-14,-0.46181214,0.022908009,0.008743354,0.032948614,0.189534688,-0.000884395
-6,6,0,-14,-0.462742761,0.02303197,0.005008269,0.032340336,0.191298233,0.000634478
-4,-6,0,-14,-0.290973911,0.017682943,0.025954636,0.037231609,0.128250763,-0.006736667
-4,-4,0,-14,-0.298235096,0.017508012,0.022355216,0.036265627,0.134297621,-0.005538845
-4,-2,0,-14,-0.304509644,0.017393851,0.018727309,0.035237937,0.139640803,-0.004319482
-4,0,0,-14,-0.309739795,0.017338702,0.015056922,0.034139375,0.144213982,-0.003079553
-4,2,0,-14,-0.313825829,0.017342485,0.011372184,0.032983921,0.147887282,-0.001830009
-4,4,0,-14,-0.316888975,0.01740675,0.007647457,0.031754962,0.150852494,-0.000569652
-4,6,0,-14,-0.318796791,0.017527097,0.003951102,0.03048192,0.152925143,0.000681684
-2,-6,0,-14,-0.14580957,0.014567723,0.024519273,0.039333311,0.088172342,-0.005140277
-2,-4,0,-14,-0.152161671,0.01431514,0.020991085,0.037703559,0.093951628,-0.004180925
-2,-2,0,-14,-0.157903607,0.014133689,0.01744018,0.036007132,0.099147123,-0.003206674
-2,0,0,-14,-0.162936654,0.014022045,0.013888101,0.034253062,0.103626448,-0.002224592
-2,2,0,-14,-0.167285186,0.013981713,0.010232383,0.032404837,0.107439335,-0.001217393
-2,4,0,-14,-0.170947729,0.0140129,0.006587661,0.030507635,0.110599268,-0.000211552
-2,6,0,-14,-0.173834257,0.014112627,0.002966124,0.028570415,0.112985515,0.000786564
0,-6,0,-14,9.13E-05,0.013567238,0.022937502,0.041376378,0.046674193,-0.003577991
0,-4,0,-14,-0.005335589,0.013253868,0.019517639,0.039083622,0.05216881,-0.002842343
0,-2,0,-14,-0.010538191,0.013015433,0.016082404,0.036720463,0.057208212,-0.002098303
0,0,0,-14,-0.015405968,0.012850976,0.012641242,0.034294487,0.061649405,-0.001349386
0,2,0,-14,-0.019970645,0.01276275,0.009098199,0.031772712,0.06553155,-0.000579175
0,4,0,-14,-0.024225719,0.012750562,0.005570718,0.029208153,0.068882552,0.000187197
0,6,0,-14,-0.028087904,0.012812832,0.002060677,0.026607361,0.071585455,0.000946779
2,-6,0,-14,0.146491538,0.014692688,0.021214428,0.043361273,0.003869702,-0.002054446
2,-4,0,-14,0.142002904,0.014335577,0.017939994,0.040406342,0.009064734,-0.001527313
2,-2,0,-14,0.137350781,0.014050558,0.014658124,0.037377837,0.013935163,-0.000997958
2,0,0,-14,0.132653019,0.013837171,0.011365205,0.034280138,0.018333074,-0.000466593
2,2,0,-14,0.127876803,0.013697674,0.007973083,0.031086954,0.022279902,8.21E-05
2,4,0,-14,0.12303047,0.013632108,0.004601033,0.027856767,0.025822545,0.00062431
2,6,0,-14,0.118197077,0.013640196,0.001240029,0.024594844,0.028842327,0.001160334
4,-6,0,-14,0.293147717,0.017943496,0.019352761,0.045284178,-0.040117358,-0.00057378
4,-4,0,-14,0.289555982,0.017561422,0.016306518,0.041689553,-0.035156763,-0.000248075
4,-2,0,-14,0.285510804,0.017238714,0.013171246,0.037978326,-0.030542982,9.09E-05
4,0,0,-14,0.280988381,0.016980187,0.010066239,0.034212099,-0.026192448,0.000420359
4,2,0,-14,0.275963385,0.016784465,0.006907407,0.030368078,-0.022115243,0.000755391
4,4,0,-14,0.270574704,0.016658161,0.003684444,0.026455869,-0.018455161,0.001096999
4,6,0,-14,0.264772039,0.016595466,0.0005102,0.02253483,-0.015116003,0.001424826
6,-6,0,-14,0.43981076,0.023306766,0.01735753,0.047142983,-0.085151184,0.000859677
6,-4,0,-14,0.437163287,0.022915391,0.014536769,0.042894219,-0.080503851,0.00100779
6,-2,0,-14,0.433690675,0.022567631,0.011626071,0.038520277,-0.076089848,0.001164431
6,0,0,-14,0.429351508,0.022268226,0.008747582,0.034087991,-0.071795922,0.001308089
6,2,0,-14,0.424123334,0.022014834,0.005820603,0.029580912,-0.06765679,0.001453261
6,4,0,-14,0.418171573,0.021816615,0.002837208,0.025012481,-0.063839201,0.00160075
6,6,0,-14,0.411389586,0.021667667,-0.000124796,0.020429885,-0.060156415,0.001738091
8,-6,0,-14,0.586230657,0.030758403,0.015235005,0.048935927,-0.131091258,0.002241412
8,-4,0,-14,0.584532668,0.030375085,0.01267636,0.044036329,-0.126767914,0.002228234
8,-2,0,-14,0.581654605,0.030014259,0.01004352,0.039010372,-0.122589321,0.002216629
8,0,0,-14,0.577487393,0.029677184,0.007413385,0.03390869,-0.118331286,0.002193405
8,2,0,-14,0.57206108,0.029363858,0.004756167,0.028741934,-0.114134021,0.002165227
8,4,0,-14,0.565533047,0.029085472,0.002032397,0.023513289,-0.110129981,0.002138111
8,6,0,-14,0.557797546,0.028834234,-0.000662369,0.018281641,-0.106135762,0.002097965
10,-6,0,-14,0.732157044,0.040262216,0.012992629,0.05066115,-0.177789758,0.003566906
10,-4,0,-14,0.731412759,0.039904199,0.010731765,0.045114703,-0.173800109,0.003409096
10,-2,0,-14,0.729111163,0.039540014,0.008392755,0.039431732,-0.169829441,0.003249225
10,0,0,-14,0.725143543,0.039171018,0.006068525,0.033674511,-0.165649485,0.003072831
10,2,0,-14,0.719526444,0.038795642,0.003718382,0.02785271,-0.161399662,0.002888283
10,4,0,-14,0.712426281,0.038428262,0.00129127,0.021967832,-0.157208607,0.002703153
10,6,0,-14,0.703745793,0.038060005,-0.001099921,0.01609202,-0.152904958,0.002502139
12,-6,0,-14,0.87734008,0.051770453,0.010638738,0.052316673,-0.225091796,0.004831568
12,-4,0,-14,0.877550442,0.051453628,0.008710516,0.046127617,-0.221443156,0.004546238
12,-2,0,-14,0.875829513,0.051097159,0.006700784,0.039792617,-0.217688105,0.004255103
12,0,0,-14,0.872066928,0.050701053,0.004718219,0.033384975,-0.213592912,0.003942904
12,2,0,-14,0.866266235,0.050262167,0.00271083,0.0269138,-0.209295266,0.003619436
12,4,0,-14,0.858608199,0.049798852,0.000616258,0.020379636,-0.204927566,0.003293399
12,6,0,-14,0.848992475,0.049299479,-0.001436174,0.01386525,-0.200317223,0.00294857
14,-6,0,-14,1.021530771,0.065222587,0.008182966,0.053900194,-0.272836079,0.006030923
14,-4,0,-14,1.022700894,0.064966026,0.006620308,0.047075669,-0.269540954,0.005635325
14,-2,0,-14,1.021564663,0.064627909,0.004974058,0.040094705,-0.266009344,0.005230417
14,0,0,-14,1.018013956,0.064209787,0.003367169,0.033042957,-0.262007028,0.004800311
14,2,0,-14,1.012036513,0.063705545,0.001736833,0.025928034,-0.257667182,0.004355745
14,4,0,-14,1.003757168,0.063130421,7.20E-05,0.018778978,-0.253012224,0.003898827
14,6,0,-14,0.993281627,0.062493568,-0.001671179,0.011602127,-0.248205463,0.003435054
16,-6,0,-14,1.164485901,0.080551515,0.005636198,0.055413133,-0.320861651,0.007160226
16,-4,0,-14,1.166619391,0.080371376,0.004470301,0.047958075,-0.317928568,0.006672034
16,-2,0,-14,1.166069783,0.080061884,0.003219546,0.040337458,-0.314626856,0.006171227
16,0,0,-14,1.162654821,0.079617511,0.00202118,0.032650239,-0.310707232,0.005642298
16,2,0,-14,1.156589018,0.079056254,0.000799258,0.02489646,-0.306346806,0.00509421
16,4,0,-14,1.147763364,0.078369191,-0.000462907,0.017112107,-0.301514056,0.004532032
16,6,0,-14,1.13638181,0.077576651,-0.00180534,0.009308391,-0.296417192,0.003959581
18,-6,0,-14,1.305969229,0.097674891,0.003010388,0.056851884,-0.369004473,0.008214598
18,-4,0,-14,1.309049619,0.097584277,0.00226152,0.04876981,-0.366420846,0.007653184
18,-2,0,-14,1.309098555,0.097315878,0.001444524,0.040520725,-0.3633701,0.007073859
18,0,0,-14,1.305894936,0.096857008,0.000683647,0.032203465,-0.359552393,0.006464294
18,2,0,-14,1.299676347,0.096230831,-9.93E-05,0.023820219,-0.355164049,0.005832081
18,4,0,-14,1.290315761,0.095425839,-0.000928936,0.01540807,-0.350159494,0.005183118
18,6,0,-14,1.278038699,0.09446408,-0.001841961,0.00698521,-0.344777466,0.004520723
20,-6,0,-14,1.445735447,0.11650226,0.000318207,0.058215893,-0.417082647,0.009189311
20,-4,0,-14,1.449767803,0.116516538,1.65E-05,0.049516819,-0.414866546,0.008573154
20,-2,0,-14,1.450314492,0.116291266,-0.000274024,0.040684742,-0.411912551,0.007929718
20,0,0,-14,1.447420149,0.115829201,-0.000639663,0.03170574,-0.408354357,0.007263528
20,2,0,-14,1.441057131,0.115138112,-0.000956529,0.022700323,-0.403945925,0.00656616
20,4,0,-14,1.431171057,0.114207432,-0.001327063,0.013669606,-0.39877575,0.005850098
20,6,0,-14,1.418020772,0.11307017,-0.001782131,0.004635329,-0.393114992,0.005115592
-10,-6,0,-12,-0.722452806,0.038379034,0.0269838,0.026165398,0.241066511,-0.010909372
-10,-4,0,-12,-0.731788058,0.038513762,0.023359739,0.02717104,0.247313536,-0.008915797
-10,-2,0,-12,-0.738997795,0.03863878,0.019686055,0.0281326,0.252497179,-0.006879359
-10,0,0,-12,-0.744052423,0.038753933,0.015966898,0.029042964,0.256576227,-0.00481005
-10,2,0,-12,-0.746840807,0.038852937,0.012277833,0.029920449,0.259471829,-0.002735991
-10,4,0,-12,-0.747485034,0.03894186,0.008516905,0.03071169,0.261311937,-0.000641328
-10,6,0,-12,-0.745912867,0.039017891,0.004745364,0.031433733,0.262009258,0.001449771
-8,-6,0,-12,-0.580794512,0.029048591,0.026138609,0.028391032,0.205799455,-0.009343524
-8,-4,0,-12,-0.589246,0.029063127,0.022477128,0.028732638,0.211809973,-0.007631327
-8,-2,0,-12,-0.595946933,0.029098839,0.018775346,0.029027326,0.216871407,-0.005884756
-8,0,0,-12,-0.60085173,0.029155081,0.015022696,0.029264717,0.220926702,-0.004108412
-8,2,0,-12,-0.603875594,0.029228034,0.011302227,0.02947002,0.223913619,-0.002329583
-8,4,0,-12,-0.605116824,0.02932173,0.007513396,0.029592422,0.225942874,-0.000531972
-8,6,0,-12,-0.604506686,0.0294339,0.003716689,0.029652053,0.226930218,0.00126276
-6,-6,0,-12,-0.437669304,0.02173741,0.025148457,0.03057285,0.168790695,-0.007801621
-6,-4,0,-12,-0.445228843,0.021647761,0.02148693,0.030250588,0.174557675,-0.006357866
-6,-2,0,-12,-0.451410809,0.021603301,0.017790967,0.02987728,0.17948839,-0.004886908
-6,0,0,-12,-0.456158616,0.02160335,0.014038861,0.029440306,0.183511733,-0.003389273
-6,2,0,-12,-0.459415674,0.021646146,0.010319997,0.02897126,0.186587183,-0.001891232
-6,4,0,-12,-0.461254744,0.021733925,0.006538848,0.028424931,0.188806346,-0.000377021
-6,6,0,-12,-0.461573542,0.021861517,0.002790314,0.02783716,0.190029518,0.001125537
-4,-6,0,-12,-0.293319591,0.016490784,0.024016003,0.032709345,0.130141027,-0.006288217
-4,-4,0,-12,-0.299972628,0.016313141,0.02039012,0.031722958,0.135648552,-0.005098864
-4,-2,0,-12,-0.305626288,0.016198292,0.016735149,0.030681029,0.140439671,-0.00388889
-4,0,0,-12,-0.310231743,0.01614533,0.013041174,0.02957797,0.144457536,-0.002660187
-4,2,0,-12,-0.313698367,0.016153766,0.009338366,0.028426021,0.147586671,-0.001423844
-4,4,0,-12,-0.316134912,0.016225269,0.005599667,0.027210087,0.149996133,-0.000178453
-4,6,0,-12,-0.317426534,0.016355702,0.001889401,0.02595705,0.151525286,0.001057227
-2,-6,0,-12,-0.147981523,0.013343467,0.022743057,0.034799884,0.089949489,-0.004807358
-2,-4,0,-12,-0.15371883,0.01309426,0.019188077,0.033148587,0.095185632,-0.003857672
-2,-2,0,-12,-0.158835475,0.012918634,0.015609732,0.031437143,0.099826695,-0.002893642
-2,0,0,-12,-0.163239328,0.012815437,0.012030421,0.029676421,0.10374916,-0.001922531
-2,2,0,-12,-0.166963906,0.012786485,0.008360899,0.027833539,0.107012705,-0.000929549
-2,4,0,-12,-0.169996299,0.012831393,0.004701874,0.025948823,0.109613948,6.17E-05
-2,6,0,-12,-0.172263253,0.012947648,0.001066023,0.024031036,0.111454332,0.00104484
0,-6,0,-12,-0.001901016,0.012318191,0.021327971,0.03683951,0.048333616,-0.003362209
0,-4,0,-12,-0.006709151,0.012014491,0.017881618,0.034524681,0.053282397,-0.002637484
0,-2,0,-12,-0.011281086,0.011788309,0.014419709,0.03214656,0.057762999,-0.001904661
0,0,0,-12,-0.01552025,0.011639041,0.010950886,0.029712567,0.061651506,-0.001167073
0,2,0,-12,-0.01945461,0.011568375,0.007393576,0.027195386,0.064976921,-0.000411048
0,4,0,-12,-0.02307714,0.011576423,0.003851807,0.024642859,0.067767759,0.000341061
0,6,0,-12,-0.026317548,0.011661572,0.000327491,0.022061168,0.069923266,0.001086416
2,-6,0,-12,0.14468002,0.013426243,0.019774708,0.038828002,0.00540812,-0.00195685
2,-4,0,-12,0.140813459,0.013085096,0.016474237,0.035850449,0.010055409,-0.001441871
2,-2,0,-12,0.136795669,0.012818742,0.013165998,0.032806425,0.014364979,-0.000924573
2,0,0,-12,0.13272901,0.012626932,0.009846372,0.029700396,0.018208408,-0.000405119
2,2,0,-12,0.128586286,0.012511523,0.006439552,0.02651124,0.021597323,0.000129465
2,4,0,-12,0.124374332,0.012472629,0.003053164,0.023292482,0.024578881,0.000657905
2,6,0,-12,0.120163122,0.012509926,-0.000322473,0.02004881,0.027051372,0.001180561
4,-6,0,-12,0.291519249,0.016667163,0.018085677,0.040762002,-0.038703112,-0.000595024
4,-4,0,-12,0.288556791,0.016307192,0.015009904,0.0371424,-0.03429851,-0.000281912
4,-2,0,-12,0.285143968,0.016009728,0.011852724,0.033416794,-0.030239824,4.34E-05
4,0,0,-12,0.281256555,0.015779143,0.008720894,0.029641135,-0.026447195,0.000360579
4,2,0,-12,0.276869803,0.015614018,0.005543684,0.025799244,-0.022933628,0.000682429
4,4,0,-12,0.27211188,0.015520627,0.002310945,0.021899675,-0.019827014,0.001009891
4,6,0,-12,0.266932313,0.015493426,-0.000877894,0.017996367,-0.017035159,0.001325201
6,-6,0,-12,0.438366633,0.022028112,0.016265156,0.04263918,-0.08386416,0.000719402
6,-4,0,-12,0.436350681,0.021665127,0.013415649,0.038364909,-0.079773566,0.0008537
6,-2,0,-12,0.433511993,0.02134893,0.01048366,0.033976057,-0.075914834,0.000995961
6,0,0,-12,0.429808217,0.02108377,0.007578329,0.029534065,-0.072177342,0.001127052
6,2,0,-12,0.42521987,0.020867435,0.004633824,0.025028055,-0.06860265,0.001258982
6,4,0,-12,0.419894649,0.020708287,0.001636765,0.02046982,-0.065330603,0.001393645
6,6,0,-12,0.413740358,0.020600759,-0.001335301,0.015906325,-0.062201888,0.001518641
8,-6,0,-12,0.584971991,0.029484971,0.014318815,0.044457772,-0.129934086,0.001982371
8,-4,0,-12,0.583906865,0.029136244,0.011732422,0.039532214,-0.126167383,0.001954187
8,-2,0,-12,0.581658538,0.028812871,0.0090744,0.034488716,-0.122535496,0.001928194
8,0,0,-12,0.578132337,0.028516549,0.006423315,0.029378872,-0.118841534,0.001891258
8,2,0,-12,0.573345944,0.02824647,0.003748719,0.024212656,-0.115207459,0.001850043
8,4,0,-12,0.56744406,0.028013142,0.00101179,0.018993587,-0.111747547,0.001810653
8,6,0,-12,0.560332696,0.027809028,-0.001692837,0.013779704,-0.108303102,0.001759129
10,-6,0,-12,0.731084751,0.039001509,0.012253492,0.046215911,-0.176764968,0.00318982
10,-4,0,-12,0.730973747,0.038684161,0.009966062,0.040643105,-0.173331069,0.003015849
10,-2,0,-12,0.729302286,0.038363483,0.007602902,0.034942144,-0.169906107,0.002840867
10,0,0,-12,0.725973322,0.038040798,0.005258619,0.029175435,-0.166286612,0.002650453
10,2,0,-12,0.720995237,0.037714788,0.002891839,0.023353565,-0.162597798,0.002453005
10,4,0,-12,0.714522768,0.037398801,0.000452096,0.017478429,-0.158951577,0.002256258
10,6,0,-12,0.706467413,0.037083604,-0.001948431,0.011620302,-0.155197747,0.002044942
12,-6,0,-12,0.876452887,0.050528839,0.01007672,0.047910659,-0.224199698,0.004337699
12,-4,0,-12,0.877297921,0.050259833,0.008123303,0.04169564,-0.221107002,0.004034979
12,-2,0,-12,0.876206771,0.049952701,0.006090701,0.035342331,-0.217895989,0.003728061
12,0,0,-12,0.873083796,0.049609342,0.004089108,0.028925496,-0.214361043,0.003401653
12,2,0,-12,0.867920532,0.049225484,0.002065962,0.022453661,-0.210621955,0.003065515
12,4,0,-12,0.860885873,0.048818624,-4.03E-05,0.015927767,-0.206793463,0.002728431
12,6,0,-12,0.851892783,0.048377792,-0.00210164,0.009430289,-0.202729753,0.00237439
14,-6,0,-12,1.020833163,0.06400983,0.007797869,0.049542176,-0.272082915,0.00542165
14,-4,0,-12,1.022635419,0.063805865,0.006211573,0.042690699,-0.269339504,0.005007682
14,-2,0,-12,1.022127587,0.063522872,0.004543821,0.035691026,-0.266349196,0.004586344
14,0,0,-12,1.019214589,0.063163227,0.002919057,0.028629522,-0.262904051,0.00414183
14,2,0,-12,1.013871692,0.062719486,0.00127403,0.021513371,-0.259118979,0.003684847
14,4,0,-12,1.006217328,0.062206582,-0.000405867,0.014369996,-0.25500693,0.003218114
14,6,0,-12,0.996356661,0.061632898,-0.002153036,0.007211152,-0.250735551,0.002745706
16,-6,0,-12,1.163976446,0.079373561,0.005426856,0.051109342,-0.320247251,0.00643776
16,-4,0,-12,1.166739061,0.07925119,0.00423892,0.043626885,-0.317861957,0.005930239
16,-2,0,-12,1.166815515,0.079002104,0.002968316,0.035987283,-0.315098355,0.005412416
16,0,0,-12,1.16403522,0.078621414,0.001753329,0.028289537,-0.311731748,0.004868858
16,2,0,-12,1.158600429,0.078125982,0.000517961,0.020534135,-0.30792166,0.004308714
16,4,0,-12,1.150396125,0.077506335,-0.000758216,0.012754739,-0.30362726,0.003737348
16,6,0,-12,1.139625298,0.076781856,-0.002103929,0.004968131,-0.299060963,0.003157439
18,-6,0,-12,1.305647075,0.096538169,0.002974989,0.052609062,-0.368530358,0.007381554
18,-4,0,-12,1.309349709,0.09651009,0.002202121,0.044497632,-0.366483714,0.006800195
18,-2,0,-12,1.310025615,0.096307836,0.001370919,0.036231089,-0.363973502,0.006202964
18,0,0,-12,1.307452749,0.095917772,0.000594943,0.027902734,-0.360703959,0.005578599
18,2,0,-12,1.301861512,0.095362609,-0.000200218,0.019517269,-0.356860934,0.004934664
18,4,0,-12,1.293117219,0.094629681,-0.001042586,0.011109322,-0.352389208,0.00427718
18,6,0,-12,1.281445905,0.093740599,-0.001958024,0.002702877,-0.347532262,0.003608582
20,-6,0,-12,1.445600384,0.115413385,0.00045449,0.054040764,-0.416750647,0.008248651
20,-4,0,-12,1.45025053,0.115495192,0.000130889,0.045312208,-0.415066058,0.00761156
20,-2,0,-12,1.451423755,0.115341117,-0.000175388,0.03646011,-0.412652491,0.006949963
20,0,0,-12,1.449152067,0.114952658,-0.000551134,0.027471753,-0.409631563,0.006268673
20,2,0,-12,1.443414748,0.11433777,-0.000878722,0.018463812,-0.405763939,0.005560007
20,4,0,-12,1.43413699,0.113483331,-0.001260717,0.009436415,-0.401119438,0.004836101
20,6,0,-12,1.421585975,0.11242278,-0.001717419,0.000417323,-0.395977143,0.004096597
-10,-6,0,-10,-0.725222164,0.037460113,0.024508189,0.021581892,0.24324944,-0.010116241
-10,-4,0,-10,-0.733946916,0.037573534,0.020856019,0.022566233,0.248949625,-0.0081246
-10,-2,0,-10,-0.740536402,0.037678976,0.017158799,0.023515616,0.253578162,-0.006093341
-10,0,0,-10,-0.744968913,0.037776587,0.013425079,0.024424482,0.257104132,-0.004033498
-10,2,0,-10,-0.747133106,0.03785998,0.009717269,0.025305961,0.259445,-0.001969826
-10,4,0,-10,-0.747148577,0.037935755,0.005946132,0.02611173,0.260725764,0.000110427
-10,6,0,-10,-0.744952815,0.038000523,0.002170055,0.026857598,0.260867291,0.002183918
-8,-6,0,-10,-0.583424823,0.028079334,0.023810689,0.023772332,0.207893194,-0.00866017
-8,-4,0,-10,-0.591261487,0.028079177,0.020124851,0.024093569,0.213356517,-0.006952273
-8,-2,0,-10,-0.597334867,0.028101746,0.016399013,0.024375356,0.217857487,-0.005211799
-8,0,0,-10,-0.601610166,0.028147081,0.012631249,0.024610948,0.221355028,-0.003445385
-8,2,0,-10,-0.604003126,0.02821108,0.008890759,0.024819294,0.223781664,-0.001676985
-8,4,0,-10,-0.604609667,0.028298066,0.005091675,0.024956152,0.225245819,0.000106342
-8,6,0,-10,-0.603369555,0.028405756,0.00128968,0.025039289,0.225672367,0.00188414
-6,-6,0,-10,-0.440159063,0.020724168,0.022978152,0.025927874,0.170796048,-0.007231961
-6,-4,0,-10,-0.447096524,0.02062613,0.019292075,0.025584629,0.176010557,-0.005793797
-6,-2,0,-10,-0.452644292,0.020575067,0.015571708,0.025197805,0.180375795,-0.004329844
-6,0,0,-10,-0.45675701,0.02057087,0.011803892,0.024758152,0.183836447,-0.002842571
-6,2,0,-10,-0.459376826,0.020611438,0.00806518,0.024292428,0.186347892,-0.001355237
-6,4,0,-10,-0.460574989,0.020699261,0.004272795,0.023759712,0.187996955,0.000145107
-6,6,0,-10,-0.460263279,0.020829573,0.000513462,0.023193103,0.188662635,0.00163263
-4,-6,0,-10,-0.29566258,0.015439648,0.022008673,0.028045654,0.132051736,-0.00583468
-4,-4,0,-10,-0.301688396,0.015260125,0.018358088,0.027037532,0.137004133,-0.004652176
-4,-2,0,-10,-0.306701552,0.015145282,0.014678574,0.025981544,0.141225085,-0.003450119
-4,0,0,-10,-0.310661505,0.015094665,0.010964382,0.024873722,0.144668461,-0.002231296
-4,2,0,-10,-0.313490328,0.01510782,0.007245177,0.023725707,0.147237133,-0.001006595
-4,4,0,-10,-0.315281043,0.01518619,0.003495227,0.022523294,0.149073268,0.000225201
-4,6,0,-10,-0.315937933,0.015326048,-0.000226338,0.021290964,0.150041959,0.001446577
-2,-6,0,-10,-0.150175833,0.012260794,0.02090228,0.030123725,0.091765677,-0.004471721
-2,-4,0,-10,-0.155278386,0.012016213,0.017322793,0.028450328,0.096441021,-0.003530163
-2,-2,0,-10,-0.159748832,0.011847345,0.013720647,0.026725075,0.10050719,-0.002575073
-2,0,0,-10,-0.163508769,0.011753475,0.010115408,0.024956911,0.10386189,-0.001613194
-2,2,0,-10,-0.16658522,0.011735839,0.006435046,0.023119531,0.106552266,-0.000633043
-2,4,0,-10,-0.168968014,0.011794436,0.002764368,0.0212478,0.108577292,0.000344994
-2,6,0,-10,-0.170596052,0.011926859,-0.000883171,0.019350292,0.109854324,0.001314654
0,-6,0,-10,-0.003939169,0.011210475,0.01965942,0.032160041,0.05004644,-0.00314631
0,-4,0,-10,-0.008107551,0.010917936,0.016188907,0.029822666,0.05443103,-0.002430977
0,-2,0,-10,-0.01202866,0.010705268,0.012702444,0.027429413,0.058334888,-0.001707794
0,0,0,-10,-0.015619438,0.010571895,0.009208057,0.02498697,0.061650324,-0.00097997
0,2,0,-10,-0.018904486,0.010519557,0.005639613,0.022475296,0.06440386,-0.000236678
0,4,0,-10,-0.021874882,0.010548077,0.002086375,0.019935485,0.066616662,0.000502622
0,6,0,-10,-0.024474076,0.010656101,-0.001450361,0.017373471,0.068206905,0.001235362
2,-6,0,-10,0.142800465,0.012300037,0.018281341,0.034152177,0.007014053,-0.001861692
2,-4,0,-10,0.139574505,0.011976627,0.014956885,0.031151377,0.011097357,-0.001357301
2,-2,0,-10,0.136210898,0.011730481,0.011624499,0.0280917,0.014828067,-0.000850491
2,0,0,-10,0.132795754,0.011561431,0.008279586,0.024977246,0.01809863,-0.000341234
2,2,0,-10,0.129306255,0.011471038,0.004861589,0.021792653,0.020912143,0.000180686
2,4,0,-10,0.125748578,0.011459405,0.001463407,0.018585993,0.023314604,0.000696852
2,6,0,-10,0.122180051,0.011526131,-0.001924081,0.015361635,0.025221548,0.001207642
4,-6,0,-10,0.289798426,0.015528917,0.016770233,0.03609705,-0.037204958,-0.000621223
4,-4,0,-10,0.287484985,0.015193232,0.013666981,0.032452083,-0.033374196,-0.00031916
4,-2,0,-10,0.284724287,0.014922901,0.010490223,0.028712052,-0.029888295,-5.97E-06
4,0,0,-10,0.281490729,0.014721831,0.007334135,0.024927421,-0.026669568,0.000300502
4,2,0,-10,0.2777633,0.014588571,0.004140468,0.021087718,-0.023738871,0.000610795
4,4,0,-10,0.273656033,0.014528811,0.000900859,0.017201735,-0.021203738,0.000925662
4,6,0,-10,0.269119407,0.014537653,-0.002299912,0.013317163,-0.018977018,0.001230009
6,-6,0,-10,0.436806823,0.020884682,0.015129863,0.037992754,-0.082477518,0.00057164
6,-4,0,-10,0.435441841,0.020552535,0.012253603,0.033692627,-0.078961216,0.000693659
6,-2,0,-10,0.43325622,0.020270001,0.009302658,0.029289037,-0.07567476,0.000823107
6,0,0,-10,0.430208901,0.020040943,0.006373202,0.02483713,-0.07251305,0.000943097
6,2,0,-10,0.426279936,0.019863253,0.003412957,0.020333146,-0.069519632,0.001063528
6,4,0,-10,0.421601232,0.019744362,0.000404815,0.015785949,-0.066810872,0.00118696
6,6,0,-10,0.416092135,0.019679105,-0.002574893,0.011242553,-0.06425308,0.001301241
8,-6,0,-10,0.583573938,0.028342889,0.013365248,0.03983724,-0.128661134,0.001713342
8,-4,0,-10,0.583161073,0.028031476,0.010753002,0.034885432,-0.125468522,0.001671676
8,-2,0,-10,0.581562212,0.027747988,0.008071851,0.029824425,-0.122400705,0.001632868
8,0,0,-10,0.578697055,0.027494563,0.005401972,0.024706712,-0.119288644,0.001583811
8,2,0,-10,0.574571053,0.0272698,0.002712478,0.019542041,-0.11623606,0.001531163
8,4,0,-10,0.56931345,0.027082841,-3.52E-05,0.01433282,-0.113336083,0.001481082
8,6,0,-10,0.562851557,0.026927474,-0.002746938,0.009139183,-0.110464504,0.001419883
10,-6,0,-10,0.729849195,0.037867378,0.011482593,0.041628493,-0.175607362,0.002800242
10,-4,0,-10,0.730390766,0.037593761,0.009170432,0.03602912,-0.172746435,0.002611597
10,-2,0,-10,0.729368474,0.037319325,0.006785093,0.030310253,-0.169884073,0.002423046
10,0,0,-10,0.726702146,0.037046476,0.004422928,0.024536058,-0.166846928,0.002220261
10,2,0,-10,0.72238374,0.036771851,0.002041732,0.018714827,-0.16373783,0.002011573
10,4,0,-10,0.716556283,0.036508469,-0.000408068,0.012849616,-0.160651343,0.00180479
10,6,0,-10,0.709146494,0.036247805,-0.002815527,0.007010384,-0.157465586,0.001584843
12,-6,0,-10,0.875382916,0.049410434,0.009488874,0.043364733,-0.223161986,0.003828677
12,-4,0,-10,0.876880276,0.049191305,0.007511982,0.037122962,-0.220640779,0.003510177
12,-2,0,-10,0.876438126,0.048936453,0.005458343,0.030751534,-0.217990975,0.003189035
12,0,0,-10,0.873974659,0.04864851,0.003439747,0.02432601,-0.215034195,0.00285002
12,2,0,-10,0.869469136,0.048322001,0.001403417,0.017854247,-0.211871907,0.002502781
12,4,0,-10,0.863077437,0.047973624,-0.00071277,0.011337673,-0.208599982,0.002156408
12,6,0,-10,0.854727568,0.047593137,-0.002780567,0.004858397,-0.205101265,0.001794841
14,-6,0,-10,1.019929589,0.062913419,0.007392757,0.045044608,-0.271166948,0.004794871
14,-4,0,-10,1.022382893,0.062765387,0.005784123,0.038166224,-0.268992655,0.004364082
14,-2,0,-10,1.022521994,0.062540407,0.004096825,0.031147984,-0.266560229,0.003927826
14,0,0,-10,1.020266129,0.06224191,0.002456075,0.024077279,-0.263689912,0.003470542
14,2,0,-10,1.015578752,0.061861593,0.000798296,0.016960674,-0.260478007,0.003002759
14,4,0,-10,1.008569465,0.061413407,-0.000894673,0.00982402,-0.256926672,0.002527884
14,6,0,-10,0.999343575,0.060904979,-0.002643363,0.002684672,-0.253208396,0.002048537
16,-6,0,-10,1.163238499,0.078304733,0.00520326,0.046667141,-0.319454493,0.005695474
16,-4,0,-10,1.166648931,0.078243506,0.003994762,0.039157376,-0.31763419,0.005170092
16,-2,0,-10,1.167370531,0.078058529,0.002705864,0.031499147,-0.315425437,0.004636742
16,0,0,-10,1.16524442,0.077744686,0.001475997,0.023791404,-0.312629671,0.004080091
16,2,0,-10,1.160461369,0.077318228,0.000229033,0.016035347,-0.309388062,0.003509548
16,4,0,-10,1.152898303,0.076768622,-0.001059279,0.008262005,-0.305649796,0.002930697
16,6,0,-10,1.14275833,0.076114591,-0.00240603,0.000494062,-0.301631662,0.002345072
18,-6,0,-10,1.305072934,0.095503339,0.002930937,0.048228493,-0.367858723,0.00652611
18,-4,0,-10,1.309418123,0.095541547,0.002135537,0.040088601,-0.366369412,0.005926432
18,-2,0,-10,1.310742011,0.095409506,0.001290108,0.031805789,-0.364420967,0.005313131
18,0,0,-10,1.308817349,0.095091356,0.000502176,0.023466329,-0.361712896,0.004675162
18,2,0,-10,1.303873507,0.094610401,-0.000303485,0.015079598,-0.358433319,0.00402113
18,4,0,-10,1.295765749,0.09395257,-0.001156884,0.006677119,-0.354512135,0.003356858
18,6,0,-10,1.284720307,0.093138753,-0.002072813,-0.001711534,-0.350197991,0.002683777
20,-6,0,-10,1.445194077,0.11441826,0.000588198,0.049730196,-0.416209825,0.007283522
20,-4,0,-10,1.450480672,0.114571747,0.000243835,0.040972484,-0.415073428,0.006626869
20,-2,0,-10,1.452299715,0.11449275,-7.70E-05,0.032101053,-0.41321818,0.005948621
20,0,0,-10,1.450669149,0.114181589,-0.000461347,0.023103976,-0.410750702,0.005253712
20,2,0,-10,1.445574334,0.113645896,-0.000798186,0.014094274,-0.40744044,0.004535314
20,4,0,-10,1.436926815,0.112870992,-0.001189935,0.005071738,-0.403340542,0.003805337
20,6,0,-10,1.424996414,0.111890494,-0.001646584,-0.003930456,-0.398734204,0.003062635
-10,-6,0,-8,-0.727897559,0.036693074,0.021961122,0.016880631,0.245394534,-0.009314176
-10,-4,0,-8,-0.73599479,0.036785306,0.01828305,0.017842836,0.250532589,-0.0073228
-10,-2,0,-8,-0.741947034,0.036870918,0.014564727,0.018779531,0.254590482,-0.005295108
-10,0,0,-8,-0.745740967,0.036950457,0.010819127,0.019686639,0.2575485,-0.003243204
-10,2,0,-8,-0.747264993,0.037017543,0.007094402,0.020571682,0.259320965,-0.00118823
-10,4,0,-8,-0.746635922,0.037078741,0.00331663,0.021392505,0.260026671,0.000878836
-10,6,0,-8,-0.743801851,0.03713078,-0.000461207,0.022162567,0.259598719,0.002936071
-8,-6,0,-8,-0.585986245,0.027265775,0.021414538,0.019034702,0.209964883,-0.007969799
-8,-4,0,-8,-0.593191028,0.027251333,0.017706862,0.019334951,0.214865771,-0.006264557
-8,-2,0,-8,-0.598619762,0.027260811,0.013959457,0.01960336,0.218790839,-0.004528529
-8,0,0,-8,-0.602249112,0.027294817,0.010179521,0.019836894,0.221714412,-0.002770526
-8,2,0,-8,-0.603994972,0.027349398,0.006421522,0.020048349,0.223567223,-0.001010935
-8,4,0,-8,-0.603950736,0.027428763,0.00261505,0.020199903,0.224451465,0.00075958
-8,6,0,-8,-0.602065434,0.027530649,-0.001189306,0.020307023,0.224303028,0.002521864
-6,-6,0,-8,-0.442605411,0.019869496,0.020743307,0.021163082,0.172795747,-0.00665731
-6,-4,0,-8,-0.448903848,0.019763773,0.017035259,0.020798295,0.177442554,-0.005223062
-6,-2,0,-8,-0.453800264,0.019706441,0.013292991,0.020397507,0.181226905,-0.003764414
-6,0,0,-8,-0.457260267,0.019697788,0.009513133,0.019955624,0.184108377,-0.00228608
-6,2,0,-8,-0.459226925,0.019735934,0.005756096,0.019492319,0.186041511,-0.000807565
-6,4,0,-8,-0.459768609,0.019823144,0.001955787,0.018973985,0.187106451,0.000680374
-6,6,0,-8,-0.458810534,0.019955153,-0.001811274,0.018429144,0.187199953,0.002154328
-4,-6,0,-8,-0.297988964,0.014549018,0.019940521,0.023261146,0.133975207,-0.005378178
-4,-4,0,-8,-0.303370055,0.014368509,0.01626763,0.022230753,0.138355668,-0.004200772
-4,-2,0,-8,-0.307725276,0.01425434,0.01256651,0.021160653,0.141990989,-0.003004981
-4,0,0,-8,-0.311022793,0.014206351,0.008834836,0.020048012,0.144844584,-0.00179435
-4,2,0,-8,-0.313197288,0.014224123,0.005102199,0.018904132,0.14683786,-0.000579667
-4,4,0,-8,-0.314326133,0.014308919,0.001343921,0.01771565,0.148085853,0.000640137
-4,6,0,-8,-0.314332212,0.014457438,-0.002385965,0.016504711,0.148479249,0.001848767
-2,-6,0,-8,-0.152377682,0.011339546,0.019005513,0.025327075,0.093609081,-0.00413534
-2,-4,0,-8,-0.156829307,0.011100839,0.015404397,0.023631374,0.09770827,-0.003200234
-2,-2,0,-8,-0.160636857,0.010939602,0.011780332,0.021891278,0.101185213,-0.002252202
-2,0,0,-8,-0.163734591,0.010855499,0.008152295,0.020115639,0.103954785,-0.001297874
-2,2,0,-8,-0.166147476,0.01084949,0.004463574,0.018284112,0.106058938,-0.0003288
-2,4,0,-8,-0.167864074,0.01092158,0.000784269,0.016425909,0.107492562,0.000637695
-2,6,0,-8,-0.16883747,0.011069663,-0.002872002,0.014549236,0.108191903,0.001595447
0,-6,0,-8,-0.006012848,0.010264046,0.017938551,0.027358984,0.051805088,-0.00293166
0,-4,0,-8,-0.009525742,0.009984257,0.014446397,0.024998759,0.055611039,-0.002223965
0,-2,0,-8,-0.01277954,0.009786207,0.010938171,0.022590104,0.058922711,-0.001508679
0,0,0,-8,-0.015704391,0.009669693,0.007421052,0.020139875,0.061650975,-0.000788856
0,2,0,-8,-0.018321143,0.009636011,0.003844507,0.017633932,0.06381438,-5.66E-05
0,4,0,-8,-0.020623164,0.009685113,0.00028192,0.015106795,0.06543453,0.00067173
0,6,0,-8,-0.022565537,0.009815712,-0.003263382,0.012565495,0.066445881,0.001393372
2,-6,0,-8,0.140858078,0.011334011,0.016739922,0.029354379,0.008684651,-0.001769865
2,-4,0,-8,0.138290801,0.011030203,0.013394256,0.026330297,0.012187348,-0.001274346
2,-2,0,-8,0.135598305,0.010805711,0.010040291,0.023254845,0.015323812,-0.000776242
2,0,0,-8,0.132853614,0.010660462,0.006672816,0.020131747,0.018003677,-0.00027542
2,2,0,-8,0.130032598,0.010595861,0.003246629,0.016952602,0.020228926,0.0002356
2,4,0,-8,0.127146027,0.010611857,-0.000160441,0.013758668,0.022037045,0.000741238
2,6,0,-8,0.124236483,0.010708044,-0.003556908,0.010554428,0.023363676,0.001241891
4,-6,0,-8,0.28798951,0.014548967,0.015411335,0.031310221,-0.035625574,-0.000652888
4,-4,0,-8,0.286341826,0.014239554,0.012283021,0.027639677,-0.032383782,-0.00036008
4,-2,0,-8,0.284250055,0.013998005,0.009089411,0.023885323,-0.02948576,-5.72E-05
4,0,0,-8,0.281687482,0.01382777,0.005910595,0.020091959,-0.02685648,0.000240505
4,2,0,-8,0.278666745,0.013728919,0.002674108,0.016241833,-0.024573686,0.000546084
4,4,0,-8,0.275197496,0.013701924,-0.000538938,0.012383376,-0.022576744,0.000844862
4,6,0,-8,0.271320572,0.013747165,-0.003748807,0.008518332,-0.020929647,0.001140012
6,-6,0,-8,0.435132849,0.019896563,0.013955874,0.033224614,-0.080991958,0.00041629
6,-4,0,-8,0.434435604,0.019597525,0.011055217,0.028898545,-0.078065135,0.000527817
6,-2,0,-8,0.432920527,0.019350789,0.00808784,0.024480008,-0.075366944,0.000646166
6,0,0,-8,0.430545592,0.019159281,0.005137155,0.020019178,-0.072794775,0.00075694
6,2,0,-8,0.427294191,0.019021375,0.002163748,0.01551715,-0.070399846,0.000867655
6,4,0,-8,0.423278956,0.018943663,-0.000852582,0.010981812,-0.068269329,0.000981661
6,6,0,-8,0.418435211,0.018921288,-0.003836725,0.006459977,-0.066299213,0.001086991
8,-6,0,-8,0.582036505,0.0273524,0.012377863,0.035095461,-0.127272104,0.00143459
8,-4,0,-8,0.582292483,0.027080802,0.009742055,0.030117424,-0.124668685,0.001381221
8,-2,0,-8,0.581359578,0.026839381,0.007040206,0.025039156,-0.122179855,0.001331403
8,0,0,-8,0.579172775,0.026630698,0.004353906,0.019914073,-0.119665489,0.001272085
8,2,0,-8,0.575722913,0.026452396,0.001652309,0.014750621,-0.117208468,0.001209764
8,4,0,-8,0.571130379,0.026313377,-0.001103167,0.009553427,-0.114887259,0.00115091
8,6,0,-8,0.565332894,0.026207321,-0.003819278,0.004380486,-0.112601677,0.001081825
10,-6,0,-8,0.72844935,0.036880315,0.010682841,0.036920673,-0.174317115,0.002398834
10,-4,0,-8,0.729660071,0.036653089,0.008348104,0.031294846,-0.172044334,0.002197304
10,-2,0,-8,0.729303972,0.036427254,0.005942923,0.025558479,-0.169759836,0.001997015
10,0,0,-8,0.727315515,0.036205783,0.00356526,0.019776523,-0.167318689,0.001783674
10,2,0,-8,0.723674009,0.035984354,0.001172264,0.013956705,-0.164804667,0.001565585
10,4,0,-8,0.718509024,0.035775045,-0.00128494,0.008102368,-0.162293387,0.001350622
10,6,0,-8,0.711762189,0.035569999,-0.003696589,0.002283224,-0.159691349,0.001123903
12,-6,0,-8,0.8741235,0.048433123,0.00887728,0.038698638,-0.221973869,0.003305754
12,-4,0,-8,0.87628972,0.048267015,0.006878946,0.032430298,-0.220039118,0.002973195
12,-2,0,-8,0.876512614,0.048066974,0.00480642,0.026041052,-0.217964767,0.002639634
12,0,0,-8,0.874725647,0.047836797,0.002773108,0.019607378,-0.215601462,0.002289835
12,2,0,-8,0.870895331,0.047569719,0.000725661,0.013136417,-0.213031896,0.001933403
12,4,0,-8,0.865163323,0.047281352,-0.001397436,0.006630296,-0.210331545,0.001579566
12,6,0,-8,0.857473836,0.046962343,-0.003469232,0.000170407,-0.207413234,0.001212398
14,-6,0,-8,1.018810891,0.061950788,0.006968797,0.040427562,-0.270082897,0.004152297
14,-4,0,-8,1.021930841,0.061861549,0.005339962,0.033522292,-0.268491681,0.003706367
14,-2,0,-8,1.022733139,0.06169759,0.003635242,0.026486108,-0.266632058,0.00325695
14,0,0,-8,1.021151302,0.061462885,0.001980404,0.019406856,-0.264351762,0.002788739
14,2,0,-8,1.017135951,0.06114818,0.000312817,0.012290801,-0.261727481,0.002311899
14,4,0,-8,1.010839527,0.060771544,-0.001441489,0.005139115,-0.25883778,0.001836914
14,6,0,-8,1.002221595,0.060326047,-0.003139307,-0.001955623,-0.255608206,0.001346605
16,-6,0,-8,1.162259336,0.077362342,0.004965855,0.042105911,-0.318473605,0.004935236
16,-4,0,-8,1.166335386,0.077365667,0.003738959,0.034569853,-0.317236097,0.004393776
16,-2,0,-8,1.167717575,0.077247735,0.002433329,0.026893323,-0.315595625,0.003846685
16,0,0,-8,1.16626234,0.077003638,0.001190596,0.019176394,-0.313385569,0.003278755
16,2,0,-8,1.162148271,0.076648615,-6.59E-05,0.011420554,-0.310728134,0.002699629
16,4,0,-8,1.155244022,0.07617135,-0.001364231,0.003654443,-0.307561406,0.002115213
16,6,0,-8,1.145752316,0.075589663,-0.002709677,-0.004093412,-0.30410704,0.001525781
18,-6,0,-8,1.304237802,0.09458662,0.002878689,0.043731458,-0.366988883,0.005651165
18,-4,0,-8,1.309238188,0.094694605,0.002061835,0.035562566,-0.366066419,0.005034593
18,-2,0,-8,1.311223214,0.094635533,0.001205667,0.027263058,-0.364688375,0.004406483
18,0,0,-8,1.30996505,0.094392705,0.000405933,0.018914386,-0.362562049,0.003757106
18,2,0,-8,1.305686886,0.093988978,-0.000408354,0.010527406,-0.35986166,0.003094823
18,4,0,-8,1.298232765,0.093408664,-0.001270841,0.00213168,-0.356506248,0.002425682
18,6,0,-8,1.287834976,0.0926745,-0.002184303,-0.00623824,-0.352750416,0.001749531
20,-6,0,-8,1.444501549,0.113532229,0.000718482,0.045303929,-0.415450206,0.006296904
20,-4,0,-8,1.450439173,0.113761222,0.000354652,0.036517203,-0.414874954,0.005622183
20,-2,0,-8,1.452918943,0.113760769,2.07E-05,0.027626931,-0.413591671,0.004928914
20,0,0,-8,1.451946318,0.113530079,-0.000370573,0.018622209,-0.411692994,0.004222181
20,2,0,-8,1.447510773,0.113076528,-0.000714977,0.00961181,-0.408955224,0.003495869
20,4,0,-8,1.439511694,0.112384032,-0.001114818,0.000595609,-0.405415466,0.002761757
20,6,0,-8,1.428218862,0.111485749,-0.001569426,-0.008388309,-0.401360794,0.002017742
-10,-6,0,-6,-0.730457278,0.03609292,0.019353668,0.01208364,0.247486395,-0.008506388
-10,-4,0,-6,-0.737911113,0.036164282,0.015652365,0.01302354,0.25204962,-0.006513486
-10,-2,0,-6,-0.743213764,0.036229948,0.011915554,0.013946501,0.255524189,-0.004487616
-10,0,0,-6,-0.746355736,0.036291027,0.00816104,0.014851615,0.2579021,-0.002441981
-10,2,0,-6,-0.747226181,0.036341043,0.004422322,0.015740096,0.259093917,-0.000394056
-10,4,0,-6,-0.745940455,0.03638648,0.000640782,0.016576023,0.259213091,0.001661463
-10,6,0,-6,-0.74245597,0.036424399,-0.003135798,0.017370533,0.258204259,0.003703971
-8,-6,0,-6,-0.588459037,0.026623557,0.018960601,0.014200336,0.212000566,-0.007275287
-8,-4,0,-6,-0.59501777,0.026595399,0.015233894,0.014479052,0.216326376,-0.005570909
-8,-2,0,-6,-0.599787984,0.02659197,0.011467723,0.014733661,0.219662941,-0.00383753
-8,0,0,-6,-0.602757824,0.026614448,0.007678648,0.01496496,0.222000315,-0.002086198
-8,2,0,-6,-0.603843223,0.026659036,0.00390608,0.015179468,0.223267055,-0.000333681
-8,4,0,-6,-0.603135255,0.026729899,9.54E-05,0.015345952,0.223559369,0.001425658
-8,6,0,-6,-0.600592941,0.02682467,-0.003708335,0.015477328,0.222824802,0.003174069
-6,-6,0,-6,-0.444992123,0.019189493,0.018452949,0.016300089,0.174778208,-0.006080001
-6,-4,0,-6,-0.45063617,0.019076992,0.014726474,0.015913974,0.178843742,-0.004648
-6,-2,0,-6,-0.45486714,0.019013817,0.010965114,0.015498834,0.182034538,-0.003192805
-6,0,0,-6,-0.45766079,0.019000828,0.007176073,0.015054686,0.184325295,-0.001721549
-6,2,0,-6,-0.458961117,0.019036168,0.003404018,0.014593862,0.185667361,-0.000250137
-6,4,0,-6,-0.458833225,0.019122012,-0.00040107,0.014090122,0.186135942,0.001227114
-6,6,0,-6,-0.457216378,0.019254614,-0.004172714,0.013567465,0.185645744,0.002689187
-4,-6,0,-6,-0.300282689,0.013835496,0.017820574,0.018378416,0.135898737,-0.004920831
-4,-4,0,-6,-0.305004327,0.013655111,0.014128598,0.017325625,0.139694469,-0.003746723
-4,-2,0,-6,-0.308688194,0.013542215,0.010408506,0.016240894,0.142731671,-0.002555263
-4,0,0,-6,-0.311309303,0.013497125,0.006662434,0.015123403,0.144982759,-0.001350979
-4,2,0,-6,-0.31281633,0.013519396,0.002919527,0.01398384,0.146388776,-0.000144491
-4,4,0,-6,-0.313270017,0.013610107,-0.000843881,0.012809652,0.147036385,0.001065104
-4,6,0,-6,-0.312612427,0.013766402,-0.004578803,0.011620634,0.146842543,0.002262719
-2,-6,0,-6,-0.154574994,0.010596657,0.017060482,0.020431861,0.09547042,-0.003799836
-2,-4,0,-6,-0.158362342,0.010365106,0.013440452,0.018713292,0.09898161,-0.002869267
-2,-2,0,-6,-0.161492918,0.01021239,0.009797377,0.016958158,0.101856643,-0.001926376
-2,0,0,-6,-0.163914912,0.010138519,0.006149569,0.015175256,0.10402866,-0.00097768
-2,2,0,-6,-0.165650366,0.010144261,0.002455761,0.013349791,0.105534189,-1.78E-05
-2,4,0,-6,-0.166687558,0.010229573,-0.001228927,0.011505539,0.106364484,0.000938944
-2,6,0,-6,-0.166993144,0.010392605,-0.004890622,0.009650457,0.106474005,0.001886587
0,-6,0,-6,-0.008110885,0.009496178,0.016172494,0.022458817,0.053601603,-0.002719518
0,-4,0,-6,-0.010956328,0.009230584,0.012661607,0.020075119,0.056817554,-0.002017561
0,-2,0,-6,-0.013528069,0.009048298,0.009134671,0.017651225,0.059523606,-0.001308252
0,0,0,-6,-0.015771336,0.008949328,0.005598025,0.015193405,0.061650572,-0.000594521
0,2,0,-6,-0.017707855,0.008934685,0.002016209,0.012693168,0.063213846,0.000128631
0,4,0,-6,-0.019327082,0.009004299,-0.001551838,0.010179905,0.064228178,0.000847791
0,6,0,-6,-0.020598647,0.009157014,-0.005102813,0.007659839,0.064647537,0.001560251
2,-6,0,-6,0.138862585,0.010545555,0.015157116,0.02445718,0.010411581,-0.001682282
2,-4,0,-6,0.136968338,0.010263102,0.011793259,0.021409823,0.013320538,-0.001193726
2,-2,0,-6,0.134960146,0.010061594,0.008420539,0.018318479,0.015851074,-0.000702359
2,0,0,-6,0.132898081,0.009941153,0.005033696,0.015187288,0.017929918,-0.000208011
2,2,0,-6,0.130761106,0.009902837,0.001602326,0.012013697,0.019552243,0.000294049
2,4,0,-6,0.128559553,0.009946579,-0.00181028,0.008833227,0.020753367,0.00079107
2,6,0,-6,0.126322548,0.010072015,-0.005212656,0.005649761,0.021487515,0.001283505
4,-6,0,-6,0.286099075,0.013744583,0.014014805,0.026423885,-0.033970883,-0.000690498
4,-4,0,-6,0.285160399,0.013462477,0.01083628,0.022715258,-0.031378557,-0.000399815
4,-2,0,-6,0.283721643,0.01325217,0.007656702,0.018959172,-0.029032577,-0.000110489
4,0,0,-6,0.281845499,0.01311394,0.004458566,0.015157016,-0.0270074,0.000180379
4,2,0,-6,0.279509084,0.013048601,0.0012172,0.011312484,-0.025325923,0.000477168
4,4,0,-6,0.276726448,0.013056519,-0.002001459,0.007467013,-0.023936348,0.000767935
4,6,0,-6,0.273523064,0.013137897,-0.005217088,0.003622556,-0.022882062,0.001055847
6,-6,0,-6,0.433349034,0.019080879,0.012748128,0.028357,-0.079411939,0.000253313
6,-4,0,-6,0.433332993,0.018817096,0.00982575,0.024004991,-0.077086833,0.0003563
6,-2,0,-6,0.432503557,0.018607745,0.006846012,0.019572582,-0.074991076,0.000465417
6,0,0,-6,0.430813258,0.018455362,0.003874432,0.015102424,-0.073018746,0.000569271
6,2,0,-6,0.428253641,0.018358351,0.000892231,0.010603154,-0.071235128,0.00067209
6,4,0,-6,0.424915838,0.018322385,-0.002129137,0.00608051,-0.069695398,0.000778664
6,6,0,-6,0.420751393,0.018343005,-0.005114578,0.001580901,-0.068325516,0.000876998
8,-6,0,-6,0.580360405,0.026530168,0.011360734,0.030254226,-0.125768676,0.001146507
8,-4,0,-6,0.581298506,0.026300758,0.008703953,0.025250054,-0.123766492,0.001083377
8,-2,0,-6,0.581044906,0.026103404,0.005984144,0.020154854,-0.121868636,0.001024527
8,0,0,-6,0.579550448,0.02594111,0.003284583,0.015022845,-0.119964608,0.000956901
8,2,0,-6,0.576793207,0.025810594,0.000573472,0.009862067,-0.118118298,0.00088705
8,4,0,-6,0.572878068,0.025720111,-0.002186812,0.004677173,-0.116386666,0.000821402
8,6,0,-6,0.567759242,0.025663794,-0.004904231,-0.000474027,-0.114699836,0.000746437
10,-6,0,-6,0.726884586,0.036056791,0.009857581,0.032114016,-0.17289457,0.001986368
10,-4,0,-6,0.72877741,0.0358784,0.007502734,0.0264619,-0.171221797,0.001773904
10,-2,0,-6,0.72910084,0.035703306,0.005080294,0.020708426,-0.169527093,0.001563873
10,0,0,-6,0.72780385,0.035534834,0.002689829,0.014919237,-0.167694394,0.001342009
10,2,0,-6,0.724852976,0.035367866,0.000287769,0.00910149,-0.165788062,0.001116569
10,4,0,-6,0.720364311,0.035213628,-0.002173961,0.003259005,-0.163864189,0.000895479
10,6,0,-6,0.714294928,0.035064882,-0.004586881,-0.002538922,-0.161858772,0.000664022
12,-6,0,-6,0.872670905,0.047612442,0.008244139,0.033934003,-0.220633978,0.002770293
12,-4,0,-6,0.875518161,0.047501598,0.006226656,0.027639229,-0.219296978,0.002425651
12,-2,0,-6,0.876419524,0.047358888,0.004137715,0.021232706,-0.217810111,0.002081621
12,0,0,-6,0.875322826,0.047188462,0.002092264,0.014791522,-0.216052702,0.001723041
12,2,0,-6,0.872181921,0.046982681,3.57E-05,0.008322282,-0.214088026,0.001359544
12,4,0,-6,0.867124381,0.046755813,-0.002090955,0.001827602,-0.211972432,0.001000148
12,6,0,-6,0.860110085,0.046499423,-0.004163868,-0.004611602,-0.209647635,0.000629394
14,-6,0,-6,1.017470629,0.061137702,0.006527549,0.035712161,-0.26882615,0.003495451
14,-4,0,-6,1.0212697,0.06111027,0.004880682,0.028780349,-0.267829453,0.003036241
14,-2,0,-6,1.022749488,0.06100954,0.003160507,0.021727113,-0.266556194,0.002575822
14,0,0,-6,1.021855429,0.060840965,0.001494317,0.014640109,-0.264878316,0.00209861
14,2,0,-6,1.018526827,0.0605938,-0.000181155,0.007525308,-0.26285572,0.001614829
14,4,0,-6,1.012906598,0.060286042,-0.001938992,0.000384391,-0.260549617,0.00113489
14,6,0,-6,1.004955804,0.059907774,-0.003637995,-0.006689977,-0.257906106,0.000642417
16,-6,0,-6,1.161034844,0.076561245,0.004715662,0.037448066,-0.317306107,0.004159429
16,-4,0,-6,1.165785698,0.076632013,0.003471965,0.029884954,-0.316659194,0.003603507
16,-2,0,-6,1.167842829,0.076584028,0.002151953,0.022191309,-0.315599098,0.003044672
16,0,0,-6,1.167072281,0.076412119,0.000898559,0.01446609,-0.313987205,0.002467459
16,2,0,-6,1.163641404,0.076130651,-0.000365152,0.006711476,-0.311926566,0.001881788
16,4,0,-6,1.157410009,0.075727411,-0.001671215,-0.001046187,-0.309343959,0.001293871
16,6,0,-6,1.148581035,0.075219408,-0.003012856,-0.008772542,-0.30646615,0.000702713
18,-6,0,-6,1.303129258,0.093802289,0.002817833,0.03913813,-0.365910753,0.004758963
18,-4,0,-6,1.308797216,0.093983252,0.001981229,0.030940721,-0.365566263,0.004127333
18,-2,0,-6,1.311455562,0.093999966,0.001116088,0.022625037,-0.364769302,0.003486298
18,0,0,-6,1.310879102,0.093835246,0.000306663,0.014268197,-0.363238378,0.002827492
18,2,0,-6,1.307279181,0.093510786,-0.000514101,0.005882136,-0.361128819,0.002158985
18,4,0,-6,1.300493906,0.093010027,-0.001383639,-0.002505662,-0.358352481,0.001487025
18,6,0,-6,1.290753853,0.092354844,-0.002293143,-0.010854791,-0.355167597,0.000810414
20,-6,0,-6,1.443509391,0.112769005,0.000844504,0.040782201,-0.414463003,0.005291457
20,-4,0,-6,1.450109658,0.113076386,0.000462629,0.031967196,-0.414460231,0.004600562
20,-2,0,-6,1.453260378,0.113154853,0.000116247,0.023058649,-0.413761898,0.003894757
20,0,0,-6,1.452964016,0.113010477,-0.000278986,0.014047768,-0.412443715,0.003177549
20,2,0,-6,1.449199764,0.112641168,-0.000629043,0.005037785,-0.410289567,0.002445325
20,4,0,-6,1.441863541,0.112033301,-0.001035334,-0.003971014,-0.407322461,0.001709094
20,6,0,-6,1.431223387,0.111219063,-0.001485739,-0.012934843,-0.403833084,0.000965891
-10,-6,0,-4,-0.732881397,0.035671613,0.016697676,0.007213999,0.249510608,-0.007695989
-10,-4,0,-4,-0.739682031,0.035722486,0.012976017,0.008130654,0.253488295,-0.005699707
-10,-2,0,-4,-0.74432307,0.035768425,0.009223619,0.009039807,0.256370589,-0.003673763
-10,0,0,-4,-0.74680282,0.035810838,0.005463383,0.009942693,0.258159103,-0.001632609
-10,2,0,-4,-0.747009336,0.035843179,0.001713794,0.010834511,0.258760863,0.000410058
-10,4,0,-4,-0.745058063,0.035871727,-0.002068457,0.011685464,0.258284961,0.002455807
-10,6,0,-4,-0.740914271,0.035894165,-0.005840591,0.012504565,0.256686841,0.004485281
-8,-6,0,-4,-0.590825255,0.026165245,0.016459967,0.009292499,0.213986952,-0.006579379
-8,-4,0,-4,-0.596726826,0.02612408,0.012717291,0.009549247,0.217727886,-0.004873971
-8,-2,0,-4,-0.600826556,0.026107988,0.008935455,0.009790124,0.220465923,-0.003141305
-8,0,0,-4,-0.603127752,0.026118902,0.005140437,0.010018587,0.2222081,-0.001394795
-8,2,0,-4,-0.603542621,0.026153005,0.001356513,0.010236102,0.222879481,0.000352511
-8,4,0,-4,-0.602161421,0.026214439,-0.002455114,0.010417571,0.222570909,0.002102504
-8,6,0,-4,-0.598936204,0.026298639,-0.006233049,0.010581235,0.221212328,0.003833308
-6,-6,0,-4,-0.447300786,0.018697433,0.016118658,0.01136357,0.176729567,-0.00550272
-6,-4,0,-4,-0.452280368,0.018578939,0.01237626,0.010955132,0.180204855,-0.004070868
-6,-2,0,-4,-0.455834259,0.018510356,0.008599165,0.010525773,0.182792031,-0.002617197
-6,0,0,-4,-0.457952151,0.018493168,0.004803985,0.010078676,0.184482597,-0.001151063
-6,2,0,-4,-0.458575636,0.01852539,0.001020228,0.009620569,0.185224556,0.000315173
-6,4,0,-4,-0.4577683,0.018609183,-0.002786237,0.009131639,0.185087596,0.001783598
-6,6,0,-4,-0.455483782,0.018741213,-0.006559196,0.008631448,0.184005274,0.003235641
-4,-6,0,-4,-0.302529119,0.013312592,0.015658285,0.013420889,0.137811613,-0.004464628
-4,-4,0,-4,-0.306580481,0.013133305,0.01195073,0.01234554,0.14101226,-0.003291899
-4,-2,0,-4,-0.309582787,0.013022415,0.008214183,0.011245517,0.143442283,-0.002102625
-4,0,0,-4,-0.311516274,0.012980519,0.00445743,0.010123546,0.145080899,-0.000902787
-4,2,0,-4,-0.3123455,0.01300714,0.000707686,0.008988507,0.145890322,0.000297461
-4,4,0,-4,-0.312114184,0.013103198,-0.003057437,0.00782891,0.145928372,0.001498778
-4,6,0,-4,-0.310783471,0.013266279,-0.006794049,0.006662179,0.145138621,0.002687286
-2,-6,0,-4,-0.156755228,0.010045892,0.01507576,0.015461444,0.097340276,-0.003466801
-2,-4,0,-4,-0.159867441,0.009822782,0.011440008,0.013719878,0.100253846,-0.002538742
-2,-2,0,-4,-0.162310108,0.009679456,0.007781363,0.011949803,0.102517252,-0.00159899
-2,0,0,-4,-0.16404601,0.009616262,0.004116691,0.010159285,0.104082353,-0.000653832
-2,2,0,-4,-0.165093756,0.00963376,0.000421428,0.008340481,0.104979718,0.000298753
-2,4,0,-4,-0.165441303,0.009731874,-0.003265218,0.006510553,0.105197169,0.001247821
-2,6,0,-4,-0.165069285,0.009909027,-0.006928913,0.00467757,0.104707813,0.002187307
0,-6,0,-4,-0.010222862,0.008920743,0.014369558,0.01748306,0.055426096,-0.002511162
0,-4,0,-4,-0.01238818,0.008670857,0.010843312,0.015076242,0.05804114,-0.001812921
0,-2,0,-4,-0.014266625,0.008505399,0.007300843,0.012637095,0.060131957,-0.001107519
0,0,0,-4,-0.015820046,0.008424589,0.003747644,0.010171503,0.061650309,-0.000397749
0,2,0,-4,-0.017065402,0.008429193,0.000163996,0.007677451,0.062603263,0.000318357
0,4,0,-4,-0.017991929,0.00851908,-0.003406088,0.005178322,0.063002667,0.001030366
0,6,0,-4,-0.018582469,0.008693263,-0.006959326,0.002680129,0.0628216,0.001735657
2,-6,0,-4,0.136823094,0.009948793,0.013539946,0.01948408,0.012187334,-0.001599745
2,-4,0,-4,0.135611551,0.009689314,0.010160946,0.016413319,0.014494222,-0.001116069
2,-2,0,-4,0.13429955,0.009512051,0.006772872,0.013306437,0.016407564,-0.000629372
2,0,0,-4,0.132930688,0.009417194,0.003369682,0.01016723,0.017875847,-0.000139362
2,2,0,-4,0.131487579,0.009405534,-6.32E-05,0.00699983,0.018886528,0.000355799
2,4,0,-4,0.129981899,0.009476993,-0.003478114,0.003833155,0.019470972,0.000846286
2,6,0,-4,0.128427663,0.009631146,-0.00688293,0.000671263,0.019603308,0.001332556
4,-6,0,-4,0.284134276,0.013129982,0.012586805,0.021461474,-0.032247022,-0.000734456
4,-4,0,-4,0.283880595,0.012878056,0.009393514,0.017729251,-0.030257681,-0.000449823
4,-2,0,-4,0.283139741,0.012699301,0.006198782,0.013957288,-0.028529109,-0.000165916
4,0,0,-4,0.281958709,0.012593971,0.002985087,0.010147107,-0.027114982,0.000120199
4,2,0,-4,0.280319074,0.012562696,-0.000258351,0.006308256,-0.026046882,0.000410363
4,4,0,-4,0.278233773,0.012605644,-0.003479263,0.002476439,-0.025274339,0.000695228
4,6,0,-4,0.275714423,0.012722896,-0.006697406,-0.001346722,-0.02482212,0.000978001
6,-6,0,-4,0.431460073,0.018451714,0.011511884,0.023413131,-0.077741845,8.27E-05
6,-4,0,-4,0.432136171,0.018225193,0.008570797,0.019035505,-0.076028404,0.000179272
6,-2,0,-4,0.431995844,0.018054518,0.005575589,0.014586731,-0.074533635,0.000282252
6,0,0,-4,0.431008478,0.017942658,0.002594141,0.010110297,-0.073182721,0.000380121
6,2,0,-4,0.42915045,0.017887233,-0.000395293,0.005614583,-0.072018747,0.000477431
6,4,0,-4,0.426500734,0.017893313,-0.003418377,0.001105412,-0.071079284,0.000578709
6,6,0,-4,0.423026732,0.017956719,-0.006401724,-0.003371489,-0.07031877,0.000672113
8,-6,0,-4,0.578550921,0.025890554,0.010318369,0.02533717,-0.124156288,0.000849495
8,-4,0,-4,0.5801811,0.025705291,0.007643434,0.020307086,-0.122764522,0.000778737
8,-2,0,-4,0.580617012,0.025553524,0.004908633,0.015195363,-0.121466833,0.000713026
8,0,0,-4,0.579825218,0.025438758,0.002197744,0.010056955,-0.12018253,0.000639431
8,2,0,-4,0.577770509,0.025356974,-0.000518654,0.004899334,-0.118955767,0.000564017
8,4,0,-4,0.574543553,0.02531551,-0.00328055,-0.000272401,-0.117823262,0.000493737
8,6,0,-4,0.570114413,0.025308981,-0.005996066,-0.005400879,-0.116745054,0.000415039
10,-6,0,-4,0.725155394,0.035409989,0.009010145,0.027231291,-0.171341098,0.001563805
10,-4,0,-4,0.727740167,0.035282765,0.006637923,0.021553195,-0.170277277,0.001342479
10,-2,0,-4,0.728753716,0.035160082,0.004201028,0.015783278,-0.169182103,0.001124904
10,0,0,-4,0.728159206,0.035046369,0.001800715,0.009987538,-0.167967519,0.000896631
10,2,0,-4,0.725910114,0.034935177,-0.000607345,0.004172687,-0.166678809,0.000665969
10,4,0,-4,0.722108432,0.034836626,-0.003070459,-0.001656974,-0.16535202,0.000440926
10,6,0,-4,0.716727168,0.034744194,-0.005481576,-0.007432659,-0.163952961,0.000206921
12,-6,0,-4,0.871024102,0.046961917,0.007592176,0.029093455,-0.219142377,0.002223472
12,-4,0,-4,0.874562125,0.046908913,0.005558199,0.022772712,-0.218411758,0.001868782
12,-2,0,-4,0.876152324,0.046825135,0.003455477,0.016349691,-0.217522461,0.001516523
12,0,0,-4,0.875756348,0.046716069,0.001400651,0.009901755,-0.216380483,0.001151318
12,2,0,-4,0.87331544,0.046572725,-0.000661631,0.003435087,-0.215030559,0.00078284
12,4,0,-4,0.868943403,0.046408185,-0.002789541,-0.003047156,-0.213509102,0.000420189
12,6,0,-4,0.862615508,0.046214817,-0.00486065,-0.009464529,-0.2117878,4.80E-05
14,-6,0,-4,1.015909259,0.060487003,0.006070895,0.030921882,-0.267400678,0.002826233
14,-4,0,-4,1.020396851,0.0605238,0.004408443,0.023964112,-0.2670072,0.002355816
14,-2,0,-4,1.022562662,0.060488677,0.002675273,0.016894113,-0.266326885,0.001886374
14,0,0,-4,1.022366853,0.060387985,0.001000305,0.009800112,-0.265260859,0.001402301
14,2,0,-4,1.019735886,0.060209757,-0.000680358,0.002687542,-0.263849852,0.000913758
14,4,0,-4,1.014798019,0.059970535,-0.002439282,-0.004441207,-0.262133659,0.000431307
14,6,0,-4,1.007530533,0.059661463,-0.004136518,-0.011494296,-0.260089642,-6.14E-05
16,-6,0,-4,1.15955975,0.075914166,0.004453455,0.032715425,-0.315947654,0.003369956
16,-4,0,-4,1.164968421,0.076052773,0.003169727,0.025114654,-0.315851959,0.00280423
16,-2,0,-4,1.167737578,0.07607935,0.001861719,0.017416467,-0.31543132,0.002233461
16,0,0,-4,1.16766055,0.075981324,0.000601439,0.009683329,-0.314424242,0.001648776
16,2,0,-4,1.164922418,0.075774756,-0.000666011,0.001931448,-0.312968083,0.001058599
16,4,0,-4,1.159376353,0.075446879,-0.001978418,-0.00581716,-0.31098177,0.000469497
16,6,0,-4,1.151221676,0.075013423,-0.003313632,-0.013520593,-0.30869048,-0.000121173
18,-6,0,-4,1.301742035,0.093162447,0.002748454,0.034470544,-0.364621636,0.00385196
18,-4,0,-4,1.308084773,0.093419608,0.001893884,0.026244476,-0.364859602,0.003206966
18,-2,0,-4,1.311427904,0.093513876,0.0010222,0.017914647,-0.364656805,0.002555429
18,0,0,-4,1.311542937,0.093429294,0.000205169,0.009550475,-0.363729569,0.001889308
18,2,0,-4,1.308631953,0.093185718,-0.000619851,0.001166428,-0.362220674,0.001216726
18,4,0,-4,1.302526877,0.092765929,-0.001494213,-0.007212178,-0.360033295,0.000544141
18,6,0,-4,1.29345596,0.092190718,-0.002397435,-0.015539135,-0.357429502,-0.000130736
20,-6,0,-4,1.442211159,0.112139797,0.000965609,0.036186995,-0.413245172,0.004270127
20,-4,0,-4,1.449480844,0.112529047,0.000566991,0.027343223,-0.413818086,0.003564603
20,-2,0,-4,1.45332014,0.11269161,0.000212657,0.018420309,-0.413723508,0.002848109
20,0,0,-4,1.453701176,0.11263158,-0.000186878,0.009402429,-0.412988112,0.002123081
20,2,0,-4,1.450621585,0.11234894,-0.000540732,0.000394193,-0.411428949,0.001387143
20,4,0,-4,1.443959879,0.11182733,-0.000951379,-0.00860573,-0.409044472,0.000650989
20,6,0,-4,1.433983182,0.111098261,-0.00139556,-0.01754805,-0.40612969,-8.92E-05
-10,-6,0,-2,-0.735150529,0.035437794,0.014005794,0.002296433,0.251453197,-0.006885975
-10,-4,0,-2,-0.741292183,0.035468894,0.010266602,0.003188625,0.254839128,-0.004884345
-10,-2,0,-2,-0.745263988,0.035495386,0.006501747,0.004083592,0.257122359,-0.002856388
-10,0,0,-2,-0.747074236,0.035519025,0.00273914,0.004984045,0.258315013,-0.000817829
-10,2,0,-2,-0.746610549,0.035533108,-0.001018084,0.005879001,0.25832066,0.001221484
-10,4,0,-2,-0.743987712,0.035543959,-0.004797832,0.006744869,0.25724407,0.00325934
-10,6,0,-2,-0.739179086,0.03554963,-0.008562243,0.007588565,0.255051283,0.005277601
-8,-6,0,-2,-0.593066545,0.025900298,0.013924841,0.004336033,0.215910544,-0.005884863
-8,-4,0,-2,-0.598303909,0.025846559,0.010169117,0.004570345,0.219060211,-0.004176303
-8,-2,0,-2,-0.601727684,0.025818326,0.006374635,0.004796246,0.221193376,-0.002442358
-8,0,0,-2,-0.603352465,0.025817698,0.002577116,0.005022109,0.222334224,-0.000698688
-8,2,0,-2,-0.603090041,0.025840911,-0.001214826,0.005242546,0.222403963,0.001045374
-8,4,0,-2,-0.601029677,0.025892083,-0.00502409,0.005438971,0.221488866,0.002787963
-8,6,0,-2,-0.597130923,0.025966981,-0.008795573,0.005627747,0.219529714,0.004508712
-6,-6,0,-2,-0.449514135,0.018402727,0.013751343,0.00637774,0.178636202,-0.004927743
-6,-4,0,-2,-0.453824837,0.018279274,0.009995708,0.00594613,0.181517268,-0.003493851
-6,-2,0,-2,-0.456694629,0.018205865,0.006206028,0.005502022,0.183494037,-0.002039627
-6,0,0,-2,-0.458129095,0.018184591,0.002408375,0.005052274,0.18457805,-0.000576616
-6,2,0,-2,-0.458068839,0.018213399,-0.001383638,0.004596902,0.184713556,0.000886466
-6,4,0,-2,-0.4565757,0.018294395,-0.005188002,0.004122883,0.183965035,0.002348059
-6,6,0,-2,-0.453617389,0.018424739,-0.00895879,0.003645389,0.182284816,0.00379202
-4,-6,0,-2,-0.304714163,0.01299012,0.013464035,0.008413152,0.139701929,-0.004011507
-4,-4,0,-2,-0.308088359,0.012813225,0.009743792,0.007314812,0.142302352,-0.002837998
-4,-2,0,-2,-0.310399675,0.012705012,0.005994971,0.006200045,0.144116628,-0.001648981
-4,0,0,-2,-0.311640284,0.012666484,0.002230489,0.005073056,0.145137512,-0.000451387
-4,2,0,-2,-0.311784799,0.012697273,-0.001522508,0.003942689,0.145343978,0.000744685
-4,4,0,-2,-0.310861885,0.012798056,-0.005285834,0.002797884,0.144766382,0.001939778
-4,6,0,-2,-0.308851773,0.012966864,-0.009020612,0.001653763,0.143374838,0.003121195
-2,-6,0,-2,-0.158906346,0.00969743,0.013060419,0.010440126,0.099208773,-0.00313771
-2,-4,0,-2,-0.161336136,0.009484048,0.009412277,0.008675489,0.10151834,-0.002210029
-2,-2,0,-2,-0.163083662,0.009350948,0.005741174,0.00689019,0.103163429,-0.001271229
-2,0,0,-2,-0.164125536,0.009298798,0.002063609,0.005092537,0.104114919,-0.000327557
-2,2,0,-2,-0.164478901,0.009328003,-0.001629614,0.003280477,0.104398078,0.0006199
-2,4,0,-2,-0.164130036,0.009438433,-0.005314685,0.00146513,0.103996117,0.001563342
-2,6,0,-2,-0.163073984,0.009628763,-0.008976771,-0.000345284,0.102901925,0.002496729
0,-6,0,-2,-0.012336432,0.008548221,0.012537999,0.012456319,0.057269175,-0.002307684
0,-4,0,-2,-0.013813904,0.008315467,0.00899977,0.010026374,0.05927691,-0.001611019
0,-2,0,-2,-0.014994361,0.008167792,0.005444741,0.007571662,0.060748386,-0.000907271
0,0,0,-2,-0.015850246,0.008105625,0.001878484,0.005098566,0.061650702,-0.000199288
0,2,0,-2,-0.016397655,0.008129544,-0.001703059,0.002611164,0.061987382,0.000511877
0,4,0,-2,-0.016624409,0.008239314,-0.005271717,0.000126551,0.061765755,0.001218897
0,6,0,-2,-0.016526856,0.008434081,-0.008823645,-0.002349269,0.06097689,0.001919129
2,-6,0,-2,0.134748018,0.009554303,0.011895843,0.014459434,0.01400529,-0.001522962
2,-4,0,-2,0.134226459,0.009319315,0.008505104,0.011365442,0.015703556,-0.001041996
2,-2,0,-2,0.133617507,0.009167354,0.005105012,0.008243159,0.016993652,-0.000557757
2,0,0,-2,0.13295033,0.009098695,0.001689033,0.005096425,0.017843219,-6.99E-05
2,2,0,-2,0.132208632,0.009113897,-0.001741931,0.00193544,0.018235519,0.000420573
2,4,0,-2,0.131405523,0.00921276,-0.005155505,-0.001216851,0.018197139,0.000906715
2,6,0,-2,0.130541006,0.009394893,-0.008559241,-0.004356568,0.01772131,0.001388983
4,-6,0,-2,0.282103225,0.012715552,0.011133847,0.016447296,-0.030461063,-0.000785012
4,-4,0,-2,0.282541176,0.012495434,0.007929091,0.012691652,-0.029080691,-0.000504243
4,-2,0,-2,0.282505087,0.012349494,0.004722525,0.00890405,-0.027975711,-0.000223544
4,0,0,-2,0.28202715,0.012277889,0.001496073,0.005086047,-0.027180132,6.01E-05
4,2,0,-2,0.281091439,0.012280979,-0.001745199,0.001253779,-0.026731653,0.000345796
4,4,0,-2,0.279710692,0.01235879,-0.004964881,-0.002563801,-0.026582611,0.000626978
4,6,0,-2,0.277882608,0.012511317,-0.008182074,-0.00636497,-0.026738976,0.000906813
6,-6,0,-2,0.429474564,0.018020113,0.010252966,0.018417577,-0.075989343,-9.54E-05
6,-4,0,-2,0.430847947,0.017832418,0.007296203,0.014014269,-0.074892276,-3.10E-06
6,-2,0,-2,0.431403453,0.017701636,0.004288768,0.009549516,-0.074004511,9.60E-05
6,0,0,-2,0.431125712,0.017630957,0.001300238,0.005067525,-0.07328081,0.000190248
6,2,0,-2,0.42997725,0.017617547,-0.001692513,0.000575775,-0.072743989,0.000284224
6,4,0,-2,0.428022927,0.01766567,-0.004713888,-0.003919206,-0.0724112,0.000382455
6,6,0,-2,0.425246976,0.017771428,-0.007691715,-0.008372075,-0.072268123,0.000473204
8,-6,0,-2,0.576612518,0.025443617,0.00925538,0.020368099,-0.122439303,0.000544172
8,-4,0,-2,0.578941485,0.0253045,0.00656538,0.015312502,-0.121663956,0.000467967
8,-2,0,-2,0.580074025,0.02519993,0.00381876,0.010184787,-0.120972594,0.00039761
8,0,0,-2,0.579992649,0.025133728,0.001102088,0.005040748,-0.120315047,0.000319983
8,2,0,-2,0.578647488,0.025101166,-0.001618533,-0.000113056,-0.119714315,0.000241591
8,4,0,-2,0.576115737,0.02510867,-0.004378697,-0.005270846,-0.119187358,0.000168959
8,6,0,-2,0.572383649,0.02515148,-0.007089046,-0.010375765,-0.118724414,8.88E-05
10,-6,0,-2,0.72326692,0.03495008,0.008144396,0.022296751,-0.169662827,0.00113215
10,-4,0,-2,0.726550177,0.034875917,0.005757714,0.016593195,-0.169213908,0.000904188
10,-2,0,-2,0.728259022,0.034807437,0.003309461,0.01080707,-0.168722456,0.00068119
10,0,0,-2,0.728374295,0.034749151,0.000902404,0.005005639,-0.16813304,0.00044886
10,2,0,-2,0.726834241,0.034694322,-0.001508558,-0.000805563,-0.167468487,0.000215269
10,4,0,-2,0.723727487,0.034651851,-0.003969923,-0.006621489,-0.166745429,-1.14E-05
10,6,0,-2,0.719042607,0.034615848,-0.006376036,-0.012373905,-0.165959799,-0.000245782
12,-6,0,-2,0.86918771,0.046491684,0.006924342,0.0242013,-0.217505163,0.001666748
12,-4,0,-2,0.873422516,0.046498425,0.004876511,0.017855102,-0.217386881,0.001304235
12,-2,0,-2,0.875706772,0.046475765,0.002762978,0.011415807,-0.217098283,0.000945783
12,0,0,-2,0.876019012,0.046428919,0.0007018,0.004962353,-0.216579068,0.000576348
12,2,0,-2,0.874285638,0.046348745,-0.001363241,-0.001500997,-0.215850759,0.00020515
12,4,0,-2,0.870606347,0.046246819,-0.003489278,-0.007969745,-0.214930181,-0.000158471
12,6,0,-2,0.864972925,0.046116413,-0.00555568,-0.014364287,-0.213819224,-0.000529734
14,-6,0,-2,1.014127201,0.060008973,0.005600875,0.026079916,-0.265807042,0.002146231
14,-4,0,-2,1.019309405,0.060112042,0.003925436,0.019096884,-0.266022373,0.001666802
14,-2,0,-2,1.022167432,0.060144187,0.002181943,0.012010847,-0.265940636,0.001190564
14,0,0,-2,1.022677004,0.060112631,0.000500956,0.004910816,-0.265492949,0.000701907
14,2,0,-2,1.020750923,0.060004207,-0.001182363,-0.002198547,-0.264699946,0.000210936
14,4,0,-2,1.016503122,0.059834002,-0.002939307,-0.009314055,-0.263580594,-0.000271782
14,6,0,-2,1.009927125,0.059594225,-0.004631957,-0.016344717,-0.262143124,-0.000762387
16,-6,0,-2,1.157834185,0.07543085,0.004180454,0.027931356,-0.314399927,0.002568941
16,-4,0,-2,1.163929177,0.075641423,0.002879994,0.020303385,-0.314900661,0.001993533
16,-2,0,-2,1.167391996,0.07574195,0.001566964,0.012591104,-0.315081623,0.001414746
16,0,0,-2,1.168017624,0.075719452,0.000300957,0.004851834,-0.314689586,0.0008252
16,2,0,-2,1.165980648,0.075589016,-0.000968685,-0.002896903,-0.313847005,0.000232897
16,4,0,-2,1.161126041,0.075336857,-0.00228389,-0.010634682,-0.312460964,-0.000355193
16,6,0,-2,1.15365396,0.074978208,-0.00361005,-0.018313949,-0.310763292,-0.000943095
18,-6,0,-2,1.300075131,0.09267646,0.002670912,0.029751937,-0.363122556,0.00293271
18,-4,0,-2,1.307099967,0.09301145,0.001800636,0.021498853,-0.363951793,0.00227681
18,-2,0,-2,1.311132535,0.093185528,0.000924494,0.013155003,-0.364345385,0.00161664
18,0,0,-2,1.311944928,0.093182449,0.000102158,0.004784506,-0.364027007,0.000945421
18,2,0,-2,1.309731073,0.093020952,-0.0007248,-0.00359632,-0.363126045,0.000271043
18,4,0,-2,1.30431356,0.092682807,-0.001601688,-0.011964548,-0.36153436,-0.000399891
18,6,0,-2,1.295919934,0.092188005,-0.002496195,-0.020267876,-0.359518522,-0.001070725
20,-6,0,-2,1.440604774,0.111653673,0.00108116,0.031541065,-0.411796592,0.003235852
20,-4,0,-2,1.448551188,0.112126257,0.000668101,0.02267073,-0.412954983,0.002518246
20,-2,0,-2,1.453075196,0.112376831,0.000303819,0.013725619,-0.413428155,0.001791113
20,0,0,-2,1.454149119,0.112401447,-9.46E-05,0.004709412,-0.413319054,0.001062173
20,2,0,-2,1.451760354,0.112206441,-0.00044998,-0.004295748,-0.412360535,0.000324719
20,4,0,-2,1.445781099,0.111771922,-0.000862933,-0.013285399,-0.410565755,-0.000409075
20,6,0,-2,1.436476105,0.11112857,-0.001298768,-0.02220478,-0.408232706,-0.001144
-10,-6,0,0,-0.737253959,0.035396632,0.011290591,-0.002645885,0.253303231,-0.006079175
-10,-6,0,0,-0.737253958,0.035396632,0.011290591,-0.002645885,0.253303231,-0.006079175
-10,-4,0,0,-0.742730138,0.035408804,0.007537182,-0.001777874,0.256093273,-0.004070224
-10,-4,0,0,-0.742730139,0.035408805,0.007537185,-0.001777874,0.256093271,-0.004070225
-10,-2,0,0,-0.746028471,0.035416306,0.00376311,-0.000897417,0.257773769,-0.002038272
-10,-2,0,0,-0.746028471,0.035416306,0.00376311,-0.000897417,0.257773769,-0.002038272
-10,0,0,0,-0.747165704,0.035421139,1.50E-06,3.72E-07,0.258367408,-3.39E-07
-10,0,0,0,-0.747165703,0.035421139,1.50E-06,3.72E-07,0.258367408,-3.39E-07
-10,2,0,0,-0.746028745,0.035416583,-0.003760072,0.000898243,0.257774017,0.002037605
-10,2,0,0,-0.746028738,0.035416582,-0.003760072,0.000898243,0.257774014,0.002037605
-10,4,0,0,-0.742731511,0.035409079,-0.007533928,0.001778875,0.256094052,0.004069481
-10,4,0,0,-0.742731511,0.035409079,-0.007533928,0.001778875,0.256094052,0.004069481
-10,6,0,0,-0.737255882,0.035396817,-0.011287335,0.002647019,0.253304313,0.006078438
-10,6,0,0,-0.737255888,0.035396819,-0.011287334,0.002647022,0.253304324,0.006078439
-8,-6,0,0,-0.595172517,0.02583373,0.011366574,-0.000645601,0.217761313,-0.005194022
-8,-6,0,0,-0.595172517,0.02583373,0.011366574,-0.000645601,0.217761313,-0.005194022
-8,-4,0,0,-0.599741041,0.025768604,0.007601288,-0.000433964,0.220315951,-0.003480346
-8,-4,0,0,-0.599741041,0.025768604,0.007601288,-0.000433964,0.220315951,-0.003480346
-8,-2,0,0,-0.602483442,0.02572872,0.003797674,-0.000222716,0.221840315,-0.001743086
-8,-2,0,0,-0.602483442,0.02572872,0.003797674,-0.000222716,0.221840315,-0.001743086
-8,0,0,0,-0.603427938,0.025716667,1.17E-06,4.43E-07,0.222376522,-2.38E-07
-8,0,0,0,-0.603427938,0.025716667,1.17E-06,4.43E-07,0.222376522,-2.38E-07
-8,2,0,0,-0.602484967,0.025728668,-0.003795282,0.000223716,0.221841489,0.001742597
-8,2,0,0,-0.602484966,0.025728668,-0.003795282,0.000223716,0.221841489,0.001742597
-8,4,0,0,-0.599742821,0.02576884,-0.007598794,0.000435009,0.220317337,0.003479804
-8,4,0,0,-0.599742822,0.02576884,-0.007598794,0.000435009,0.220317337,0.003479804
-8,6,0,0,-0.595174275,0.025833554,-0.011364245,0.000646495,0.217762388,0.005193475
-8,6,0,0,-0.595174275,0.025833554,-0.011364245,0.000646495,0.217762389,0.005193475
-6,-6,0,0,-0.451624636,0.018311288,0.011360975,0.001366148,0.180492451,-0.00435687
-6,-6,0,0,-0.451624636,0.018311288,0.011360975,0.001366148,0.18049245,-0.00435687
-6,-4,0,0,-0.455259716,0.018183895,0.007596297,0.000911924,0.182773153,-0.002919046
-6,-4,0,0,-0.455259716,0.018183895,0.007596297,0.000911924,0.182773153,-0.002919046
-6,-2,0,0,-0.457441289,0.018106293,0.003797523,0.000452973,0.184135855,-0.001462182
-6,-2,0,0,-0.457441289,0.018106293,0.003797523,0.000452973,0.184135855,-0.001462182
-6,0,0,0,-0.458188733,0.018081067,9.20E-07,5.14E-07,0.18461021,-1.88E-07
-6,0,0,0,-0.458188733,0.018081067,9.20E-07,5.14E-07,0.18461021,-1.88E-07
-6,2,0,0,-0.457441054,0.018106224,-0.00379574,-0.000452067,0.184135839,0.00146181
-6,2,0,0,-0.457441054,0.018106224,-0.00379574,-0.000452067,0.184135839,0.00146181
-6,4,0,0,-0.455259359,0.018183608,-0.007594599,-0.000911215,0.182773162,0.002918682
-6,4,0,0,-0.455259359,0.018183608,-0.007594599,-0.000911215,0.182773162,0.002918682
-6,6,0,0,-0.451624598,0.018311098,-0.011359694,-0.001365898,0.18049246,0.0043566
-6,6,0,0,-0.451624598,0.018311098,-0.011359694,-0.001365898,0.18049246,0.0043566
-4,-6,0,0,-0.306825622,0.012874207,0.011248137,0.003379954,0.141559762,-0.003563198
-4,-6,0,0,-0.306825622,0.012874207,0.011248137,0.003379954,0.141559762,-0.003563198
-4,-4,0,0,-0.309518257,0.012700793,0.007518867,0.002258707,0.143556014,-0.002386815
-4,-4,0,0,-0.309518257,0.012700793,0.007518867,0.002258707,0.143556014,-0.002386815
-4,-2,0,0,-0.311135604,0.012595978,0.003761048,0.001128935,0.144752093,-0.001195856
-4,-2,0,0,-0.311135604,0.012595978,0.003761048,0.001128935,0.144752093,-0.001195856
-4,0,0,0,-0.31168629,0.012561164,6.06E-07,3.32E-07,0.145163654,-1.24E-07
-4,0,0,0,-0.31168629,0.012561164,6.06E-07,3.32E-07,0.145163654,-1.24E-07
-4,2,0,0,-0.311135423,0.012595863,-0.003760103,-0.001128501,0.14475189,0.001195653
-4,2,0,0,-0.311135423,0.012595863,-0.003760103,-0.001128501,0.14475189,0.001195653
-4,4,0,0,-0.30951785,0.012700697,-0.007518024,-0.002258352,0.143555669,0.002386643
-4,4,0,0,-0.30951785,0.012700697,-0.007518024,-0.002258352,0.143555669,0.002386643
-4,6,0,0,-0.30682583,0.012874155,-0.011247607,-0.003379939,0.141559993,0.003563096
-4,6,0,0,-0.30682583,0.012874155,-0.011247607,-0.003379939,0.141559993,0.003563096
-2,-6,0,0,-0.161015935,0.009557642,0.011024229,0.005393032,0.101065777,-0.00281396
-2,-6,0,0,-0.161015935,0.009557642,0.011024229,0.005393032,0.101065777,-0.00281396
-2,-4,0,0,-0.16275942,0.009355197,0.007367289,0.003605369,0.102767992,-0.001884509
-2,-4,0,0,-0.16275942,0.009355197,0.007367289,0.003605369,0.102767992,-0.001884509
-2,-2,0,0,-0.163808022,0.009233101,0.00368755,0.001805125,0.103791768,-0.000944517
-2,-2,0,0,-0.163808022,0.009233101,0.00368755,0.001805125,0.103791768,-0.000944517
-2,0,0,0,-0.164152555,0.009192307,1.22E-07,5.44E-08,0.104125832,-2.39E-08
-2,0,0,0,-0.164152555,0.009192307,1.22E-07,5.44E-08,0.104125832,-2.39E-08
-2,2,0,0,-0.16380812,0.009233071,-0.003687311,-0.001805055,0.103791699,0.000944472
-2,2,0,0,-0.16380812,0.009233071,-0.003687311,-0.001805055,0.103791699,0.000944472
-2,4,0,0,-0.162759669,0.009355177,-0.007367043,-0.003605358,0.10276806,0.001884459
-2,4,0,0,-0.162759669,0.009355177,-0.007367043,-0.003605358,0.10276806,0.001884459
-2,6,0,0,-0.161016579,0.00955762,-0.01102392,-0.00539296,0.101066018,0.002813893
-2,6,0,0,-0.161016579,0.00955762,-0.01102392,-0.00539296,0.101066018,0.002813893
0,-6,0,0,-0.014440095,0.00838519,0.01068656,0.007403438,0.059121658,-0.00211009
0,-6,0,0,-0.014440095,0.00838519,0.01068656,0.007403438,0.059121658,-0.00211009
0,-4,0,0,-0.01522907,0.008170846,0.007139561,0.004950267,0.060521421,-0.00141274
0,-4,0,0,-0.01522907,0.008170846,0.007139561,0.004950267,0.060521421,-0.00141274
0,-2,0,0,-0.015706047,0.008041766,0.00357591,0.002480496,0.061367921,-0.000708478
0,-2,0,0,-0.015706047,0.008041766,0.00357591,0.002480496,0.061367921,-0.000708478
0,0,0,0,-0.015860229,0.007998608,9.09E-08,4.84E-08,0.061650564,-1.81E-08
0,0,0,0,-0.015860229,0.007998608,9.09E-08,4.84E-08,0.061650564,-1.81E-08
0,2,0,0,-0.0157062,0.008041764,-0.003575654,-0.002480367,0.061368094,0.000708427
0,2,0,0,-0.0157062,0.008041764,-0.003575654,-0.002480367,0.061368094,0.000708427
0,4,0,0,-0.015229659,0.008170839,-0.007139309,-0.004950147,0.060521859,0.00141269
0,4,0,0,-0.015229659,0.008170839,-0.007139309,-0.004950147,0.060521859,0.00141269
0,6,0,0,-0.01444168,0.008385191,-0.010686344,-0.007403281,0.059123124,0.002110057
0,6,0,0,-0.01444168,0.008385191,-0.010686344,-0.007403281,0.059123124,0.002110057
2,-6,0,0,0.132651713,0.009368793,0.010233048,0.009408727,0.01585176,-0.001452563
2,-6,0,0,0.132651713,0.009368793,0.010233048,0.009408727,0.01585176,-0.001452563
2,-4,0,0,0.132822683,0.009159635,0.006833903,0.006291502,0.016939347,-0.000972061
2,-4,0,0,0.132822683,0.009159635,0.006833903,0.006291502,0.016939347,-0.000972061
2,-2,0,0,0.132919933,0.009033873,0.003425264,0.003154015,0.017603405,-0.000488012
2,-2,0,0,0.132919933,0.009033873,0.003425264,0.003154015,0.017603405,-0.000488012
2,0,0,0,0.132957207,0.008991832,-5.60E-08,-6.45E-08,0.017831995,9.47E-09
2,0,0,0,0.132957207,0.008991832,-5.59E-08,-6.45E-08,0.017831995,9.46E-09
2,2,0,0,0.132920023,0.009033877,-0.003425372,-0.003154129,0.017603222,0.000488031
2,2,0,0,0.132920023,0.009033877,-0.003425372,-0.003154129,0.017603222,0.000488031
2,4,0,0,0.132823044,0.009159646,-0.006834035,-0.006291607,0.016938827,0.000972085
2,4,0,0,0.132823044,0.009159646,-0.006834035,-0.006291607,0.016938827,0.000972085
2,6,0,0,0.132651744,0.009368796,-0.010233094,-0.009408655,0.015851618,0.00145258
2,6,0,0,0.132651744,0.009368796,-0.010233094,-0.009408655,0.015851618,0.00145258
4,-6,0,0,0.280016386,0.012508508,0.009663024,0.01140646,-0.028622165,-0.00084244
4,-6,0,0,0.280016386,0.012508508,0.009663024,0.01140646,-0.028622165,-0.00084244
4,-4,0,0,0.281149559,0.01232159,0.0064503,0.007627836,-0.027854123,-0.000563277
4,-4,0,0,0.281149559,0.01232159,0.0064503,0.007627836,-0.027854123,-0.000563277
4,-2,0,0,0.281821837,0.012209364,0.003235405,0.003825014,-0.027376128,-0.00028349
4,-2,0,0,0.281821837,0.012209364,0.003235405,0.003825014,-0.027376128,-0.00028349
4,0,0,0,0.282050549,0.01217188,-2.52E-07,-3.62E-07,-0.02720247,2.39E-08
4,0,0,0,0.282050549,0.01217188,-2.52E-07,-3.62E-07,-0.02720247,2.39E-08
4,2,0,0,0.281821529,0.01220934,-0.003235905,-0.003825726,-0.027375899,0.000283534
4,2,0,0,0.281821529,0.01220934,-0.003235905,-0.003825726,-0.027375899,0.000283534
4,4,0,0,0.281149027,0.012321569,-0.006450797,-0.007628537,-0.027853697,0.00056332
4,4,0,0,0.281149027,0.012321569,-0.006450797,-0.007628537,-0.027853697,0.00056332
4,6,0,0,0.280015882,0.012508473,-0.009663518,-0.011407144,-0.028621938,0.000842479
4,6,0,0,0.280015882,0.012508473,-0.009663518,-0.011407144,-0.028621938,0.000842479
6,-6,0,0,0.427400365,0.017792332,0.008977258,0.013395079,-0.074161886,-0.000280838
6,-6,0,0,0.427400365,0.017792332,0.008977258,0.013395079,-0.074161886,-0.000280838
6,-4,0,0,0.429475246,0.017645063,0.00600824,0.008966712,-0.073685029,-0.000190445
6,-4,0,0,0.429475245,0.017645063,0.00600824,0.008966712,-0.073685029,-0.000190445
6,-2,0,0,0.430730273,0.017555306,0.002992087,0.004486562,-0.073407586,-9.29E-05
6,-2,0,0,0.430730273,0.017555306,0.002992087,0.004486562,-0.073407586,-9.29E-05
6,0,0,0,0.431165688,0.017526547,-2.92E-07,-5.58E-07,-0.073314199,-6.61E-09
6,0,0,0,0.431165688,0.017526547,-2.92E-07,-5.58E-07,-0.073314199,-6.61E-09
6,2,0,0,0.430730255,0.0175552,-0.002992676,-0.004487726,-0.073407742,9.29E-05
6,2,0,0,0.430730255,0.0175552,-0.002992676,-0.004487726,-0.073407742,9.29E-05
6,4,0,0,0.429475002,0.017644912,-0.006008807,-0.008967869,-0.073685008,0.000190427
6,4,0,0,0.429475001,0.017644912,-0.006008807,-0.008967869,-0.073685007,0.000190427
6,6,0,0,0.42740003,0.01779217,-0.008977794,-0.013396217,-0.07416177,0.000280816
6,6,0,0,0.42740003,0.01779217,-0.008977794,-0.013396217,-0.07416177,0.000280816
8,-6,0,0,0.574553543,0.025196272,0.008176888,0.015371926,-0.120625624,0.00023114
8,-6,0,0,0.574553543,0.025196272,0.008176888,0.015371926,-0.120625624,0.00023114
8,-4,0,0,0.577584307,0.02510471,0.005475044,0.010291345,-0.120469618,0.000151794
8,-4,0,0,0.577584307,0.02510471,0.005475044,0.010291345,-0.120469618,0.000151794
8,-2,0,0,0.579416546,0.025048281,0.002719946,0.00514826,-0.120387541,7.91E-05
8,-2,0,0,0.579416547,0.025048281,0.002719946,0.00514826,-0.120387542,7.91E-05
8,0,0,0,0.58004827,0.0250314,-4.11E-07,-1.03E-06,-0.12035895,-7.34E-08
8,0,0,0,0.580048269,0.0250314,-4.11E-07,-1.03E-06,-0.120358949,-7.35E-08
8,2,0,0,0.579416879,0.025048125,-0.002720713,-0.005150202,-0.120388057,-7.93E-05
8,2,0,0,0.579416879,0.025048125,-0.002720713,-0.005150202,-0.120388057,-7.93E-05
8,4,0,0,0.577584639,0.025104566,-0.005475753,-0.010293257,-0.120470151,-0.000151935
8,4,0,0,0.577584639,0.025104566,-0.005475753,-0.010293257,-0.120470151,-0.000151935
8,6,0,0,0.574553808,0.025196117,-0.008177519,-0.015373788,-0.120626161,-0.000231294
8,6,0,0,0.574553808,0.025196117,-0.008177519,-0.015373788,-0.120626161,-0.000231294
10,-6,0,0,0.721225838,0.034684381,0.007264566,0.017334918,-0.167865582,0.000692313
10,-6,0,0,0.721225835,0.034684381,0.007264566,0.017334919,-0.167865581,0.000692313
10,-4,0,0,0.725210143,0.034664733,0.004866549,0.011606531,-0.16803423,0.00046001
10,-4,0,0,0.725210144,0.034664733,0.004866549,0.011606531,-0.16803423,0.00046001
10,-2,0,0,0.727618269,0.034651406,0.002410071,0.00580509,-0.168150324,0.000233982
10,-2,0,0,0.727618269,0.034651406,0.002410071,0.00580509,-0.168150324,0.000233982
10,0,0,0,0.728445846,0.034649697,-5.97E-07,-1.71E-06,-0.16818766,-1.84E-07
10,0,0,0,0.728445842,0.034649697,-5.97E-07,-1.71E-06,-0.168187655,-1.84E-07
10,2,0,0,0.727618851,0.03465113,-0.00241116,-0.005808256,-0.168151344,-0.000234305
10,2,0,0,0.727618848,0.03465113,-0.002411159,-0.005808255,-0.168151342,-0.000234305
10,4,0,0,0.725210846,0.034664435,-0.004867527,-0.01160961,-0.168035465,-0.000460347
10,4,0,0,0.725210794,0.034664425,-0.00486754,-0.011609609,-0.168035463,-0.000460346
10,6,0,0,0.721226407,0.034684051,-0.007265472,-0.017337925,-0.167866895,-0.000692664
10,6,0,0,0.721226406,0.034684051,-0.007265472,-0.017337925,-0.167866895,-0.000692664
12,-6,0,0,0.86716727,0.046208906,0.006243895,0.019281768,-0.215727117,0.001101436
12,-6,0,0,0.867167241,0.046208904,0.006243901,0.019281772,-0.215727103,0.001101435
12,-4,0,0,0.872101705,0.046276941,0.004185231,0.0129109,-0.216223759,0.000733384
12,-4,0,0,0.872101839,0.046276971,0.004185289,0.012910926,-0.216223669,0.000733379
12,-2,0,0,0.875083769,0.046316212,0.002063923,0.006456456,-0.216540342,0.000371171
12,-2,0,0,0.87508377,0.046316212,0.002063924,0.006456457,-0.216540343,0.000371171
12,0,0,0,0.876106876,0.046332561,-7.15E-07,-2.20E-06,-0.216645512,-2.79E-07
12,0,0,0,0.876106879,0.046332561,-7.16E-07,-2.20E-06,-0.216645514,-2.79E-07
12,2,0,0,0.875084593,0.046315825,-0.002065446,-0.006461244,-0.216542064,-0.000371825
12,2,0,0,0.875084594,0.046315825,-0.002065446,-0.006461244,-0.216542064,-0.000371825
12,4,0,0,0.872102352,0.046276449,-0.004186646,-0.012915607,-0.216225715,-0.000734057
12,4,0,0,0.872102403,0.046276453,-0.004186675,-0.012915607,-0.216225731,-0.000734049
12,6,0,0,0.867167638,0.04620837,-0.006245168,-0.019286273,-0.215729043,-0.001102109
12,6,0,0,0.867167678,0.046208373,-0.006245161,-0.019286272,-0.215729062,-0.00110211
14,-6,0,0,1.012130091,0.059710487,0.005119807,0.02121051,-0.264050818,0.001457253
14,-6,0,0,1.012130084,0.059710487,0.00511981,0.021210513,-0.26405083,0.001457253
14,-4,0,0,1.018010106,0.059880728,0.003434419,0.014203552,-0.264879248,0.000971229
14,-4,0,0,1.018010086,0.059880729,0.003434429,0.014203563,-0.264879211,0.000971229
14,-2,0,0,1.021562531,0.059981898,0.001683109,0.007101928,-0.265397063,0.000490391
14,-2,0,0,1.021562537,0.059981898,0.001683109,0.007101927,-0.26539707,0.000490391
14,0,0,0,1.022780798,0.060020267,-9.07E-07,-3.00E-06,-0.265570695,-4.83E-07
14,0,0,0,1.022780792,0.060020266,-9.07E-07,-3.00E-06,-0.265570692,-4.83E-07
14,2,0,0,1.021562458,0.059981841,-0.001685069,-0.007108193,-0.265397511,-0.000491386
14,2,0,0,1.021562454,0.05998184,-0.001685068,-0.007108193,-0.265397511,-0.000491386
14,4,0,0,1.018009745,0.059880703,-0.003436311,-0.014209722,-0.264880107,-0.00097221
14,4,0,0,1.018009663,0.059880684,-0.003436279,-0.0142097,-0.264880153,-0.000972212
14,6,0,0,1.012129778,0.059709735,-0.005121535,-0.021216888,-0.264053216,-0.001458409
14,6,0,0,1.012129779,0.059709735,-0.005121535,-0.021216888,-0.264053216,-0.001458409
16,-6,0,0,1.155862924,0.075118023,0.003898042,0.023119845,-0.312668047,0.001758594
16,-6,0,0,1.155862927,0.075118024,0.003898044,0.023119849,-0.312668056,0.001758594
16,-4,0,0,1.162646455,0.07540205,0.002583309,0.015465505,-0.313767512,0.001175768
16,-4,0,0,1.16264643,0.075402046,0.002583309,0.015465504,-0.313767507,0.001175768
16,-2,0,0,1.166805744,0.075577737,0.001267883,0.007740214,-0.314552702,0.000591272
16,-2,0,0,1.166805746,0.075577738,0.001267881,0.007740211,-0.314552696,0.000591272
16,0,0,0,1.168136926,0.07563159,-1.31E-06,-4.31E-06,-0.314778246,-8.23E-07
16,0,0,0,1.168136923,0.07563159,-1.31E-06,-4.31E-06,-0.314778245,-8.23E-07
16,2,0,0,1.166805018,0.075577619,-0.001270396,-0.007748762,-0.314552853,-0.00059292
16,2,0,0,1.166805019,0.075577619,-0.001270396,-0.007748761,-0.314552855,-0.00059292
16,4,0,0,1.162646245,0.075401221,-0.002585799,-0.015474558,-0.313770879,-0.001177648
16,4,0,0,1.162646407,0.075401256,-0.00258584,-0.015474592,-0.313770823,-0.001177647
16,6,0,0,1.155861517,0.075116988,-0.003900325,-0.023128509,-0.312670933,-0.001760449
16,6,0,0,1.155861496,0.075116986,-0.003900314,-0.023128506,-0.3126709,-0.00176045
18,-6,0,0,1.298132182,0.09235088,0.002585632,0.025005796,-0.361417338,0.002003772
18,-6,0,0,1.298132108,0.09235087,0.002585638,0.025005795,-0.361417327,0.002003771
18,-4,0,0,1.30584119,0.092765163,0.001701926,0.016726788,-0.362840225,0.001339237
18,-4,0,0,1.305841096,0.092765152,0.001701926,0.016726783,-0.362840182,0.001339237
18,-2,0,0,1.310568105,0.093020763,0.000824898,0.008370843,-0.363836869,0.000672607
18,-2,0,0,1.310568098,0.093020763,0.0008249,0.008370841,-0.363836846,0.000672605
18,0,0,0,1.312079638,0.093099605,-1.66E-06,-5.74E-06,-0.364126886,-1.29E-06
18,0,0,0,1.312079634,0.093099603,-1.66E-06,-5.75E-06,-0.364126889,-1.29E-06
18,2,0,0,1.310566085,0.093020505,-0.000828127,-0.008382198,-0.363836746,-0.000675167
18,2,0,0,1.310566073,0.093020502,-0.000828126,-0.008382195,-0.363836744,-0.000675166
18,4,0,0,1.305840521,0.092764154,-0.001705209,-0.016738845,-0.36284448,-0.001342113
18,4,0,0,1.305840293,0.092764115,-0.001705198,-0.016738836,-0.362844441,-0.001342113
18,6,0,0,1.298125843,0.092347309,-0.002589362,-0.025016349,-0.361422059,-0.002006092
18,6,0,0,1.298125638,0.092347284,-0.002589373,-0.025016332,-0.361422025,-0.002006086
20,-6,0,0,1.438692882,0.111316883,0.001190734,0.026867708,-0.410120916,0.002191599
20,-6,0,0,1.438692901,0.111316886,0.001190751,0.026867722,-0.410120979,0.002191597
20,-4,0,0,1.447318002,0.111874268,0.000765188,0.017971913,-0.411866748,0.001464139
20,-4,0,0,1.447318116,0.111874282,0.000765191,0.017971922,-0.411866802,0.001464141
20,-2,0,0,1.452607504,0.112217595,0.000352981,0.008993599,-0.413075614,0.000734771
20,-2,0,0,1.45260783,0.112217625,0.000353119,0.008993705,-0.413076101,0.000734773
20,0,0,0,1.454298828,0.112324162,-2.01E-06,-7.41E-06,-0.413429698,-1.93E-06
20,0,0,0,1.454298832,0.112324162,-2.01E-06,-7.41E-06,-0.4134297,-1.93E-06
20,2,0,0,1.452605048,0.112217188,-0.000356929,-0.009008436,-0.41307596,-0.000738635
20,2,0,0,1.452605022,0.112217185,-0.000356921,-0.009008428,-0.413075953,-0.000738635
20,4,0,0,1.447312203,0.111869977,-0.000770085,-0.017986454,-0.411874275,-0.001467759
20,4,0,0,1.447312352,0.111869998,-0.000770091,-0.017986442,-0.411874285,-0.001467757
20,6,0,0,1.438684434,0.111312242,-0.001195493,-0.026881584,-0.410127438,-0.002195124
20,6,0,0,1.43868482,0.111312298,-0.00119544,-0.026881556,-0.41012769,-0.002195127
-10,-6,0,2,-0.7391784,0.035549571,0.00856537,-0.007587542,0.255050605,-0.005278297
-10,-4,0,2,-0.74398771,0.035543784,0.004800994,-0.006743942,0.257243791,-0.003260053
-10,-2,0,2,-0.746611614,0.035532914,0.001021071,-0.005878215,0.258320891,-0.001222138
-10,0,0,2,-0.747075539,0.035519113,-0.002736153,-0.004983298,0.258315434,0.000817154
-10,2,0,2,-0.745265606,0.0354957,-0.006498683,-0.004082729,0.257123091,0.002855711
-10,4,0,2,-0.741294755,0.035469249,-0.010263317,-0.003187563,0.254840326,0.004883584
-10,6,0,2,-0.735153537,0.03543808,-0.01400244,-0.002295198,0.251454644,0.006885204
-8,-6,0,2,-0.597130637,0.025967268,0.008798427,-0.005626314,0.219529018,-0.004509408
-8,-4,0,2,-0.601028973,0.025891908,0.005026483,-0.005438059,0.221487998,-0.002788479
-8,-2,0,2,-0.603089338,0.025841011,0.001217158,-0.005241597,0.222403092,-0.001045849
-8,0,0,2,-0.603353175,0.025817775,-0.002574765,-0.005021212,0.222334486,0.000698207
-8,2,0,2,-0.601730157,0.025818496,-0.006372171,-0.004795225,0.221194949,0.002441829
-8,4,0,2,-0.598306548,0.025846775,-0.010166633,-0.004569231,0.219061994,0.004175766
-8,6,0,2,-0.593069255,0.025900311,-0.013922533,-0.004335143,0.215911833,0.005884343
-6,-6,0,2,-0.453616285,0.018424708,0.008960699,-0.003644398,0.182283775,-0.003792415
-6,-4,0,2,-0.456576732,0.018294465,0.005189716,-0.004122158,0.183965424,-0.002348403
-6,-2,0,2,-0.458069745,0.018213586,0.001385444,-0.004596053,0.18471381,-0.000886854
-6,0,0,2,-0.458130077,0.018184625,-0.002406519,-0.005051252,0.184578548,0.00057623
-6,2,0,2,-0.456695133,0.018205865,-0.006204245,-0.005501051,0.183494323,0.002039261
-6,4,0,2,-0.453825149,0.0182791,-0.00999395,-0.005945292,0.181517615,0.003493474
-6,6,0,2,-0.449514837,0.018402623,-0.013749836,-0.006377202,0.17863701,0.004927429
-4,-6,0,2,-0.308852227,0.012966931,0.009021392,-0.001653487,0.14337522,-0.003121334
-4,-4,0,2,-0.310862669,0.012798131,0.005286676,-0.002797549,0.144766933,-0.001939942
-4,-2,0,2,-0.311785579,0.012697401,0.001523464,-0.003942241,0.145344534,-0.000744892
-4,0,0,2,-0.311639956,0.012666377,-0.002229123,-0.005072127,0.145137359,0.000451124
-4,2,0,2,-0.310400291,0.012704942,-0.005994064,-0.006199653,0.144116964,0.001648786
-4,4,0,2,-0.308088599,0.012813146,-0.009743239,-0.00731481,0.142302702,0.002837879
-4,6,0,2,-0.304714684,0.012990064,-0.013463518,-0.008413126,0.139702437,0.004011405
-2,-6,0,2,-0.163073424,0.009628802,0.008977129,0.000345414,0.10290179,-0.002496807
-2,-4,0,2,-0.164130043,0.009438444,0.005315,-0.001465091,0.103996333,-0.001563407
-2,-2,0,2,-0.164479169,0.00932803,0.001630024,-0.003280233,0.10439811,-0.000619969
-2,0,0,2,-0.164125946,0.009298779,-0.002063175,-0.005092284,0.104114828,0.000327481
-2,2,0,2,-0.163083938,0.00935091,-0.005740938,-0.006890124,0.103163473,0.001271187
-2,4,0,2,-0.16133632,0.009484005,-0.009412027,-0.008675434,0.101518374,0.002209984
-2,6,0,2,-0.158906986,0.009697423,-0.013060137,-0.0104401,0.099209005,0.003137647
0,-6,0,2,-0.016526003,0.008434072,0.008823856,0.002349508,0.060975862,-0.001919154
0,-4,0,2,-0.016624053,0.008239327,0.00527198,-0.000126392,0.061765492,-0.001218948
0,-2,0,2,-0.016397525,0.008129558,0.001703292,-0.002610984,0.061987289,-0.000511919
0,0,0,2,-0.015850289,0.008105634,-0.001878228,-0.005098448,0.061650788,0.000199238
0,2,0,2,-0.014994881,0.008167789,-0.005444609,-0.007571627,0.060748798,0.000907244
0,4,0,2,-0.013815052,0.008315469,-0.008999559,-0.010026272,0.059278064,0.00161098
0,6,0,2,-0.012336477,0.008548231,-0.012538032,-0.012456366,0.057269314,0.002307691
2,-6,0,2,0.130540854,0.009394896,0.008559206,0.004356625,0.017721628,-0.001388971
2,-4,0,2,0.131405982,0.009212758,0.005155432,0.001216825,0.01819679,-0.000906698
2,-2,0,2,0.13220932,0.009113897,0.001741854,-0.001935504,0.018234867,-0.000420556
2,0,0,2,0.132950706,0.009098697,-0.001689165,-0.00509657,0.0178429,6.99E-05
2,2,0,2,0.133617999,0.009167359,-0.00510518,-0.008243328,0.016993101,0.000557785
2,4,0,2,0.13422719,0.009319327,-0.008505323,-0.011365635,0.015702687,0.001042032
2,6,0,2,0.134749098,0.009554324,-0.011896059,-0.014459641,0.014003933,0.00152299
4,-6,0,2,0.277883305,0.012511312,0.008181605,0.006364321,-0.026739494,-0.00090677
4,-4,0,2,0.279711444,0.012358824,0.004964368,0.002563078,-0.026583211,-0.000626931
4,-2,0,2,0.281091952,0.012281034,0.001744662,-0.001254535,-0.026732047,-0.000345745
4,0,0,2,0.282027562,0.012277968,-0.001496609,-0.005086797,-0.027180448,-6.01E-05
4,2,0,2,0.282505279,0.012349581,-0.004723031,-0.008904764,-0.027975847,0.000223597
4,4,0,2,0.282541136,0.012495523,-0.007929575,-0.012692339,-0.029080599,0.000504296
4,6,0,2,0.282102748,0.012715589,-0.011134205,-0.016447734,-0.03046043,0.00078506
6,-6,0,2,0.425247563,0.017771621,0.007691126,0.008370867,-0.072268367,-0.000473214
6,-4,0,2,0.428023478,0.017665885,0.004713257,0.003917973,-0.072411423,-0.000382455
6,-2,0,2,0.429977694,0.017617778,0.001691869,-0.000577008,-0.072744074,-0.000284217
6,0,0,2,0.431126165,0.01763111,-0.00130084,-0.00506868,-0.073281024,-0.000190238
6,2,0,2,0.431403975,0.017701688,-0.004289408,-0.009550725,-0.074004952,-9.60E-05
6,4,0,2,0.430848161,0.017832404,-0.007296775,-0.014015413,-0.07489249,3.08E-06
6,6,0,2,0.429474517,0.01802002,-0.010253475,-0.018418666,-0.075989415,9.54E-05
8,-6,0,2,0.572383688,0.025151811,0.007088323,0.010373754,-0.118723858,-8.89E-05
8,-4,0,2,0.576115654,0.02510893,0.004377944,0.005268835,-0.119186771,-0.000169087
8,-2,0,2,0.578647248,0.025101311,0.001617739,0.000111054,-0.119713738,-0.000241719
8,0,0,2,0.579992395,0.025133849,-0.001102901,-0.005042725,-0.120314582,-0.000320105
8,2,0,2,0.580074109,0.025199917,-0.003819599,-0.010186869,-0.120972649,-0.000397756
8,4,0,2,0.57894177,0.025304321,-0.006566054,-0.015314354,-0.121664414,-0.000468108
8,6,0,2,0.576612745,0.02544345,-0.009255981,-0.020369884,-0.122439732,-0.000544324
10,-6,0,2,0.71904175,0.03461611,0.006375094,0.012370801,-0.165958146,0.00024542
10,-4,0,2,0.723726514,0.034652099,0.003968883,0.006618319,-0.16674388,1.11E-05
10,-2,0,2,0.72683332,0.03469455,0.001507438,0.00080235,-0.167467143,-0.000215593
10,0,0,2,0.72837351,0.034749374,-0.000903556,-0.005008855,-0.168131982,-0.000449174
10,2,0,2,0.72825933,0.034807146,-0.003310519,-0.010810182,-0.168723223,-0.00068152
10,4,0,2,0.726550429,0.034875578,-0.005758664,-0.0165962,-0.169214809,-0.000904527
10,6,0,2,0.723267178,0.034949721,-0.008145256,-0.02229966,-0.169663847,-0.001132497
12,-6,0,2,0.864972022,0.046116896,0.005554361,0.014359684,-0.213816832,0.000529057
12,-4,0,2,0.870605877,0.046246904,0.003487971,0.007965396,-0.214929044,0.000157885
12,-2,0,2,0.874285,0.046348717,0.001361818,0.001496597,-0.215850032,-0.000205715
12,0,0,2,0.876018425,0.046428865,-0.000703233,-0.004966745,-0.216578665,-0.000576909
12,2,0,2,0.875707127,0.046475356,-0.002764481,-0.011420548,-0.21709967,-0.000946441
12,4,0,2,0.873422813,0.046497911,-0.004877913,-0.017859721,-0.217388515,-0.001304902
12,6,0,2,0.869187632,0.046491121,-0.006925565,-0.024205704,-0.217506743,-0.00166742
14,-6,0,2,1.009926636,0.059594898,0.004630223,0.01633826,-0.262140241,0.000761224
14,-4,0,2,1.016503035,0.059833923,0.002937442,0.009307938,-0.26357955,0.00027081
14,-2,0,2,1.020750269,0.060004201,0.001180431,0.002192283,-0.264699045,-0.000211942
14,0,0,2,1.022676178,0.060112546,-0.000502898,-0.004917049,-0.265492451,-0.000702905
14,2,0,2,1.022166854,0.060144057,-0.002183913,-0.012017156,-0.265940853,-0.001191567
14,4,0,2,1.019309177,0.060111322,-0.003927346,-0.019103439,-0.266024505,-0.001667961
14,6,0,2,1.014126304,0.060008173,-0.005602575,-0.026086193,-0.265809048,-0.002147382
16,-6,0,2,1.153654354,0.074979122,0.003607763,0.018305163,-0.310759819,0.000941224
16,-4,0,2,1.161125107,0.075337522,0.002281345,0.010625518,-0.312457036,0.000353308
16,-2,0,2,1.165980318,0.075589003,0.000966162,0.002888368,-0.313846237,-0.000234545
16,0,0,2,1.16801716,0.075719421,-0.000303549,-0.004860413,-0.314689391,-0.000826848
16,2,0,2,1.167390522,0.075741697,-0.001569479,-0.01259961,-0.315081435,-0.00141639
16,4,0,2,1.163928371,0.075640503,-0.002882516,-0.020312363,-0.314903658,-0.001995402
16,6,0,2,1.15783199,0.075429707,-0.004182721,-0.02793993,-0.314402375,-0.002570793
18,-6,0,2,1.29592188,0.092189155,0.002493243,0.020256287,-0.359514481,0.00106789
18,-4,0,2,1.304313376,0.092683617,0.001598416,0.011952409,-0.361529729,0.000397004
18,-2,0,2,1.309732356,0.093021058,0.00072162,0.00358498,-0.363125895,-0.000273614
18,0,0,2,1.311944593,0.093182381,-0.000105436,-0.004795914,-0.364027024,-0.000947997
18,2,0,2,1.3111296,0.093185122,-0.000927658,-0.013166345,-0.364344834,-0.001619215
18,4,0,2,1.307098188,0.093010238,-0.001803909,-0.021510828,-0.363955509,-0.002279683
18,6,0,2,1.300067808,0.092672751,-0.002674622,-0.029762223,-0.36312669,-0.002935002
20,-6,0,2,1.436483535,0.111132906,0.001294039,0.022190684,-0.40822576,0.001140456
20,-4,0,2,1.445785825,0.111775896,0.000858048,0.013270647,-0.410557994,0.000405431
20,-2,0,2,1.451762009,0.112206544,0.00044604,0.004281018,-0.412360199,-0.000328566
20,0,0,2,1.454148034,0.112401223,9.05E-05,-0.004724339,-0.413318257,-0.001066061
20,2,0,2,1.453146997,0.112379861,-0.000261709,-0.013719481,-0.413570042,-0.001799392
20,4,0,2,1.448544873,0.112121796,-0.000673042,-0.022685095,-0.412962136,-0.002521851
20,6,0,2,1.440595382,0.111648814,-0.001085934,-0.031554718,-0.411802622,-0.003239363
-10,-6,0,4,-0.740915123,0.035894203,0.005843514,-0.012503726,0.256686794,-0.004485925
-10,-4,0,4,-0.745059745,0.035871644,0.002071484,-0.011684654,0.258285419,-0.002456479
-10,-2,0,4,-0.747011641,0.035843236,-0.001710913,-0.010833787,0.258761588,-0.000410687
-10,0,0,4,-0.746805211,0.035811139,-0.005460362,-0.009941924,0.258159942,0.001631913
-10,2,0,4,-0.744326045,0.03576882,-0.009220457,-0.009038872,0.256371848,0.00367304
-10,4,0,4,-0.739685869,0.035722877,-0.012972683,-0.008129518,0.253489966,0.005698923
-10,6,0,4,-0.732883682,0.035671935,-0.016694353,-0.007213287,0.249512274,0.007695186
-8,-6,0,4,-0.598930771,0.026298778,0.006232033,-0.010582156,0.221204719,-0.003833019
-8,-4,0,4,-0.602161854,0.026214501,0.00245752,-0.010416728,0.222570577,-0.002103062
-8,-2,0,4,-0.603543407,0.026153154,-0.00135425,-0.010235252,0.222879537,-0.000352978
-8,0,0,4,-0.603129741,0.026119036,-0.005138097,-0.01001771,0.222209119,0.001394305
-8,2,0,4,-0.600829682,0.026108253,-0.008932883,-0.009789031,0.220467668,0.003140728
-8,4,0,4,-0.59672896,0.026124265,-0.012714871,-0.009548571,0.217729603,0.00487341
-8,6,0,4,-0.590827142,0.02616556,-0.016457985,-0.009292183,0.213987949,0.00657895
-6,-6,0,4,-0.455483115,0.018741176,0.006561073,-0.008630482,0.184004323,-0.003236025
-6,-4,0,4,-0.457768612,0.018609102,0.002788047,-0.009130725,0.18508735,-0.001783949
-6,-2,0,4,-0.458577769,0.018525688,-0.001018391,-0.009619787,0.185225554,-0.000315589
-6,0,0,4,-0.457954093,0.01849331,-0.00480209,-0.010077677,0.184483501,0.001150648
-6,2,0,4,-0.455835749,0.018510425,-0.008597338,-0.01052477,0.182792805,0.002616809
-6,4,0,4,-0.452281729,0.018578829,-0.012374464,-0.010954232,0.180205702,0.004070474
-6,6,0,4,-0.447300058,0.018697341,-0.016117653,-0.011363483,0.176728716,0.005502531
-4,-6,0,4,-0.31078421,0.013266326,0.006794818,-0.006661913,0.145139162,-0.00268742
-4,-4,0,4,-0.312115237,0.013103265,0.003058271,-0.007828584,0.145929041,-0.001498933
-4,-2,0,4,-0.312345811,0.013007094,-0.000706296,-0.008987566,0.14589039,-0.000297728
-4,0,0,4,-0.311517246,0.01298042,-0.004456138,-0.010122729,0.145081507,0.000902542
-4,2,0,4,-0.309583227,0.013022398,-0.008213781,-0.011245628,0.143442807,0.002102549
-4,4,0,4,-0.306581337,0.013133273,-0.011950072,-0.012345436,0.141013379,0.003291768
-4,6,0,4,-0.302529936,0.013312523,-0.01565778,-0.013420842,0.137812409,0.004464528
-2,-6,0,4,-0.165068712,0.00990908,0.006929247,-0.004677437,0.104707352,-0.002187362
-2,-4,0,4,-0.165441284,0.00973188,0.003265554,-0.006510459,0.105197004,-0.001247871
-2,-2,0,4,-0.165094039,0.009633732,-0.000421002,-0.008340244,0.104979516,-0.000298821
-2,0,0,4,-0.164046536,0.009616228,-0.004116284,-0.01015905,0.104082355,0.000653766
-2,2,0,4,-0.162310778,0.009679414,-0.007780962,-0.011949591,0.102517372,0.001598922
-2,4,0,4,-0.159867869,0.009822725,-0.011439662,-0.013719772,0.100253921,0.002538678
-2,6,0,4,-0.156755976,0.010045852,-0.01507547,-0.015461388,0.097340536,0.003466745
0,-6,0,4,-0.018582264,0.008693292,0.006959667,-0.002679817,0.06282145,-0.001735715
0,-4,0,4,-0.017992055,0.00851912,0.00340642,-0.005178044,0.063003041,-0.001030428
0,-2,0,4,-0.017065938,0.008429228,-0.000163735,-0.007677321,0.062603876,-0.000318411
0,0,0,4,-0.015820439,0.008424603,-0.003747294,-0.010171352,0.061650786,0.000397682
0,2,0,4,-0.014268087,0.008505398,-0.007300621,-0.012637137,0.060133035,0.001107468
0,4,0,4,-0.012388548,0.008670854,-0.010843361,-0.01507645,0.058040956,0.001812919
0,6,0,4,-0.010223309,0.008920734,-0.014369768,-0.017483389,0.05542575,0.002511185
2,-6,0,4,0.128427411,0.009631156,0.006882843,-0.000671369,0.019603771,-0.001332544
2,-4,0,4,0.12998255,0.009476999,0.003478034,-0.003833185,0.019470511,-0.000846267
2,-2,0,4,0.131488506,0.009405543,6.31E-05,-0.006999918,0.018885738,-0.000355774
2,0,0,4,0.132931014,0.009417217,-0.003369943,-0.010167496,0.017875551,0.000139402
2,2,0,4,0.134299122,0.009512076,-0.006773041,-0.013306608,0.016407984,0.000629399
2,4,0,4,0.135610949,0.009689345,-0.010161105,-0.01641346,0.014494723,0.001116096
2,6,0,4,0.13682242,0.009948823,-0.013540125,-0.019484199,0.012188102,0.001599782
4,-6,0,4,0.275713832,0.01272288,0.006697178,0.001346477,-0.02482132,-0.000977975
4,-4,0,4,0.278234612,0.012605687,0.003478747,-0.002477176,-0.02527496,-0.000695181
4,-2,0,4,0.280319725,0.012562763,0.000257804,-0.006309031,-0.026047386,-0.00041031
4,0,0,4,0.281958551,0.012594043,-0.002985488,-0.010147689,-0.027114617,-0.000120162
4,2,0,4,0.283138627,0.012699291,-0.006199039,-0.013957667,-0.028527644,0.000165941
4,4,0,4,0.283879638,0.012878014,-0.009393741,-0.017729592,-0.030256469,0.000449839
4,6,0,4,0.284133631,0.01312993,-0.012586988,-0.021461737,-0.03224616,0.000734467
6,-6,0,4,0.423027608,0.017956819,0.006401195,0.003370345,-0.070319333,-0.000672125
6,-4,0,4,0.426500634,0.017893441,0.003417903,-0.001106434,-0.071078797,-0.000578712
6,-2,0,4,0.429150282,0.017887355,0.000394781,-0.005615602,-0.072018217,-0.000477422
6,0,0,4,0.431008209,0.017942797,-0.002594697,-0.010111324,-0.073182162,-0.000380101
6,2,0,4,0.431995456,0.018054701,-0.005576163,-0.014587741,-0.074533011,-0.000282222
6,4,0,4,0.432135682,0.018225391,-0.008571358,-0.019036483,-0.076027767,-0.000179238
6,6,0,4,0.431460218,0.018451952,-0.011512458,-0.023414213,-0.077741872,-8.27E-05
8,-6,0,4,0.570114782,0.025309382,0.005995305,0.005398838,-0.116744781,-0.000415149
8,-4,0,4,0.574543805,0.025315925,0.003279702,0.000270301,-0.117822905,-0.000493829
8,-2,0,4,0.577770792,0.025357407,0.00051777,-0.004901454,-0.118955398,-0.000564096
8,0,0,4,0.579825572,0.0254392,-0.002198627,-0.010059057,-0.120182258,-0.000639502
8,2,0,4,0.580617446,0.025553714,-0.004909381,-0.015197217,-0.12146693,-0.000713101
8,4,0,4,0.580181203,0.025705384,-0.007644146,-0.020308878,-0.12276456,-0.000778827
8,6,0,4,0.578550911,0.025890582,-0.010319006,-0.025338884,-0.124156331,-0.000849606
10,-6,0,4,0.716727284,0.034744351,0.005480766,0.007429796,-0.163952235,-0.000207236
10,-4,0,4,0.722108154,0.034836632,0.003069551,0.001654065,-0.165351232,-0.000441238
10,-2,0,4,0.72590968,0.034935088,0.000606375,-0.004175598,-0.166678175,-0.000666268
10,0,0,4,0.728158805,0.035046258,-0.001801736,-0.009990453,-0.16796709,-0.000896918
10,2,0,4,0.728753395,0.035159972,-0.004202047,-0.01578615,-0.169181912,-0.00112518
10,4,0,4,0.727740495,0.035282472,-0.006638818,-0.021556148,-0.170278136,-0.001342824
10,6,0,4,0.72515552,0.035409647,-0.009010982,-0.027234136,-0.171342011,-0.001564153
12,-6,0,4,0.862614894,0.046214827,0.004859461,0.009460325,-0.211786362,-4.86E-05
12,-4,0,4,0.868942535,0.046408162,0.002788185,0.00304281,-0.21350791,-0.000420773
12,-2,0,4,0.87331458,0.046572638,0.000660247,-0.003439432,-0.215029643,-0.000783413
12,0,0,4,0.875755415,0.046715958,-0.001402066,-0.009906116,-0.216379798,-0.001151892
12,2,0,4,0.876151595,0.046824989,-0.003456907,-0.01635402,-0.217522236,-0.00151708
12,4,0,4,0.874561907,0.046908345,-0.005559467,-0.022777174,-0.218413209,-0.001869459
12,6,0,4,0.87102376,0.046961352,-0.007593373,-0.029097766,-0.219143814,-0.002224143
14,-6,0,4,1.007529569,0.059662066,0.004134795,0.011487806,-0.260086435,6.02E-05
14,-4,0,4,1.014797678,0.059970344,0.002437459,0.004435143,-0.26213258,-0.000432278
14,-2,0,4,1.019734833,0.060209674,0.000678451,-0.002693771,-0.263848724,-0.000914772
14,0,0,4,1.022365586,0.060387813,-0.001002233,-0.009806318,-0.265260122,-0.001403308
14,2,0,4,1.022561343,0.060488448,-0.002677216,-0.016900298,-0.266326578,-0.001887371
14,4,0,4,1.02039603,0.060523011,-0.004410286,-0.023970555,-0.267009074,-0.002356981
14,6,0,4,1.01590791,0.060486174,-0.006072582,-0.030928067,-0.267402459,-0.002827382
16,-6,0,4,1.151221173,0.07501418,0.00331135,0.013511745,-0.308686462,0.000119298
16,-4,0,4,1.159374536,0.075447402,0.001975871,0.005807927,-0.3109773,-0.000471396
16,-2,0,4,1.164921488,0.075774635,0.000663547,-0.001939925,-0.312967045,-0.001060259
16,0,0,4,1.167659777,0.075981173,-0.000604088,-0.009691953,-0.314423885,-0.001650432
16,2,0,4,1.16773545,0.076078971,-0.001864212,-0.017424902,-0.315430798,-0.002235108
16,4,0,4,1.164966915,0.076051774,-0.003172265,-0.025123592,-0.315854498,-0.002806101
16,6,0,4,1.15955704,0.075912963,-0.004455744,-0.032723948,-0.315949801,-0.003371804
18,-6,0,4,1.293456595,0.092191616,0.002394473,0.015527393,-0.357424614,0.000127875
18,-4,0,4,1.302525888,0.092766525,0.001490948,0.007199958,-0.360028176,-0.00054704
18,-2,0,4,1.308632567,0.09318565,0.000616674,-0.001177762,-0.362220253,-0.001219307
18,0,0,4,1.311541262,0.093428924,-0.000208432,-0.009561871,-0.363728833,-0.001891892
18,2,0,4,1.311424443,0.093513222,-0.001025394,-0.017926082,-0.36465627,-0.002558026
18,4,0,4,1.308082158,0.093418252,-0.001897144,-0.026256368,-0.364862839,-0.003209838
18,6,0,4,1.301734444,0.09315867,-0.002752184,-0.034480731,-0.364625916,-0.003854257
20,-6,0,4,1.4339897,0.111102324,0.001390851,0.017533713,-0.406122391,8.56E-05
20,-4,0,4,1.443964775,0.111831372,0.000946711,0.008591091,-0.409035903,-0.000654596
20,-2,0,4,1.450622438,0.112348792,0.000536821,-0.000408927,-0.41142831,-0.001391007
20,0,0,4,1.453700136,0.112631287,0.000182948,-0.009417193,-0.412987682,-0.002126968
20,2,0,4,1.453331404,0.11269334,-0.000208467,-0.018430362,-0.413736522,-0.00285205
20,4,0,4,1.449473642,0.112524397,-0.000571991,-0.027357455,-0.41382464,-0.0035682
20,6,0,4,1.442201226,0.112134751,-0.000970316,-0.036200414,-0.413251141,-0.004273636
-10,-6,0,6,-0.742458272,0.036424877,0.003138723,-0.017369837,0.258204889,-0.003704687
-10,-4,0,6,-0.745943373,0.036386534,-0.000637175,-0.016575037,0.25921327,-0.001662322
-10,-2,0,6,-0.747229486,0.036341287,-0.004418893,-0.015739179,0.259094347,0.000393266
-10,0,0,6,-0.746359713,0.036291554,-0.008157934,-0.014850813,0.257903543,0.002441239
-10,2,0,6,-0.743218233,0.036230215,-0.011911629,-0.013945243,0.255525071,0.004486677
-10,4,0,6,-0.737916297,0.036164479,-0.015648295,-0.013022078,0.252050831,0.006512501
-10,6,0,6,-0.730461219,0.03609308,-0.019349515,-0.012082503,0.24748834,0.008505361
-8,-6,0,6,-0.600595175,0.026825262,0.003710724,-0.01547662,0.222825576,-0.003174683
-8,-4,0,6,-0.603137243,0.0267302,-9.30E-05,-0.015345199,0.223559685,-0.001426251
-8,-2,0,6,-0.603845512,0.026659446,-0.003903652,-0.015178596,0.223267767,0.000333116
-8,0,0,6,-0.602760955,0.026614803,-0.007676122,-0.014964009,0.2220017,0.002085612
-8,2,0,6,-0.599791413,0.026592288,-0.01146514,-0.014732947,0.219665135,0.003836906
-8,4,0,6,-0.595021,0.02659566,-0.015231354,-0.014478277,0.216328608,0.005570307
-8,6,0,6,-0.588461879,0.026623858,-0.018958332,-0.014199764,0.212002359,0.007274776
-6,-6,0,6,-0.457216391,0.019254561,0.004174596,-0.013566475,0.185645142,-0.002689569
-6,-4,0,6,-0.458833523,0.019121983,0.000402923,-0.014089154,0.186135579,-0.001227484
-6,-2,0,6,-0.458964175,0.01903637,-0.0034022,-0.01459306,0.185669056,0.000249746
-6,0,0,6,-0.457664129,0.019001074,-0.007174178,-0.015053775,0.184327024,0.001721111
-6,2,0,6,-0.454869561,0.019013929,-0.010963465,-0.015498232,0.18203605,0.003192426
-6,4,0,6,-0.450638882,0.019076945,-0.014724703,-0.015913121,0.178845116,0.004647598
-6,6,0,6,-0.444993231,0.019189492,-0.018451827,-0.016299914,0.174778217,0.006079766
-4,-6,0,6,-0.312613366,0.013766432,0.004579557,-0.01162034,0.146843188,-0.002262845
-4,-4,0,6,-0.313271217,0.013610153,0.000844698,-0.01280933,0.147037123,-0.00106525
-4,-2,0,6,-0.312816601,0.013519332,-0.002918122,-0.013982865,0.146388827,0.000144221
-4,0,0,6,-0.311310184,0.01349699,-0.006661611,-0.015122933,0.144983402,0.001350835
-4,2,0,6,-0.308689694,0.013542077,-0.010407662,-0.016240517,0.142732835,0.002555112
-4,4,0,6,-0.305005583,0.013654995,-0.014128148,-0.017325528,0.13969554,0.003746645
-4,6,0,6,-0.300284157,0.013835447,-0.017819903,-0.018378175,0.135900398,0.004920709
-2,-6,0,6,-0.166992679,0.010392606,0.004890841,-0.009650509,0.106473468,-0.001886622
-2,-4,0,6,-0.166687272,0.010229505,0.001229216,-0.011505516,0.10636366,-0.000938989
-2,-2,0,6,-0.16565064,0.010144199,-0.002455418,-0.013349725,0.105533777,1.78E-05
-2,0,0,6,-0.163915511,0.010138465,-0.006149131,-0.015175006,0.104028641,0.000977611
-2,2,0,6,-0.161493174,0.010212326,-0.009797109,-0.016958115,0.101856404,0.001926332
-2,4,0,6,-0.158362529,0.010365037,-0.013440174,-0.01871323,0.098981447,0.002869219
-2,6,0,6,-0.154575491,0.010596642,-0.017060213,-0.020431715,0.095470145,0.00379978
0,-6,0,6,-0.020597824,0.009157055,0.0051032,-0.007659446,0.064647174,-0.001560315
0,-4,0,6,-0.019327255,0.009004339,0.001552138,-0.010179756,0.064228419,-0.000847851
0,-2,0,6,-0.017707295,0.008934701,-0.002015828,-0.012692916,0.063213575,-0.000128699
0,0,0,6,-0.01577228,0.008949325,-0.005597883,-0.015193531,0.06165118,0.000594486
0,2,0,6,-0.013528611,0.009048279,-0.009134664,-0.01765148,0.059523463,0.001308237
0,4,0,6,-0.010956862,0.009230568,-0.012661814,-0.020075408,0.056817026,0.002017581
0,6,0,6,-0.008112134,0.009496166,-0.016172752,-0.022459137,0.053601542,0.002719545
2,-6,0,6,0.126322308,0.010072026,0.005212588,-0.005649794,0.02148785,-0.001283488
2,-4,0,6,0.12855978,0.009946594,0.001810149,-0.008833324,0.020753294,-0.00079104
2,-2,0,6,0.130761525,0.009902842,-0.00160261,-0.012013951,0.019551919,-0.000294007
2,0,0,6,0.132898366,0.009941187,-0.005033999,-0.015187623,0.017929539,0.000208055
2,2,0,6,0.134960086,0.010061629,-0.008420844,-0.01831882,0.015851112,0.000702407
2,4,0,6,0.136967521,0.010263128,-0.011793436,-0.021409985,0.013321408,0.00119376
2,6,0,6,0.138861908,0.010545581,-0.015157217,-0.024457216,0.010412354,0.001682311
4,-6,0,6,0.273522385,0.013137881,0.005216927,-0.003622768,-0.022881203,-0.001055836
4,-4,0,6,0.276727449,0.013056575,0.002000955,-0.00746776,-0.023937128,-0.000767891
4,-2,0,6,0.279508901,0.01304864,-0.00121752,-0.011313054,-0.02532523,-0.000477141
4,0,0,6,0.281844539,0.013113964,-0.004458783,-0.015157436,-0.027005955,-0.000180364
4,2,0,6,0.283720707,0.01325222,-0.007656898,-0.018959525,-0.02903129,0.00011051
4,4,0,6,0.285158161,0.013462522,-0.010836712,-0.022715917,-0.031376188,0.000399862
4,6,0,6,0.286098586,0.013744631,-0.014014923,-0.026424074,-0.033970137,0.000690518
6,-6,0,6,0.420752875,0.018343067,0.005113931,-0.001581716,-0.068325618,-0.000876954
6,-4,0,6,0.424915656,0.018322545,0.002128632,-0.006081597,-0.069694893,-0.000778664
6,-2,0,6,0.42825346,0.018358514,-0.00089278,-0.010604242,-0.071234613,-0.000672079
6,0,0,6,0.430813253,0.018455537,-0.0038752,-0.015103464,-0.073018561,-0.000569221
6,2,0,6,0.432502086,0.018607758,-0.006846418,-0.019573375,-0.074990461,-0.000465386
6,4,0,6,0.433331573,0.01881713,-0.009826132,-0.024005754,-0.077086227,-0.000356268
6,6,0,6,0.43334758,0.019080915,-0.012748453,-0.028357677,-0.079411317,-0.000253283
8,-6,0,6,0.567760089,0.025664002,0.004903583,0.000472149,-0.114700221,-0.000746548
8,-4,0,6,0.57287866,0.025720324,0.002186073,-0.004679105,-0.1163869,-0.000821493
8,-2,0,6,0.576793739,0.025810828,-0.000574244,-0.009864,-0.118118474,-0.000887124
8,0,0,6,0.579550876,0.025941375,-0.003285389,-0.015024771,-0.119964726,-0.000956958
8,2,0,6,0.581045251,0.026103717,-0.005984968,-0.020156758,-0.121868724,-0.001024569
8,4,0,6,0.581298699,0.026301124,-0.008704761,-0.025251908,-0.123766557,-0.001083407
8,6,0,6,0.580360551,0.026530581,-0.011361507,-0.030256014,-0.125768759,-0.00114653
10,-6,0,6,0.714295313,0.035065513,0.004585901,0.002535753,-0.161858047,-0.000664317
10,-4,0,6,0.720364534,0.035214293,0.002172852,-0.003262288,-0.163863404,-0.000895754
10,-2,0,6,0.724853483,0.035368214,-0.000288752,-0.009104465,-0.165787888,-0.001116812
10,0,0,6,0.727804158,0.035535079,-0.002690844,-0.014922194,-0.167694226,-0.001342252
10,2,0,6,0.729100884,0.035703429,-0.005081313,-0.020711325,-0.169526976,-0.00156412
10,4,0,6,0.728777366,0.035878538,-0.007503693,-0.026464713,-0.171221832,-0.001774146
10,6,0,6,0.726884329,0.036056871,-0.009858494,-0.032116747,-0.172894661,-0.001986618
12,-6,0,6,0.860109508,0.046499831,0.004162635,0.004607061,-0.20964554,-0.00063006
12,-4,0,6,0.867123776,0.046755751,0.002089693,-0.001831869,-0.211971381,-0.001000742
12,-2,0,6,0.872180935,0.046982501,-3.70E-05,-0.008326625,-0.214087005,-0.001360129
12,0,0,6,0.875321826,0.047188234,-0.002093658,-0.014795837,-0.216051959,-0.001723617
12,2,0,6,0.876418623,0.047358656,-0.004139121,-0.021236986,-0.217809739,-0.002082186
12,4,0,6,0.875517172,0.047501311,-0.006227985,-0.027643417,-0.219296924,-0.002426221
12,6,0,6,0.872669793,0.047612157,-0.008245378,-0.033938055,-0.220634089,-0.002770861
14,-6,0,6,1.004954931,0.059908274,0.003636342,0.006683575,-0.2579031,-0.00064357
14,-4,0,6,1.012906,0.060285706,0.001937232,-0.000390406,-0.260548489,-0.001135871
14,-2,0,6,1.018525669,0.060593604,0.000179284,-0.007531496,-0.262854519,-0.001615852
14,0,0,6,1.021853886,0.060840663,-0.001496209,-0.01464624,-0.264877383,-0.002099621
14,2,0,6,1.022747763,0.061009196,-0.003162445,-0.021733282,-0.266555609,-0.002576832
14,4,0,6,1.021268902,0.061109489,-0.004882572,-0.0287868,-0.267831244,-0.003037406
14,6,0,6,1.017469182,0.061136927,-0.006529257,-0.035718313,-0.26882788,-0.00349659
16,-6,0,6,1.148580429,0.075220024,0.003010629,0.008763734,-0.306462193,-0.00070458
16,-4,0,6,1.157407866,0.075727725,0.001668753,0.001037046,-0.309339548,-0.001295758
16,-2,0,6,1.163639872,0.07613038,0.000362686,-0.006719984,-0.311925141,-0.001883465
16,0,0,6,1.167070401,0.076411723,-0.000901122,-0.014474644,-0.313986285,-0.002469133
16,2,0,6,1.167840412,0.076583491,-0.002154465,-0.022199816,-0.315598528,-0.003046344
16,4,0,6,1.165782571,0.076630113,-0.00347467,-0.029892864,-0.316660023,-0.003604929
16,6,0,6,1.16103192,0.076560068,-0.004717975,-0.037456532,-0.317308137,-0.004161266
18,-6,0,6,1.290753837,0.092355501,0.002290257,0.010843071,-0.355162428,-0.000813275
18,-4,0,6,1.300492604,0.09301044,0.001380459,0.002493504,-0.358347199,-0.001489922
18,-2,0,6,1.307279027,0.093510446,0.00051094,-0.005893461,-0.361128093,-0.002161588
18,0,0,6,1.310876654,0.093834693,-0.000309939,-0.014279653,-0.363237054,-0.002830111
18,2,0,6,1.311451191,0.093999073,-0.001119284,-0.022636441,-0.364768279,-0.003488905
18,4,0,6,1.308789658,0.09398003,-0.0019849,-0.030950456,-0.365567483,-0.004129377
18,6,0,6,1.303121506,0.093798479,-0.002821535,-0.039148129,-0.365915092,-0.004761246
20,-6,0,6,1.431229204,0.111222821,0.001481073,0.012920275,-0.403825553,-0.000969496
20,-4,0,6,1.441867996,0.112036973,0.00103069,0.003956226,-0.407314152,-0.001712729
20,-2,0,6,1.449200066,0.11264073,0.000625297,-0.005052403,-0.410289117,-0.002449209
20,0,0,6,1.452957797,0.113006436,0.000274383,-0.01406144,-0.412445949,-0.003180822
20,2,0,6,1.45325543,0.113153284,-0.000121806,-0.023072145,-0.41376308,-0.003897386
20,4,0,6,1.450099471,0.11307207,-0.000467204,-0.031979962,-0.414461987,-0.004603713
20,6,0,6,1.443499088,0.112763756,-0.000849088,-0.040795356,-0.414469209,-0.005294965
-10,-6,0,8,-0.743805414,0.037131635,0.000464287,-0.022161897,0.259599486,-0.002936907
-10,-4,0,8,-0.7466397,0.037079058,-0.003312889,-0.021391538,0.260026505,-0.000879789
-10,-2,0,8,-0.747269779,0.037017999,-0.007090883,-0.02057077,0.25932164,0.001187386
-10,0,0,8,-0.745746314,0.036950836,-0.010815334,-0.019685591,0.25754922,0.003242282
-10,2,0,8,-0.741952936,0.036871223,-0.014560752,-0.018778266,0.254591578,0.00529414
-10,4,0,8,-0.735999863,0.036785604,-0.018278919,-0.017841777,0.250534514,0.007321764
-10,6,0,8,-0.727902958,0.036693279,-0.021956812,-0.016879357,0.245397059,0.009313106
-8,-6,0,8,-0.60206861,0.027530573,0.00119147,-0.020306304,0.22430421,-0.002522307
-8,-4,0,8,-0.60395378,0.027429308,-0.002612689,-0.0201992,0.224452332,-0.000760198
-8,-2,0,8,-0.603999124,0.027349887,-0.006419098,-0.020047568,0.223568857,0.001010342
-8,0,0,8,-0.602253509,0.027295224,-0.010177003,-0.019836006,0.221716198,0.002769916
-8,2,0,8,-0.598624354,0.027261211,-0.013956827,-0.019602599,0.218793609,0.00452788
-8,4,0,8,-0.593195276,0.02725166,-0.01770426,-0.01933411,0.214868457,0.00626393
-8,6,0,8,-0.585989433,0.02726586,-0.021411622,-0.019033734,0.209966309,0.007969117
-6,-6,0,8,-0.458810773,0.019955077,0.001813155,-0.018428115,0.187199429,-0.002154711
-6,-4,0,8,-0.459769457,0.019823107,-0.001953866,-0.018972971,0.187106408,-0.000680762
-6,-2,0,8,-0.459229706,0.019735852,-0.005754213,-0.019491371,0.186042988,0.000807193
-6,0,0,8,-0.457263699,0.019698161,-0.009511238,-0.019954874,0.184110689,0.002285604
-6,2,0,8,-0.45380376,0.019706678,-0.013291249,-0.020396835,0.181229115,0.003763994
-6,4,0,8,-0.448907416,0.019763793,-0.017033522,-0.020797471,0.177444206,0.005222653
-6,6,0,8,-0.442607688,0.019869185,-0.020741943,-0.021162462,0.172797621,0.006657045
-4,-6,0,8,-0.314333205,0.014457467,0.002386692,-0.016504413,0.148479817,-0.001848883
-4,-4,0,8,-0.314327443,0.014308947,-0.001343081,-0.017715299,0.148086695,-0.000640282
-4,-2,0,8,-0.313198036,0.014223981,-0.005101362,-0.018903634,0.146838246,0.000579527
-4,0,0,8,-0.311023662,0.014206192,-0.008833988,-0.020047529,0.144845094,0.001794206
-4,2,0,8,-0.307726391,0.014254151,-0.012565589,-0.021160126,0.141991876,0.003004819
-4,4,0,8,-0.303371517,0.014368379,-0.016267137,-0.022230615,0.138356854,0.004200693
-4,6,0,8,-0.297990967,0.014548931,-0.019939802,-0.023260789,0.133977187,0.005378054
-2,-6,0,8,-0.168837097,0.011069656,0.002872154,-0.014549337,0.108191538,-0.00159547
-2,-4,0,8,-0.16786392,0.010921505,-0.000784003,-0.016425884,0.107491843,-0.000637731
-2,-2,0,8,-0.166147713,0.010849413,-0.00446323,-0.018284041,0.106058381,0.000328744
-2,0,0,8,-0.163735144,0.010855418,-0.008151883,-0.020115513,0.103954521,0.001297804
-2,2,0,8,-0.160636958,0.010939529,-0.011780051,-0.021891177,0.101184813,0.002252166
-2,4,0,8,-0.156829494,0.011100878,-0.015404164,-0.02363117,0.097707733,0.003200183
-2,6,0,8,-0.152378415,0.011339574,-0.019005345,-0.025327042,0.093608869,0.004135296
0,-6,0,8,-0.022565143,0.009815773,0.003263681,-0.012565277,0.066445902,-0.00139342
0,-4,0,8,-0.020622934,0.009685152,-0.000281609,-0.015106685,0.065434566,-0.000671788
0,-2,0,8,-0.018320134,0.009636024,-0.003843942,-0.017633384,0.063813861,5.65E-05
0,0,0,8,-0.015704973,0.009669684,-0.007420969,-0.020140056,0.061651103,0.000788838
0,2,0,8,-0.012780943,0.009786208,-0.010938061,-0.022589998,0.058923049,0.001508653
0,4,0,8,-0.009527934,0.00998426,-0.014446311,-0.024998635,0.055612144,0.002223947
0,6,0,8,-0.006014282,0.010264102,-0.017938587,-0.02735923,0.051805787,0.002931654
2,-6,0,8,0.124236495,0.010708065,0.003556892,-0.010554399,0.023363662,-0.001241877
2,-4,0,8,0.127146574,0.010611865,0.000160114,-0.013758889,0.022036797,-0.000741184
2,-2,0,8,0.130032962,0.01059586,-0.003247009,-0.016952969,0.020228595,-0.000235549
2,0,0,8,0.132853711,0.010660489,-0.00667317,-0.02013217,0.018003624,0.00027547
2,2,0,8,0.135598478,0.010805752,-0.010040564,-0.023255173,0.015323581,0.000776287
2,4,0,8,0.138291378,0.011030244,-0.013394408,-0.026330459,0.012186788,0.001274382
2,6,0,8,0.140858691,0.01133404,-0.016739898,-0.029354214,0.008684383,0.001769889
4,-6,0,8,0.271319796,0.013747077,0.003748604,-0.0085186,-0.020928942,-0.001140009
4,-4,0,8,0.275197008,0.01370195,0.000538628,-0.012383958,-0.022575625,-0.000844847
4,-2,0,8,0.278667446,0.013729041,-0.002674413,-0.016242258,-0.024574252,-0.000546037
4,0,0,8,0.281686536,0.013827799,-0.005910783,-0.020092356,-0.026855065,-0.000240498
4,2,0,8,0.284249215,0.013998057,-0.009089577,-0.023885655,-0.02948455,5.72E-05
4,4,0,8,0.286341158,0.014239622,-0.012283165,-0.02763994,-0.032382777,0.000360101
4,6,0,8,0.287989211,0.014549044,-0.015411444,-0.031310406,-0.035624916,0.000652912
6,-6,0,8,0.418436983,0.018921366,0.003836064,-0.006460837,-0.066299474,-0.001086948
6,-4,0,8,0.423278749,0.018943846,0.000852064,-0.010982943,-0.06826888,-0.000981664
6,-2,0,8,0.427292966,0.019021454,-0.002164106,-0.015518003,-0.070399266,-0.00086764
6,0,0,8,0.430544293,0.019159335,-0.005137572,-0.020020043,-0.072794194,-0.000756914
6,2,0,8,0.432919506,0.019350762,-0.008088335,-0.024481033,-0.075366488,-0.000646154
6,4,0,8,0.434434392,0.019597569,-0.011055607,-0.028899342,-0.078064637,-0.000527789
6,6,0,8,0.435131683,0.019896607,-0.013956213,-0.033225326,-0.080991506,-0.000416263
8,-6,0,8,0.565334038,0.026207543,0.003818643,-0.004382379,-0.11260235,-0.00108194
8,-4,0,8,0.571131232,0.026313614,0.001102435,-0.009555384,-0.114887795,-0.001151005
8,-2,0,8,0.575723601,0.026452667,-0.001653074,-0.014752586,-0.11720886,-0.001209842
8,0,0,8,0.579172207,0.026631054,-0.004354751,-0.019915866,-0.119664634,-0.001272103
8,2,0,8,0.58135754,0.026839496,-0.007040908,-0.025040618,-0.122178983,-0.001331378
8,4,0,8,0.582290447,0.027080919,-0.009742709,-0.03011881,-0.124667816,-0.001381195
8,6,0,8,0.582034213,0.027352504,-0.012378458,-0.035096733,-0.127271122,-0.001434559
10,-6,0,8,0.711762632,0.035570616,0.003695578,-0.002286432,-0.159690817,-0.001124186
10,-4,0,8,0.718509077,0.035775677,0.001283788,-0.008105694,-0.162292706,-0.001350882
10,-2,0,8,0.72367439,0.035984714,-0.001173291,-0.013959703,-0.164804641,-0.001565813
10,0,0,8,0.727315885,0.036206223,-0.003566371,-0.019779542,-0.167318709,-0.00178387
10,2,0,8,0.729304214,0.036427757,-0.005944075,-0.025561491,-0.169759862,-0.001997187
10,4,0,8,0.729660038,0.036653646,-0.00834921,-0.031297755,-0.172044335,-0.002197455
10,6,0,8,0.728449157,0.036880907,-0.010683927,-0.036923509,-0.174317161,-0.002398972
12,-6,0,8,0.85747418,0.046963051,0.003467986,-0.000174998,-0.207411773,-0.001213016
12,-4,0,8,0.865163388,0.047281534,0.001396177,-0.006634602,-0.21033087,-0.001580133
12,-2,0,8,0.870895052,0.047569749,-0.000726972,-0.013140709,-0.213031294,-0.001933958
12,0,0,8,0.874724852,0.047836685,-0.002774492,-0.019611694,-0.215600807,-0.002290396
12,2,0,8,0.876511787,0.048066901,-0.004807839,-0.026045358,-0.217964374,-0.002640176
12,4,0,8,0.87628856,0.048266861,-0.006880295,-0.032434495,-0.220038873,-0.002973741
12,6,0,8,0.874122421,0.048433226,-0.008878602,-0.038702757,-0.221973855,-0.003306251
14,-6,0,8,1.002220933,0.060326427,0.003137673,0.001949261,-0.255605502,-0.001347744
14,-4,0,8,1.010834802,0.060772125,0.001439327,-0.00514733,-0.258832025,-0.001838156
14,-2,0,8,1.017134684,0.061147832,-0.000314642,-0.012296914,-0.26172636,-0.002312926
14,0,0,8,1.021149495,0.061462429,-0.001982287,-0.019412958,-0.264350779,-0.002789757
14,2,0,8,1.022731198,0.061697125,-0.003637165,-0.026492231,-0.266631422,-0.003257963
14,4,0,8,1.021928237,0.061860975,-0.005341725,-0.033528243,-0.268491384,-0.003707387
14,6,0,8,1.018808093,0.06195034,-0.006970543,-0.040433348,-0.270082503,-0.004153277
16,-6,0,8,1.145751775,0.075590112,0.002707476,0.004084645,-0.304103323,-0.001527636
16,-4,0,8,1.155241981,0.076171524,0.001361773,-0.003663592,-0.307557171,-0.002117098
16,-2,0,8,1.162146702,0.076648132,6.34E-05,-0.011428978,-0.3107268,-0.002701307
16,0,0,8,1.166260154,0.077003042,-0.001193146,-0.019184896,-0.313384611,-0.003280434
16,2,0,8,1.167714734,0.077247054,-0.002435842,-0.026901748,-0.31559478,-0.003848361
16,4,0,8,1.166330475,0.077363244,-0.00374165,-0.034577145,-0.317237107,-0.00439512
16,6,0,8,1.162256144,0.077361256,-0.004968277,-0.042114447,-0.318475529,-0.004937056
18,-6,0,8,1.287834825,0.092674935,0.002181471,0.006226547,-0.352745408,-0.001752391
18,-4,0,8,1.298231349,0.093408863,0.001267728,-0.00214381,-0.356501026,-0.002428586
18,-2,0,8,1.305686185,0.09398839,0.000405263,-0.010538657,-0.359860702,-0.003097437
18,0,0,8,1.309962177,0.09439188,-0.000409168,-0.018925778,-0.362560859,-0.003759732
18,2,0,8,1.311218642,0.09463444,-0.001208791,-0.027274325,-0.364686805,-0.004409105
18,4,0,8,1.309230427,0.094691235,-0.002065489,-0.035572203,-0.366067684,-0.005036656
18,6,0,8,1.304229931,0.094582874,-0.002882465,-0.043741429,-0.366993333,-0.005653436
20,-6,0,8,1.428224471,0.111489219,0.001564777,0.008373586,-0.401353618,-0.002021366
20,-4,0,8,1.439515168,0.112387205,0.001110125,-0.0006107,-0.405407397,-0.002765448
20,-2,0,8,1.447506607,0.113072561,0.000710543,-0.009625522,-0.408957278,-0.003499174
20,0,0,8,1.451941347,0.11352612,0.000365911,-0.018636,-0.411696221,-0.004225503
20,2,0,8,1.452909995,0.113756156,-2.51E-05,-0.027640026,-0.413593744,-0.00493219
20,4,0,8,1.45042856,0.113756706,-0.000359261,-0.036529925,-0.414876357,-0.005625368
20,6,0,8,1.444490478,0.113526825,-0.000723113,-0.045316985,-0.415456216,-0.006300416
-10,-6,0,10,-0.744958001,0.038001429,-0.002167155,-0.026857093,0.260868713,-0.002184738
-10,-4,0,10,-0.747153381,0.037936188,-0.005942504,-0.026110886,0.260725555,-0.000111375
-10,-2,0,10,-0.747139395,0.037860517,-0.009713668,-0.025305093,0.259445953,0.001968936
-10,0,0,10,-0.744975412,0.037777021,-0.013421268,-0.024423456,0.257105086,0.004032551
-10,2,0,10,-0.740543523,0.0376793,-0.017154837,-0.023514388,0.253579426,0.006092364
-10,4,0,10,-0.73395353,0.037573893,-0.02085168,-0.022564991,0.248952537,0.008123516
-10,6,0,10,-0.725228854,0.037460347,-0.024503811,-0.021580518,0.24325252,0.010115151
-8,-6,0,10,-0.603371053,0.028405393,-0.001286967,-0.02503814,0.225671213,-0.001884695
-8,-4,0,10,-0.604612908,0.028298413,-0.005088844,-0.024955161,0.22524581,-0.000107037
-8,-2,0,10,-0.604008247,0.028211676,-0.008888271,-0.02481849,0.223783746,0.001676342
-8,0,0,10,-0.601615387,0.028147535,-0.012628719,-0.024610073,0.221357025,0.003444748
-8,2,0,10,-0.597339975,0.028102013,-0.016395809,-0.024374289,0.217859528,0.005211012
-8,4,0,10,-0.591266379,0.028079355,-0.020121659,-0.024092433,0.213358573,0.006951497
-8,6,0,10,-0.583429315,0.028079446,-0.023807595,-0.023771221,0.207894964,0.00865943
-6,-6,0,10,-0.460263456,0.020829477,-0.000511586,-0.02319203,0.188661988,-0.001633008
-6,-4,0,10,-0.460575761,0.020699124,-0.004270495,-0.023758509,0.187996219,-0.000145577
-6,-2,0,10,-0.459378604,0.020611209,-0.008062851,-0.024291194,0.186348043,0.00135477
-6,0,0,10,-0.456760279,0.020570889,-0.011802117,-0.024757482,0.183837956,0.002842166
-6,2,0,10,-0.452647959,0.020575255,-0.015569527,-0.025196876,0.180377514,0.004329317
-6,4,0,10,-0.447100548,0.020626187,-0.019290339,-0.025583778,0.17601229,0.005793378
-6,6,0,10,-0.440161801,0.020723816,-0.02297672,-0.02592715,0.170798029,0.007231681
-4,-6,0,10,-0.315938892,0.015326064,0.000227099,-0.021290669,0.150042556,-0.001446691
-4,-4,0,10,-0.315282332,0.015186198,-0.003494378,-0.022522903,0.149074153,-0.000225342
-4,-2,0,10,-0.313490871,0.015107647,-0.007244297,-0.023725174,0.147237298,0.001006452
-4,0,0,10,-0.310662248,0.01509447,-0.010963462,-0.024873197,0.1446688,0.002231143
-4,2,0,10,-0.306702443,0.015145061,-0.014677612,-0.025980934,0.141225754,0.003449951
-4,4,0,10,-0.301690281,0.01525992,-0.018357222,-0.02703708,0.137005326,0.004652025
-4,6,0,10,-0.295664878,0.015439528,-0.02200793,-0.02804521,0.132053794,0.005834557
-2,-6,0,10,-0.170595441,0.011926795,0.000883347,-0.019350189,0.109853465,-0.00131465
-2,-4,0,10,-0.168967449,0.011794366,-0.002764203,-0.021247791,0.10857636,-0.000345003
-2,-2,0,10,-0.166585115,0.01173576,-0.00643475,-0.023119466,0.106551561,0.000633002
-2,0,0,10,-0.163508727,0.011753389,-0.010115063,-0.024956823,0.103861262,0.001613141
-2,2,0,10,-0.159747875,0.011847346,-0.013720389,-0.026724814,0.10050599,0.002575032
-2,4,0,10,-0.155277835,0.012016271,-0.017322659,-0.028450171,0.096439999,0.003530128
-2,6,0,10,-0.150176249,0.012260849,-0.020901973,-0.030123534,0.091765529,0.004471649
0,-6,0,10,-0.02447366,0.010656133,0.001450628,-0.017373255,0.068206693,-0.00123541
0,-4,0,10,-0.021873972,0.010548095,-0.002085744,-0.0199352,0.066615716,-0.00050274
0,-2,0,10,-0.018902627,0.010519571,-0.005639289,-0.022474979,0.064402206,0.000236619
0,0,0,10,-0.015619658,0.010571914,-0.00920793,-0.024986864,0.061649851,0.000979944
0,2,0,10,-0.012030339,0.010705274,-0.012702268,-0.027429195,0.058335452,0.001707756
0,4,0,10,-0.008109597,0.010917975,-0.016188724,-0.029822517,0.054432189,0.002430943
0,6,0,10,-0.003940814,0.01121054,-0.019659403,-0.032160179,0.050047276,0.003146301
2,-6,0,10,0.12218051,0.011526179,0.001923976,-0.015361689,0.025221323,-0.00120762
2,-4,0,10,0.125749904,0.011459411,-0.001463902,-0.018586556,0.023313519,-0.000696773
2,-2,0,10,0.129307833,0.011471023,-0.004862136,-0.021793203,0.02091085,-0.000180602
2,0,0,10,0.132798151,0.011561445,-0.008279975,-0.024977625,0.018096434,0.000341288
2,2,0,10,0.136212321,0.011730515,-0.011624618,-0.028091842,0.014826815,0.000850529
2,4,0,10,0.139576687,0.011976668,-0.014956902,-0.031151235,0.011095413,0.001357331
2,6,0,10,0.142801618,0.012300095,-0.018281408,-0.034152206,0.007013096,0.001861707
4,-6,0,10,0.269118622,0.014537624,0.002299697,-0.013317419,-0.018976044,-0.001229999
4,-4,0,10,0.273655542,0.014528741,-0.000901247,-0.017202375,-0.021202882,-0.000925654
4,-2,0,10,0.277762985,0.014588651,-0.004140782,-0.021088314,-0.023738118,-0.000610774
4,0,0,10,0.281489602,0.014721865,-0.007334336,-0.024927815,-0.026667949,-0.000300495
4,2,0,10,0.284723338,0.014922948,-0.010490411,-0.028712392,-0.029886888,5.98E-06
4,4,0,10,0.287484355,0.01519329,-0.013667157,-0.032452366,-0.033373077,0.000319182
4,6,0,10,0.289798241,0.015528989,-0.016770377,-0.036097261,-0.037204222,0.000621253
6,-6,0,10,0.416093336,0.019679141,0.002574411,-0.011243225,-0.06425338,-0.001301199
6,-4,0,10,0.421600013,0.019744397,-0.000405125,-0.015786567,-0.066810253,-0.001186946
6,-2,0,10,0.426278725,0.019863258,-0.00341331,-0.020333777,-0.069519121,-0.001063502
6,0,0,10,0.430207697,0.020041017,-0.006373616,-0.024838029,-0.072512437,-0.000943077
6,2,0,10,0.433255745,0.020270113,-0.00930301,-0.029289745,-0.075674868,-0.000823064
6,4,0,10,0.435440942,0.020552583,-0.012254007,-0.033693465,-0.078960871,-0.000693635
6,6,0,10,0.43680604,0.020884723,-0.015130226,-0.03799352,-0.082477275,-0.000571616
8,-6,0,10,0.56285304,0.026927753,0.002746296,-0.009141125,-0.110465454,-0.001420001
8,-4,0,10,0.569314585,0.027083139,3.44E-05,-0.014334834,-0.113336897,-0.00148118
8,-2,0,10,0.574568873,0.027269681,-0.002713011,-0.019543112,-0.116234729,-0.001531177
8,0,0,10,0.578694991,0.027494665,-0.00540261,-0.024708206,-0.119287541,-0.001583814
8,2,0,10,0.581560069,0.027748093,-0.008072532,-0.029825885,-0.122399659,-0.001632854
8,4,0,10,0.583159088,0.028031586,-0.010753657,-0.034886842,-0.125467593,-0.001671658
8,6,0,10,0.583571801,0.028342996,-0.013365845,-0.039838537,-0.12866016,-0.001713314
10,-6,0,10,0.709147542,0.036248127,0.002814686,-0.007013276,-0.157466023,-0.001585126
10,-4,0,10,0.716556969,0.036508819,0.000407085,-0.012852605,-0.16065158,-0.001805044
10,-2,0,10,0.722384044,0.036772221,-0.002042756,-0.018717833,-0.163737917,-0.002011805
10,0,0,10,0.726702162,0.037046914,-0.004424036,-0.024539076,-0.166846806,-0.002220462
10,2,0,10,0.729368291,0.037319823,-0.006786266,-0.030313271,-0.169883903,-0.00242322
10,4,0,10,0.730390104,0.037594329,-0.009171566,-0.036032017,-0.172746068,-0.002611744
10,6,0,10,0.729848284,0.037867994,-0.01148372,-0.041631299,-0.175606947,-0.002800366
12,-6,0,10,0.854728099,0.047593954,0.00277925,-0.004863086,-0.205100178,-0.001795431
12,-4,0,10,0.86307782,0.047974112,0.000711383,-0.011342123,-0.208599787,-0.002156926
12,-2,0,10,0.869469499,0.048322512,-0.001404798,-0.017858649,-0.211871752,-0.00250327
12,0,0,10,0.873974506,0.048649009,-0.003441217,-0.024330457,-0.215033874,-0.002850494
12,2,0,10,0.876437744,0.04893702,-0.005459883,-0.030756002,-0.217990697,-0.00318948
12,4,0,10,0.876879668,0.04919194,-0.007513499,-0.037127314,-0.220640693,-0.003510587
12,6,0,10,0.875381839,0.049411134,-0.009490363,-0.04336896,-0.223161786,-0.003829053
14,-6,0,10,0.999343091,0.060905484,0.002641675,-0.002691116,-0.253205591,-0.002049671
14,-4,0,10,1.008567899,0.061413621,0.00089284,-0.009830672,-0.256923798,-0.002529025
14,-2,0,10,1.015577617,0.061861255,-0.000800086,-0.016966785,-0.260477035,-0.003003793
14,0,0,10,1.020264131,0.06224139,-0.002458023,-0.024083462,-0.263688928,-0.003471571
14,2,0,10,1.022519874,0.062540046,-0.004098753,-0.031154148,-0.266559382,-0.003928836
14,4,0,10,1.022380289,0.062765032,-0.005786211,-0.038172145,-0.268991887,-0.004365008
14,6,0,10,1.019926772,0.062913394,-0.007394599,-0.045050505,-0.27116639,-0.004795781
16,-6,0,10,1.142757758,0.076114855,0.002403843,-0.000502813,-0.301628204,-0.002346922
16,-4,0,10,1.152896322,0.076768638,0.001056871,-0.008271106,-0.305645735,-0.002932584
16,-2,0,10,1.160459991,0.077317613,-0.000231419,-0.016043743,-0.309387022,-0.003511244
16,0,0,10,1.165241632,0.077743909,-0.001478569,-0.023799963,-0.312628315,-0.004081797
16,2,0,10,1.167367162,0.078057713,-0.002708402,-0.031507601,-0.315424285,-0.004638434
16,4,0,10,1.166645543,0.078242484,-0.003997334,-0.0391659,-0.317634035,-0.005171824
16,6,0,10,1.16323159,0.078302366,-0.005205958,-0.046673985,-0.319454862,-0.005696732
18,-6,0,10,1.284723232,0.093141115,0.002069104,0.001700229,-0.350192498,-0.002686144
18,-4,0,10,1.295763481,0.093952434,0.001153738,-0.006689328,-0.354506716,-0.003359779
18,-2,0,10,1.303872975,0.094609638,0.0003004,-0.015090854,-0.358432696,-0.004023765
18,0,0,10,1.308812861,0.095090103,-0.000505468,-0.023477786,-0.361710971,-0.004677818
18,2,0,10,1.310734892,0.095405937,-0.001293807,-0.031815924,-0.364422149,-0.005315295
18,4,0,10,1.309410216,0.095538047,-0.002139185,-0.040098206,-0.366370845,-0.005928526
18,6,0,10,1.305065144,0.095499758,-0.002934784,-0.048238478,-0.367863347,-0.006528362
20,-6,0,10,1.42500172,0.111893616,0.001641969,0.003915668,-0.39872752,-0.003066269
20,-4,0,10,1.436929947,0.112873802,0.001185278,-0.005087004,-0.403332689,-0.003809072
20,-2,0,10,1.445569223,0.113641599,0.000793758,-0.014107948,-0.407442252,-0.004538658
20,0,0,10,1.450661916,0.114176991,0.000456744,-0.023117545,-0.410753036,-0.005257049
20,2,0,10,1.452290109,0.114487999,7.25E-05,-0.032114096,-0.413220048,-0.005951886
20,4,0,10,1.450468935,0.114566864,-0.000248389,-0.040985065,-0.415074822,-0.006630074
20,6,0,10,1.445182708,0.114412806,-0.000592815,-0.049743209,-0.416215645,-0.007287058
-10,-6,0,12,-0.74591816,0.039018529,-0.004741917,-0.031433004,0.262008976,-0.001450705
-10,-4,0,12,-0.747490677,0.038942416,-0.00851334,-0.030710907,0.261311801,0.000640382
-10,-2,0,12,-0.746847866,0.038853298,-0.012274947,-0.029919902,0.259471651,0.002735255
-10,0,0,12,-0.744059694,0.038754364,-0.015963045,-0.029041929,0.25657712,0.004809079
-10,2,0,12,-0.739005774,0.038639099,-0.019682078,-0.028131392,0.252498459,0.006878364
-10,4,0,12,-0.731795694,0.038514134,-0.023355329,-0.027169711,0.247316907,0.008914688
-10,6,0,12,-0.722460229,0.038379259,-0.026979348,-0.026163922,0.241069869,0.010908258
-8,-6,0,12,-0.604508325,0.029433625,-0.003713992,-0.029650944,0.226928913,-0.001263326
-8,-4,0,12,-0.605121179,0.029321871,-0.007510652,-0.029591509,0.225943576,0.000531343
-8,-2,0,12,-0.603880829,0.029228426,-0.011299216,-0.029468944,0.223914606,0.002328828
-8,0,0,12,-0.600857012,0.029155514,-0.015019451,-0.029263671,0.220928744,0.004107588
-8,2,0,12,-0.595952625,0.029099135,-0.018772083,-0.029026184,0.216873726,0.005883944
-8,4,0,12,-0.589251368,0.029063309,-0.022473859,-0.028731413,0.211812175,0.007630525
-8,6,0,12,-0.580799592,0.029048675,-0.026135417,-0.028389812,0.205801459,0.009342754
-6,-6,0,12,-0.461573112,0.021861417,-0.002787987,-0.027835847,0.190027924,-0.001126015
-6,-4,0,12,-0.461255538,0.021733776,-0.006536468,-0.028423676,0.188805626,0.000376531
-6,-2,0,12,-0.459417134,0.021645916,-0.010317958,-0.028970357,0.186587508,0.001890817
-6,0,0,12,-0.456163065,0.021603311,-0.014036999,-0.029439486,0.183514917,0.003388887
-6,2,0,12,-0.451415171,0.021603518,-0.017788817,-0.029876373,0.179490724,0.004886383
-6,4,0,12,-0.445231774,0.021647376,-0.021485539,-0.030249834,0.174559537,0.006357607
-6,6,0,12,-0.437672398,0.021737019,-0.025146956,-0.030572035,0.168792681,0.007801324
-4,-6,0,12,-0.317427391,0.016355708,-0.001888649,-0.025956731,0.151525916,-0.001057339
-4,-4,0,12,-0.316135154,0.01622509,-0.005598836,-0.027209642,0.149996053,0.000178332
-4,-2,0,12,-0.31369846,0.016153558,-0.009337451,-0.028425469,0.147586419,0.0014237
-4,0,0,12,-0.31023215,0.016145091,-0.0130402,-0.029577419,0.144457545,0.002660029
-4,2,0,12,-0.305626984,0.016198037,-0.01673418,-0.030680393,0.140440095,0.003888722
-4,4,0,12,-0.299974041,0.016312897,-0.020389204,-0.031722457,0.135649356,0.005098701
-4,6,0,12,-0.293321256,0.016490595,-0.024015387,-0.032709093,0.13014145,0.006288115
-2,-6,0,12,-0.172262044,0.012947672,-0.001065878,-0.024031003,0.111453706,-0.001044842
-2,-4,0,12,-0.169995417,0.012831297,-0.004701742,-0.025948723,0.109612845,-6.16E-05
-2,-2,0,12,-0.166963484,0.012786389,-0.008360733,-0.027833389,0.107011834,0.000929554
-2,0,0,12,-0.163239304,0.012815377,-0.012030118,-0.029676158,0.103749152,0.001922498
-2,2,0,12,-0.158834185,0.012918614,-0.015609432,-0.031436885,0.099825298,0.0028936
-2,4,0,12,-0.153718076,0.013094284,-0.019187174,-0.033147627,0.095185296,0.003857492
-2,6,0,12,-0.147982773,0.013343488,-0.022742024,-0.034798891,0.089950319,0.004807146
0,-6,0,12,-0.026316233,0.011661608,-0.000327019,-0.022061024,0.069921792,-0.001086495
0,-4,0,12,-0.023076146,0.011576433,-0.003851592,-0.024642697,0.067766716,-0.000341095
0,-2,0,12,-0.019452375,0.011568401,-0.007393255,-0.027195014,0.064974874,0.000410991
0,0,0,12,-0.015520891,0.011639074,-0.010950644,-0.029712374,0.061651377,0.001167025
0,2,0,12,-0.011280979,0.011788351,-0.014419417,-0.032146393,0.057762828,0.001904607
0,4,0,12,-0.006709533,0.012014523,-0.017881443,-0.034524555,0.053282617,0.002637446
0,6,0,12,-0.00190259,0.012318274,-0.021327914,-0.036839623,0.048334319,0.003362193
2,-6,0,12,0.120164468,0.012509907,0.00032206,-0.020049215,0.0270505,-0.001180488
2,-4,0,12,0.12437584,0.012472645,-0.003053518,-0.023293011,0.024577513,-0.00065785
2,-2,0,12,0.128585774,0.01251156,-0.006440133,-0.026511763,0.021597805,-0.000129394
2,0,0,12,0.132731278,0.012626907,-0.009846526,-0.029700373,0.018206381,0.000405148
2,2,0,12,0.136798217,0.012818821,-0.013166248,-0.032806784,0.014362331,0.000924608
2,4,0,12,0.14081603,0.013085188,-0.01647446,-0.035850713,0.010052701,0.001441907
2,6,0,12,0.144682817,0.01342636,-0.019774945,-0.038828243,0.005405257,0.001956892
4,-6,0,12,0.266931185,0.015493359,0.000877472,-0.017996908,-0.017033274,-0.00132518
4,-4,0,12,0.272111066,0.015520504,-0.002311416,-0.021900362,-0.019825782,-0.001009883
4,-2,0,12,0.276869407,0.015614087,-0.005544039,-0.025799897,-0.022932743,-0.000682407
4,0,0,12,0.281255646,0.015779245,-0.00872118,-0.02964148,-0.026446036,-0.000360532
4,2,0,12,0.285143443,0.016009819,-0.011853066,-0.033417155,-0.030239063,-4.33E-05
4,4,0,12,0.288556655,0.01630722,-0.015010266,-0.037142743,-0.03429809,0.000281965
4,6,0,12,0.291519661,0.016667138,-0.018086006,-0.040762298,-0.038703082,0.000595066
6,-6,0,12,0.413738722,0.020600791,0.001335102,-0.015906916,-0.062200724,-0.001518656
6,-4,0,12,0.419893229,0.020708322,-0.001637056,-0.020470471,-0.065329678,-0.001393638
6,-2,0,12,0.425218582,0.020867447,-0.00463418,-0.025028729,-0.068601885,-0.001258963
6,0,0,12,0.42980727,0.021083782,-0.007578791,-0.029534797,-0.072176991,-0.001127015
6,2,0,12,0.433511602,0.021348982,-0.01048415,-0.033976891,-0.075915045,-0.00099592
6,4,0,12,0.436350496,0.021665109,-0.013416163,-0.038365762,-0.079774066,-0.000853669
6,6,0,12,0.43836676,0.022028045,-0.016265634,-0.042640037,-0.08386495,-0.000719389
8,-6,0,12,0.56033294,0.027809172,0.001692379,-0.013781411,-0.108303725,-0.001759224
8,-4,0,12,0.567441701,0.028013052,-0.001012265,-0.018994682,-0.111745757,-0.001810688
8,-2,0,12,0.57334349,0.028246339,-0.003749254,-0.024213761,-0.115205706,-0.001850069
8,0,0,12,0.578129945,0.028516393,-0.006423934,-0.029380011,-0.118840044,-0.001891271
8,2,0,12,0.581656225,0.028812683,-0.009075081,-0.034489901,-0.122534374,-0.001928205
8,4,0,12,0.5839049,0.029136057,-0.011733049,-0.039533427,-0.126166607,-0.001954209
8,6,0,12,0.584969974,0.029484735,-0.014319453,-0.044458964,-0.129933524,-0.001982393
10,-6,0,12,0.706468665,0.037083971,0.001947575,-0.011623248,-0.155198421,-0.002045231
10,-4,0,12,0.714523535,0.037399205,-0.000453128,-0.017481472,-0.158952085,-0.002256511
10,-2,0,12,0.72099569,0.037715238,-0.002892858,-0.02335663,-0.1625981,-0.002453247
10,0,0,12,0.725973179,0.038041307,-0.005259744,-0.029178485,-0.166286449,-0.002650656
10,2,0,12,0.729298249,0.038363047,-0.007603885,-0.034944044,-0.169903727,-0.002840972
10,4,0,12,0.730969599,0.038683714,-0.009967027,-0.040644975,-0.173328902,-0.003015952
10,6,0,12,0.731080208,0.039000973,-0.012254443,-0.046217746,-0.176762863,-0.003189932
12,-6,0,12,0.851893144,0.048378554,0.00210029,-0.009435052,-0.202728673,-0.00237498
12,-4,0,12,0.860885931,0.048819051,3.89E-05,-0.015932273,-0.206793183,-0.002728959
12,-2,0,12,0.867920738,0.049226005,-0.002067352,-0.022458098,-0.210621866,-0.003066013
12,0,0,12,0.873083258,0.049609941,-0.004090636,-0.028929984,-0.214360599,-0.003402108
12,2,0,12,0.876205927,0.049953367,-0.006092304,-0.035346815,-0.217895501,-0.003728481
12,4,0,12,0.877296664,0.050260592,-0.008124894,-0.041700016,-0.221106471,-0.004035359
12,6,0,12,0.876451105,0.050529639,-0.010078279,-0.047914899,-0.22419902,-0.004338047
14,-6,0,12,0.996356226,0.06163355,0.002151273,-0.007217726,-0.250733121,-0.002746787
14,-4,0,12,1.006216281,0.062207118,0.000403969,-0.014376775,-0.255004229,-0.003219213
14,-2,0,12,1.01386976,0.062719832,-0.001276077,-0.021520366,-0.259115917,-0.003685973
14,0,0,12,1.01921254,0.063162939,-0.002921013,-0.028635747,-0.262902992,-0.004142837
14,2,0,12,1.022125496,0.063522942,-0.00454583,-0.035697269,-0.266348226,-0.004587285
14,4,0,12,1.022633142,0.063806183,-0.006213563,-0.042696851,-0.269338782,-0.005008564
14,6,0,12,1.0208301,0.064010373,-0.007799872,-0.049548194,-0.272081978,-0.005422454
16,-6,0,12,1.139624582,0.076781933,0.00210174,-0.004976903,-0.299057509,-0.003159294
16,-4,0,12,1.150393797,0.077506177,0.000755818,-0.012763852,-0.30362316,-0.00373924
16,-2,0,12,1.158597002,0.078125606,-0.000520553,-0.020543548,-0.307917268,-0.004310645
16,0,0,12,1.164031951,0.078620504,-0.001755863,-0.028298032,-0.311730313,-0.004870569
16,2,0,12,1.166811666,0.079001262,-0.002970869,-0.035995783,-0.315096931,-0.005414121
16,4,0,12,1.166733338,0.079248366,-0.004241733,-0.043634256,-0.317863042,-0.005931662
16,6,0,12,1.163969442,0.079371532,-0.005429586,-0.051116216,-0.320247441,-0.006438971
18,-6,0,12,1.281448403,0.093742693,0.001954319,-0.002714275,-0.347526962,-0.003610969
18,-4,0,12,1.293114738,0.094629292,0.001039416,-0.011121663,-0.3523842,-0.004280133
18,-2,0,12,1.301857982,0.095361949,0.000196843,-0.019529918,-0.356855531,-0.004937671
18,0,0,12,1.307446456,0.095914134,-0.000598534,-0.027913038,-0.360704987,-0.005580842
18,2,0,12,1.310017941,0.096304077,-0.001374552,-0.036241116,-0.363974632,-0.006205159
18,4,0,12,1.309341114,0.096506482,-0.002205759,-0.044507251,-0.366484771,-0.006802324
18,6,0,12,1.305636557,0.096534834,-0.002978546,-0.052618222,-0.36853079,-0.007383556
20,-6,0,12,1.421590815,0.112425657,0.001712822,-0.000432376,-0.395970473,-0.004100315
20,-4,0,12,1.434136073,0.113481626,0.00125563,-0.00944957,-0.401120017,-0.004838894
20,-2,0,12,1.443408903,0.11433313,0.00087431,-0.018477475,-0.405765665,-0.0055634
20,0,0,12,1.449144017,0.114947727,0.00054657,-0.027485247,-0.409633788,-0.006272054
20,2,0,12,1.451414308,0.11533612,0.000170905,-0.036473085,-0.41265467,-0.00695328
20,4,0,12,1.450238268,0.115490068,-0.000135421,-0.045324751,-0.415067467,-0.007614806
20,6,0,12,1.445588044,0.115407874,-0.000459137,-0.054053616,-0.416756321,-0.008252153
-10,-6,0,14,-0.74669447,0.040165376,-0.007249227,-0.035869738,0.263025071,-0.00073678
-10,-4,0,14,-0.7476612,0.040079586,-0.01101348,-0.035170894,0.261788659,0.001373036
-10,-2,0,14,-0.746408178,0.039978236,-0.014763057,-0.034394459,0.259405109,0.003483687
-10,0,0,14,-0.743014563,0.039864819,-0.018429387,-0.033520219,0.255974072,0.005569042
-10,2,0,14,-0.737357757,0.039732675,-0.022131449,-0.032608427,0.251359748,0.00764912
-10,4,0,14,-0.729547276,0.039588545,-0.025779033,-0.031635057,0.245641405,0.009692061
-10,6,0,14,-0.719621228,0.039432455,-0.029373042,-0.030608848,0.238865508,0.011689077
-8,-6,0,14,-0.605482786,0.030596217,-0.006077538,-0.03412351,0.228074445,-0.000660098
-8,-4,0,14,-0.605483882,0.030480874,-0.009866066,-0.034086858,0.226545068,0.001152716
-8,-2,0,14,-0.603628013,0.030381892,-0.01364203,-0.033978546,0.223968839,0.002965758
-8,0,0,14,-0.599992084,0.030300884,-0.017339674,-0.033776363,0.220441014,0.004756234
-8,2,0,14,-0.594477649,0.030233817,-0.021074784,-0.033537061,0.215844613,0.006543933
-8,4,0,14,-0.587168477,0.030184875,-0.024750334,-0.033229901,0.210240387,0.008298083
-8,6,0,14,-0.578121626,0.030155261,-0.02838535,-0.032868621,0.203700193,0.010016092
-6,-6,0,14,-0.462746108,0.023031949,-0.005006945,-0.032340176,0.191300117,-0.000634717
-6,-4,0,14,-0.46181565,0.022907976,-0.008741907,-0.032948378,0.189536571,0.000884117
-6,-2,0,14,-0.459353836,0.022820942,-0.012509756,-0.033508413,0.186765011,0.00241361
-6,0,0,14,-0.455479926,0.022776248,-0.016204445,-0.033979069,0.18314356,0.003923363
-6,2,0,14,-0.450117699,0.022772211,-0.019939,-0.034413986,0.178575372,0.005432868
-6,4,0,14,-0.443319629,0.022809197,-0.023609047,-0.034774304,0.173096032,0.006912582
-6,6,0,14,-0.435158014,0.022889876,-0.027243707,-0.035076172,0.1667945,0.00836339
-4,-6,0,14,-0.318797298,0.0175271,-0.003950366,-0.030481575,0.15292565,-0.000681796
-4,-4,0,14,-0.316888672,0.017406547,-0.007646558,-0.031754459,0.150852015,0.000569525
-4,-2,0,14,-0.31382538,0.017342234,-0.01137121,-0.032983326,0.147886534,0.00182986
-4,0,0,14,-0.309739814,0.017338417,-0.015055925,-0.034138823,0.144213602,0.003079394
-4,2,0,14,-0.304510033,0.017393554,-0.018726351,-0.035237301,0.139640861,0.00431932
-4,4,0,14,-0.298236298,0.017507836,-0.022354545,-0.036265656,0.134297851,0.005538731
-4,6,0,14,-0.290973369,0.017682642,-0.025953634,-0.037230999,0.128249633,0.006736469
-2,-6,0,14,-0.17383291,0.014112633,-0.002965976,-0.028570354,0.112984775,-0.000786551
-2,-4,0,14,-0.17094647,0.014012771,-0.006587458,-0.030507458,0.110597755,0.000211573
-2,-2,0,14,-0.167284666,0.013981588,-0.01023219,-0.032404602,0.107438409,0.001217403
-2,0,0,14,-0.162935615,0.014021924,-0.01388785,-0.034253045,0.103625036,0.002224565
-2,2,0,14,-0.157902721,0.014133619,-0.017438939,-0.036005937,0.099146496,0.003206453
-2,4,0,14,-0.152160638,0.014315124,-0.020989895,-0.037702399,0.093950641,0.004180692
-2,6,0,14,-0.145811354,0.01456775,-0.024518031,-0.039332082,0.088172826,0.005140008
0,-6,0,14,-0.028085764,0.012812828,-0.002060555,-0.026607418,0.071583196,-0.000946791
0,-4,0,14,-0.024224234,0.012750565,-0.005570565,-0.029207985,0.068881059,-0.000187216
0,-2,0,14,-0.019968438,0.012762783,-0.009097785,-0.031772238,0.065529415,0.000579102
0,0,0,14,-0.015405682,0.012851039,-0.012640766,-0.034294151,0.061649173,0.0013493
0,2,0,14,-0.010537512,0.013015503,-0.016082085,-0.036720348,0.057207648,0.002098242
0,4,0,14,-0.005335312,0.013253928,-0.019517405,-0.039083578,0.052168507,0.002842292
0,6,0,14,8.99E-05,0.013567346,-0.022937421,-0.041376528,0.046674622,0.003577967
2,-6,0,14,0.118195823,0.013640138,-0.00124062,-0.024595307,0.028843992,-0.001160247
2,-4,0,14,0.123030681,0.01363215,-0.004601361,-0.027857028,0.025822096,-0.000624267
2,-2,0,14,0.127878758,0.013697653,-0.007973554,-0.031087491,0.022277902,-8.20E-05
2,0,0,14,0.132655433,0.013837126,-0.011365719,-0.034280673,0.018330533,0.000466645
2,2,0,14,0.137353711,0.014050643,-0.014658442,-0.03737828,0.013932104,0.000997996
2,4,0,14,0.142005717,0.014335693,-0.017940239,-0.040406652,0.009061605,0.00152735
2,6,0,14,0.146494663,0.014692822,-0.021214683,-0.043361519,0.003866346,0.00205449
4,-6,0,14,0.26477062,0.016595419,-0.000510654,-0.022535429,-0.015113857,-0.001424801
4,-4,0,14,0.270573657,0.016658004,-0.003685031,-0.026456624,-0.018453738,-0.001096983
4,-2,0,14,0.275962956,0.016784387,-0.006907972,-0.030368921,-0.02211462,-0.000755371
4,0,0,14,0.280987433,0.016980304,-0.010066576,-0.034212473,-0.02619124,-0.000420303
4,2,0,14,0.285510417,0.017238835,-0.013171665,-0.037978754,-0.030542252,-9.08E-05
4,4,0,14,0.289556057,0.017561468,-0.016306962,-0.041689976,-0.03515638,0.00024814
4,6,0,14,0.293148421,0.017943478,-0.019353165,-0.045284565,-0.040117401,0.00057383
6,-6,0,14,0.411387787,0.021667716,0.000124606,-0.02043053,-0.060155024,-0.001738115
6,-4,0,14,0.418170079,0.021816665,-0.0028375,-0.025013189,-0.063838065,-0.00160075
6,-2,0,14,0.424122089,0.022014866,-0.005820958,-0.029581647,-0.067655876,-0.00145325
6,0,0,14,0.429350783,0.022268259,-0.008748068,-0.034088811,-0.07179551,-0.001308056
6,2,0,14,0.433688736,0.02256777,-0.011626646,-0.038521016,-0.076087129,-0.001164374
6,4,0,14,0.437162562,0.022915439,-0.014537334,-0.042894959,-0.08050244,-0.001007751
6,6,0,14,0.439810915,0.023306766,-0.017358035,-0.047143702,-0.085150556,-0.000859656
8,-6,0,14,0.557794819,0.028834164,0.000661987,-0.018282753,-0.106133394,-0.002098036
8,-4,0,14,0.565530519,0.029085386,-0.002032885,-0.023514437,-0.110127828,-0.002138158
8,-2,0,14,0.572058506,0.029363725,-0.004756694,-0.028743083,-0.114131943,-0.002165269
8,0,0,14,0.577484936,0.029677013,-0.007414033,-0.033909886,-0.118329463,-0.002193429
8,2,0,14,0.58165239,0.030014052,-0.010044249,-0.039011644,-0.122587974,-0.002216651
8,4,0,14,0.584531045,0.030374888,-0.012677024,-0.04403766,-0.126767096,-0.002228272
8,6,0,14,0.586229106,0.03075816,-0.01523567,-0.048937263,-0.131090777,-0.002241455
10,-6,0,14,0.703746992,0.038060364,0.001099031,-0.016095052,-0.152905674,-0.00250243
10,-4,0,14,0.71242567,0.038428435,-0.001292102,-0.021970619,-0.157208736,-0.002703359
10,-2,0,14,0.719522706,0.038795302,-0.003719271,-0.027854688,-0.161396619,-0.002888426
10,0,0,14,0.725139417,0.039170594,-0.006069507,-0.033676478,-0.165646388,-0.003072958
10,2,0,14,0.72910691,0.039539525,-0.008393793,-0.039433732,-0.169826618,-0.003249351
10,4,0,14,0.731408488,0.039903693,-0.010732795,-0.045116715,-0.173797588,-0.003409224
10,6,0,14,0.7321526,0.040261636,-0.01299364,-0.050663153,-0.177787444,-0.003567048
12,-6,0,14,0.848992668,0.049300178,0.001434817,-0.013870098,-0.200316122,-0.002949169
12,-4,0,14,0.858608323,0.049799309,-0.00061764,-0.020384147,-0.204927528,-0.003293942
12,-2,0,14,0.866265756,0.050262637,-0.002712258,-0.026918276,-0.209294884,-0.003619941
12,0,0,14,0.872065891,0.050701655,-0.004719775,-0.033389486,-0.213592229,-0.003943363
12,2,0,14,0.875828109,0.051097833,-0.00670242,-0.039797121,-0.217687256,-0.004255528
12,4,0,14,0.877548352,0.051454417,-0.008712107,-0.046131965,-0.221442084,-0.004546617
12,6,0,14,0.877333413,0.051769481,-0.010640124,-0.052319664,-0.225088158,-0.004831914
14,-6,0,14,0.993281494,0.062494419,0.001669344,-0.011608874,-0.248203371,-0.003436115
14,-4,0,14,1.00375634,0.06313124,-7.40E-05,-0.018785929,-0.253009763,-0.003899891
14,-2,0,14,1.012034302,0.063706224,-0.001738987,-0.025935182,-0.257663955,-0.00435681
14,0,0,14,1.018012063,0.064210067,-0.0033692,-0.033049305,-0.262005797,-0.004801254
14,2,0,14,1.021562542,0.064628464,-0.004976175,-0.04010107,-0.26600822,-0.005231289
14,4,0,14,1.022698188,0.064966737,-0.006622351,-0.04708186,-0.269540093,-0.005636137
14,6,0,14,1.021527307,0.065223393,-0.008185088,-0.053906303,-0.272834775,-0.006031681
16,-6,0,14,1.136380631,0.077576539,0.001803157,-0.009317142,-0.296413568,-0.003961429
16,-4,0,14,1.147760278,0.078368877,0.000460504,-0.01712124,-0.301509675,-0.004533921
16,-2,0,14,1.156584431,0.079055683,-0.000801897,-0.02490593,-0.306341716,-0.005096147
16,0,0,14,1.162651066,0.07961665,-0.002023718,-0.032658762,-0.310705457,-0.005644015
16,2,0,14,1.166065232,0.080061163,-0.003222162,-0.040346024,-0.314624876,-0.006172914
16,4,0,14,1.166612873,0.080368767,-0.00447306,-0.047965379,-0.317928991,-0.006673431
16,6,0,14,1.164478826,0.080549981,-0.005638959,-0.055420041,-0.320861603,-0.007161363
18,-6,0,14,1.278040362,0.094465896,0.001838279,-0.006996749,-0.344771908,-0.004523158
18,-4,0,14,1.290312475,0.095425149,0.000925847,-0.015420311,-0.350153945,-0.005186077
18,-2,0,14,1.299672146,0.096229911,9.60E-05,-0.023832901,-0.355158334,-0.005835127
18,0,0,14,1.305888102,0.096853185,-0.000687185,-0.032213707,-0.359553257,-0.006466579
18,2,0,14,1.309090253,0.097311979,-0.001448112,-0.040530725,-0.363371028,-0.007076101
18,4,0,14,1.309040777,0.097580694,-0.002265156,-0.048779436,-0.366421739,-0.007655332
18,6,0,14,1.305958473,0.097671866,-0.003013936,-0.056861045,-0.369004615,-0.008216562
20,-6,0,14,1.418025389,0.113072728,0.001777591,-0.004650417,-0.393108857,-0.005119328
20,-4,0,14,1.431169723,0.114205564,0.001322066,-0.013682801,-0.398776283,-0.005852946
20,-2,0,14,1.441053763,0.115133599,0.00095217,-0.022714245,-0.403948758,-0.006569685
20,0,0,14,1.44741131,0.115824009,0.000635161,-0.03171917,-0.408356175,-0.007266962
20,2,0,14,1.450304992,0.116286066,0.000269501,-0.040698031,-0.411915252,-0.007933163
20,4,0,14,1.449754426,0.11651114,-2.09E-05,-0.04952928,-0.414867697,-0.00857644
20,6,0,14,1.445722949,0.116496841,-0.000322988,-0.058228816,-0.417088514,-0.009192804
-10,-6,0,16,-0.747295818,0.041421407,-0.00967709,-0.040147948,0.263918044,-4.52E-05
-10,-4,0,16,-0.747677057,0.041327437,-0.013431724,-0.039471645,0.262161199,0.002084171
-10,-2,0,16,-0.745834848,0.041215095,-0.017167072,-0.038709444,0.259253645,0.004211585
-10,0,0,16,-0.741857448,0.041088201,-0.020809719,-0.037838964,0.255305767,0.006309583
-10,2,0,16,-0.73561941,0.040939954,-0.024492737,-0.036926156,0.25017542,0.008401576
-10,4,0,16,-0.727230681,0.040777195,-0.028112952,-0.035941772,0.243940359,0.01045239
-10,6,0,16,-0.716736296,0.040600162,-0.031675384,-0.034896022,0.236655746,0.012454166
-8,-6,0,16,-0.606300197,0.031872356,-0.008366615,-0.038436501,0.229108185,-7.68E-05
-8,-4,0,16,-0.605710087,0.0317548,-0.012144638,-0.038421915,0.227053833,0.001755072
-8,-2,0,16,-0.603260824,0.031650929,-0.015905769,-0.038327512,0.223950273,0.003584781
-8,0,0,16,-0.59903465,0.031562582,-0.019578986,-0.038128412,0.219900464,0.005388143
-8,2,0,16,-0.59293203,0.031485265,-0.023294312,-0.037887421,0.214782477,0.007188313
-8,4,0,16,-0.585037377,0.031423397,-0.026941878,-0.037568484,0.208655872,0.008951316
-8,6,0,16,-0.575417675,0.031378693,-0.030548555,-0.037188295,0.201606122,0.010676394
-6,-6,0,16,-0.463777806,0.024319642,-0.007155611,-0.036683053,0.192469583,-0.000161042
-6,-4,0,16,-0.462256386,0.024200107,-0.0108749,-0.037311074,0.190184725,0.001375173
-6,-2,0,16,-0.459194792,0.024114346,-0.014627054,-0.037884339,0.186880951,0.002921069
-6,0,0,16,-0.454724252,0.024068247,-0.018298799,-0.038357719,0.182732872,0.004444281
-6,2,0,16,-0.448769247,0.024059956,-0.022011032,-0.03879006,0.17763945,0.005966497
-6,4,0,16,-0.441379303,0.024089971,-0.025652726,-0.039137834,0.171632665,0.007456018
-6,6,0,16,-0.432637827,0.024161247,-0.029258812,-0.039420121,0.164816501,0.008915224
-4,-6,0,16,-0.320048748,0.018818709,-0.005948369,-0.034845681,0.154238487,-0.000320967
-4,-4,0,16,-0.317545122,0.018708743,-0.009628226,-0.03613771,0.151640548,0.00094711
-4,-2,0,16,-0.313877156,0.018651917,-0.013336579,-0.037379082,0.148139205,0.002223558
-4,0,0,16,-0.309196971,0.018653133,-0.017000437,-0.038538452,0.143945622,0.003487382
-4,2,0,16,-0.303362556,0.018709825,-0.020645852,-0.039631984,0.138834448,0.004739912
-4,4,0,16,-0.296492116,0.018823305,-0.02424543,-0.040646987,0.132959602,0.005970008
-4,6,0,16,-0.288643401,0.018994317,-0.027816021,-0.041592382,0.126393067,0.007177543
-2,-6,0,16,-0.175304473,0.015400077,-0.004807961,-0.032948714,0.114441525,-0.000540262
-2,-4,0,16,-0.171820334,0.015317074,-0.008412786,-0.03490447,0.111529027,0.000473936
-2,-2,0,16,-0.167551016,0.01529941,-0.012040861,-0.036813359,0.107830842,0.001495618
-2,0,0,16,-0.16259384,0.015350341,-0.015679561,-0.03866656,0.103480426,0.002518154
-2,2,0,16,-0.15696133,0.015470282,-0.019201362,-0.040412286,0.098473969,0.003512197
-2,4,0,16,-0.150615878,0.015656739,-0.022723637,-0.042094836,0.092742674,0.004498103
-2,6,0,16,-0.14367507,0.015911646,-0.026223227,-0.043703579,0.086442117,0.0054684
0,-6,0,16,-0.029776011,0.014088101,-0.003741683,-0.030992774,0.073183513,-0.000816319
0,-4,0,16,-0.025315196,0.014048606,-0.007234797,-0.033611319,0.069954256,-4.13E-05
0,-2,0,16,-0.020449378,0.014080578,-0.010745469,-0.036187134,0.066062667,0.000740522
0,0,0,16,-0.015274124,0.014185516,-0.014270652,-0.038712128,0.061642848,0.001526005
0,2,0,16,-0.009804604,0.014364506,-0.017683415,-0.041131336,0.056672198,0.0022877
0,4,0,16,-0.003994351,0.014613964,-0.021090167,-0.043479961,0.051094713,0.003044294
0,6,0,16,0.002026665,0.014935557,-0.024481861,-0.045751364,0.045075277,0.003792209
2,-6,0,16,0.116291743,0.014895235,-0.002756426,-0.028980338,0.03058383,-0.001146431
2,-4,0,16,0.121725932,0.01491596,-0.006100682,-0.032260054,0.027036336,-0.000595743
2,-2,0,16,0.127183593,0.015007449,-0.00945601,-0.03550091,0.02295301,-3.84E-05
2,0,0,16,0.132569525,0.015170043,-0.012831572,-0.038698136,0.018470668,0.000525585
2,2,0,16,0.137877957,0.015403781,-0.016095186,-0.041786801,0.013535404,0.00107017
2,4,0,16,0.143141493,0.015705945,-0.019348696,-0.04479985,0.008124474,0.001612913
2,6,0,16,0.148230333,0.016077206,-0.02259526,-0.047732539,0.002401357,0.002153516
4,-6,0,16,0.262649488,0.01782247,-0.001858035,-0.02691352,-0.013228814,-0.001527978
4,-4,0,16,0.269053109,0.017919673,-0.005015657,-0.030851449,-0.017095796,-0.001186307
4,-2,0,16,0.275050696,0.018077776,-0.008226448,-0.034775669,-0.021290365,-0.000829267
4,0,0,16,0.280691313,0.018303038,-0.011365329,-0.038620431,-0.025911284,-0.000479476
4,2,0,16,0.2858258,0.01858791,-0.014440812,-0.042377539,-0.030798219,-0.000136481
4,4,0,16,0.290481324,0.018933864,-0.017552219,-0.046074508,-0.035947284,0.000217387
4,6,0,16,0.294680618,0.019335814,-0.020567245,-0.049644644,-0.041444107,0.000556995
6,-6,0,16,0.409056038,0.022859009,-0.001051209,-0.024794667,-0.058129325,-0.001958258
6,-4,0,16,0.416440772,0.023048185,-0.004000806,-0.02939493,-0.062343107,-0.0018072
6,-2,0,16,0.422996952,0.023284024,-0.006968325,-0.033972673,-0.066686591,-0.001645511
6,0,0,16,0.428843101,0.023572782,-0.009875582,-0.038480385,-0.071370376,-0.00148577
6,2,0,16,0.433795567,0.0239046,-0.012725689,-0.042902863,-0.076200905,-0.001328086
6,4,0,16,0.437880986,0.024281563,-0.015613195,-0.047261993,-0.081151506,-0.001155777
6,6,0,16,0.441138608,0.024698792,-0.018403553,-0.05148571,-0.086336293,-0.000992559
8,-6,0,16,0.555256006,0.02998219,-0.000339483,-0.022625281,-0.103969834,-0.002434631
8,-4,0,16,0.563595599,0.030279254,-0.003022309,-0.02787419,-0.10849608,-0.002462019
8,-2,0,16,0.570727207,0.030600872,-0.005730745,-0.033111474,-0.113024297,-0.00247547
8,0,0,16,0.576770626,0.03095534,-0.008368713,-0.038278271,-0.117764378,-0.002489219
8,2,0,16,0.581556285,0.031330816,-0.010976122,-0.04337163,-0.122566409,-0.002497374
8,4,0,16,0.585042652,0.031726573,-0.013581998,-0.048380189,-0.12727262,-0.002493283
8,6,0,16,0.587351539,0.032141651,-0.016111337,-0.05325422,-0.132133082,-0.002490172
10,-6,0,16,0.701003398,0.039157623,0.000273707,-0.02040888,-0.150605166,-0.002954475
10,-4,0,16,0.710285769,0.039577143,-0.002106006,-0.026301163,-0.155438142,-0.003143729
10,-2,0,16,0.717985057,0.039992754,-0.004518562,-0.032193222,-0.160147807,-0.003315703
10,0,0,16,0.724217983,0.040414896,-0.00685022,-0.038014298,-0.164938297,-0.003485971
10,2,0,16,0.728803481,0.040828035,-0.00915264,-0.043762552,-0.169660626,-0.003647029
10,4,0,16,0.731712995,0.041232843,-0.011465897,-0.049427584,-0.174157618,-0.003790473
10,6,0,16,0.733068591,0.041628384,-0.013698702,-0.054947997,-0.178683494,-0.003930874
12,-6,0,16,0.846051522,0.050339971,0.000786456,-0.018148844,-0.197882376,-0.003515351
12,-4,0,16,0.856266269,0.050895488,-0.00125506,-0.024678634,-0.203019269,-0.003849457
12,-2,0,16,0.86452408,0.051412801,-0.003335972,-0.031219834,-0.207905863,-0.004162954
12,0,0,16,0.870937232,0.051903834,-0.005325708,-0.037689355,-0.212740611,-0.004472218
12,2,0,16,0.875316085,0.052349738,-0.007287603,-0.044087343,-0.217375442,-0.004768812
12,4,0,16,0.877643599,0.052752509,-0.009272836,-0.050403706,-0.221654437,-0.005042798
12,6,0,16,0.87804235,0.053111411,-0.011174454,-0.056565436,-0.225835634,-0.005309696
14,-6,0,16,0.990146223,0.063470016,0.001198661,-0.01584536,-0.245638347,-0.004114566
14,-4,0,16,1.001212841,0.064167607,-0.000538688,-0.023039016,-0.250959536,-0.004568205
14,-2,0,16,1.010092365,0.064802131,-0.002186791,-0.030192909,-0.256136015,-0.005013818
14,0,0,16,1.016682625,0.065363716,-0.003800552,-0.037304974,-0.261012483,-0.00544443
14,2,0,16,1.020847974,0.065837268,-0.005388075,-0.044346512,-0.26555169,-0.005858709
14,4,0,16,1.022589657,0.066227162,-0.007011427,-0.051308474,-0.269605081,-0.00624583
14,6,0,16,1.022029176,0.066532632,-0.008549205,-0.058106111,-0.273431939,-0.006621824
16,-6,0,16,1.133056613,0.078481799,0.001510038,-0.013504591,-0.293720399,-0.004749848
16,-4,0,16,1.145023906,0.079339422,0.000172612,-0.021324368,-0.299326778,-0.005313374
16,-2,0,16,1.154446559,0.080090674,-0.001074232,-0.029112971,-0.304676761,-0.00586492
16,0,0,16,1.161121628,0.080714308,-0.002280923,-0.036863274,-0.30957053,-0.006399326
16,2,0,16,1.165147702,0.081219031,-0.003461265,-0.044539481,-0.314022473,-0.006912241
16,4,0,16,1.166299854,0.08158348,-0.004690989,-0.052139584,-0.317845486,-0.007394473
16,6,0,16,1.164773858,0.081818817,-0.005833778,-0.059567023,-0.32130686,-0.007861844
18,-6,0,16,1.274533256,0.095294999,0.001721955,-0.011128442,-0.341954257,-0.005418801
18,-4,0,16,1.287387493,0.096323762,0.000813854,-0.019566691,-0.347840223,-0.006073956
18,-2,0,16,1.297341196,0.097194873,-1.85E-06,-0.02798001,-0.353364668,-0.006712277
18,0,0,16,1.304161973,0.097888097,-0.000771276,-0.03636,-0.358277889,-0.007331332
18,2,0,16,1.307972444,0.098411944,-0.001515859,-0.044665457,-0.362623591,-0.007924741
18,4,0,16,1.308528567,0.098742997,-0.002317408,-0.05289641,-0.366195547,-0.008484827
18,6,0,16,1.306047908,0.098892912,-0.003041352,-0.060948797,-0.369296682,-0.009024905
20,-6,0,16,1.414337186,0.113816458,0.001836393,-0.008717725,-0.390176669,-0.006118161
20,-4,0,16,1.428061862,0.11502665,0.001384397,-0.017765913,-0.396335371,-0.006846157
20,-2,0,16,1.438536311,0.116028029,0.001027176,-0.02679974,-0.402015375,-0.007553603
20,0,0,16,1.445491924,0.116789882,0.000722186,-0.035800844,-0.406941303,-0.008238098
20,2,0,16,1.448987043,0.117321825,0.00036801,-0.044769379,-0.411018027,-0.008887847
20,4,0,16,1.449041158,0.117613807,9.42E-05,-0.053580712,-0.414491434,-0.009511837
20,6,0,16,1.445607143,0.117662905,-0.00018535,-0.062250838,-0.417226004,-0.010106105
-10,-6,0,18,-0.747733749,0.042764774,-0.012014632,-0.044250111,0.264692015,0.000621825
-10,-4,0,18,-0.747552515,0.042664117,-0.015757653,-0.043595587,0.26243595,0.002771392
-10,-2,0,18,-0.745144881,0.042542061,-0.019476882,-0.042847188,0.2590261,0.004916293
-10,0,0,18,-0.74060746,0.042402705,-0.023094517,-0.04198046,0.254583021,0.007027859
-10,2,0,18,-0.73381231,0.042239206,-0.026756548,-0.04106683,0.248958497,0.009132624
-10,4,0,18,-0.724869939,0.042058465,-0.030348054,-0.04007205,0.242229015,0.011192353
-10,6,0,18,-0.71383149,0.041860954,-0.033877835,-0.039007852,0.234457545,0.013200039
-8,-6,0,18,-0.606968957,0.033239617,-0.010571011,-0.042572264,0.230032233,0.000484861
-8,-4,0,18,-0.605811404,0.033121019,-0.014336504,-0.04257896,0.227474581,0.002336473
-8,-2,0,18,-0.602792164,0.033013143,-0.018080768,-0.04249807,0.223865516,0.00418361
-8,0,0,18,-0.598000542,0.032918086,-0.021727967,-0.042301994,0.21931589,0.006000813
-8,2,0,18,-0.591334074,0.032831023,-0.025421885,-0.042059431,0.213698209,0.007814396
-8,4,0,18,-0.582878845,0.032756512,-0.029040078,-0.041729289,0.207071662,0.009587306
-8,6,0,18,-0.57271062,0.032696779,-0.032617057,-0.041331097,0.199534319,0.011320546
-6,-6,0,18,-0.464676634,0.025701655,-0.009225373,-0.040847839,0.193539597,0.000293971
-6,-4,0,18,-0.462587832,0.025587299,-0.012927032,-0.041494851,0.190754883,0.001848356
-6,-2,0,18,-0.458950117,0.025503366,-0.0166615,-0.042080763,0.186940717,0.003411481
-6,0,0,18,-0.453931067,0.025456635,-0.020335948,-0.042567108,0.18232831,0.004955393
-6,2,0,18,-0.447384587,0.025443764,-0.023996815,-0.042986672,0.176691756,0.006485003
-6,4,0,18,-0.439428128,0.025466729,-0.027608806,-0.04332252,0.170180315,0.007985418
-6,6,0,18,-0.43013141,0.025528283,-0.031184916,-0.043586054,0.1628716,0.009454113
-4,-6,0,18,-0.321183329,0.020207287,-0.007873562,-0.039031145,0.155462214,2.43E-05
-4,-4,0,18,-0.31810862,0.020108286,-0.011535126,-0.040341429,0.152361665,0.001309992
-4,-2,0,18,-0.313860491,0.020059125,-0.015225222,-0.041594721,0.148346701,0.002603445
-4,0,0,18,-0.308606843,0.020064875,-0.018864495,-0.042757023,0.143650006,0.003882306
-4,2,0,18,-0.302196077,0.020123329,-0.022485148,-0.04384644,0.138027432,0.005148663
-4,4,0,18,-0.294753118,0.020235323,-0.0260547,-0.04484873,0.131643616,0.006390587
-4,6,0,18,-0.286343786,0.020402059,-0.029595307,-0.045774773,0.124580537,0.007608936
-2,-6,0,18,-0.176675214,0.016786579,-0.006583374,-0.037148065,0.115819631,-0.000306365
-2,-4,0,18,-0.172617665,0.016720312,-0.010169551,-0.039121485,0.112402992,0.00072485
-2,-2,0,18,-0.167765749,0.016716245,-0.013779044,-0.041041721,0.10818993,0.001763259
-2,0,0,18,-0.162274437,0.016777568,-0.017348047,-0.04287729,0.103402044,0.002791915
-2,2,0,18,-0.156019485,0.016904765,-0.020890057,-0.04463849,0.097813868,0.00380949
-2,4,0,18,-0.149093888,0.01709521,-0.024381658,-0.046306978,0.091568944,0.004808067
-2,6,0,18,-0.141586234,0.017351197,-0.027851103,-0.04789546,0.084767896,0.005790425
0,-6,0,18,-0.031381616,0.015463946,-0.005362585,-0.035199054,0.074716037,-0.000695015
0,-4,0,18,-0.026346154,0.015446877,-0.00883685,-0.03783461,0.070981783,9.63E-05
0,-2,0,18,-0.020895975,0.015498102,-0.012328769,-0.04042102,0.06657336,0.000894665
0,0,0,18,-0.015139649,0.015619406,-0.015835969,-0.042951154,0.06164262,0.001696607
0,2,0,18,-0.009086848,0.015811393,-0.019217157,-0.045361272,0.056158552,0.002472025
0,4,0,18,-0.002693804,0.01607067,-0.022593893,-0.047695713,0.050065465,0.003242248
0,6,0,18,0.003898177,0.016399011,-0.025955836,-0.049946238,0.043542713,0.004003475
2,-6,0,18,0.114453242,0.016251885,-0.004218833,-0.033186858,0.032270148,-0.001138487
2,-4,0,18,0.120463488,0.016300641,-0.007544156,-0.036482667,0.02821677,-0.000572124
2,-2,0,18,0.126506901,0.016417127,-0.010880785,-0.039733504,0.023615986,1.32E-06
2,0,0,18,0.132475721,0.016601728,-0.014237854,-0.042934639,0.018622899,0.000581682
2,2,0,18,0.138369743,0.016854271,-0.017470852,-0.046014241,0.0131721,0.001140621
2,4,0,18,0.144219789,0.017171968,-0.02069467,-0.049012327,0.0072433,0.001697839
2,6,0,18,0.149883737,0.017555567,-0.023911941,-0.051923458,0.001014499,0.002252964
4,-6,0,18,0.260580017,0.019151406,-0.003158253,-0.031113153,-0.011389306,-0.00163373
4,-4,0,18,0.267559241,0.019282159,-0.006297208,-0.035066749,-0.015761067,-0.001277134
4,-2,0,18,0.274139828,0.019470682,-0.009493751,-0.039002017,-0.020466784,-0.000903632
4,0,0,18,0.280370781,0.019723767,-0.012610388,-0.042847678,-0.025608518,-0.000538186
4,2,0,18,0.286091789,0.020033244,-0.015655617,-0.046595513,-0.031009352,-0.000180459
4,4,0,18,0.291332215,0.020400563,-0.018741551,-0.050278441,-0.036671044,0.000189398
4,6,0,18,0.296113545,0.02082031,-0.021724183,-0.053824765,-0.04268128,0.000543997
6,-6,0,18,0.40675603,0.024151925,-0.002186166,-0.028980449,-0.056134748,-0.002177657
6,-4,0,18,0.4147234,0.024379984,-0.005121452,-0.033597759,-0.060862776,-0.002011789
6,-2,0,18,0.421858596,0.02465181,-0.008071128,-0.038183972,-0.065709594,-0.001834818
6,0,0,18,0.428295984,0.024973987,-0.010956678,-0.042691857,-0.07091401,-0.001659461
6,2,0,18,0.433836675,0.025336014,-0.013777235,-0.047104498,-0.076259016,-0.001486635
6,4,0,18,0.438508196,0.025739968,-0.016639985,-0.051448888,-0.081721991,-0.001297595
6,6,0,18,0.442350272,0.026180607,-0.019398819,-0.055648167,-0.087421097,-0.001118201
8,-6,0,18,0.552735534,0.031231113,-0.001307059,-0.026791028,-0.101828844,-0.002767122
8,-4,0,18,0.561653739,0.031572234,-0.003975882,-0.032055929,-0.106864253,-0.002780633
8,-2,0,18,0.569363953,0.03193514,-0.006667116,-0.037300971,-0.111894374,-0.002779291
8,0,0,18,0.575998644,0.032328496,-0.009284052,-0.042467233,-0.117154058,-0.00277752
8,2,0,18,0.581377156,0.032739941,-0.011867152,-0.047552013,-0.122476892,-0.002769521
8,4,0,18,0.585446431,0.033167979,-0.014444824,-0.052543261,-0.127688186,-0.002748647
8,6,0,18,0.588341307,0.033612034,-0.016943724,-0.05739227,-0.133063089,-0.002728218
10,-6,0,18,0.6982631,0.040354642,-0.000524563,-0.024547475,-0.148316191,-0.003399126
10,-4,0,18,0.708122157,0.04082324,-0.002890827,-0.030454907,-0.153655798,-0.003575464
10,-2,0,18,0.716398597,0.041285218,-0.005286997,-0.03635398,-0.158865066,-0.003733183
10,0,0,18,0.723222179,0.041751607,-0.007598487,-0.042173796,-0.164173363,-0.003888063
10,2,0,18,0.728400298,0.042206134,-0.009877611,-0.047912808,-0.169415072,-0.004032694
10,4,0,18,0.731893081,0.042648617,-0.012163864,-0.053560002,-0.174416244,-0.004158661
10,6,0,18,0.73383559,0.043078604,-0.014367568,-0.059054873,-0.179455996,-0.00428064
12,-6,0,18,0.843095401,0.051477388,0.000158642,-0.022253545,-0.195447558,-0.00407075
12,-4,0,18,0.853885291,0.052086953,-0.001870035,-0.028797166,-0.201089246,-0.00439289
12,-2,0,18,0.862715673,0.05265537,-0.003935624,-0.035345289,-0.206468941,-0.004692807
12,0,0,18,0.869719781,0.053195974,-0.005906237,-0.041812647,-0.211821116,-0.004986851
12,2,0,18,0.874690133,0.053688497,-0.007846034,-0.048200715,-0.216973178,-0.005266786
12,4,0,18,0.877600461,0.054134181,-0.009805695,-0.054498726,-0.221754686,-0.005522639
12,6,0,18,0.878586088,0.054532892,-0.011679722,-0.06063443,-0.226448308,-0.005770059
14,-6,0,18,0.986979506,0.064540754,0.000741909,-0.019909542,-0.243060662,-0.004778929
14,-4,0,18,0.998612471,0.06529627,-0.000987552,-0.027118321,-0.248874325,-0.005221177
14,-2,0,18,1.008069129,0.065987433,-0.002617398,-0.034275951,-0.254551069,-0.00565426
14,0,0,18,1.015245556,0.066603234,-0.004213271,-0.041385224,-0.259938993,-0.006069887
14,2,0,18,1.020000687,0.067128488,-0.005780102,-0.04841623,-0.264992487,-0.006467335
14,4,0,18,1.022321885,0.067565748,-0.007379381,-0.055358946,-0.269545177,-0.00683558
14,6,0,18,1.022347168,0.067916148,-0.008891225,-0.062130057,-0.273882337,-0.007191096
16,-6,0,18,1.12968461,0.079479151,0.001224282,-0.017521748,-0.291002839,-0.005520909
16,-4,0,18,1.142214383,0.080398985,-0.000106219,-0.025355707,-0.297096974,-0.006074177
16,-2,0,18,1.152209872,0.081211118,-0.001336112,-0.033147164,-0.302942548,-0.006613807
16,0,0,18,1.159468575,0.08189394,-0.00252641,-0.040894259,-0.308343993,-0.007133595
16,2,0,18,1.164081613,0.082455114,-0.00368759,-0.048559082,-0.31330631,-0.007629442
16,4,0,18,1.165813841,0.082872506,-0.004895047,-0.056139825,-0.317626606,-0.008092412
16,6,0,18,1.164872687,0.083158005,-0.006013919,-0.063540438,-0.321595478,-0.008538342
18,-6,0,18,1.270962102,0.096212837,0.001606474,-0.015092201,-0.339100202,-0.0062939
18,-4,0,18,1.284373233,0.097307381,0.000704254,-0.023543575,-0.345468456,-0.00693996
18,-2,0,18,1.294896153,0.098243888,-9.59E-05,-0.031958837,-0.351483581,-0.007567025
18,0,0,18,1.302296328,0.099000566,-0.000850494,-0.040334922,-0.356899465,-0.00817178
18,2,0,18,1.306690396,0.099585414,-0.001577665,-0.048628376,-0.36175104,-0.008748022
18,4,0,18,1.30782768,0.099974551,-0.002362683,-0.056841387,-0.365822655,-0.009288018
18,6,0,18,1.305925319,0.100178991,-0.003061174,-0.064864894,-0.36942092,-0.009806083
20,-6,0,18,1.410572147,0.114648576,0.001889957,-0.012621451,-0.387190227,-0.007094115
20,-4,0,18,1.424848951,0.115928681,0.001442693,-0.021681927,-0.393824634,-0.00781428
20,-2,0,18,1.435886685,0.116998907,0.001099221,-0.030716994,-0.399989092,-0.008511164
20,0,0,18,1.443417333,0.117828416,0.00080731,-0.039713543,-0.405412271,-0.009181736
20,2,0,18,1.447488975,0.118425699,0.000465579,-0.048671548,-0.40998515,-0.009814075
20,4,0,18,1.448123862,0.118780139,0.0002094,-0.057462329,-0.413957968,-0.010417762
20,6,0,18,1.445264416,0.118888264,-4.73E-05,-0.066103363,-0.41718516,-0.010989119
-10,-6,0,20,-0.748021527,0.044172597,-0.014251708,-0.0481603,0.265352222,0.001262157
-10,-4,0,20,-0.747303469,0.04406668,-0.017981604,-0.047526801,0.262620538,0.003432297
-10,-2,0,20,-0.744349953,0.043935287,-0.021683851,-0.046791701,0.258731004,0.005595512
-10,0,0,20,-0.739285063,0.043785426,-0.025274261,-0.045928713,0.253817509,0.007720878
-10,2,0,20,-0.731959074,0.043607577,-0.028914388,-0.045014435,0.247722509,0.009839146
-10,4,0,20,-0.722489638,0.043409639,-0.032476256,-0.04400992,0.240522621,0.011908611
-10,6,0,20,-0.710933555,0.043192252,-0.035972558,-0.04292822,0.232288348,0.013923105
-8,-6,0,20,-0.607503289,0.034674746,-0.012682447,-0.04651615,0.230854157,0.001023465
-8,-4,0,20,-0.605801992,0.03455616,-0.016433493,-0.046542891,0.227815215,0.002895172
-8,-2,0,20,-0.602234979,0.034444702,-0.020158224,-0.046473832,0.223720741,0.004760033
-8,0,0,20,-0.596906568,0.034343682,-0.023778458,-0.046280921,0.218696431,0.006591811
-8,2,0,20,-0.589702819,0.034247449,-0.027449505,-0.046036899,0.212603147,0.008419468
-8,4,0,20,-0.580713851,0.034160708,-0.031037426,-0.04569625,0.205500865,0.010203128
-8,6,0,20,-0.570023407,0.034086149,-0.034583743,-0.045280951,0.19749959,0.011945395
-6,-6,0,20,-0.465449045,0.027153936,-0.011207225,-0.044818443,0.194511252,0.000729067
-6,-4,0,20,-0.46281886,0.027045366,-0.014889694,-0.045483548,0.191250202,0.002302156
-6,-2,0,20,-0.458631335,0.026963749,-0.018604938,-0.046081554,0.18694961,0.003883088
-6,0,0,20,-0.453077884,0.026916512,-0.022253521,-0.046572644,0.181867613,0.005442466
-6,2,0,20,-0.445979185,0.026899419,-0.025888998,-0.046987591,0.175741302,0.006986115
-6,4,0,20,-0.437483527,0.026915282,-0.029470302,-0.047312124,0.168749682,0.008498268
-6,6,0,20,-0.427658404,0.02696695,-0.033015491,-0.047557836,0.160972466,0.009977319
-4,-6,0,20,-0.322203881,0.021668399,-0.009717494,-0.043021767,0.156595596,0.000353216
-4,-4,0,20,-0.318584383,0.021580597,-0.013359195,-0.044349356,0.153016186,0.001657109
-4,-2,0,20,-0.313782741,0.021539182,-0.017029481,-0.045613956,0.148511793,0.002968198
-4,0,0,20,-0.307983655,0.021549593,-0.020644448,-0.046779258,0.143337754,0.004263002
-4,2,0,20,-0.301022511,0.021609363,-0.024237424,-0.047864386,0.137226503,0.005543739
-4,4,0,20,-0.293034237,0.021719465,-0.027775963,-0.048854528,0.130358246,0.006798327
-4,6,0,20,-0.28409085,0.021881355,-0.031285569,-0.049762024,0.122822569,0.008028331
-2,-6,0,20,-0.177944157,0.018247493,-0.008284309,-0.041152116,0.117115487,-8.52E-05
-2,-4,0,20,-0.173339799,0.018197804,-0.011850278,-0.043142245,0.113218593,0.000963682
-2,-2,0,20,-0.167932416,0.018206891,-0.015439618,-0.045073087,0.108514414,0.002019528
-2,0,0,20,-0.161894271,0.01827839,-0.018983886,-0.046911364,0.103249657,0.003064252
-2,2,0,20,-0.155082697,0.018412119,-0.022498327,-0.048667088,0.097167066,0.004096835
-2,4,0,20,-0.147606029,0.018605885,-0.025958792,-0.050322619,0.090433892,0.005108991
-2,6,0,20,-0.139558538,0.018862094,-0.029397214,-0.051891703,0.083156382,0.006104247
0,-6,0,20,-0.032898086,0.016915647,-0.006915981,-0.039209924,0.076174771,-0.000582751
0,-4,0,20,-0.02731489,0.01692047,-0.010369848,-0.041861498,0.071959632,0.000225681
0,-2,0,20,-0.021307731,0.016990255,-0.013841449,-0.044457796,0.067058951,0.001041188
0,0,0,20,-0.014997638,0.017127046,-0.01732849,-0.046992112,0.061642987,0.001860198
0,2,0,20,-0.008388829,0.017330995,-0.020677654,-0.049393818,0.055668726,0.002650281
0,4,0,20,-0.001440354,0.017598912,-0.024023381,-0.051714559,0.049084633,0.003434958
0,6,0,20,0.005695584,0.017932667,-0.027354609,-0.053944988,0.042082676,0.004210316
2,-6,0,20,0.112691111,0.01768537,-0.005620239,-0.037197233,0.033891567,-0.001135901
2,-4,0,20,0.119248891,0.017761244,-0.008925214,-0.040508532,0.029357928,-0.000553103
2,-2,0,20,0.125850538,0.017901638,-0.012241668,-0.043768647,0.024264349,3.72E-05
2,0,0,20,0.132379715,0.018106823,-0.015579606,-0.046971859,0.018778193,0.000634982
2,2,0,20,0.138827434,0.018376941,-0.018780323,-0.050044267,0.012842788,0.001208869
2,4,0,20,0.14523609,0.018708576,-0.021973389,-0.053028004,0.006421053,0.001781371
2,6,0,20,0.151447757,0.019102762,-0.025160349,-0.055918387,-0.000289176,0.002351806
4,-6,0,20,0.258573954,0.020557857,-0.004405294,-0.035118002,-0.009606009,-0.001741
4,-4,0,20,0.266101634,0.020720863,-0.007524055,-0.039086169,-0.014458347,-0.00136867
4,-2,0,20,0.273237724,0.020938339,-0.010704628,-0.043031597,-0.019650797,-0.000977948
4,0,0,20,0.280031559,0.021217595,-0.013797829,-0.046877726,-0.025288813,-0.000596025
4,2,0,20,0.286311195,0.021549864,-0.016811648,-0.050616381,-0.031178553,-0.000222748
4,4,0,20,0.292109295,0.021936589,-0.019871001,-0.0542856,-0.037328653,0.000163881
4,6,0,20,0.297445539,0.022372032,-0.022820463,-0.057808883,-0.04382797,0.000534277
6,-6,0,20,0.404509529,0.025522604,-0.003275305,-0.032972407,-0.054190936,-0.00239476
6,-4,0,20,0.413029222,0.025787827,-0.006194566,-0.037605309,-0.059405391,-0.002213266
6,-2,0,20,0.420715917,0.026093768,-0.009124894,-0.042199169,-0.064731285,-0.002020187
6,0,0,20,0.427716815,0.026447339,-0.011987429,-0.046706817,-0.070431444,-0.001828394
6,2,0,20,0.433817762,0.026837389,-0.014777488,-0.051109596,-0.076265889,-0.001639576
6,4,0,20,0.439048449,0.027265992,-0.017614369,-0.055439548,-0.082217368,-0.00143304
6,6,0,20,0.443447888,0.027727573,-0.020340926,-0.059615115,-0.08840647,-0.001236691
8,-6,0,20,0.550252514,0.03255752,-0.002236082,-0.030763719,-0.099726147,-0.003093522
8,-4,0,20,0.559721785,0.032940646,-0.004889309,-0.036043385,-0.105246123,-0.003092279
8,-2,0,20,0.567983265,0.033342626,-0.00756189,-0.041295336,-0.110754017,-0.003075286
8,0,0,20,0.575181402,0.033772444,-0.010156513,-0.046460558,-0.116508361,-0.003057154
8,2,0,20,0.581125076,0.034217289,-0.012714212,-0.051536669,-0.122327208,-0.003032187
8,4,0,20,0.585750112,0.03467491,-0.015262786,-0.056510925,-0.128019607,-0.002993749
8,6,0,20,0.589197599,0.035145227,-0.017730716,-0.061335436,-0.133878625,-0.002955238
10,-6,0,20,0.695546768,0.041628642,-0.00129194,-0.028494575,-0.146055031,-0.003833866
10,-4,0,20,0.705955039,0.042143914,-0.003643246,-0.034415889,-0.151876724,-0.003996362
10,-2,0,20,0.714781805,0.042649732,-0.006021652,-0.040321095,-0.157561855,-0.004138935
10,0,0,20,0.722168073,0.043157349,-0.008311417,-0.04613889,-0.163363951,-0.004277604
10,2,0,20,0.727911203,0.043650327,-0.010566203,-0.05186851,-0.169100371,-0.00440499
10,4,0,20,0.73196022,0.044127441,-0.012824625,-0.057498126,-0.174581815,-0.004512709
10,6,0,20,0.734455552,0.044588753,-0.014998599,-0.062967975,-0.180104069,-0.004615597
12,-6,0,20,0.840150006,0.052690473,-0.000445157,-0.026167681,-0.193031825,-0.004612476
12,-4,0,20,0.851487545,0.053351414,-0.002459834,-0.032724696,-0.199153375,-0.004921757
12,-2,0,20,0.860866132,0.053968252,-0.004508692,-0.039278127,-0.205005825,-0.005207072
12,0,0,20,0.868430631,0.054555022,-0.006459175,-0.045743406,-0.210846583,-0.005485156
12,2,0,20,0.873965026,0.055090883,-0.008375894,-0.052121417,-0.216491203,-0.005747638
12,4,0,20,0.877431765,0.05557607,-0.010309026,-0.05840088,-0.221753035,-0.005984504
12,6,0,20,0.878977382,0.056011063,-0.012154823,-0.064511124,-0.226935104,-0.006211764
14,-6,0,20,0.983811238,0.065685803,0.000301622,-0.023785484,-0.240493485,-0.005425881
14,-4,0,20,0.995983217,0.066496138,-0.001418429,-0.031008006,-0.246775281,-0.00585575
14,-2,0,20,1.005988843,0.067240441,-0.003028899,-0.038168426,-0.252927683,-0.006275332
14,0,0,20,1.013721776,0.06790665,-0.004605755,-0.045274792,-0.258799196,-0.006675205
14,2,0,20,1.019040104,0.068479934,-0.006150869,-0.052294357,-0.264345328,-0.007054805
14,4,0,20,1.021918446,0.068962118,-0.007725627,-0.059218784,-0.269375235,-0.007403718
14,6,0,20,1.022503019,0.069353689,-0.009211008,-0.065963922,-0.274198886,-0.007738097
16,-6,0,20,1.126297727,0.080548882,0.000947741,-0.021352761,-0.28828614,-0.006270866
16,-4,0,20,1.1393628,0.081527448,-0.000374393,-0.029199509,-0.294844064,-0.006812846
16,-2,0,20,1.14990385,0.082396829,-0.001586372,-0.03699292,-0.301161121,-0.007339566
16,0,0,20,1.157716092,0.083135046,-0.00275958,-0.044737482,-0.307041858,-0.007844074
16,2,0,20,1.162891658,0.083748701,-0.00390041,-0.052389378,-0.312494211,-0.008321865
16,4,0,20,1.165177327,0.084215017,-0.005084959,-0.059950851,-0.317288458,-0.008764849
16,6,0,20,1.164794055,0.084546495,-0.006179399,-0.067325078,-0.321740744,-0.009188725
18,-6,0,20,1.26736342,0.097200849,0.001492949,-0.018872261,-0.336237901,-0.007144261
18,-4,0,20,1.281303616,0.098355259,0.000598171,-0.027333035,-0.343070429,-0.007779527
18,-2,0,20,1.292369154,0.099355304,-0.000185795,-0.035751589,-0.349546139,-0.008394953
18,0,0,20,1.300321425,0.100171287,-0.000924588,-0.04412313,-0.355440486,-0.00898453
18,2,0,20,1.305273247,0.100813079,-0.001633455,-0.052404229,-0.360774373,-0.009542841
18,4,0,20,1.306964188,0.101255786,-0.002401337,-0.060599431,-0.365321415,-0.010062087
18,6,0,20,1.305613143,0.10151016,-0.003074294,-0.068594592,-0.369393275,-0.010557534
20,-6,0,20,1.4067668,0.115548308,0.001938358,-0.016344313,-0.384185768,-0.008041822
20,-4,0,20,1.421569123,0.116894259,0.001497189,-0.025415488,-0.391272415,-0.008753005
20,-2,0,20,1.433142684,0.118028948,0.001168121,-0.034450912,-0.397897652,-0.009438317
20,0,0,20,1.441220978,0.118921586,0.000890189,-0.043442108,-0.403793637,-0.010094067
20,2,0,20,1.445837303,0.119578387,0.000560148,-0.052387263,-0.408828944,-0.010707727
20,4,0,20,1.447031041,0.119991873,0.000323605,-0.061159522,-0.413287343,-0.011290998
20,6,0,20,1.444720962,0.120154374,9.01E-05,-0.069771976,-0.416984701,-0.011838923
-10,-6,2,0,-0.757878602,0.037007066,0.011094216,-0.003159557,0.271365183,-0.006127467
-10,-4,2,0,-0.763459162,0.037032138,0.007407594,-0.00212099,0.27425106,-0.004103049
-10,-2,2,0,-0.766820731,0.037047349,0.003700824,-0.00106833,0.27598952,-0.002055391
-10,0,2,0,-0.767974866,0.037054334,1.49E-06,3.43E-07,0.276595906,-2.98E-07
-10,2,2,0,-0.766821904,0.037047596,-0.003697593,0.001069211,0.275990308,0.002054689
-10,4,2,0,-0.763461229,0.037032486,-0.007404061,0.002122128,0.274252228,0.004102232
-10,6,2,0,-0.757880822,0.037007315,-0.011090798,0.003160749,0.271366321,0.006126703
-8,-6,2,0,-0.61597821,0.027183553,0.011199737,-0.00116075,0.236070085,-0.005245866
-8,-4,2,0,-0.620647869,0.027128971,0.00748819,-0.000779386,0.23871544,-0.003514688
-8,-2,2,0,-0.623453124,0.027095742,0.003743693,-0.00039469,0.240298083,-0.001760944
-8,0,2,0,-0.624413432,0.027085762,1.36E-06,5.65E-07,0.240846355,-2.84E-07
-8,2,2,0,-0.62345531,0.027095751,-0.00374107,0.000395802,0.24029964,0.001760403
-8,4,2,0,-0.620649286,0.027129224,-0.007485587,0.000780412,0.238716487,0.003514127
-8,6,2,0,-0.615979558,0.02718328,-0.011197204,0.001161598,0.236070792,0.005245262
-6,-6,2,0,-0.472578088,0.019393381,0.011219649,0.000848371,0.199012179,-0.004410999
-6,-4,2,0,-0.476315529,0.019274676,0.007500005,0.000564297,0.20138504,-0.002954857
-6,-2,2,0,-0.4785602,0.019203004,0.003752134,0.000280039,0.202806827,-0.001480811
-6,0,2,0,-0.479323433,0.019179407,1.00E-06,5.47E-07,0.203293293,-2.06E-07
-6,2,2,0,-0.478559548,0.019202824,-0.003750156,-0.000279073,0.202806558,0.001480389
-6,4,2,0,-0.476314133,0.019274661,-0.007498497,-0.000564008,0.201384359,0.002954559
-6,6,2,0,-0.472577809,0.019393311,-0.011218183,-0.000848127,0.199011929,0.004410678
-4,-6,2,0,-0.327898344,0.013683859,0.011133107,0.00286022,0.160261038,-0.003619659
-4,-4,2,0,-0.330692943,0.013517545,0.007440508,0.001910175,0.162349914,-0.002424297
-4,-2,2,0,-0.332374281,0.013417238,0.003724408,0.000955294,0.163606094,-0.001215224
-4,0,2,0,-0.332934872,0.01338372,6.11E-07,2.67E-07,0.164020314,-1.34E-07
-4,2,2,0,-0.332374208,0.013417145,-0.003723406,-0.000954902,0.163605925,0.001215003
-4,4,2,0,-0.330692648,0.013517484,-0.007439597,-0.001909825,0.16234958,0.002424112
-4,6,2,0,-0.32789844,0.01368379,-0.011132253,-0.002859892,0.160260923,0.003619497
-2,-6,2,0,-0.182179784,0.010091412,0.010936083,0.004871911,0.11991888,-0.002872756
-2,-4,2,0,-0.184025183,0.009894257,0.007306935,0.003255897,0.121714308,-0.001923573
-2,-2,2,0,-0.185137472,0.009775517,0.003659738,0.001630964,0.122798098,-0.000964605
-2,0,2,0,-0.185507728,0.009735789,1.39E-07,7.91E-08,0.123160651,-2.67E-08
-2,2,2,0,-0.185137569,0.009775479,-0.003659458,-0.001630874,0.122797966,0.000964554
-2,4,2,0,-0.18402522,0.009894213,-0.007306637,-0.003255822,0.121714162,0.001923517
-2,6,2,0,-0.182180591,0.010091386,-0.010935727,-0.004871799,0.119919218,0.002872679
0,-6,2,0,-0.035666593,0.008641127,0.010625636,0.00688149,0.078096179,-0.002171183
0,-4,2,0,-0.036556464,0.008430241,0.00709742,0.00460026,0.079588438,-0.001453349
0,-2,2,0,-0.037097935,0.008303442,0.003557497,0.002306192,0.080496661,-0.000729375
0,0,2,0,-0.037277932,0.008260911,1.44E-07,6.00E-08,0.080808043,-2.90E-08
0,2,2,0,-0.037098103,0.008303443,-0.003557189,-0.002305997,0.080496925,0.000729316
0,4,2,0,-0.036557351,0.008430268,-0.007097159,-0.004600026,0.079589614,0.001453306
0,6,2,0,-0.035667558,0.008641146,-0.010625396,-0.006881231,0.078097217,0.002171151
2,-6,2,0,0.111392945,0.009346499,0.010199769,0.008886556,0.034915926,-0.001515954
2,-4,2,0,0.111462944,0.009139007,0.006810398,0.005941414,0.036096615,-0.00101425
2,-2,2,0,0.111495266,0.009014373,0.003416115,0.002979623,0.03682276,-0.000509661
2,0,2,0,0.111506437,0.008972524,-5.63E-08,-6.36E-08,0.037080113,8.23E-09
2,2,2,0,0.111495326,0.009014376,-0.003416234,-0.002979745,0.036822648,0.000509679
2,4,2,0,0.111462928,0.009139013,-0.006810421,-0.005941464,0.036096711,0.001014252
2,6,2,0,0.111393078,0.009346499,-0.010199792,-0.008886598,0.034915687,0.001515955
4,-6,2,0,0.25875404,0.012208911,0.009657719,0.01088515,-0.009499228,-0.000908065
4,-4,2,0,0.259786622,0.012021927,0.006445356,0.007277965,-0.008637861,-0.000606976
4,-2,2,0,0.260394467,0.011909749,0.003235554,0.00365076,-0.008098161,-0.000305868
4,0,2,0,0.260597014,0.011872026,-2.56E-07,-3.50E-07,-0.007895589,2.54E-08
4,2,2,0,0.260394205,0.011909721,-0.003236075,-0.003651448,-0.008097982,0.000305916
4,4,2,0,0.259786174,0.012021926,-0.006445842,-0.007278616,-0.008637495,0.000607022
4,6,2,0,0.258754215,0.012208935,-0.009658012,-0.010885304,-0.009499564,0.000908119
6,-6,2,0,0.406166903,0.017218072,0.008999638,0.012874499,-0.055014659,-0.000348647
6,-4,2,0,0.408135295,0.017068994,0.006026474,0.008619584,-0.054435211,-0.000236419
6,-2,2,0,0.409325948,0.016977722,0.00299646,0.004310472,-0.054095813,-0.000115194
6,0,2,0,0.409740139,0.016948666,-2.90E-07,-5.55E-07,-0.053981617,-1.52E-09
6,2,2,0,0.409325649,0.016977656,-0.00299703,-0.00431157,-0.054095671,0.000115191
6,4,2,0,0.40813498,0.017068857,-0.00602705,-0.008620715,-0.05443521,0.000236409
6,6,2,0,0.406166439,0.017217934,-0.009000159,-0.012875572,-0.05501452,0.000348631
8,-6,2,0,0.553377992,0.024351222,0.00822705,0.014853035,-0.101485911,0.000161215
8,-4,2,0,0.556302631,0.024256085,0.005511851,0.009945371,-0.101227262,0.000104441
8,-2,2,0,0.558070562,0.024197145,0.002733678,0.004972696,-0.101082881,5.61E-05
8,0,2,0,0.558681382,0.024179561,-4.01E-07,-1.01E-06,-0.10103373,-7.18E-08
8,2,2,0,0.558070833,0.024197044,-0.002734403,-0.004974576,-0.101083362,-5.63E-05
8,4,2,0,0.556302712,0.024255968,-0.005512512,-0.009947202,-0.101227649,-0.000104581
8,6,2,0,0.553377873,0.024351029,-0.008227642,-0.014854808,-0.101486226,-0.000161354
10,-6,2,0,0.700138006,0.033573908,0.00734229,0.016818276,-0.148766049,0.000620345
10,-4,2,0,0.704016839,0.033548966,0.004921757,0.01126207,-0.148832301,0.000411334
10,-2,2,0,0.70636097,0.03353208,0.002433142,0.005630317,-0.148886181,0.000210255
10,0,2,0,0.707167734,0.033529314,-5.53E-07,-1.66E-06,-0.148902922,-1.80E-07
10,2,2,0,0.706361493,0.033531866,-0.002434133,-0.005633367,-0.148887148,-0.000210578
10,4,2,0,0.704017231,0.033548718,-0.004922661,-0.01126503,-0.148833308,-0.000411668
10,6,2,0,0.700138214,0.03357365,-0.007343103,-0.016821144,-0.148766996,-0.00062069
12,-6,2,0,0.84619692,0.044839783,0.006348883,0.018767985,-0.196700604,0.001027509
12,-4,2,0,0.851026267,0.044900837,0.004258611,0.012568314,-0.197095048,0.00068344
12,-2,2,0,0.853944946,0.04493556,0.002096212,0.006282643,-0.197349659,0.000346747
12,0,2,0,0.854947647,0.044950598,-6.64E-07,-2.15E-06,-0.197434547,-2.78E-07
12,2,2,0,0.853945677,0.044935251,-0.002097607,-0.006287289,-0.197351254,-0.000347389
12,4,2,0,0.851026864,0.044900418,-0.004259953,-0.012572907,-0.197096837,-0.000684094
12,6,2,0,0.846196919,0.044839315,-0.006350018,-0.018772331,-0.196702087,-0.001028168
14,-6,2,0,0.99130656,0.058090834,0.005251571,0.020700151,-0.245129962,0.001381461
14,-4,2,0,0.997082122,0.058252539,0.003525631,0.013863175,-0.24585667,0.000920062
14,-2,2,0,1.000571262,0.058348643,0.001723356,0.006928894,-0.246311932,0.00046535
14,0,2,0,1.001769791,0.058384808,-9.16E-07,-3.07E-06,-0.246466581,-4.93E-07
14,2,2,0,1.000572211,0.058348228,-0.001725285,-0.006935618,-0.246314399,-0.000466489
14,4,2,0,0.997081878,0.058252551,-0.003527456,-0.013869326,-0.245857361,-0.000921041
14,6,2,0,0.991305881,0.058090165,-0.005253152,-0.020706374,-0.245131884,-0.00138259
16,-6,2,0,1.135215484,0.073257337,0.004056005,0.022613462,-0.293885618,0.001681043
16,-4,2,0,1.141890243,0.073530556,0.002687429,0.015125766,-0.294875766,0.001123991
16,-2,2,0,1.14599187,0.073700469,0.001318261,0.007568789,-0.295607148,0.000565503
16,0,2,0,1.147302339,0.073752592,-1.20E-06,-4.22E-06,-0.295813083,-8.13E-07
16,2,2,0,1.145991062,0.073700357,-0.001320604,-0.007577202,-0.295607208,-0.000567131
16,4,2,0,1.141889991,0.07352983,-0.002689781,-0.015134706,-0.294878869,-0.001125833
16,6,2,0,1.135213761,0.073256391,-0.00405812,-0.022622011,-0.293888051,-0.001682865
18,-6,2,0,1.277689436,0.090259764,0.00276916,0.024504069,-0.342805747,0.001924578
18,-4,2,0,1.2852906,0.090661765,0.001823215,0.016390184,-0.344120257,0.001286344
18,-2,2,0,1.289961043,0.090910936,0.00088391,0.00820115,-0.345064419,0.000646262
18,0,2,0,1.29145146,0.090987693,-1.52E-06,-5.62E-06,-0.34533385,-1.27E-06
18,2,2,0,1.289958786,0.090910715,-0.000886856,-0.008212354,-0.345064014,-0.000648807
18,4,2,0,1.285289882,0.090660878,-0.00182626,-0.016402059,-0.344124249,-0.001289163
18,6,2,0,1.277686091,0.090258548,-0.002771936,-0.024515471,-0.342808521,-0.001927355
20,-6,2,0,1.418482819,0.109007283,0.001398997,0.026371127,-0.391711842,0.002110843
20,-4,2,0,1.427001805,0.109550964,0.000903098,0.017638824,-0.393351169,0.001410208
20,-2,2,0,1.432158036,0.109881254,0.000466492,0.008846426,-0.394367327,0.000703193
20,0,2,0,1.433904801,0.109991225,-1.93E-06,-7.46E-06,-0.394840649,-1.93E-06
20,2,2,0,1.432229777,0.109884451,-0.000424095,-0.008839942,-0.394508066,-0.00071139
20,4,2,0,1.42699579,0.109546951,-0.000907735,-0.017653196,-0.393358609,-0.001413774
20,6,2,0,1.418474297,0.109002922,-0.001403539,-0.026384865,-0.391718257,-0.002114311
-10,-6,4,0,-0.77822165,0.038787693,0.010890407,-0.003670118,0.289228593,-0.006181671
-10,-4,4,0,-0.783904636,0.038826456,0.007273008,-0.002461984,0.292208857,-0.004139825
-10,-2,4,0,-0.78732809,0.038849923,0.003636046,-0.001238132,0.294004291,-0.002074504
-10,0,4,0,-0.788498057,0.038859417,1.70E-06,4.46E-07,0.294622815,-3.53E-07
-10,2,4,0,-0.787330156,0.038849874,-0.003632591,0.001239147,0.294005624,0.002073778
-10,4,4,0,-0.783907002,0.038826871,-0.007269205,0.00246327,0.292210273,0.004138942
-10,6,4,0,-0.778223523,0.038788008,-0.010886872,0.003671269,0.289229499,0.006180886
-8,-6,4,0,-0.636531522,0.028711743,0.011024851,-0.001673079,0.254198934,-0.005303803
-8,-4,4,0,-0.641300742,0.028668743,0.007369803,-0.001122922,0.25693375,-0.003553162
-8,-2,4,0,-0.644168102,0.028642582,0.003686959,-0.000565773,0.258574093,-0.001780838
-8,0,4,0,-0.645143632,0.028634861,1.55E-06,7.15E-07,0.259134103,-3.32E-07
-8,2,4,0,-0.644169648,0.0286425,-0.003684104,0.000567017,0.258575185,0.001780257
-8,4,4,0,-0.641301575,0.028668697,-0.007367154,0.001123869,0.256934406,0.003552591
-8,6,4,0,-0.63653185,0.028711398,-0.011022165,0.001673827,0.254198801,0.00530315
-6,-6,4,0,-0.493308734,0.020660933,0.011070013,0.000333301,0.217370765,-0.004471449
-6,-4,4,0,-0.497145252,0.020552253,0.007398742,0.000219154,0.219833619,-0.002995094
-6,-2,4,0,-0.499454669,0.02048667,0.003703907,0.000107947,0.221315438,-0.00150156
-6,0,4,0,-0.500233414,0.020464911,1.10E-06,5.80E-07,0.22181381,-2.35E-07
-6,2,4,0,-0.499453346,0.020486376,-0.003701705,-0.000106902,0.22131472,0.00150107
-6,4,4,0,-0.497144923,0.020552039,-0.007396824,-0.000218533,0.219833654,0.002994674
-6,6,4,0,-0.493308331,0.020660837,-0.01106836,-0.000332952,0.217370518,0.004471087
-4,-6,4,0,-0.348779521,0.014684755,0.011009383,0.002342827,0.178821267,-0.003682604
-4,-4,4,0,-0.351674848,0.01452653,0.007356369,0.001563248,0.181001882,-0.002466134
-4,-2,4,0,-0.353419374,0.014431225,0.003684969,0.000782503,0.182317413,-0.001236782
-4,0,4,0,-0.354005666,0.014399536,4.75E-07,1.57E-07,0.182759791,-1.19E-07
-4,2,4,0,-0.353419434,0.014431259,-0.00368376,-0.000782058,0.182317598,0.001236525
-4,4,4,0,-0.351674847,0.014526497,-0.007355342,-0.001562837,0.181001748,0.002465922
-4,6,4,0,-0.348779892,0.014684705,-0.011008401,-0.002342417,0.178821368,0.00368241
-2,-6,4,0,-0.203183948,0.010820998,0.010838958,0.004352823,0.138651604,-0.002938182
-2,-4,4,0,-0.205130135,0.010630145,0.007240608,0.002907823,0.140539382,-0.001967084
-2,-2,4,0,-0.206305583,0.010515383,0.003629132,0.001457602,0.141683038,-0.000986967
-2,0,4,0,-0.206700954,0.010476898,1.98E-07,1.28E-07,0.142073327,-3.76E-08
-2,2,4,0,-0.206305681,0.010515338,-0.003628745,-0.001457456,0.141682934,0.000986901
-2,4,4,0,-0.205130137,0.010630093,-0.007240203,-0.002907675,0.140539224,0.001967013
-2,6,4,0,-0.20318459,0.010820943,-0.010838519,-0.004352655,0.138651896,0.002938095
0,-6,4,0,-0.056764479,0.009096202,0.010555685,0.006361401,0.096970453,-0.002239066
0,-4,4,0,-0.057756081,0.008889871,0.007049313,0.004251402,0.098557025,-0.001498541
0,-2,4,0,-0.058361174,0.008765919,0.003535926,0.002132357,0.099525479,-0.000752534
0,0,4,0,-0.058566108,0.008724183,1.30E-07,5.62E-08,0.099864305,-2.71E-08
0,2,4,0,-0.058360479,0.0087659,-0.003535663,-0.002132136,0.099524947,0.000752487
0,4,4,0,-0.057756132,0.00888986,-0.007049011,-0.004251057,0.098557344,0.001498494
0,6,4,0,-0.056765702,0.009096227,-0.010555348,-0.006360982,0.096971841,0.002239025
2,-6,4,0,0.090229722,0.009525366,0.01015721,0.00836583,0.053902018,-0.001586229
2,-4,4,0,0.090198823,0.009320585,0.006780637,0.005592221,0.05517606,-0.001061047
2,-2,4,0,0.090167553,0.009197707,0.003403867,0.00280574,0.055962667,-0.000533622
2,0,4,0,0.090152577,0.00915625,-2.93E-08,-7.97E-08,0.056248888,7.33E-10
2,2,4,0,0.090167293,0.00919771,-0.0034039,-0.002805855,0.05596296,0.000533622
2,4,4,0,0.090198501,0.009320594,-0.006780751,-0.005592336,0.055176443,0.001061063
2,6,4,0,0.090229933,0.009525373,-0.010157351,-0.008365969,0.053901746,0.001586248
4,-6,4,0,0.237556177,0.012111296,0.009642942,0.010364621,0.009566047,-0.000980675
4,-4,4,0,0.238486671,0.011925218,0.006434339,0.006929138,0.010522299,-0.000655358
4,-2,4,0,0.239031007,0.011813702,0.003232594,0.003476917,0.011122635,-0.000330591
4,0,4,0,0.239207521,0.01177596,-2.47E-07,-3.28E-07,0.011353991,2.47E-08
4,2,4,0,0.239030785,0.011813687,-0.003233096,-0.003477546,0.011122822,0.00033064
4,4,4,0,0.238486449,0.011925232,-0.00643466,-0.006929384,0.010522478,0.000655407
4,6,4,0,0.237556404,0.012111321,-0.009643219,-0.010364764,0.009565678,0.000980723
6,-6,4,0,0.384964374,0.016845073,0.009012801,0.012354819,-0.035902355,-0.000423506
6,-4,4,0,0.386826519,0.016695218,0.006038536,0.008273075,-0.035220674,-0.00028711
6,-2,4,0,0.387953297,0.016603162,0.002997835,0.004134807,-0.034819577,-0.000139805
6,0,4,0,0.388346884,0.016573988,-1.85E-07,-3.79E-07,-0.034685311,7.37E-09
6,2,4,0,0.387953149,0.016603149,-0.002998176,-0.004135543,-0.034819488,0.000139815
6,4,4,0,0.386826927,0.016695175,-0.006038945,-0.008273965,-0.035221194,0.000287107
6,6,4,0,0.384964556,0.016844994,-0.009013158,-0.01235565,-0.035902775,0.000423493
8,-6,4,0,0.532200841,0.023705641,0.008268121,0.014334696,-0.082358596,8.42E-05
8,-4,4,0,0.535019422,0.023607973,0.005542535,0.009599744,-0.081997503,5.23E-05
8,-2,4,0,0.536723416,0.023547059,0.002744415,0.004797444,-0.081791476,3.07E-05
8,0,4,0,0.53731326,0.023528952,-3.23E-07,-8.67E-07,-0.081721727,-5.86E-08
8,2,4,0,0.536723139,0.023547008,-0.002745071,-0.004799173,-0.081791399,-3.09E-05
8,4,4,0,0.535019252,0.023607798,-0.005543182,-0.009601529,-0.081997836,-5.25E-05
8,6,4,0,0.53220045,0.023705418,-0.008268696,-0.014336405,-0.082358772,-8.43E-05
10,-6,4,0,0.679016287,0.032659779,0.00741117,0.016301905,-0.129656607,0.000541224
10,-4,4,0,0.682789289,0.03263054,0.004971032,0.010917777,-0.129620474,0.000357867
10,-2,4,0,0.685069479,0.032610728,0.002453251,0.005455648,-0.129612145,0.000184126
10,0,4,0,0.685856051,0.032606953,-4.41E-07,-1.38E-06,-0.129609319,-1.41E-07
10,2,4,0,0.685069927,0.03261058,-0.002454161,-0.0054586,-0.129613082,-0.000184453
10,4,4,0,0.682789493,0.03263037,-0.004971861,-0.010920637,-0.129621309,-0.000358202
10,6,4,0,0.67901619,0.032659583,-0.007411905,-0.016304657,-0.129657317,-0.000541565
12,-6,4,0,0.825160424,0.043662609,0.006445331,0.018254167,-0.177641687,0.000946412
12,-4,4,0,0.82988441,0.04371768,0.004326287,0.012225731,-0.17793392,0.000628692
12,-2,4,0,0.83273937,0.04374844,0.002125642,0.006108829,-0.178126399,0.000319915
12,0,4,0,0.833721929,0.043762315,-5.98E-07,-2.11E-06,-0.178191531,-2.89E-07
12,2,4,0,0.832740023,0.043748195,-0.002126922,-0.00611336,-0.178127931,-0.000320555
12,4,4,0,0.82988485,0.043717321,-0.004327521,-0.012230202,-0.177935541,-0.000629341
12,6,4,0,0.825160163,0.043662222,-0.006446383,-0.018258393,-0.177642936,-0.00094706
14,-6,4,0,0.970384815,0.056657498,0.005375213,0.020189471,-0.226154135,0.001298501
14,-4,4,0,0.976055508,0.056811643,0.003611413,0.013522619,-0.226779021,0.000864096
14,-2,4,0,0.979481186,0.056902716,0.001761885,0.006756082,-0.227172062,0.000437872
14,0,4,0,0.980659556,0.056937514,-8.58E-07,-3.04E-06,-0.22730673,-4.95E-07
14,2,4,0,0.97948203,0.056902359,-0.001763665,-0.006762684,-0.227174479,-0.000439002
14,4,4,0,0.97605511,0.056811641,-0.003613088,-0.013528684,-0.22677959,-0.000865082
14,6,4,0,0.970383888,0.056656911,-0.00537665,-0.020195555,-0.226155755,-0.001299613
16,-6,4,0,1.114437961,0.071576111,0.00420633,0.022106464,-0.275025678,0.001596351
16,-4,4,0,1.121003397,0.071839477,0.002786408,0.014785535,-0.275906254,0.001067413
16,-2,4,0,1.125046882,0.072004166,0.00136607,0.00739718,-0.276583657,0.000537333
16,0,4,0,1.126336502,0.07205478,-1.14E-06,-4.21E-06,-0.276769682,-8.16E-07
16,2,4,0,1.125046058,0.072004068,-0.001368241,-0.007405472,-0.276583611,-0.000538959
16,4,4,0,1.121002942,0.071838809,-0.002788614,-0.014794418,-0.275909106,-0.001069244
16,6,4,0,1.114435965,0.071575255,-0.004208297,-0.02211491,-0.275027721,-0.001598145
18,-6,4,0,1.257085073,0.088340175,0.002945601,0.024001399,-0.324093877,0.001838277
18,-4,4,0,1.264577815,0.088730726,0.001939742,0.016052907,-0.32529997,0.001228681
18,-2,4,0,1.269190065,0.08897398,0.00094044,0.008031133,-0.326190435,0.000617555
18,0,4,0,1.270659776,0.089048744,-1.42E-06,-5.56E-06,-0.326439653,-1.27E-06
18,2,4,0,1.269188539,0.088973739,-0.000943242,-0.008042265,-0.326190462,-0.000620081
18,4,4,0,1.264576808,0.088729938,-0.001942587,-0.016064723,-0.325303627,-0.001231478
18,6,4,0,1.257081933,0.088339102,-0.002948211,-0.024012749,-0.324096584,-0.001841027
20,-6,4,0,1.398080379,0.10686021,0.001600845,0.025873381,-0.373180149,0.002023059
20,-4,4,0,1.40649211,0.107390942,0.001036698,0.017304919,-0.374712493,0.001351565
20,-2,4,0,1.41159204,0.107712552,0.000537476,0.00868652,-0.375699824,0.000675317
20,0,4,0,1.41331689,0.107822413,-1.71E-06,-7.25E-06,-0.376128156,-1.91E-06
20,2,4,0,1.411603839,0.107714482,-0.00053293,-0.008696177,-0.375711538,-0.00067923
20,4,4,0,1.406486006,0.107387217,-0.001041063,-0.017319108,-0.374719838,-0.001355083
20,6,4,0,1.398071848,0.106856087,-0.00160514,-0.025886936,-0.373186829,-0.002026474
-10,-6,6,0,-0.798186364,0.040720994,0.010680571,-0.00417505,0.306804624,-0.006241328
-10,-4,6,0,-0.803969319,0.040774077,0.007134362,-0.002799203,0.309877309,-0.004180241
-10,-2,6,0,-0.807452933,0.040806195,0.003569193,-0.001406026,0.31172846,-0.002095435
-10,0,6,0,-0.808638092,0.040818453,1.99E-06,6.27E-07,0.312358709,-4.40E-07
-10,2,6,0,-0.807454802,0.040806081,-0.003565282,0.001407307,0.311729599,0.00209459
-10,4,6,0,-0.803971895,0.040774251,-0.007130495,0.002800514,0.309878937,0.004179378
-10,6,6,0,-0.798186873,0.04072131,-0.010676964,0.004176054,0.306804688,0.006240524
-8,-6,6,0,-0.656733555,0.030402715,0.010843265,-0.002179922,0.272057042,-0.005367387
-8,-4,6,0,-0.661600138,0.030372234,0.007247154,-0.001462679,0.274879563,-0.003595504
-8,-2,6,0,-0.664528783,0.030353384,0.003627918,-0.000735112,0.276577003,-0.001802616
-8,0,6,0,-0.665519149,0.030348075,1.70E-06,8.36E-07,0.27714857,-3.68E-07
-8,2,6,0,-0.664528927,0.03035337,-0.003624769,0.00073649,0.276577141,0.001801959
-8,4,6,0,-0.661600064,0.030371656,-0.007244195,0.001463692,0.274879681,0.003594836
-8,6,6,0,-0.656731905,0.030402211,-0.010840393,0.002180637,0.272055666,0.005366675
-6,-6,6,0,-0.513716615,0.022100283,0.010913131,-0.000176539,0.235476604,-0.004537746
-6,-4,6,0,-0.517651871,0.022002321,0.007292383,-0.000122748,0.238029022,-0.003039167
-6,-2,6,0,-0.520023213,0.021943189,0.003653151,-6.23E-05,0.23956884,-0.0015242
-6,0,6,0,-0.520817419,0.021923755,1.22E-06,6.07E-07,0.240079025,-2.78E-07
-6,2,6,0,-0.52002147,0.021943059,-0.003650779,6.35E-05,0.239567783,0.001523705
-6,4,6,0,-0.517650937,0.022002067,-0.007290268,0.000123492,0.238028598,0.003038694
-6,6,6,0,-0.513715883,0.022100103,-0.010911282,0.000177029,0.235476244,0.004537347
-4,-6,6,0,-0.369367494,0.015865352,0.010877905,0.001830378,0.197147475,-0.003751571
-4,-4,6,0,-0.372361779,0.015716058,0.007267225,0.001219744,0.199418321,-0.00251203
-4,-2,6,0,-0.374168197,0.01562641,0.003642823,0.000611394,0.200792551,-0.001260352
-4,0,6,0,-0.374779409,0.015596476,7.32E-07,3.03E-07,0.201261872,-1.68E-07
-4,2,6,0,-0.374168102,0.015626331,-0.003641389,-0.000610717,0.200792596,0.001260071
-4,4,6,0,-0.372362112,0.015716107,-0.007265892,-0.001219145,0.199418541,0.002511763
-4,6,6,0,-0.369368006,0.015865316,-0.010876759,-0.001829841,0.197147693,0.003751339
-2,-6,6,0,-0.223925271,0.011737018,0.010733632,0.003838388,0.15716972,-0.003009788
-2,-4,6,0,-0.225970745,0.011553412,0.00716882,0.002562884,0.159148669,-0.002014744
-2,-2,6,0,-0.227208261,0.011443183,0.003595588,0.001285749,0.160351193,-0.001011371
-2,0,6,0,-0.227628252,0.011406132,2.65E-07,1.84E-07,0.160768901,-5.32E-08
-2,2,6,0,-0.227208266,0.011443111,-0.003595077,-0.00128554,0.160350972,0.001011282
-2,4,6,0,-0.225970685,0.011553336,-0.00716829,-0.00256267,0.159148432,0.002014652
-2,6,6,0,-0.223925549,0.011736915,-0.010733047,-0.003838124,0.157169772,0.003009676
0,-6,6,0,-0.077631179,0.009743244,0.010476966,0.005845518,0.115651442,-0.002313236
0,-4,6,0,-0.078722462,0.009542394,0.006995325,0.003905364,0.117329377,-0.001547936
0,-2,6,0,-0.079389208,0.009421867,0.003511541,0.001960179,0.118356343,-0.000777821
0,0,6,0,-0.079619893,0.009381152,1.71E-07,6.35E-08,0.11872377,-3.48E-08
0,2,6,0,-0.079389176,0.009421876,-0.003511183,-0.001959762,0.118356763,0.000777764
0,4,6,0,-0.078722152,0.009542375,-0.006994981,-0.003905111,0.117329496,0.001547874
0,6,6,0,-0.077632512,0.009743287,-0.01047686,-0.00584535,0.115652694,0.002313232
2,-6,6,0,0.069267769,0.009900454,0.010105873,0.007849321,0.072713225,-0.001662947
2,-4,6,0,0.069136253,0.009699396,0.006744875,0.005245714,0.074080599,-0.001112143
2,-2,6,0,0.069041578,0.009578881,0.003388528,0.002633098,0.074927702,-0.000559733
2,0,6,0,0.069001233,0.009537988,-5.36E-08,-1.38E-07,0.075241591,2.67E-09
2,2,6,0,0.069041574,0.009578877,-0.003388666,-0.002633305,0.074927677,0.000559749
2,4,6,0,0.069136533,0.009699394,-0.006744999,-0.005245833,0.074080409,0.001112163
2,6,6,0,0.069268248,0.009900442,-0.010105846,-0.007849217,0.072712931,0.00166295
4,-6,6,0,0.216527529,0.012212917,0.00961912,0.009847907,0.028477883,-0.001059826
4,-4,6,0,0.217357601,0.012028793,0.00641713,0.006582583,0.029527307,-0.000708123
4,-2,6,0,0.217838071,0.011918539,0.003226574,0.003304358,0.030188724,-0.000357509
4,0,6,0,0.217990194,0.011880979,-2.39E-07,-2.99E-07,0.030446644,2.40E-08
4,2,6,0,0.217837057,0.011918544,-0.003227084,-0.003304871,0.030189823,0.000357565
4,4,6,0,0.217356145,0.012028782,-0.006417633,-0.00658313,0.029528667,0.000708182
4,6,6,0,0.216527619,0.012212934,-0.009619397,-0.009848078,0.028477649,0.001059868
6,-6,6,0,0.363899872,0.016673099,0.009016867,0.011838786,-0.016922586,-0.000504992
6,-4,6,0,0.365656565,0.016523551,0.006044471,0.007929021,-0.016139468,-0.000342238
6,-2,6,0,0.366718666,0.016431299,0.00299606,0.003960169,-0.015676025,-0.000166657
6,0,6,0,0.367090804,0.016402172,-2.02E-07,-3.92E-07,-0.015520436,6.22E-09
6,2,6,0,0.366718608,0.016431304,-0.002996422,-0.003960928,-0.015675986,0.000166665
6,4,6,0,0.365656405,0.016523529,-0.006044805,-0.007929752,-0.016139369,0.000342238
6,6,6,0,0.363899541,0.016673057,-0.009017151,-0.011839454,-0.016922424,0.000504985
8,-6,6,0,0.511128728,0.023261389,0.008299937,0.013819534,-0.063341596,4.59E-07
8,-4,6,0,0.513841739,0.023162208,0.005566967,0.00925622,-0.062878723,-4.25E-06
8,-2,6,0,0.51548266,0.023099953,0.002752065,0.004623301,-0.062611809,3.15E-06
8,0,6,0,0.516051985,0.02308158,-3.07E-07,-7.24E-07,-0.062521919,-1.39E-08
8,2,6,0,0.515482672,0.023099963,-0.00275264,-0.004624724,-0.062611859,-3.18E-06
8,4,6,0,0.513842765,0.023162043,-0.005567574,-0.009257847,-0.062880151,4.17E-06
8,6,6,0,0.511129455,0.023261178,-0.00830045,-0.013821077,-0.063342881,-5.54E-07
10,-6,6,0,0.657967559,0.031946176,0.007470867,0.01578843,-0.110635521,0.000455374
10,-4,6,0,0.661635171,0.031913695,0.005014136,0.010575428,-0.110497544,0.000299894
10,-2,6,0,0.663851545,0.031891556,0.002470297,0.005281967,-0.110427351,0.000155737
10,0,6,0,0.664617407,0.031887203,-4.17E-07,-1.36E-06,-0.110404138,-1.47E-07
10,2,6,0,0.663851864,0.031891466,-0.00247116,-0.005284854,-0.110428245,-0.000156062
10,4,6,0,0.661635179,0.031913558,-0.005014893,-0.010578206,-0.11049832,-0.000300228
10,6,6,0,0.657967196,0.031945953,-0.007471568,-0.015791119,-0.110636154,-0.000455699
12,-6,6,0,0.8041647,0.042683828,0.006532727,0.017742949,-0.158648819,0.000858559
12,-4,6,0,0.808783613,0.042733964,0.004387888,0.011884904,-0.158839362,0.000569422
12,-2,6,0,0.811574634,0.042761357,0.002152056,0.005935877,-0.15896972,0.00029081
12,0,6,0,0.812536724,0.04277428,-5.79E-07,-2.08E-06,-0.159014643,-2.87E-07
12,2,6,0,0.81157522,0.042761176,-0.002153231,-0.005940292,-0.158971208,-0.00029145
12,4,6,0,0.808783804,0.042733655,-0.004388989,-0.011889236,-0.158840785,-0.000570074
12,6,6,0,0.804164279,0.042683527,-0.006533692,-0.01774708,-0.158649921,-0.000859206
14,-6,6,0,0.949471642,0.055419161,0.005490039,0.019681098,-0.207221937,0.001208777
14,-4,6,0,0.955037563,0.055566753,0.003691253,0.013183574,-0.207745421,0.0008036
14,-2,6,0,0.958399514,0.055653374,0.001797706,0.006584038,-0.208076061,0.000408073
14,0,6,0,0.959557511,0.055686953,-7.97E-07,-3.00E-06,-0.208190776,-5.01E-07
14,2,6,0,0.958400158,0.055653091,-0.001799355,-0.006590548,-0.20807827,-0.000409201
14,4,6,0,0.955036987,0.055566739,-0.003692831,-0.013189622,-0.207745728,-0.000804602
14,6,6,0,0.949470519,0.055418656,-0.005491363,-0.019687077,-0.207223345,-0.00120988
16,-6,6,0,1.093636633,0.070085225,0.004348153,0.021601479,-0.256186611,0.001504907
16,-4,6,0,1.100092576,0.070339651,0.002879737,0.014446759,-0.256957888,0.001006334
16,-2,6,0,1.10407922,0.070500001,0.001411925,0.007226773,-0.25758383,0.000506795
16,0,6,0,1.105346314,0.070548961,-1.07E-06,-4.17E-06,-0.257747283,-8.20E-07
16,2,6,0,1.104078284,0.070499901,-0.001413947,-0.007234995,-0.25758364,-0.000508427
16,4,6,0,1.100092239,0.070339149,-0.002881738,-0.014455456,-0.256960469,-0.001008137
16,6,6,0,1.093634724,0.070084507,-0.004349976,-0.021609826,-0.256188473,-0.001506682
18,-6,6,0,1.236424946,0.086605088,0.003113907,0.023500412,-0.305380031,0.001745249
18,-4,6,0,1.243809128,0.086985121,0.002050878,0.015716894,-0.306478061,0.001166547
18,-2,6,0,1.248363694,0.087222942,0.00099431,0.007861741,-0.307315286,0.000586584
18,0,6,0,1.249812271,0.087296161,-1.37E-06,-5.63E-06,-0.307543578,-1.29E-06
18,2,6,0,1.248361995,0.087222717,-0.000996926,-0.007872794,-0.307315046,-0.000589119
18,4,6,0,1.243807695,0.086984401,-0.002053475,-0.015728548,-0.306481126,-0.001169312
18,6,6,0,1.236421594,0.086604117,-0.003116338,-0.023511647,-0.305382456,-0.001747966
20,-6,6,0,1.377589978,0.104890509,0.00179502,0.025376967,-0.354623475,0.001928598
20,-4,6,0,1.385894183,0.10540927,0.001165211,0.016972045,-0.356048408,0.001288486
20,-2,6,0,1.390932691,0.105724547,0.000603695,0.008520606,-0.356975944,0.000643515
20,0,6,0,1.392639997,0.105832543,-1.56E-06,-7.18E-06,-0.357390365,-1.90E-06
20,2,6,0,1.390931424,0.105726042,-0.000607928,-0.008534748,-0.356971926,-0.000646727
20,4,6,0,1.385888424,0.105405812,-0.001169248,-0.016985928,-0.356056449,-0.001291934
20,6,6,0,1.377582097,0.104886719,-0.001799094,-0.025390429,-0.354630612,-0.001931994
-10,-6,8,0,-0.817680121,0.042787014,0.010466624,-0.00467166,0.32400765,-0.00630604
-10,-4,8,0,-0.823561227,0.042854515,0.006992668,-0.003131023,0.327171091,-0.004223907
-10,-2,8,0,-0.827103074,0.042895581,0.003500746,-0.001571219,0.329076391,-0.002117973
-10,0,8,0,-0.828302721,0.042910706,2.27E-06,8.33E-07,0.329718001,-5.19E-07
-10,2,8,0,-0.827104169,0.042895554,-0.003496381,0.001572794,0.329076981,0.002117001
-10,4,8,0,-0.823562913,0.04285436,-0.006988694,0.0031323,0.327172074,0.004223077
-10,6,8,0,-0.817679973,0.042786369,-0.010462067,0.004672795,0.32400675,0.006304904
-8,-6,8,0,-0.676489737,0.032237004,0.010656201,-0.002679012,0.289556602,-0.005435927
-8,-4,8,0,-0.681452236,0.032220329,0.007120908,-0.001797126,0.292466253,-0.003641209
-8,-2,8,0,-0.684440184,0.032209415,0.003567077,-0.000901821,0.294219083,-0.001826118
-8,0,8,0,-0.685445299,0.032206529,1.81E-06,8.86E-07,0.294802226,-3.88E-07
-8,2,8,0,-0.684439103,0.03220932,-0.003563609,0.000903323,0.294218448,0.001825358
-8,4,8,0,-0.681450258,0.032219614,-0.007117545,0.001798279,0.292465072,0.003640406
-8,6,8,0,-0.676486883,0.03223676,-0.010653461,0.002679451,0.289555168,0.005435355
-6,-6,8,0,-0.533705844,0.023694595,0.010750253,-0.000678633,0.253241272,-0.004609314
-6,-4,8,0,-0.537737515,0.023608017,0.007182047,-0.00045943,0.255881292,-0.003086772
-6,-2,8,0,-0.540168447,0.023555889,0.003600275,-0.000230326,0.257477177,-0.001548641
-6,0,8,0,-0.540978582,0.023538902,1.33E-06,6.07E-07,0.257999726,-3.25E-07
-6,2,8,0,-0.540167202,0.023555874,-0.0035978,0.000231359,0.257476512,0.001548098
-6,4,8,0,-0.537736044,0.023607775,-0.007179721,0.000460318,0.255880481,0.003086247
-6,6,8,0,-0.533704623,0.02369439,-0.010748133,0.000679321,0.253240595,0.004608852
-4,-6,8,0,-0.38956437,0.017210696,0.010739941,0.001325554,0.215149586,-0.003825997
-4,-4,8,0,-0.392655424,0.017071218,0.007173545,0.000881239,0.217509091,-0.002561572
-4,-2,8,0,-0.394522182,0.016987647,0.003598431,0.000442802,0.218940518,-0.001285752
-4,0,8,0,-0.395158084,0.016959659,8.32E-07,3.75E-07,0.219436556,-1.90E-07
-4,2,8,0,-0.394522149,0.016987627,-0.003596865,-0.000442143,0.218940513,0.00128542
-4,4,8,0,-0.392655991,0.017071283,-0.007172,-0.000880478,0.217509421,0.002561255
-4,6,8,0,-0.389565036,0.017210705,-0.010738443,-0.001324759,0.215149915,0.003825706
-2,-6,8,0,-0.244303957,0.01282655,0.010621031,0.003331165,0.175381663,-0.003086994
-2,-4,8,0,-0.246446761,0.012651047,0.007092182,0.002222785,0.177450174,-0.002066162
-2,-2,8,0,-0.247745074,0.012545868,0.003559708,0.001116346,0.178710554,-0.001037682
-2,0,8,0,-0.248188895,0.012510397,3.49E-07,2.48E-07,0.179154775,-7.42E-08
-2,2,8,0,-0.247745014,0.012545755,-0.003559065,-0.001116063,0.178710171,0.001037567
-2,4,8,0,-0.246446617,0.012650932,-0.007091527,-0.002222513,0.177449772,0.002066046
-2,6,8,0,-0.244304738,0.012826489,-0.010620115,-0.003330569,0.175381818,0.003086806
0,-6,8,0,-0.098164361,0.010571418,0.010390643,0.00533652,0.134044157,-0.002393206
0,-4,8,0,-0.09935316,0.010376922,0.006936238,0.003564137,0.135812148,-0.001601193
0,-2,8,0,-0.100081703,0.010260385,0.003484465,0.001790231,0.13689797,-0.000805027
0,0,8,0,-0.10033695,0.010220835,2.04E-07,6.83E-08,0.137292447,-4.20E-08
0,2,8,0,-0.100081757,0.010260398,-0.003484036,-0.001789728,0.136898459,0.000804962
0,4,8,0,-0.099352983,0.0103769,-0.006935803,-0.003563828,0.135812453,0.001601115
0,6,8,0,-0.098165161,0.010571378,-0.010390229,-0.005336269,0.134045403,0.002393135
2,-6,8,0,0.048609164,0.010463074,0.010046261,0.00733952,0.091256385,-0.001745518
2,-4,8,0,0.048379121,0.010266676,0.006703714,0.004903782,0.092715211,-0.001167189
2,-2,8,0,0.048221739,0.010149088,0.003370405,0.002462716,0.093621846,-0.000587808
2,0,8,0,0.048157757,0.010108932,-2.56E-08,-6.21E-09,0.093961748,7.63E-09
2,2,8,0,0.048222845,0.010149073,-0.003370349,-0.002462735,0.093620805,0.000587801
2,4,8,0,0.048379849,0.010266678,-0.006703662,-0.004903666,0.092714338,0.001167181
2,6,8,0,0.048609721,0.010463063,-0.010046104,-0.007339269,0.09125602,0.001745498
4,-6,8,0,0.19577213,0.012507272,0.009586661,0.009337615,0.047141176,-0.001144942
4,-4,8,0,0.196468915,0.012327054,0.0064262,0.006254457,0.048337924,-0.000770861
4,-2,8,0,0.196920262,0.012217675,0.003217714,0.00313414,0.049004088,-0.000386425
4,0,8,0,0.197043896,0.012180484,-2.85E-07,-2.69E-07,0.049294357,2.89E-08
4,2,8,0,0.196919519,0.012217696,-0.003218097,-0.00313441,0.049005175,0.000386475
4,4,8,0,0.196468464,0.012327089,-0.006426628,-0.006254921,0.048338371,0.000770906
4,6,8,0,0.195771949,0.012507279,-0.009586961,-0.009337853,0.047141199,0.001144979
6,-6,8,0,0.343077232,0.016697838,0.009011912,0.011328749,0.001829606,-0.000592532
6,-4,8,0,0.344729688,0.016549598,0.006044276,0.007588893,0.002712903,-0.000401414
6,-2,8,0,0.345728541,0.016457764,0.002991354,0.003787649,0.003237222,-0.00019555
6,0,8,0,0.346080621,0.016428928,-1.85E-07,-3.77E-07,0.003412214,2.20E-09
6,2,8,0,0.345728516,0.016457772,-0.002991707,-0.003788389,0.00323722,0.000195552
6,4,8,0,0.344729596,0.016549592,-0.006044607,-0.007589602,0.002712949,0.000401413
6,6,8,0,0.343076969,0.016697816,-0.009012195,-0.011329388,0.001829731,0.000592527
8,-6,8,0,0.490268962,0.023016449,0.008322658,0.013310455,-0.044533158,-8.93E-05
8,-4,8,0,0.492877695,0.02291684,0.005585316,0.008916839,-0.043969842,-6.49E-05
8,-2,8,0,0.494454351,0.02285412,0.002756678,0.00445102,-0.043640524,-2.66E-05
8,0,8,0,0.495002851,0.022835621,-2.99E-07,-7.25E-07,-0.043530175,-2.10E-08
8,2,8,0,0.494454416,0.022854129,-0.002757238,-0.00445245,-0.043640619,2.65E-05
8,4,8,0,0.492877864,0.022916864,-0.005585838,-0.008918229,-0.043970041,6.48E-05
8,6,8,0,0.490269057,0.023016459,-0.008323129,-0.013311783,-0.044533378,8.93E-05
10,-6,8,0,0.637098461,0.031433317,0.007521209,0.015280466,-0.091800397,0.000363367
10,-4,8,0,0.640661508,0.031398619,0.005050894,0.010236728,-0.091561648,0.000237812
10,-2,8,0,0.642814556,0.031374759,0.002484216,0.005110146,-0.091430144,0.00012529
10,0,8,0,0.643559769,0.031369946,-4.05E-07,-1.37E-06,-0.091386809,-1.35E-07
10,2,8,0,0.642816146,0.031374509,-0.00248513,-0.005112844,-0.091432413,-0.000125513
10,4,8,0,0.640662828,0.031398301,-0.005051667,-0.010239308,-0.091563801,-0.000238053
10,6,8,0,0.637099387,0.031432967,-0.007521915,-0.015282974,-0.091802388,-0.000363617
12,-6,8,0,0.783316997,0.041905984,0.006610738,0.01723696,-0.139820251,0.00076451
12,-4,8,0,0.787831683,0.041952274,0.004443106,0.011547514,-0.139910021,0.000506005
12,-2,8,0,0.790559417,0.041976876,0.002174809,0.005764803,-0.139979325,0.000259735
12,0,8,0,0.791500851,0.0419891,-5.42E-07,-2.05E-06,-0.140003708,-2.95E-07
12,2,8,0,0.790559903,0.041976769,-0.00217592,-0.005769151,-0.139980799,-0.000260374
12,4,8,0,0.787831538,0.041951994,-0.004444164,-0.011551787,-0.139911317,-0.000506658
12,6,8,0,0.783316485,0.041905772,-0.006611653,-0.017241024,-0.139821326,-0.000765148
14,-6,8,0,0.92867453,0.05438063,0.005595502,0.019177642,-0.188431902,0.001112842
14,-4,8,0,0.934127641,0.054522214,0.003764541,0.012845567,-0.188847213,0.000738544
14,-2,8,0,0.937434795,0.054605519,0.001830419,0.006413742,-0.189123605,0.000376197
14,0,8,0,0.93857254,0.054638073,-7.46E-07,-2.98E-06,-0.189218441,-5.09E-07
14,2,8,0,0.937435457,0.054605299,-0.001831947,-0.006420136,-0.189125861,-0.000377321
14,4,8,0,0.934132087,0.054521761,-0.003766362,-0.012853165,-0.188853654,-0.00073976
14,6,8,0,0.928673486,0.054380247,-0.005596739,-0.019183556,-0.188433272,-0.001113941
16,-6,8,0,1.072919664,0.06879179,0.004480734,0.021101119,-0.237467297,0.001407255
16,-4,8,0,1.079266138,0.069038236,0.002966864,0.014111081,-0.238130041,0.000941105
16,-2,8,0,1.083193247,0.069194914,0.001453532,0.007056784,-0.238699537,0.000474136
16,0,8,0,1.084440663,0.069242383,-9.78E-07,-4.12E-06,-0.238845681,-8.24E-07
16,2,8,0,1.083193976,0.069194621,-0.001455577,-0.007065699,-0.238702489,-0.000475953
16,4,8,0,1.079266141,0.069037891,-0.002968758,-0.014119712,-0.238132615,-0.000942897
16,6,8,0,1.072917722,0.068791182,-0.004482432,-0.021109382,-0.237469098,-0.001409017
18,-6,8,0,1.21581679,0.085063752,0.003273182,0.023003725,-0.286763299,0.001646035
18,-4,8,0,1.223092531,0.085434279,0.002155932,0.015383712,-0.287753398,0.001100266
18,-2,8,0,1.227586968,0.085667457,0.001044897,0.007692754,-0.288533354,0.000553285
18,0,8,0,1.229016342,0.085738942,-1.22E-06,-5.51E-06,-0.28874518,-1.28E-06
18,2,8,0,1.227587693,0.085667041,-0.001047579,-0.007704771,-0.288537417,-0.000556081
18,4,8,0,1.223090974,0.085433648,-0.002158377,-0.01539531,-0.287756389,-0.001103015
18,6,8,0,1.215813619,0.085062942,-0.003275463,-0.023014897,-0.286765549,-0.001648735
20,-6,8,0,1.357119909,0.103109731,0.001980494,0.024884637,-0.336141283,0.00182801
20,-4,8,0,1.36531624,0.103617347,0.001287796,0.016641742,-0.337459557,0.001221274
20,-2,8,0,1.370287817,0.103928237,0.000667667,0.008354645,-0.338315955,0.000608823
20,0,8,0,1.371983788,0.104033391,-1.50E-06,-7.20E-06,-0.338728171,-1.90E-06
20,2,8,0,1.370287961,0.103927789,-0.000671001,-0.008370257,-0.338320855,-0.000612939
20,4,8,0,1.365313973,0.103616582,-0.001290932,-0.016656905,-0.337463189,-0.00122533
20,6,8,0,1.357112425,0.103106257,-0.001984306,-0.024897868,-0.336148499,-0.001831369
-10,-6,10,0,-0.836617911,0.044962732,0.010250081,-0.005157482,0.340757971,-0.006375032
-10,-4,10,0,-0.842594364,0.045045023,0.006849002,-0.003455853,0.34400974,-0.004270382
-10,-2,10,0,-0.84619244,0.045095282,0.003431273,-0.001732951,0.345967463,-0.002141908
-10,0,10,0,-0.847406064,0.045113335,2.53E-06,1.03E-06,0.346620091,-5.88E-07
-10,2,10,0,-0.846192566,0.045095292,-0.003426437,0.001734774,0.345967455,0.00214081
-10,4,10,0,-0.842593829,0.045044951,-0.006844742,0.003457131,0.344009253,0.004269474
-10,6,10,0,-0.836617026,0.044961476,-0.010246014,0.005158266,0.340757131,0.006374018
-8,-6,10,0,-0.695710797,0.034195279,0.010465887,-0.003167083,0.306616146,-0.005509132
-8,-4,10,0,-0.700768114,0.034191802,0.006992113,-0.002124593,0.309610994,-0.003689844
-8,-2,10,0,-0.703813365,0.034189386,0.003505036,-0.001064989,0.311417412,-0.00185115
-8,0,10,0,-0.704833178,0.034188859,1.88E-06,8.67E-07,0.312012184,-4.02E-07
-8,2,10,0,-0.703811513,0.034188977,-0.003501169,0.001066658,0.311416409,0.001850243
-8,4,10,0,-0.700764527,0.034190971,-0.006988422,0.002125901,0.309608693,0.003688942
-8,6,10,0,-0.695707929,0.034194719,-0.010462377,0.003168193,0.306614597,0.005508286
-6,-6,10,0,-0.553185791,0.025424274,0.010582724,-0.001170565,0.27058071,-0.004685466
-6,-4,10,0,-0.557311009,0.025349676,0.007068667,-0.000789264,0.273305938,-0.003137464
-6,-2,10,0,-0.559799553,0.02530516,0.003545966,-0.000394602,0.274956522,-0.001574667
-6,0,10,0,-0.560625519,0.025290266,1.40E-06,6.30E-07,0.275491195,-3.10E-07
-6,2,10,0,-0.559799281,0.025305088,-0.003543205,0.000395798,0.274956331,0.00157402
-6,4,10,0,-0.55730939,0.025349449,-0.007066124,0.000790283,0.273304938,0.003136885
-6,6,10,0,-0.553184166,0.02542406,-0.010580329,0.001171462,0.270579702,0.004684934
-4,-6,10,0,-0.409277215,0.018702958,0.010596384,0.000830585,0.232741865,-0.003905167
-4,-4,10,0,-0.412462415,0.018573925,0.00707624,0.000549389,0.235187684,-0.002614304
-4,-2,10,0,-0.414387819,0.018496842,0.003552132,0.000277488,0.236674824,-0.001312733
-4,0,10,0,-0.415047511,0.018470915,9.36E-07,4.29E-07,0.237196682,-2.13E-07
-4,2,10,0,-0.414387539,0.018496879,-0.003550317,-0.000276649,0.236674611,0.001312335
-4,4,10,0,-0.412464162,0.018573802,-0.007074583,-0.000548784,0.235188857,0.002613991
-4,6,10,0,-0.40927808,0.018702981,-0.010594683,-0.000829649,0.232742162,0.003904825
-2,-6,10,0,-0.264224852,0.014073473,0.010502232,0.00283364,0.193199713,-0.003169102
-2,-4,10,0,-0.266462488,0.013906826,0.007011449,0.001889213,0.195355643,-0.002120875
-2,-2,10,0,-0.267820038,0.013807141,0.003521709,0.000950179,0.196672466,-0.00106563
-2,0,10,0,-0.268286947,0.013773395,4.31E-07,2.99E-07,0.197142522,-8.96E-08
-2,2,10,0,-0.267820317,0.013807149,-0.003520862,-0.00094959,0.196672609,0.00106546
-2,4,10,0,-0.266462229,0.013906688,-0.007010669,-0.001888878,0.195355091,0.002120739
-2,6,10,0,-0.264225583,0.014073422,-0.010501208,-0.002832972,0.19319973,0.003168891
0,-6,10,0,-0.118266397,0.011566458,0.010297374,0.00483714,0.152059578,-0.002478186
0,-4,10,0,-0.119550956,0.011379171,0.006872581,0.003229267,0.153916036,-0.001657839
0,-2,10,0,-0.120340119,0.011267099,0.003454907,0.001623173,0.155059952,-0.000833901
0,0,10,0,-0.120618332,0.011228811,2.31E-07,4.79E-08,0.155479132,-4.86E-08
0,2,10,0,-0.120340075,0.011267121,-0.003454511,-0.001622851,0.155060006,0.000833842
0,4,10,0,-0.119550818,0.011379149,-0.006872117,-0.003228875,0.153916468,0.001657766
0,6,10,0,-0.118267026,0.011566406,-0.010296773,-0.004836715,0.152060751,0.002478082
2,-6,10,0,0.028353132,0.011200997,0.009979131,0.006838838,0.109440793,-0.001833263
2,-4,10,0,0.028027116,0.01101014,0.006657585,0.004568163,0.110988276,-0.001225691
2,-2,10,0,0.02780962,0.010895987,0.003349979,0.002295872,0.111952132,-0.000617632
2,0,10,0,0.027718003,0.010856859,1.40E-07,2.35E-07,0.112322849,-1.79E-08
2,2,10,0,0.027809506,0.010896009,-0.003349649,-0.002295423,0.111952315,0.000617596
2,4,10,0,0.028027474,0.01101015,-0.006657451,-0.004567948,0.110987842,0.001225678
2,6,10,0,0.028353642,0.011200991,-0.009978931,-0.006838625,0.109440228,0.001833229
4,-6,10,0,0.175391034,0.012984218,0.00954613,0.008836273,0.065463671,-0.001235325
4,-4,10,0,0.175986029,0.012808016,0.006402287,0.005920352,0.066757534,-0.000831978
4,-2,10,0,0.176344442,0.012699165,0.003170762,0.002951368,0.067533804,-0.000411006
4,0,10,0,0.176479801,0.012664243,-2.75E-07,-2.48E-07,0.067791968,2.52E-08
4,2,10,0,0.176344921,0.012699174,-0.003171306,-0.00295186,0.067533249,0.000411056
4,4,10,0,0.175985448,0.012808016,-0.006402592,-0.00592062,0.066758454,0.000832007
4,6,10,0,0.175390683,0.012984218,-0.009546483,-0.008836599,0.065463846,0.001235363
6,-6,10,0,0.3226,0.016911317,0.00899842,0.010827366,0.020260217,-0.000685429
6,-4,10,0,0.324149923,0.016765324,0.006038307,0.007254571,0.021241528,-0.000464169
6,-2,10,0,0.325086591,0.016674474,0.00298386,0.003618102,0.021825655,-0.000226249
6,0,10,0,0.325418742,0.016646088,-1.71E-07,-3.51E-07,0.022019944,-2.60E-10
6,2,10,0,0.325086554,0.016674473,-0.002984177,-0.003618785,0.02182565,0.000226246
6,4,10,0,0.324149792,0.016765307,-0.006038597,-0.007255218,0.021241593,0.000464163
6,6,10,0,0.322598087,0.016911282,-0.008998745,-0.01082802,0.020261176,0.000685426
8,-6,10,0,0.469723924,0.022965321,0.008336411,0.012809572,-0.026025725,-0.000184623
8,-4,10,0,0.47222974,0.022866238,0.005597543,0.008582817,-0.025363463,-0.000129207
8,-2,10,0,0.473744014,0.022803455,0.00275836,0.004281612,-0.024974038,-5.81E-05
8,0,10,0,0.474272029,0.022785032,-2.82E-07,-7.15E-07,-0.024843572,-2.78E-08
8,2,10,0,0.473744092,0.022803458,-0.002758887,-0.004283027,-0.024974163,5.80E-05
8,4,10,0,0.47222991,0.022866249,-0.005598037,-0.008584199,-0.025363694,0.000129144
8,6,10,0,0.469724042,0.022965313,-0.008336857,-0.012810886,-0.026026006,0.000184557
10,-6,10,0,0.616515722,0.03111752,0.007562282,0.014780916,-0.073248746,0.000265959
10,-4,10,0,0.619975866,0.031081663,0.0050814,0.009903727,-0.072910957,0.00017214
10,-2,10,0,0.622066855,0.031056789,0.002495171,0.004941452,-0.072719369,9.31E-05
10,0,10,0,0.622791467,0.031051812,-4.32E-07,-1.19E-06,-0.072655224,-7.64E-08
10,2,10,0,0.62206692,0.031056787,-0.002496006,-0.004943806,-0.072719567,-9.32E-05
10,4,10,0,0.619976041,0.031081674,-0.005082175,-0.009906025,-0.072911298,-0.0001723
10,6,10,0,0.616515879,0.031117528,-0.007563002,-0.014783149,-0.073249199,-0.000266124
12,-6,10,0,0.762723636,0.041327696,0.006679187,0.01673876,-0.121252638,0.000664957
12,-4,10,0,0.76713547,0.041371255,0.004491903,0.011215336,-0.121243163,0.000438895
12,-2,10,0,0.769800081,0.041393568,0.002195015,0.00559625,-0.12125146,0.000226688
12,0,10,0,0.77072152,0.041405349,-5.18E-07,-2.06E-06,-0.121256354,-3.00E-07
12,2,10,0,0.769800415,0.04139344,-0.00219611,-0.005600577,-0.121253007,-0.000227292
12,4,10,0,0.767134854,0.041370866,-0.004492909,-0.011219555,-0.121244397,-0.00043954
12,6,10,0,0.762723161,0.041327502,-0.006680098,-0.016742813,-0.121253806,-0.000665564
14,-6,10,0,0.90810089,0.053542836,0.005691289,0.018681715,-0.169881647,0.001011379
14,-4,10,0,0.913399095,0.053673843,0.003777969,0.012492113,-0.170107751,0.000676868
14,-2,10,0,0.916695726,0.053760151,0.001860472,0.006246194,-0.170414106,0.00034238
14,0,10,0,0.917812866,0.053791824,-7.35E-07,-2.98E-06,-0.170488163,-5.16E-07
14,2,10,0,0.916696489,0.05376002,-0.001861922,-0.006252531,-0.170416415,-0.0003435
14,4,10,0,0.913399236,0.053673712,-0.003779245,-0.012498211,-0.170109652,-0.000677979
14,6,10,0,0.908099976,0.053542607,-0.005692464,-0.018687568,-0.169883076,-0.001012466
16,-6,10,0,1.052394651,0.067698958,0.004603507,0.020607906,-0.218965826,0.001304064
16,-4,10,0,1.058633325,0.067938552,0.003047502,0.013780238,-0.219521671,0.000872163
16,-2,10,0,1.062502695,0.06809187,0.001492094,0.00689003,-0.220038364,0.000439798
16,0,10,0,1.063728609,0.068138301,-9.32E-07,-4.15E-06,-0.220163975,-8.43E-07
16,2,10,0,1.062503407,0.068091598,-0.001493983,-0.006898868,-0.220041353,-0.000441623
16,4,10,0,1.058632859,0.067938254,-0.003049256,-0.013788798,-0.219524,-0.000873952
16,6,10,0,1.05239284,0.067698489,-0.004605157,-0.020616155,-0.218967664,-0.001305816
18,-6,10,0,1.195369173,0.083721662,0.003422696,0.02251393,-0.2683422,0.001541303
18,-4,10,0,1.202536926,0.084083635,0.002254454,0.015055163,-0.269225725,0.00103029
18,-2,10,0,1.20697437,0.084312591,0.001092477,0.007527157,-0.269953217,0.000518409
18,0,10,0,1.208382225,0.08438288,-1.14E-06,-5.49E-06,-0.270144292,-1.28E-06
18,2,10,0,1.206974934,0.084312225,-0.001095023,-0.007539122,-0.2699571,-0.000521193
18,4,10,0,1.202536146,0.084083242,-0.002256834,-0.015066749,-0.26922902,-0.001033026
18,6,10,0,1.195366244,0.083721026,-0.003424821,-0.022525014,-0.268344396,-0.001543982
20,-6,10,0,1.336778726,0.101525628,0.002156265,0.024398833,-0.317831998,0.001721936
20,-4,10,0,1.34486725,0.102023009,0.001403917,0.016315854,-0.319044292,0.001150397
20,-2,10,0,1.349776986,0.102328392,0.000727687,0.008192238,-0.319840758,0.000573161
20,0,10,0,1.351456305,0.10243236,-1.38E-06,-7.15E-06,-0.320240204,-1.89E-06
20,2,10,0,1.349777205,0.102328044,-0.000730807,-0.008207769,-0.319845705,-0.000577264
20,4,10,0,1.344865368,0.102022456,-0.001406856,-0.016330986,-0.319047921,-0.001154444
20,6,10,0,1.336771596,0.101522429,-0.002159863,-0.02441193,-0.317839395,-0.001725279
-10,-6,12,0,-0.854921223,0.047223473,0.010032274,-0.005630512,0.356981615,-0.006447416
-10,-4,12,0,-0.860989157,0.047321439,0.006704703,-0.003772032,0.360318172,-0.004319279
-10,-2,12,0,-0.864642156,0.047380745,0.003361221,-0.001890494,0.36232705,-0.002166959
-10,0,12,0,-0.865869222,0.047401819,2.72E-06,1.13E-06,0.362990367,-6.38E-07
-10,2,12,0,-0.864641097,0.047380257,-0.003355397,0.001892613,0.362325299,0.002165655
-10,4,12,0,-0.860987321,0.047320617,-0.006699387,0.003773521,0.360316027,0.00431806
-10,6,12,0,-0.854918853,0.047221648,-0.010027154,0.005631488,0.356978879,0.006446104
-8,-6,12,0,-0.714318941,0.036253077,0.010273028,-0.003642823,0.323160833,-0.005585854
-8,-4,12,0,-0.719465634,0.036262771,0.006861829,-0.002443465,0.32623661,-0.003740812
-8,-2,12,0,-0.72256671,0.036269701,0.003442131,-0.001223957,0.328095368,-0.001877371
-8,0,12,0,-0.723600345,0.036271755,1.98E-06,8.31E-07,0.328701039,-4.45E-07
-8,2,12,0,-0.722563963,0.036268996,-0.003437981,0.001225687,0.328093801,0.001876356
-8,4,12,0,-0.719461072,0.036262464,-0.006857907,0.002444977,0.326233706,0.003739951
-8,6,12,0,-0.71431572,0.036252366,-0.01026942,0.003643851,0.323158693,0.005584974
-6,-6,12,0,-0.572072146,0.027267464,0.010411982,-0.001650024,0.287416192,-0.00476543
-6,-4,12,0,-0.576287612,0.027205316,0.006953193,-0.001110718,0.29022386,-0.003190724
-6,-2,12,0,-0.578831808,0.027168598,0.003490467,-0.000554746,0.291927482,-0.001601932
-6,0,12,0,-0.579673156,0.027155811,1.32E-06,2.85E-07,0.292473876,-2.64E-07
-6,2,12,0,-0.578831876,0.027168582,-0.003487552,0.000555929,0.29192735,0.001601215
-6,4,12,0,-0.576286154,0.02720513,-0.006950456,0.001111812,0.290222796,0.003190092
-6,6,12,0,-0.572070514,0.027267258,-0.010409349,0.001651076,0.287415048,0.004764839
-4,-6,12,0,-0.428418929,0.020321662,0.01044866,0.000347867,0.249843355,-0.003988301
-4,-4,12,0,-0.43169521,0.020203621,0.006976172,0.000225745,0.252372858,-0.002669697
-4,-2,12,0,-0.43367712,0.020133361,0.003504359,0.000116241,0.25391385,-0.001341028
-4,0,12,0,-0.434359913,0.020109626,1.03E-06,4.60E-07,0.254460875,-2.33E-07
-4,2,12,0,-0.433676841,0.020133448,-0.003502375,-0.000115331,0.25391358,0.00134059
-4,4,12,0,-0.431696059,0.020203553,-0.006974228,-0.000224897,0.252373335,0.002669311
-4,6,12,0,-0.42841998,0.020321697,-0.010446822,-0.000346861,0.249843642,0.003987929
-2,-6,12,0,-0.283598122,0.015458947,0.010378426,0.002348212,0.210541037,-0.003255327
-2,-4,12,0,-0.285927631,0.015301797,0.006927453,0.001563805,0.21278173,-0.002178363
-2,-2,12,0,-0.287342654,0.01520797,0.00348199,0.00078807,0.214153416,-0.00109495
-2,0,12,0,-0.287830622,0.015175918,6.95E-07,4.61E-07,0.214646993,-1.31E-07
-2,2,12,0,-0.28734283,0.015207926,-0.003480765,-0.000787256,0.214153583,0.001094718
-2,4,12,0,-0.285928128,0.015301815,-0.006926407,-0.001563062,0.21278195,0.002178165
-2,6,12,0,-0.283597998,0.015458751,-0.01037739,-0.002347738,0.210540655,0.003255145
0,-6,12,0,-0.137845371,0.012711237,0.010198266,0.004349629,0.169613203,-0.002567416
0,-4,12,0,-0.139223052,0.012531871,0.006805055,0.002902363,0.171555777,-0.001717341
0,-2,12,0,-0.140070156,0.012424714,0.003423503,0.001460444,0.172755032,-0.000864228
0,0,12,0,-0.140376115,0.012388058,2.69E-07,2.85E-08,0.173205212,-5.42E-08
0,2,12,0,-0.140070913,0.01242471,-0.003422927,-0.001459903,0.172755763,0.000864134
0,4,12,0,-0.139222955,0.012531847,-0.006804485,-0.002901899,0.171556334,0.001717251
0,6,12,0,-0.137845931,0.01271117,-0.010197629,-0.004349067,0.169614394,0.002567323
2,-6,12,0,0.008593156,0.012098836,0.009904981,0.006349496,0.127180048,-0.001925306
2,-4,12,0,0.008174906,0.011914342,0.006607204,0.004240463,0.128812748,-0.001287155
2,-2,12,0,0.007897325,0.011804101,0.00332711,0.002132499,0.129834179,-0.000648914
2,0,12,0,0.007783555,0.011765983,2.16E-07,2.22E-07,0.130229066,-3.50E-08
2,2,12,0,0.007897437,0.011804098,-0.003326637,-0.002132084,0.129834224,0.000648845
2,4,12,0,0.008175547,0.011914325,-0.006606776,-0.004240048,0.128812594,0.001287096
2,6,12,0,0.008595586,0.012098837,-0.009905115,-0.006349743,0.127177995,0.001925319
4,-6,12,0,0.155481295,0.013630276,0.009498464,0.008346358,0.083356731,-0.001330204
4,-4,12,0,0.155976996,0.013458897,0.006373213,0.005593587,0.084745779,-0.000896055
4,-2,12,0,0.156274927,0.013352571,0.003151786,0.0027857,0.085579919,-0.000442338
4,0,12,0,0.156391052,0.013318584,-2.87E-07,-2.59E-07,0.085856333,2.50E-08
4,2,12,0,0.156275319,0.013352578,-0.003152358,-0.0027862,0.085579487,0.000442389
4,4,12,0,0.155976387,0.013458896,-0.006373575,-0.005593913,0.084746729,0.000896087
4,6,12,0,0.155481002,0.013630277,-0.00949868,-0.008346737,0.083357023,0.001330213
6,-6,12,0,0.302564745,0.017301927,0.008976603,0.010336945,0.03828044,-0.00078284
6,-4,12,0,0.30401668,0.017159142,0.006026862,0.006927613,0.039356409,-0.000529953
6,-2,12,0,0.304892542,0.017069817,0.002973703,0.003452278,0.039998988,-0.000258481
6,0,12,0,0.305203908,0.017042022,-1.65E-07,-3.41E-07,0.04021369,-1.89E-09
6,2,12,0,0.304892507,0.017069804,-0.002974056,-0.003452982,0.039998554,0.000258478
6,4,12,0,0.304013119,0.017159136,-0.006027401,-0.006928241,0.039358876,0.000529978
6,6,12,0,0.302563544,0.017301945,-0.008977349,-0.01033764,0.038280842,0.000782894
8,-6,12,0,0.449595437,0.023098344,0.008341593,0.012319559,-0.007912046,-0.00028452
8,-4,12,0,0.452000435,0.023000729,0.005603945,0.008256037,-0.007152975,-0.000196602
8,-2,12,0,0.453453596,0.022938446,0.002757231,0.004115887,-0.006704757,-9.12E-05
8,0,12,0,0.45396205,0.022920331,-2.71E-07,-7.15E-07,-0.006555244,-3.48E-08
8,2,12,0,0.453453669,0.022938441,-0.002757743,-0.004117299,-0.006704889,9.11E-05
8,4,12,0,0.452000643,0.023000722,-0.005604421,-0.008257409,-0.007153258,0.000196527
8,6,12,0,0.449595635,0.023098317,-0.008342009,-0.012320857,-0.007912377,0.000284441
10,-6,12,0,0.596320047,0.03099201,0.007594322,0.014291649,-0.055070223,0.00016377
10,-4,12,0,0.599678909,0.030955927,0.00510576,0.00957745,-0.054635139,0.000103243
10,-2,12,0,0.60170867,0.030930557,0.002503117,0.004775982,-0.054384581,5.92E-05
10,0,12,0,0.602413259,0.030925502,-4.21E-07,-1.21E-06,-0.054300795,-8.94E-08
10,2,12,0,0.601708768,0.030930549,-0.002503929,-0.004778383,-0.054384814,-5.93E-05
10,4,12,0,0.599679153,0.030955924,-0.005106506,-0.009579791,-0.054635603,-0.000103431
10,6,12,0,0.59632031,0.030992,-0.00759501,-0.014293922,-0.055070768,-0.000163964
12,-6,12,0,0.742490565,0.040943655,0.006738127,0.016251298,-0.103042564,0.000560818
12,-4,12,0,0.746800429,0.040985052,0.004534215,0.010890436,-0.10293565,0.000368814
12,-2,12,0,0.749404481,0.041006244,0.002212516,0.005431757,-0.102884853,0.000192106
12,0,12,0,0.750305242,0.041017557,-5.82E-07,-1.82E-06,-0.102868817,-1.89E-07
12,2,12,0,0.749404536,0.041006243,-0.002213612,-0.005435348,-0.102885147,-0.000192491
12,4,12,0,0.746800752,0.040985086,-0.004535341,-0.010894048,-0.102936197,-0.000369196
12,6,12,0,0.742490524,0.040943653,-0.006739067,-0.016254707,-0.103043126,-0.000561209
14,-6,12,0,0.887856166,0.052902806,0.005777128,0.018195707,-0.151666085,0.000905189
14,-4,12,0,0.893047957,0.053029679,0.003833802,0.012166029,-0.151786931,0.000605939
14,-2,12,0,0.896287861,0.053114127,0.001886576,0.006081881,-0.152041609,0.000307089
14,0,12,0,0.897384598,0.053145102,-8.06E-07,-3.06E-06,-0.152095802,-5.12E-07
14,2,12,0,0.89628859,0.053114024,-0.001887971,-0.006088196,-0.152044059,-0.000308184
14,4,12,0,0.893048241,0.053029652,-0.003835075,-0.012172117,-0.151789206,-0.000607024
14,6,12,0,0.887855552,0.052902693,-0.005778319,-0.01820158,-0.151667905,-0.000906252
16,-6,12,0,1.032168517,0.06680605,0.004716175,0.020124399,-0.200778414,0.001196132
16,-4,12,0,1.038300761,0.067039826,0.003121341,0.013455882,-0.20122897,0.000800052
16,-2,12,0,1.042113277,0.067190353,0.001527289,0.00672658,-0.201693922,0.00040388
16,0,12,0,1.043318027,0.067236026,-8.29E-07,-4.09E-06,-0.201799337,-8.50E-07
16,2,12,0,1.042114212,0.067190249,-0.001529068,-0.006735327,-0.201697004,-0.000405684
16,4,12,0,1.038300559,0.067039709,-0.003122995,-0.013464351,-0.201231497,-0.000801828
16,6,12,0,1.032167076,0.06680576,-0.004717757,-0.020132638,-0.200780389,-0.001197879
18,-6,12,0,1.175190369,0.082580838,0.003561895,0.022033424,-0.25021371,0.001431766
18,-4,12,0,1.182251325,0.08293491,0.002346137,0.014732976,-0.250992364,0.000957162
18,-2,12,0,1.186631954,0.083160186,0.001136659,0.007364753,-0.251668018,0.000481941
18,0,12,0,1.188018704,0.083229385,-1.05E-06,-5.48E-06,-0.251839194,-1.29E-06
18,2,12,0,1.186632639,0.083159922,-0.001139057,-0.007376649,-0.251671971,-0.000484713
18,4,12,0,1.182250956,0.082934709,-0.002348355,-0.014744429,-0.250995873,-0.000959874
18,6,12,0,1.175187331,0.082579934,-0.003563899,-0.022044543,-0.250215934,-0.001434507
20,-6,12,0,1.316674738,0.100141945,0.002321668,0.023922139,-0.299793275,0.001611154
20,-4,12,0,1.324656816,0.100630224,0.001513156,0.015996135,-0.300900891,0.001076378
20,-2,12,0,1.329505242,0.10093067,0.000784177,0.008032906,-0.301638636,0.000535945
20,0,12,0,1.331168208,0.101033633,-1.27E-06,-7.13E-06,-0.302025529,-1.91E-06
20,2,12,0,1.329505842,0.1009305,-0.000787087,-0.008048302,-0.301643629,-0.000540023
20,4,12,0,1.324655398,0.100629831,-0.001515861,-0.016011135,-0.300904851,-0.001080396
20,6,12,0,1.316668319,0.100138952,-0.002325018,-0.023935116,-0.299801107,-0.00161451
-10,-6,14,0,-0.87251938,0.049544111,0.00981505,-0.006088492,0.372610672,-0.006522476
-10,-4,14,0,-0.878673234,0.049657749,0.006561908,-0.00407752,0.376025964,-0.004370272
-10,-2,14,0,-0.882380258,0.049726311,0.003291215,-0.002043101,0.378086591,-0.002192876
-10,0,14,0,-0.883620149,0.049749975,3.52E-06,1.32E-06,0.378758886,-7.84E-07
-10,2,14,0,-0.882378312,0.049725822,-0.003285111,0.002045251,0.378084234,0.002191513
-10,4,14,0,-0.878671454,0.049656777,-0.006555041,0.004079712,0.376025555,0.004368591
-10,6,14,0,-0.87251506,0.049542168,-0.009809538,0.006089528,0.372606462,0.006521046
-8,-6,14,0,-0.732233825,0.038385265,0.010080735,-0.004102476,0.339115009,-0.005665547
-8,-4,14,0,-0.73746844,0.038409504,0.006731522,-0.002752099,0.34227138,-0.003793851
-8,-2,14,0,-0.740625149,0.038425472,0.003378869,-0.001377984,0.344181994,-0.001904476
-8,0,14,0,-0.741671942,0.038430434,2.12E-06,8.23E-07,0.344797966,-5.25E-07
-8,2,14,0,-0.740621888,0.038424586,-0.00337454,0.00137971,0.344180006,0.001903408
-8,4,14,0,-0.737465408,0.038409373,-0.006727063,0.002754052,0.342269563,0.003792877
-8,6,14,0,-0.732234,0.038385245,-0.010075664,0.004104921,0.339116297,0.005664428
-6,-6,14,0,-0.590287426,0.029200582,0.010239524,-0.002114841,0.303675037,-0.004848364
-6,-4,14,0,-0.594589652,0.029151214,0.006836615,-0.001422344,0.306562076,-0.003245984
-6,-2,14,0,-0.597187699,0.029122444,0.00343429,-0.000710052,0.308316962,-0.001630163
-6,0,14,0,-0.598041429,0.029112295,1.56E-06,5.05E-07,0.308873109,-3.49E-07
-6,2,14,0,-0.597188275,0.029122443,-0.003431233,0.000711218,0.308317127,0.001629421
-6,4,14,0,-0.594588499,0.02915112,-0.006833717,0.00142345,0.306561005,0.003245302
-6,6,14,0,-0.590286139,0.029200418,-0.010236694,0.002115974,0.303673873,0.004847723
-4,-6,14,0,-0.446908859,0.022044378,0.010298154,-0.000120383,0.266378946,-0.004074541
-4,-4,14,0,-0.450272828,0.021937754,0.006874296,-8.82E-05,0.268989131,-0.00272718
-4,-2,14,0,-0.45230898,0.02187457,0.00345559,-4.02E-05,0.270582007,-0.00137035
-4,0,14,0,-0.453012783,0.021852973,1.14E-06,4.88E-07,0.271151726,-2.51E-07
-4,2,14,0,-0.4523088,0.021874687,-0.003453442,4.11E-05,0.270581747,0.001369888
-4,4,14,0,-0.450273032,0.021937797,-0.006872133,8.92E-05,0.268989014,0.002726738
-4,6,14,0,-0.446911492,0.022044216,-0.010296088,0.000121191,0.266380433,0.004074162
-2,-6,14,0,-0.302340151,0.016961873,0.010250878,0.001877131,0.22732828,-0.003344806
-2,-4,14,0,-0.30475828,0.016814727,0.006840968,0.001248014,0.22965088,-0.002238037
-2,-2,14,0,-0.306228667,0.016727058,0.003440955,0.000630758,0.231075455,-0.001125354
-2,0,14,0,-0.306741772,0.016697368,6.54E-07,4.66E-07,0.231598082,-1.26E-07
-2,2,14,0,-0.306229084,0.016727031,-0.003439647,-0.000629823,0.231075678,0.001125114
-2,4,14,0,-0.304758873,0.016814712,-0.006839687,-0.001247078,0.229651117,0.002237799
-2,6,14,0,-0.302340745,0.016961907,-0.010249616,-0.001876192,0.227328377,0.003344564
0,-6,14,0,-0.156814727,0.013986073,0.010094459,0.003876249,0.186625494,-0.002660017
0,-4,14,0,-0.158282462,0.013815221,0.006734428,0.002584944,0.18865141,-0.001779112
0,-2,14,0,-0.159186687,0.013713314,0.003390393,0.001302242,0.189905,-0.000895666
0,0,14,0,-0.159513161,0.013678058,3.55E-07,1.18E-07,0.190377305,-6.62E-08
0,2,14,0,-0.15918775,0.013713299,-0.003389699,-0.001301893,0.189905791,0.00089553
0,4,14,0,-0.158282298,0.01381519,-0.006733697,-0.002584382,0.18865202,0.001778994
0,6,14,0,-0.156815307,0.013986004,-0.010093713,-0.003875603,0.18662678,0.002659906
2,-6,14,0,-0.010575408,0.013138559,0.009826198,0.005875084,0.14438823,-0.002020953
2,-4,14,0,-0.011086128,0.012961037,0.006553076,0.003921917,0.146107238,-0.001350958
2,-2,14,0,-0.011422757,0.01285511,0.003302215,0.001973754,0.147184216,-0.000681344
2,0,14,0,-0.011559098,0.012818064,2.65E-07,1.81E-07,0.147602248,-4.48E-08
2,2,14,0,-0.011423127,0.012855088,-0.003301666,-0.00197333,0.147184282,0.000681254
2,4,14,0,-0.011087164,0.012961014,-0.006552469,-0.003921422,0.146107607,0.00135087
2,6,14,0,-0.010575374,0.013138533,-0.009825666,-0.005874598,0.144388135,0.002020886
4,-6,14,0,0.136135202,0.014429017,0.009444003,0.007870222,0.100736374,-0.00142859
4,-4,14,0,0.136533082,0.014263179,0.006339529,0.005275827,0.102219765,-0.000962486
4,-2,14,0,0.136773547,0.014159839,0.003130708,0.00262466,0.103108468,-0.000474877
4,0,14,0,0.136869558,0.014127001,-2.98E-07,-2.72E-07,0.103405366,2.76E-08
4,2,14,0,0.136773917,0.014159846,-0.003131343,-0.002625191,0.103108091,0.000474938
4,4,14,0,0.136533837,0.014263196,-0.006340132,-0.005276341,0.102219024,0.000962542
4,6,14,0,0.136134943,0.014429013,-0.009444398,-0.007870583,0.100737026,0.001428627
6,-6,14,0,0.283070544,0.017855131,0.008947767,0.009860146,0.055801371,-0.000883924
6,-4,14,0,0.284423046,0.017716286,0.006010125,0.006609472,0.056972194,-0.000598128
6,-2,14,0,0.285239669,0.017628972,0.002960928,0.003290929,0.057671376,-0.000291915
6,0,14,0,0.285529636,0.017601938,-5.06E-07,-4.80E-07,0.057906362,2.29E-08
6,2,14,0,0.285237569,0.017628961,-0.002961887,-0.0032918,0.057672821,0.000291977
6,4,14,0,0.284421362,0.017716288,-0.006010965,-0.006610234,0.056973162,0.00059818
6,6,14,0,0.283069199,0.01785513,-0.008948517,-0.009860846,0.055801874,0.00088397
8,-6,14,0,0.429979103,0.023402741,0.008338374,0.011842588,0.009721888,-0.000388087
8,-4,14,0,0.432287661,0.023307527,0.005604842,0.007937991,0.010574018,-0.000266471
8,-2,14,0,0.433681192,0.023246278,0.002753446,0.003954583,0.011079576,-0.000125546
8,0,14,0,0.43416982,0.023228536,-2.59E-07,-7.21E-07,0.01124769,-4.29E-08
8,2,14,0,0.433680859,0.023246197,-0.002753993,-0.003956066,0.011079117,0.000125456
8,4,14,0,0.432287492,0.023307448,-0.00560534,-0.007939432,0.010573441,0.00026638
8,6,14,0,0.429980849,0.023402709,-0.008339115,-0.011844035,0.009720092,0.000388031
10,-6,14,0,0.576611567,0.03104562,0.007617636,0.013815325,-0.037355562,5.78E-05
10,-4,14,0,0.579871633,0.031010247,0.005124194,0.009259805,-0.036825798,3.18E-05
10,-2,14,0,0.581841432,0.030984917,0.002508204,0.004614872,-0.036517498,2.40E-05
10,0,14,0,0.582526602,0.030979979,-4.12E-07,-1.24E-06,-0.03641473,-1.05E-07
10,2,14,0,0.581841619,0.030984902,-0.002509003,-0.004617344,-0.036517789,-2.42E-05
10,4,14,0,0.579871977,0.031010229,-0.005124894,-0.009262178,-0.036826244,-3.21E-05
10,6,14,0,0.576611978,0.03104559,-0.007618293,-0.013817641,-0.037356189,-5.80E-05
12,-6,14,0,0.722716267,0.040745824,0.006787784,0.01577602,-0.085275809,0.000452711
12,-4,14,0,0.726926963,0.040786302,0.004570266,0.010573505,-0.085073827,0.000296002
12,-2,14,0,0.729470715,0.040806562,0.002226471,0.005270965,-0.084964933,0.000156165
12,0,14,0,0.730352029,0.040817671,-5.72E-07,-1.88E-06,-0.084929874,-2.11E-07
12,2,14,0,0.729470856,0.040806554,-0.002227556,-0.005274697,-0.084965304,-0.000156595
12,4,14,0,0.726927309,0.040786319,-0.004571306,-0.010577173,-0.085074393,-0.000296428
12,6,14,0,0.722716489,0.040745813,-0.006788721,-0.015779547,-0.085276498,-0.000453143
14,-6,14,0,0.868045563,0.052453706,0.005853131,0.017722705,-0.133880639,0.00079534
14,-4,14,0,0.873133667,0.052577515,0.00388318,0.011848986,-0.133899337,0.000532614
14,-2,14,0,0.876318182,0.052660703,0.001909511,0.005922477,-0.134103499,0.000270682
14,0,14,0,0.877393684,0.052691128,-7.80E-07,-2.71E-06,-0.134135596,-3.96E-07
14,2,14,0,0.876318023,0.052660686,-0.001910912,-0.005927737,-0.134103808,-0.000271453
14,4,14,0,0.873133548,0.052577517,-0.003884448,-0.01185409,-0.133899889,-0.000533383
14,6,14,0,0.868045316,0.0524537,-0.005854411,-0.017727772,-0.133881444,-0.00079611
16,-6,14,0,1.012346168,0.066108648,0.004818477,0.019652919,-0.182998004,0.001084358
16,-4,14,0,1.018373679,0.066337568,0.003188316,0.013139639,-0.183345861,0.000725376
16,-2,14,0,1.022131114,0.066486012,0.001559119,0.006567237,-0.183760386,0.000366669
16,0,14,0,1.023312369,0.066530985,-1.08E-06,-4.82E-06,-0.183842161,-9.46E-07
16,2,14,0,1.022131515,0.06648582,-0.00156076,-0.006575897,-0.183763451,-0.000368449
16,4,14,0,1.018374224,0.066337622,-0.003189952,-0.013148116,-0.18334894,-0.00072713
16,6,14,0,1.012344676,0.066108419,-0.004820031,-0.019661147,-0.183000395,-0.001086084
18,-6,14,0,1.155385936,0.081638271,0.003690413,0.021564738,-0.232472124,0.001318439
18,-4,14,0,1.162342109,0.081985761,0.002430643,0.014418565,-0.233148164,0.000881436
18,-2,14,0,1.166666868,0.082207965,0.00117732,0.00720638,-0.233773073,0.000444192
18,0,14,0,1.168032943,0.082276266,-9.66E-07,-5.46E-06,-0.233924798,-1.30E-06
18,2,14,0,1.166667718,0.08220771,-0.001179513,-0.007218049,-0.233777464,-0.000446917
18,4,14,0,1.162342121,0.08198575,-0.002432764,-0.014430041,-0.233151786,-0.000884155
18,6,14,0,1.155383255,0.081637427,-0.003692272,-0.021575828,-0.232474661,-0.0013212
20,-6,14,0,1.296915547,0.098958715,0.002476069,0.02345683,-0.282119915,0.001496534
20,-4,14,0,1.304793279,0.099438874,0.001614959,0.015683918,-0.283126164,0.000999762
20,-2,14,0,1.30958126,0.099735053,0.000836923,0.0078774,-0.283805865,0.000497461
20,0,14,0,1.311227995,0.099837198,-1.16E-06,-7.10E-06,-0.284180412,-1.91E-06
20,2,14,0,1.309581991,0.099735036,-0.000839663,-0.007892733,-0.283810883,-0.000501517
20,4,14,0,1.304792692,0.099438766,-0.001617568,-0.015698971,-0.283130397,-0.001003792
20,6,14,0,1.296909931,0.098955989,-0.002479228,-0.023469694,-0.282128219,-0.001499894
-10,-6,16,0,-0.889348065,0.051898115,0.00960095,-0.006529022,0.387582269,-0.006599519
-10,-4,16,0,-0.895586685,0.052028086,0.006419551,-0.004372231,0.391077788,-0.004422192
-10,-2,16,0,-0.899342225,0.05210563,0.003222817,-0.00218964,0.39318256,-0.002219668
-10,0,16,0,-0.900595382,0.052132373,3.64E-06,1.30E-06,0.393866825,-8.14E-07
-10,2,16,0,-0.899340918,0.052105247,-0.003215527,0.002192201,0.393182171,0.002217977
-10,4,16,0,-0.895583497,0.052026823,-0.006412197,0.004374556,0.39107636,0.004420353
-10,6,16,0,-0.889342734,0.05189662,-0.009594256,0.006530649,0.387578883,0.006597836
-8,-6,16,0,-0.749396855,0.040567962,0.009888364,-0.004546497,0.354423083,-0.005747065
-8,-4,16,0,-0.754711934,0.040606231,0.00660185,-0.003049504,0.35765326,-0.003848212
-8,-2,16,0,-0.757922136,0.040630734,0.003315762,-0.001526538,0.359614012,-0.001932124
-8,0,16,0,-0.758981278,0.040639035,2.25E-06,8.03E-07,0.360239348,-6.02E-07
-8,2,16,0,-0.757918327,0.040630204,-0.00331137,0.001528202,0.359611487,0.001931122
-8,4,16,0,-0.754710631,0.040606117,-0.006596963,0.003051798,0.357652481,0.003847133
-8,6,16,0,-0.749397012,0.040567528,-0.009882271,0.004549323,0.354423641,0.005745699
-6,-6,16,0,-0.607761647,0.031198879,0.010066872,-0.002562991,0.31929119,-0.004933372
-6,-4,16,0,-0.612146656,0.031162477,0.006719966,-0.001722778,0.322254185,-0.003302646
-6,-2,16,0,-0.614796171,0.03114174,0.003377966,-0.000859795,0.32405815,-0.001659068
-6,0,16,0,-0.615661321,0.031134152,1.71E-06,6.30E-07,0.324622847,-4.09E-07
-6,2,16,0,-0.614798371,0.031141266,-0.003374896,0.000860428,0.324059622,0.001658404
-6,4,16,0,-0.612146007,0.031162552,-0.0067169,0.001723889,0.322253238,0.003301909
-6,6,16,0,-0.607760896,0.031198816,-0.010063879,0.00256415,0.319290042,0.004932688
-4,-6,16,0,-0.464673505,0.023847259,0.010146346,-0.000572059,0.282279979,-0.004162984
-4,-4,16,0,-0.468121349,0.023752342,0.006771606,-0.000390985,0.284967509,-0.002786154
-4,-2,16,0,-0.470209336,0.023696401,0.003406326,-0.000191061,0.286610059,-0.001400402
-4,0,16,0,-0.470937794,0.023677706,1.17E-06,4.68E-07,0.287207893,-2.43E-07
-4,2,16,0,-0.47020916,0.023696517,-0.003403946,0.000192121,0.286609802,0.001399905
-4,4,16,0,-0.468121424,0.02375246,-0.006769209,0.000392197,0.284967173,0.002785666
-4,6,16,0,-0.464675492,0.023847141,-0.01014399,0.00057316,0.282280895,0.004162548
-2,-6,16,0,-0.320373992,0.018559387,0.010120922,0.00142249,0.243490149,-0.003436608
-2,-4,16,0,-0.32287717,0.01842261,0.006752914,0.000943235,0.245891437,-0.00229928
-2,-2,16,0,-0.324400795,0.018341317,0.003399035,0.000478916,0.247366905,-0.001156527
-2,0,16,0,-0.324931247,0.018313314,7.76E-07,5.46E-07,0.24790833,-1.52E-07
-2,2,16,0,-0.324401243,0.018341275,-0.003397474,-0.00047778,0.247367082,0.001156238
-2,4,16,0,-0.322877833,0.018422572,-0.006751398,-0.0009421,0.245891606,0.002298998
-2,6,16,0,-0.32037455,0.018559389,-0.010119444,-0.001421361,0.243490084,0.003436329
0,-6,16,0,-0.175094363,0.015369268,0.009987168,0.003419114,0.203022857,-0.002755041
0,-4,16,0,-0.176647313,0.015207435,0.006661528,0.002278607,0.205128342,-0.001842517
0,-2,16,0,-0.177608207,0.015110986,0.003356083,0.001149502,0.20643516,-0.000927901
0,0,16,0,-0.177952768,0.01507704,4.52E-07,2.74E-07,0.206925236,-8.31E-08
0,2,16,0,-0.177608671,0.015110986,-0.003355217,-0.001149039,0.206435435,0.00092774
0,4,16,0,-0.176648365,0.015207351,-0.006660581,-0.002277723,0.205129535,0.001842365
0,6,16,0,-0.175094888,0.015369189,-0.009986262,-0.003418373,0.203024163,0.002754902
2,-6,16,0,-0.02907502,0.014299733,0.009742439,0.005416206,0.160994499,-0.002119075
2,-4,16,0,-0.029674163,0.014129686,0.006496072,0.003614624,0.162794149,-0.001416433
2,-2,16,0,-0.030068197,0.014028418,0.003275771,0.001820335,0.163926108,-0.000714604
2,0,16,0,-0.030228407,0.013992807,3.37E-07,2.24E-07,0.16437162,-5.32E-08
2,2,16,0,-0.030067809,0.014028396,-0.003275096,-0.001819872,0.163925515,0.000714496
2,4,16,0,-0.029675796,0.014129695,-0.006495114,-0.003613502,0.162795636,0.001416328
2,6,16,0,-0.029075854,0.014299663,-0.009741689,-0.005415497,0.160994563,0.002118965
4,-6,16,0,0.11743771,0.015361448,0.009383944,0.007409743,0.117526778,-0.001529571
4,-4,16,0,0.117743811,0.015201826,0.006302188,0.004968785,0.119097441,-0.001030645
4,-2,16,0,0.117927378,0.015101842,0.003107873,0.002469,0.12004054,-0.000508301
4,0,16,0,0.118005435,0.015070224,-3.65E-07,-2.89E-07,0.12035423,3.71E-08
4,2,16,0,0.11792765,0.015101849,-0.003108577,-0.002469559,0.12004024,0.000508373
4,4,16,0,0.117744422,0.015201846,-0.006302859,-0.00496934,0.119096811,0.00103071
4,6,16,0,0.11743879,0.01536147,-0.009384581,-0.007410298,0.117525696,0.001529629
6,-6,16,0,0.264204529,0.018553483,0.008912468,0.009399016,0.072744416,-0.000987668
6,-4,16,0,0.265462659,0.018419304,0.00598924,0.006301922,0.074005477,-0.000668101
6,-2,16,0,0.266219185,0.018334385,0.002946344,0.003134937,0.074761743,-0.000326314
6,0,16,0,0.266493437,0.018308323,-4.91E-07,-4.53E-07,0.075012362,1.82E-08
6,2,16,0,0.266219752,0.018334406,-0.002947324,-0.003135855,0.07476107,0.00032635
6,4,16,0,0.265460879,0.018419289,-0.00599007,-0.006302671,0.074006529,0.000668146
6,6,16,0,0.264203045,0.018553459,-0.008913188,-0.009399709,0.072745088,0.000987704
8,-6,16,0,0.410969658,0.023862797,0.008328068,0.011381174,0.026790856,-0.000494398
8,-4,16,0,0.413181262,0.02377064,0.005600355,0.007630219,0.027735045,-0.000338089
8,-2,16,0,0.414516756,0.023710862,0.002747005,0.003798554,0.028295963,-0.000160771
8,0,16,0,0.414986906,0.023693787,-6.18E-07,-7.57E-07,0.02848258,4.79E-09
8,2,16,0,0.414518759,0.023710936,-0.002747964,-0.003800103,0.028295047,0.000160726
8,4,16,0,0.413183288,0.023770696,-0.005601305,-0.007631755,0.027733929,0.00033804
8,6,16,0,0.410971949,0.023862854,-0.00832897,-0.011382678,0.026789381,0.000494342
10,-6,16,0,0.557484484,0.031264457,0.00763243,0.013354173,-0.020188819,-5.08E-05
10,-4,16,0,0.560648649,0.031230642,0.005136718,0.008952331,-0.019567413,-4.14E-05
10,-2,16,0,0.562561092,0.031205969,0.002510569,0.004458782,-0.019202667,-1.22E-05
10,0,16,0,0.563226899,0.031201171,-3.97E-07,-1.27E-06,-0.019082049,-1.22E-07
10,2,16,0,0.562560681,0.031205808,-0.0025114,-0.00446142,-0.019203407,1.19E-05
10,4,16,0,0.560649558,0.031230585,-0.005137726,-0.008954719,-0.019568,4.12E-05
10,6,16,0,0.557485509,0.031264383,-0.007633363,-0.013356535,-0.02018971,5.06E-05
12,-6,16,0,0.703499568,0.040721855,0.006828418,0.015315439,-0.06803973,0.000341767
12,-4,16,0,0.707613537,0.040762171,0.004600162,0.010266484,-0.067746749,0.000221329
12,-2,16,0,0.710098629,0.040782053,0.00223751,0.005115268,-0.067581508,0.000119277
12,0,16,0,0.710960911,0.040793115,-5.61E-07,-1.95E-06,-0.067527885,-2.38E-07
12,2,16,0,0.710098756,0.040782029,-0.002238578,-0.005119121,-0.067581829,-0.000119755
12,4,16,0,0.707613703,0.040762149,-0.004601221,-0.010270303,-0.067747211,-0.000221798
12,6,16,0,0.703499543,0.040721661,-0.00682937,-0.015319292,-0.068041615,-0.00034228
14,-6,16,0,0.84876475,0.052186411,0.0059194,0.017263244,-0.11660423,0.000682368
14,-4,16,0,0.853751682,0.052307918,0.003926064,0.011540941,-0.116525481,0.000457163
14,-2,16,0,0.856881835,0.052390411,0.00192926,0.005767158,-0.116680305,0.00023307
14,0,16,0,0.857927656,0.052420151,-1.47E-06,-5.31E-06,-0.116684205,-8.39E-07
14,2,16,0,0.856881634,0.052390331,-0.001930602,-0.005772639,-0.116680657,-0.000233918
14,4,16,0,0.853751668,0.052307885,-0.003927353,-0.011546266,-0.116526146,-0.000457994
14,6,16,0,0.848764238,0.052186222,-0.005921191,-0.017268347,-0.116608893,-0.000683111
16,-6,16,0,0.993030077,0.06559838,0.004910328,0.01919594,-0.165714838,0.000969842
16,-4,16,0,0.998956306,0.065823557,0.003248286,0.012833174,-0.16596321,0.000648884
16,-2,16,0,1.002660817,0.065970305,0.001587661,0.006413712,-0.16633264,0.000328739
16,0,16,0,1.003822691,0.066014862,-8.57E-07,-3.68E-06,-0.166396206,-6.74E-07
16,2,16,0,1.002659825,0.065970192,-0.001589231,-0.006421006,-0.166332521,-0.000330107
16,4,16,0,0.998956316,0.065823394,-0.003250662,-0.012840567,-0.165969663,-0.000650173
16,6,16,0,0.993028984,0.06559809,-0.004912643,-0.019203123,-0.165720898,-0.000971106
18,-6,16,0,1.136059636,0.080888289,0.003808099,0.02111017,-0.215208316,0.001202278
18,-4,16,0,1.142913315,0.081230288,0.002507898,0.014113563,-0.215784075,0.000803803
18,-2,16,0,1.147183423,0.081449949,0.001214326,0.00705259,-0.216359861,0.000405454
18,0,16,0,1.148525956,0.081517487,-1.31E-06,-6.51E-06,-0.216487104,-1.46E-06
18,2,16,0,1.147184406,0.081449715,-0.001216465,-0.007064364,-0.216364491,-0.000408184
18,4,16,0,1.142913746,0.081230372,-0.002509941,-0.014125042,-0.215788301,-0.000806519
18,6,16,0,1.13605699,0.080887429,-0.003809833,-0.021121267,-0.215211038,-0.00120506
20,-6,16,0,1.277607051,0.097972187,0.002619136,0.023005285,-0.264905189,0.001379073
20,-4,16,0,1.285381842,0.098445286,0.001709319,0.015381133,-0.265810957,0.00092129
20,-2,16,0,1.290108209,0.098737145,0.000885807,0.0077265,-0.266434131,0.000458068
20,0,16,0,1.291737658,0.098839237,-1.64E-06,-8.59E-06,-0.266790561,-2.19E-06
20,2,16,0,1.290109067,0.098737229,-0.000888328,-0.007741728,-0.266439345,-0.000462115
20,4,16,0,1.285381958,0.098445295,-0.001711707,-0.01539598,-0.265816209,-0.000925286
20,6,16,0,1.277602042,0.097969693,-0.002622164,-0.023018045,-0.264913736,-0.00138244
-10,-6,18,0,-0.905354596,0.054260257,0.009389968,-0.006951246,0.401847319,-0.006677331
-10,-4,18,0,-0.911673054,0.054406008,0.006279621,-0.004654489,0.405417311,-0.004474689
-10,-2,18,0,-0.915475194,0.054493027,0.003154852,-0.002330259,0.407565746,-0.00224659
-10,0,18,0,-0.916740407,0.054522496,3.76E-06,1.27E-06,0.408259605,-8.56E-07
-10,2,18,0,-0.915473667,0.054492273,-0.003147167,0.00233287,0.40756528,0.002244744
-10,4,18,0,-0.911668431,0.054404587,-0.006271963,0.004656852,0.405414749,0.004472762
-10,6,18,0,-0.905348177,0.05425902,-0.009382907,0.006953054,0.401843113,0.006675605
-8,-6,18,0,-0.765745917,0.042774619,0.009698512,-0.004971921,0.369025283,-0.005829618
-8,-4,18,0,-0.771137924,0.042826902,0.006473848,-0.003334554,0.372326015,-0.003903264
-8,-2,18,0,-0.774396781,0.042859731,0.003253699,-0.001668585,0.374332719,-0.001960179
-8,0,18,0,-0.775469313,0.042871394,2.29E-06,7.38E-07,0.374968611,-6.24E-07
-8,2,18,0,-0.774393906,0.042859649,-0.003248999,0.001670353,0.374330632,0.001959143
-8,4,18,0,-0.77113801,0.042826806,-0.006468682,0.00333698,0.372326024,0.003902111
-8,6,18,0,-0.765746878,0.042774479,-0.009692771,0.004974746,0.369026953,0.005828324
-6,-6,18,0,-0.624432541,0.033237004,0.009895554,-0.002992614,0.334205592,-0.005019531
-6,-4,18,0,-0.628896191,0.033213603,0.006604276,-0.002010774,0.337240897,-0.003360093
-6,-2,18,0,-0.631594061,0.033200899,0.00332207,-0.001003296,0.33909136,-0.001688353
-6,0,18,0,-0.632513211,0.033195402,1.01E-05,5.17E-06,0.339737889,-2.15E-06
-6,2,18,0,-0.631595209,0.033200488,-0.003318639,0.001004193,0.339092088,0.001687598
-6,4,18,0,-0.628899374,0.033213281,-0.006600982,0.002011373,0.337242689,0.003359399
-6,6,18,0,-0.624432382,0.033237102,-0.0098924,0.002993801,0.334204465,0.0050188
-4,-6,18,0,-0.481646897,0.025705516,0.009994701,-0.001005287,0.297484582,-0.004252685
-4,-4,18,0,-0.485174555,0.025622465,0.006669095,-0.000681409,0.300245827,-0.002845991
-4,-2,18,0,-0.487311683,0.025573841,0.003357039,-0.000335745,0.301935703,-0.001430861
-4,0,18,0,-0.488057041,0.025557068,1.30E-06,5.62E-07,0.302551263,-2.66E-07
-4,2,18,0,-0.48731178,0.025573955,-0.00335438,0.00033701,0.301935539,0.001430319
-4,4,18,0,-0.485174817,0.025622616,-0.006666407,0.000682851,0.300245552,0.002845449
-4,6,18,0,-0.481648406,0.025705479,-0.00999203,0.001006735,0.29748494,0.00425218
-2,-6,18,0,-0.337630051,0.020227414,0.009989922,0.000986188,0.258962105,-0.003529758
-2,-4,18,0,-0.340214538,0.020101238,0.006664201,0.000650739,0.261438702,-0.002361434
-2,-2,18,0,-0.341789018,0.020026448,0.003356682,0.000333171,0.262962776,-0.001188137
-2,0,18,0,-0.342332976,0.019999625,8.96E-07,6.14E-07,0.263515587,-1.76E-07
-2,2,18,0,-0.341789342,0.020026396,-0.003354857,-0.000331853,0.262962788,0.001187796
-2,4,18,0,-0.340215258,0.020101179,-0.006662446,-0.000649399,0.261438753,0.002361105
-2,6,18,0,-0.337630687,0.020227378,-0.009988206,-0.000984842,0.258961947,0.003529435
0,-6,18,0,-0.192611127,0.016837634,0.00987766,0.002980171,0.218738147,-0.00285149
0,-4,18,0,-0.194247558,0.016685098,0.00658716,0.001984183,0.220920979,-0.00190688
0,-2,18,0,-0.195260269,0.016594382,0.003320981,0.001003017,0.222277089,-0.000960609
0,0,18,0,-0.195628223,0.016562422,5.67E-07,4.28E-07,0.222794645,-1.04E-07
0,2,18,0,-0.19526063,0.016594373,-0.0033199,-0.001002246,0.222277271,0.000960414
0,4,18,0,-0.194247786,0.016685015,-0.006585997,-0.001983234,0.220921486,0.001906699
0,6,18,0,-0.192611575,0.016837537,-0.009876548,-0.002979313,0.218739437,0.002851316
2,-6,18,0,-0.046827611,0.01556009,0.009655541,0.004975847,0.176925977,-0.002218674
2,-4,18,0,-0.047512095,0.015398062,0.006436661,0.003319103,0.178805199,-0.001482909
2,-2,18,0,-0.047959907,0.015301624,0.003248258,0.001673367,0.179987385,-0.000748348
2,0,18,0,-0.048144514,0.015267679,4.26E-07,3.55E-07,0.180462584,-6.33E-08
2,2,18,0,-0.04795943,0.015301666,-0.003247318,-0.001672388,0.179987689,0.000748229
2,4,18,0,-0.047513719,0.015398083,-0.006435564,-0.003317658,0.178806914,0.001482802
2,6,18,0,-0.046829782,0.01556008,-0.009654432,-0.004974426,0.176927991,0.002218558
4,-6,18,0,0.099471728,0.016406637,0.00931958,0.006967299,0.133651767,-0.001632125
4,-4,18,0,0.099688179,0.016253723,0.006261729,0.004673674,0.135308008,-0.001099827
4,-2,18,0,0.099816941,0.016157412,0.003083659,0.002319406,0.136303407,-0.000542269
4,0,18,0,0.099876761,0.016127118,-3.92E-07,-3.00E-07,0.136634748,4.16E-08
4,2,18,0,0.099818239,0.016157411,-0.003084187,-0.002320019,0.136302174,0.000542308
4,4,18,0,0.099688577,0.016253741,-0.00626243,-0.004674231,0.135307506,0.001099898
4,6,18,0,0.099472676,0.016406657,-0.009320219,-0.006967837,0.13365074,0.001632186
6,-6,18,0,0.246049208,0.019377267,0.008872139,0.008955643,0.089034951,-0.001093108
6,-4,18,0,0.247216837,0.019248391,0.005964733,0.006006283,0.090382055,-0.000739168
6,-2,18,0,0.247918501,0.019166278,0.00293005,0.002985013,0.091191931,-0.000361255
6,0,18,0,0.248174671,0.01914125,-4.94E-07,-4.58E-07,0.091460098,1.51E-08
6,2,18,0,0.247918962,0.019166293,-0.002931028,-0.002985928,0.091191389,0.000361285
6,4,18,0,0.247215353,0.019248366,-0.005965347,-0.006006916,0.090384059,0.000739177
6,6,18,0,0.246048336,0.019377266,-0.008872325,-0.008956269,0.089035935,0.001093059
8,-6,18,0,0.392652092,0.024460282,0.008311159,0.010937241,0.043219551,-0.000602369
8,-4,18,0,0.394771752,0.02437192,0.005591635,0.007334136,0.044251519,-0.000410845
8,-2,18,0,0.39605156,0.024314072,0.002738733,0.003648435,0.044865773,-0.000196616
8,0,18,0,0.396503538,0.024297735,-6.53E-07,-7.86E-07,0.045070026,9.88E-10
8,2,18,0,0.396051321,0.024314037,-0.00274002,-0.003650006,0.04486555,0.000196613
8,4,18,0,0.394771374,0.024371853,-0.005592859,-0.007335637,0.044251126,0.000410838
8,6,18,0,0.392651609,0.024460177,-0.008312289,-0.010938708,0.043218868,0.000602351
10,-6,18,0,0.539028975,0.031631779,0.007639878,0.012910248,-0.003649377,-0.000161247
10,-4,18,0,0.542100376,0.031600258,0.005144309,0.008656276,-0.002939517,-0.000115703
10,-2,18,0,0.543955324,0.031576456,0.002510254,0.004308863,-0.002521273,-4.88E-05
10,0,18,0,0.544603407,0.03157223,-7.23E-07,-1.16E-06,-0.002382637,-6.82E-08
10,2,18,0,0.543955298,0.031576424,-0.002511689,-0.004311191,-0.002521719,4.86E-05
10,4,18,0,0.542100114,0.031600164,-0.005145673,-0.008658505,-0.002940139,0.000115557
10,6,18,0,0.539028614,0.031631661,-0.007641205,-0.012912458,-0.00365033,0.000161094
12,-6,18,0,0.684931708,0.040856365,0.006860326,0.014872442,-0.051419645,0.000229224
12,-4,18,0,0.68895168,0.040897523,0.004623734,0.009970841,-0.051035773,0.0001456
12,-2,18,0,0.691381095,0.040917622,0.002245497,0.00496556,-0.050817244,8.19E-05
12,0,18,0,0.692224605,0.040928782,-8.65E-07,-1.69E-06,-0.050745506,-1.73E-07
12,2,18,0,0.691380754,0.040917524,-0.002247179,-0.004968914,-0.050817616,-8.22E-05
12,4,18,0,0.688951976,0.040897573,-0.004625696,-0.009974312,-0.05103696,-0.000145904
12,6,18,0,0.684931186,0.040856237,-0.006861912,-0.014875633,-0.051420553,-0.000229576
14,-6,18,0,0.830111412,0.052086905,0.005976177,0.016821627,-0.099931832,0.000567871
14,-4,18,0,0.834999747,0.052207224,0.003962414,0.011244502,-0.099754585,0.000380635
14,-2,18,0,0.838076928,0.052289538,0.001945577,0.005617872,-0.099861574,0.000194965
14,0,18,0,0.839034925,0.052313789,-1.05E-06,-2.34E-06,-0.099841777,-3.18E-07
14,2,18,0,0.838076177,0.052289328,-0.001947615,-0.00562263,-0.099861831,-0.000195636
14,4,18,0,0.834999261,0.052207114,-0.003964527,-0.011249202,-0.099755195,-0.000381278
14,6,18,0,0.83011023,0.052086712,-0.0059782,-0.016826244,-0.09993246,-0.000568523
16,-6,18,0,0.974316769,0.06526472,0.004992041,0.018756205,-0.149018456,0.000853634
16,-4,18,0,0.980144269,0.065487015,0.003301513,0.012538653,-0.149170562,0.000571314
16,-2,18,0,0.983794507,0.06563273,0.001612339,0.006265129,-0.149488199,0.000290053
16,0,18,0,0.98493663,0.065676962,-1.26E-06,-3.23E-06,-0.14953334,-5.50E-07
16,2,18,0,0.983793068,0.065632524,-0.001614744,-0.006271553,-0.149487842,-0.00029117
16,4,18,0,0.980143137,0.065486877,-0.003304048,-0.012545123,-0.149170733,-0.000572421
16,6,18,0,0.974314785,0.065264445,-0.004994521,-0.018762614,-0.149018553,-0.000854747
18,-6,18,0,1.117312359,0.080320211,0.003914299,0.020673069,-0.198516417,0.001084881
18,-4,18,0,1.124068452,0.080658677,0.002577644,0.013821092,-0.198996692,0.000725443
18,-2,18,0,1.128283077,0.080875918,0.001247582,0.006906366,-0.199524364,0.000366658
18,0,18,0,1.129609514,0.080943347,-1.50E-06,-4.38E-06,-0.199634881,-8.97E-07
18,2,18,0,1.128281334,0.080875766,-0.001250655,-0.006915208,-0.199523996,-0.000368466
18,4,18,0,1.124066932,0.080658511,-0.0025807,-0.013829866,-0.198996685,-0.000727241
18,6,18,0,1.117309342,0.080319903,-0.003917324,-0.020681764,-0.198516096,-0.001086682
20,-6,18,0,1.25885023,0.097174774,0.002750647,0.022569605,-0.248235995,0.001259867
20,-4,18,0,1.266525214,0.097642017,0.001796004,0.015088936,-0.249044599,0.000841618
20,-2,18,0,1.27119411,0.097930769,0.000930753,0.007580715,-0.249613381,0.000417986
20,0,18,0,1.272808103,0.098032344,-1.58E-06,-8.58E-06,-0.249958309,-2.18E-06
20,2,18,0,1.271195346,0.097930864,-0.000933156,-0.007595988,-0.249619517,-0.000422052
20,4,18,0,1.26652608,0.097642096,-0.001798176,-0.015103702,-0.249050964,-0.000845608
20,6,18,0,1.258846051,0.09717253,-0.002753596,-0.022582491,-0.248244955,-0.001263299
-10,-6,20,0,-0.920490278,0.056604609,0.009184729,-0.007352936,0.415356636,-0.006755279
-10,-4,20,0,-0.926884881,0.05676586,0.00614329,-0.004923171,0.418997987,-0.004527208
-10,-2,20,0,-0.93073151,0.056862227,0.003088562,-0.002464138,0.421188127,-0.002273485
-10,0,20,0,-0.932007557,0.056894467,3.90E-06,1.25E-06,0.421890522,-9.30E-07
-10,2,20,0,-0.930729635,0.056861174,-0.003080542,0.002466745,0.421187201,0.002271509
-10,4,20,0,-0.92687945,0.056764404,-0.006135375,0.004925559,0.418994575,0.004525225
-10,6,20,0,-0.920484455,0.056603788,-0.009177095,0.007355153,0.41535299,0.006753483
-8,-6,20,0,-0.781230144,0.044979647,0.009512716,-0.005377156,0.382872447,-0.005912292
-8,-4,20,0,-0.786694534,0.045045615,0.006349173,-0.003605844,0.386238614,-0.003958504
-8,-2,20,0,-0.78999771,0.04508704,0.00319314,-0.00180367,0.388289175,-0.001988367
-8,0,20,0,-0.791085361,0.04510141,2.31E-06,6.88E-07,0.388936409,-5.72E-07
-8,2,20,0,-0.789996719,0.045087216,-0.003188024,0.001805661,0.388288171,0.001987203
-8,4,20,0,-0.786696689,0.045045756,-0.006343161,0.003608641,0.386240744,0.003957173
-8,6,20,0,-0.781232246,0.04497949,-0.009506681,0.005380103,0.382874645,0.005910927
-6,-6,20,0,-0.640245709,0.035289499,0.009727042,-0.003402067,0.348366364,-0.005105892
-6,-4,20,0,-0.644783694,0.035278999,0.006490531,-0.002285226,0.351470153,-0.003417692
-6,-2,20,0,-0.647527448,0.035274275,0.003267029,-0.001140063,0.353364674,-0.001717685
-6,0,20,0,-0.648469049,0.035271632,2.44E-06,2.59E-06,0.354038702,-5.29E-07
-6,2,20,0,-0.647527473,0.035274016,-0.003263279,0.00114126,0.353364589,0.001716839
-6,4,20,0,-0.644786688,0.035278671,-0.006486876,0.002286036,0.351471859,0.003416926
-6,6,20,0,-0.640249448,0.035289207,-0.009723447,0.003402869,0.348368144,0.005105142
-4,-6,20,0,-0.497770889,0.027593959,0.00984463,-0.001418385,0.31193801,-0.004342666
-4,-4,20,0,-0.501374074,0.027522778,0.006567668,-0.000958324,0.314769146,-0.002906022
-4,-2,20,0,-0.503557683,0.027481481,0.003308209,-0.000473692,0.316503854,-0.0014614
-4,0,20,0,-0.50432197,0.027467126,1.46E-06,6.92E-07,0.317140615,-2.95E-07
-4,2,20,0,-0.50355778,0.02748158,-0.003305235,0.000475209,0.316503689,0.001460802
-4,4,20,0,-0.501374511,0.027522933,-0.006564721,0.000960023,0.314768762,0.002905437
-4,6,20,0,-0.497772141,0.027593991,-0.009841621,0.00142019,0.311937988,0.004342091
-2,-6,20,0,-0.354046277,0.021941201,0.009859235,0.000569928,0.273686586,-0.003623252
-2,-4,20,0,-0.356708012,0.021825725,0.006575763,0.000371678,0.276234784,-0.002423833
-2,-2,20,0,-0.358330791,0.021757486,0.003314353,0.000194106,0.277805029,-0.001219845
-2,0,20,0,-0.358896086,0.02173318,1.02E-06,6.94E-07,0.278383947,-1.98E-07
-2,2,20,0,-0.358331142,0.021757434,-0.003312278,-0.000192617,0.277804885,0.001219458
-2,4,20,0,-0.356708828,0.02182565,-0.006573751,-0.000370141,0.276234745,0.002423454
-2,6,20,0,-0.35404707,0.021941128,-0.009857266,-0.00056836,0.27368639,0.003622881
0,-6,20,0,-0.209299138,0.018367022,0.00976722,0.002561187,0.233710974,-0.002948341
0,-4,20,0,-0.211014447,0.01822401,0.006512264,0.00170337,0.235966944,-0.001971529
0,-2,20,0,-0.212076877,0.018139121,0.003285495,0.000863184,0.237370263,-0.000993441
0,0,20,0,-0.212468596,0.018109316,6.92E-07,5.83E-07,0.237916491,-1.26E-07
0,2,20,0,-0.21207733,0.018139095,-0.003284175,-0.000862102,0.237370497,0.000993206
0,4,20,0,-0.211014573,0.018223904,-0.006510834,-0.001702127,0.235967392,0.001971311
0,6,20,0,-0.209299536,0.018366903,-0.009765872,-0.002560202,0.233712266,0.002948127
2,-6,20,0,-0.063764509,0.016896355,0.009566161,0.004554921,0.192122375,-0.002318702
2,-4,20,0,-0.064531946,0.016742609,0.006375634,0.003036337,0.19407814,-0.001549706
2,-2,20,0,-0.06502899,0.016651303,0.003219743,0.001532526,0.195308361,-0.000782242
2,0,20,0,-0.065230116,0.016618519,5.15E-07,5.52E-07,0.195798054,-7.18E-08
2,2,20,0,-0.065028118,0.016651291,-0.00321873,-0.001531499,0.195307414,0.000782099
2,4,20,0,-0.064531233,0.01674265,-0.00637459,-0.003035107,0.194078167,0.001549584
2,6,20,0,-0.063766775,0.016896362,-0.009564912,-0.004553177,0.192124749,0.002318586
4,-6,20,0,0.082311897,0.017542115,0.009252441,0.006545508,0.149043843,-0.001735206
4,-4,20,0,0.082442384,0.017396233,0.006219106,0.004392237,0.150782611,-0.001169312
4,-2,20,0,0.082518292,0.017303872,0.003058729,0.002176719,0.151828963,-0.000576437
4,0,20,0,0.082555846,0.017275021,-9.78E-07,-6.64E-07,0.152181596,1.22E-07
4,2,20,0,0.08251388,0.017303942,-0.003059685,-0.002177284,0.151832766,0.000576579
4,4,20,0,0.082437439,0.01739634,-0.006219903,-0.004392377,0.150787234,0.001169445
4,6,20,0,0.082307151,0.017542107,-0.009252597,-0.006545132,0.14904893,0.001735275
6,-6,20,0,0.228682324,0.0203051,0.008826642,0.008531662,0.104605526,-0.00119899
6,-4,20,0,0.229763395,0.020181996,0.005936769,0.005723486,0.106035032,-0.000810536
6,-2,20,0,0.230412143,0.020102984,0.002912331,0.002841684,0.106895404,-0.000396392
6,0,20,0,0.230651254,0.020079096,-5.08E-07,-4.80E-07,0.107180096,1.44E-08
6,2,20,0,0.230412567,0.020102994,-0.002913335,-0.002842641,0.10689496,0.00039642
6,4,20,0,0.229761867,0.020181955,-0.005937442,-0.005724196,0.106037129,0.000810544
6,6,20,0,0.228681847,0.020305105,-0.008826902,-0.008532377,0.104606093,0.001198947
8,-6,20,0,0.375106335,0.025174933,0.008288519,0.010512666,0.058937442,-0.000710901
8,-4,20,0,0.377137889,0.025090935,0.005578951,0.007050963,0.06005336,-0.000483956
8,-2,20,0,0.378364337,0.025035381,0.002728662,0.003504893,0.060718658,-0.000232666
8,0,20,0,0.378799012,0.025019901,-6.95E-07,-8.04E-07,0.060939672,-1.58E-09
8,2,20,0,0.378364101,0.025035351,-0.002730018,-0.003506488,0.060718437,0.000232658
8,4,20,0,0.377137379,0.025090871,-0.005580245,-0.007052497,0.060053031,0.000483943
8,6,20,0,0.375105773,0.025174833,-0.008289695,-0.010514165,0.058936849,0.000710876
10,-6,20,0,0.52132799,0.03212871,0.0076405,0.012485502,0.012190006,-0.000272231
10,-4,20,0,0.524310355,0.032100136,0.005147173,0.008372988,0.012984611,-0.000190428
10,-2,20,0,0.526111484,0.032077791,0.002508053,0.004165234,0.013454441,-8.57E-05
10,0,20,0,0.526741804,0.0320741,-7.51E-07,-1.24E-06,0.013610258,-8.14E-08
10,2,20,0,0.526111062,0.032077701,-0.002509488,-0.004167644,0.013454225,8.55E-05
10,4,20,0,0.524309838,0.03210001,-0.005148586,-0.00837531,0.012984232,0.000190264
10,6,20,0,0.521327247,0.032128541,-0.007641835,-0.012487777,0.012189383,0.000272057
12,-6,20,0,0.667099741,0.041132154,0.006884562,0.014448053,-0.035485506,0.000115997
12,-4,20,0,0.671030164,0.041174882,0.004642414,0.009687846,-0.035016406,6.94E-05
12,-2,20,0,0.673404774,0.041195518,0.002251211,0.004822009,-0.034745585,4.42E-05
12,0,20,0,0.674230645,0.041206957,-8.75E-07,-1.75E-06,-0.034656713,-1.91E-07
12,2,20,0,0.673404364,0.04119542,-0.002252925,-0.004825498,-0.034745887,-4.46E-05
12,4,20,0,0.671030234,0.041174893,-0.004644368,-0.009691379,-0.035017361,-6.97E-05
12,6,20,0,0.667099135,0.041132003,-0.006886186,-0.014451368,-0.035486366,-0.000116384
14,-6,20,0,0.812173168,0.052139405,0.00602423,0.016398054,-0.083929977,0.000452613
14,-4,20,0,0.816967122,0.052259302,0.003993175,0.010960316,-0.083660415,0.000303603
14,-2,20,0,0.81999343,0.052341849,0.001959333,0.005474601,-0.083721605,0.000156556
14,0,20,0,0.820932633,0.052366257,-1.07E-06,-2.43E-06,-0.083684277,-3.46E-07
14,2,20,0,0.819992764,0.052341704,-0.001961425,-0.005479546,-0.08372183,-0.000157275
14,4,20,0,0.816966659,0.052259196,-0.003995317,-0.010965198,-0.083661067,-0.000304305
14,6,20,0,0.812172091,0.052139224,-0.006026308,-0.016402864,-0.083930634,-0.000453319
16,-6,20,0,0.956297421,0.065092956,0.005064025,0.018333947,-0.132976391,0.000736582
16,-4,20,0,0.962029709,0.065313302,0.003348322,0.012255378,-0.13303574,0.000493067
16,-2,20,0,0.96562898,0.065458493,0.001634154,0.006122304,-0.133307446,0.000251013
16,0,20,0,0.966752011,0.06550257,-1.28E-06,-3.34E-06,-0.1333349,-5.87E-07
16,2,20,0,0.965626948,0.065458238,-0.001636611,-0.006128939,-0.133306991,-0.000252195
16,4,20,0,0.962028538,0.06531316,-0.003350892,-0.012262062,-0.133035892,-0.000494244
16,6,20,0,0.956295309,0.065092698,-0.005066555,-0.018340558,-0.132976445,-0.000737756
18,-6,20,0,1.099236424,0.07992438,0.004010263,0.020252618,-0.182460916,0.000966255
18,-4,20,0,1.105897032,0.080259382,0.002640531,0.013539078,-0.182848914,0.000646147
18,-2,20,0,1.110060285,0.080475255,0.001277548,0.00676422,-0.183330395,0.000327067
18,0,20,0,1.111367394,0.080542232,-1.50E-06,-4.49E-06,-0.183423144,-9.38E-07
18,2,20,0,1.11005826,0.080475065,-0.001280592,-0.006773221,-0.183329815,-0.000328948
18,4,20,0,1.105895504,0.080259228,-0.0026436,-0.013548074,-0.182848794,-0.000648027
18,6,20,0,1.099233625,0.07992406,-0.004013241,-0.020261527,-0.182460764,-0.000968142
20,-6,20,0,1.240744329,0.096554514,0.002870052,0.022153352,-0.232205418,0.001140667
20,-4,20,0,1.248326286,0.097017851,0.001874502,0.01481041,-0.232923923,0.000762047
20,-2,20,0,1.252939845,0.097304155,0.000971669,0.007443392,-0.233440325,0.000378374
20,0,20,0,1.254539606,0.097405423,-1.73E-06,-5.93E-06,-0.233774429,-1.45E-06
20,2,20,0,1.252937325,0.0973039,-0.000975001,-0.007455101,-0.233439468,-0.000381273
20,4,20,0,1.248324254,0.097017637,-0.001877994,-0.014822218,-0.232923623,-0.000764931
20,6,20,0,1.24073983,0.096553935,-0.002873487,-0.022164987,-0.232204129,-0.001143544
