alpha_deg,beta_deg,deltaS_deg,deltaD_deg,CL,CD,CY,Cl,Cm,Cn,source_file
-10.0,-6.0,-20.0,0.0,-0.538355706539,0.029949603602,0.012643114492,-0.002110610591,0.081988259451,0.00593480665,pitch_-20_cleaned.csv
-10.0,-4.0,-20.0,0.0,-0.542801393114,0.029892092571,0.008425284185,-0.001400773954,0.083849103241,0.003969374947,pitch_-20_cleaned.csv
-10.0,-2.0,-20.0,0.0,-0.545478528117,0.029857888818,0.004183963372,-0.000687696379,0.084969119934,0.001981967865,pitch_-20_cleaned.csv
-10.0,0.0,-20.0,0.0,-0.546434324505,0.029850002378,1.228243e-06,-4.66286e-07,0.085443881075,4.38282e-07,pitch_-20_cleaned.csv
-10.0,2.0,-20.0,0.0,-0.545479348721,0.029857685789,-0.0041822119,0.000687353535,0.084971267643,-0.001981331356,pitch_-20_cleaned.csv
-10.0,4.0,-20.0,0.0,-0.542801678426,0.029891865328,-0.008422887479,0.001399823831,0.083849690005,-0.003968518746,pitch_-20_cleaned.csv
-10.0,6.0,-20.0,0.0,-0.538358097876,0.029949586838,-0.012640009833,0.002109197961,0.081990230829,-0.005933870609,pitch_-20_cleaned.csv
-8.0,-6.0,-20.0,0.0,-0.396098507413,0.022961847484,0.012433397902,-0.004107812503,0.045096913165,0.005023490388,pitch_-20_cleaned.csv
-8.0,-4.0,-20.0,0.0,-0.399679210199,0.022849071771,0.008327655103,-0.002752955306,0.046774882175,0.003369524734,pitch_-20_cleaned.csv
-8.0,-2.0,-20.0,0.0,-0.401803178962,0.022778319195,0.004137310023,-0.001365227828,0.047736525521,0.001681939013,pitch_-20_cleaned.csv
-8.0,0.0,-20.0,0.0,-0.402569048859,0.022757394239,9.66134e-07,-3.93227e-07,0.048148904395,3.23745e-07,pitch_-20_cleaned.csv
-8.0,2.0,-20.0,0.0,-0.401803452261,0.022778242826,-0.004135262863,0.001364384842,0.047736770111,-0.001681267424,pitch_-20_cleaned.csv
-8.0,4.0,-20.0,0.0,-0.399680156866,0.022848952562,-0.00832584097,0.002752200965,0.046776064952,-0.003368910457,pitch_-20_cleaned.csv
-8.0,6.0,-20.0,0.0,-0.396099258738,0.022961771116,-0.012432180202,0.004107520674,0.045096647555,-0.0050230609,pitch_-20_cleaned.csv
-6.0,-6.0,-20.0,0.0,-0.252701704126,0.018017048016,0.012183747171,-0.006128568235,0.006829301817,0.004170901767,pitch_-20_cleaned.csv
-6.0,-4.0,-20.0,0.0,-0.25535800966,0.017859384418,0.008158913166,-0.004105834581,0.008237230417,0.002797594476,pitch_-20_cleaned.csv
-6.0,-2.0,-20.0,0.0,-0.25692157727,0.017761586234,0.004054014506,-0.002044838914,0.009029393558,0.001395690161,pitch_-20_cleaned.csv
-6.0,0.0,-20.0,0.0,-0.257501596307,0.01773159951,6.94171e-07,-2.53905e-07,0.0093888927,2.14752e-07,pitch_-20_cleaned.csv
-6.0,2.0,-20.0,0.0,-0.256922014821,0.017761556432,-0.004052622706,0.002044331963,0.009029827855,-0.00139526199,pitch_-20_cleaned.csv
-6.0,4.0,-20.0,0.0,-0.255358104165,0.017859360203,-0.008158043919,0.004105716774,0.008236637631,-0.002797306358,pitch_-20_cleaned.csv
-6.0,6.0,-20.0,0.0,-0.252702344272,0.018017010763,-0.012182959249,0.006128475883,0.006829175179,-0.004170639116,pitch_-20_cleaned.csv
-4.0,-6.0,-20.0,0.0,-0.10834645683,0.015141366981,0.011826520484,-0.008146521484,-0.032798678823,0.003361305786,pitch_-20_cleaned.csv
-4.0,-4.0,-20.0,0.0,-0.110068204953,0.014954994433,0.007918344007,-0.005456124807,-0.031674883035,0.002254667204,pitch_-20_cleaned.csv
-4.0,-2.0,-20.0,0.0,-0.111074290678,0.014840357937,0.003935857975,-0.002721639424,-0.031046349376,0.001124201648,pitch_-20_cleaned.csv
-4.0,0.0,-20.0,0.0,-0.111465847389,0.01480417233,1.46581e-07,8.735e-08,-0.030747252993,4.551e-08,pitch_-20_cleaned.csv
-4.0,2.0,-20.0,0.0,-0.11107450435,0.014840361662,-0.003935568039,0.002721824951,-0.031046114416,-0.001124112848,pitch_-20_cleaned.csv
-4.0,4.0,-20.0,0.0,-0.110068401259,0.0149549786,-0.007917826544,0.005456130202,-0.031674853155,-0.002254530615,pitch_-20_cleaned.csv
-4.0,6.0,-20.0,0.0,-0.108347090101,0.01514135208,-0.011826081108,0.008146548972,-0.032798254826,-0.003361192074,pitch_-20_cleaned.csv
-2.0,-6.0,-20.0,0.0,0.036732582386,0.014355824329,0.011357904424,-0.010157878967,-0.073684781128,0.00259550485,pitch_-20_cleaned.csv
-2.0,-4.0,-20.0,0.0,0.035950952269,0.014157284983,0.007603199756,-0.006801526205,-0.072854195999,0.001741193559,pitch_-20_cleaned.csv
-2.0,-2.0,-20.0,0.0,0.035505493772,0.014035689645,0.003780214858,-0.003396871174,-0.072397976908,0.000867478295,pitch_-20_cleaned.csv
-2.0,0.0,-20.0,0.0,0.035405689527,0.013995281421,2.85746e-07,1.6486e-08,-0.072329373961,5.0619e-08,pitch_-20_cleaned.csv
-2.0,2.0,-20.0,0.0,0.035506055121,0.014035663567,-0.003779920199,0.003396909298,-0.07239860617,-0.000867429539,pitch_-20_cleaned.csv
-2.0,4.0,-20.0,0.0,0.035951409134,0.014157252386,-0.007602950941,0.006801536535,-0.072854669563,-0.001741153118,pitch_-20_cleaned.csv
-2.0,6.0,-20.0,0.0,0.036732546796,0.014355838299,-0.01135786881,0.010158095139,-0.073685013486,-0.002595501213,pitch_-20_cleaned.csv
0.0,-6.0,-20.0,0.0,0.182304667485,0.0156705603,0.010774554597,-0.012160696162,-0.115721931609,0.001874153534,pitch_-20_cleaned.csv
0.0,-4.0,-20.0,0.0,0.182466497606,0.015476594679,0.007210877106,-0.008141131798,-0.115191948097,0.001257547875,pitch_-20_cleaned.csv
0.0,-2.0,-20.0,0.0,0.182586188012,0.015358257107,0.003586128847,-0.004069034185,-0.114912176572,0.000625749847,pitch_-20_cleaned.csv
0.0,0.0,-20.0,0.0,0.182675337092,0.015319193713,-2.10642e-07,1.27486e-07,-0.11489828182,-4.6459e-08,pitch_-20_cleaned.csv
0.0,2.0,-20.0,0.0,0.182586545177,0.015358243138,-0.003586554976,0.004069345522,-0.114912518704,-0.000625839524,pitch_-20_cleaned.csv
0.0,4.0,-20.0,0.0,0.182467582684,0.015476635657,-0.007211370724,0.008141469182,-0.115192585182,-0.001257642787,pitch_-20_cleaned.csv
0.0,6.0,-20.0,0.0,0.182306154215,0.015670612454,-0.01077505501,0.012161067503,-0.115722784344,-0.001874245758,pitch_-20_cleaned.csv
2.0,-6.0,-20.0,0.0,0.328128254883,0.019084664062,0.01007685826,-0.014152900362,-0.158785506509,0.001198545565,pitch_-20_cleaned.csv
2.0,-4.0,-20.0,0.0,0.329237814961,0.018911890686,0.00674149599,-0.009473484473,-0.158563303488,0.000804582572,pitch_-20_cleaned.csv
2.0,-2.0,-20.0,0.0,0.32992773235,0.018806692213,0.003353301472,-0.004737640478,-0.158465725413,0.000399365456,pitch_-20_cleaned.csv
2.0,0.0,-20.0,0.0,0.330203659419,0.018772322685,-4.10818e-07,3.04161e-07,-0.158506034946,-7.0801e-08,pitch_-20_cleaned.csv
2.0,2.0,-20.0,0.0,0.32992875008,0.01880669035,-0.00335412808,0.004738261159,-0.158466701797,-0.000399500659,pitch_-20_cleaned.csv
2.0,4.0,-20.0,0.0,0.329239224,0.018911881372,-0.006742182054,0.009474067404,-0.158564624966,-0.000804691793,pitch_-20_cleaned.csv
2.0,6.0,-20.0,0.0,0.328129320839,0.019084662199,-0.010077354247,0.014153412777,-0.158786534921,-0.001198629752,pitch_-20_cleaned.csv
4.0,-6.0,-20.0,0.0,0.473958094942,0.024585738778,0.009264622115,-0.016132252227,-0.20274535334,0.000569725452,pitch_-20_cleaned.csv
4.0,-4.0,-20.0,0.0,0.476051868584,0.024449547753,0.00616601522,-0.010783997679,-0.202891168082,0.000377673414,pitch_-20_cleaned.csv
4.0,-2.0,-20.0,0.0,0.477280220743,0.024368314072,0.003082263742,-0.005402401137,-0.20292624048,0.000188737866,pitch_-20_cleaned.csv
4.0,0.0,-20.0,0.0,0.477741161848,0.024341851473,-3.55801e-07,3.28089e-07,-0.203020112756,-5.0252e-08,pitch_-20_cleaned.csv
4.0,2.0,-20.0,0.0,0.477280641273,0.024368310347,-0.003082893303,0.005402989778,-0.202926728502,-0.000188823294,pitch_-20_cleaned.csv
4.0,4.0,-20.0,0.0,0.476052221335,0.024449553341,-0.006166601353,0.010784590818,-0.202891423134,-0.00037774998,pitch_-20_cleaned.csv
4.0,6.0,-20.0,0.0,0.473958796561,0.024585718289,-0.009265129194,0.016132810361,-0.20274607583,-0.000569780894,pitch_-20_cleaned.csv
6.0,-6.0,-20.0,0.0,0.619547636501,0.032149985433,0.008339861491,-0.018096258804,-0.24746465256,-1.0997617e-05,pitch_-20_cleaned.csv
6.0,-4.0,-20.0,0.0,0.622584820459,0.032067943364,0.005549582348,-0.012099872521,-0.247918434765,-1.0296857e-05,pitch_-20_cleaned.csv
6.0,-2.0,-20.0,0.0,0.624388966851,0.032018795609,0.002772726028,-0.006062148775,-0.248151639609,-5.823365e-06,pitch_-20_cleaned.csv
6.0,0.0,-20.0,0.0,0.62503562926,0.032003417611,-5.40665e-07,5.43591e-07,-0.248299382927,-3.5689e-08,pitch_-20_cleaned.csv
6.0,2.0,-20.0,0.0,0.624389580224,0.032018832862,-0.002773631268,0.006062852177,-0.248151398742,5.76478e-06,pitch_-20_cleaned.csv
6.0,4.0,-20.0,0.0,0.622585665591,0.03206789121,-0.005550547301,0.012100897485,-0.247919750989,1.025509e-05,pitch_-20_cleaned.csv
6.0,6.0,-20.0,0.0,0.619548257426,0.032149918377,-0.008340637707,0.018097137324,-0.24746558544,1.0987754e-05,pitch_-20_cleaned.csv
8.0,-6.0,-20.0,0.0,0.764653350949,0.041742928326,0.007306673558,-0.020044330455,-0.292806041397,-0.00054200631,pitch_-20_cleaned.csv
8.0,-4.0,-20.0,0.0,0.768631697677,0.041730336845,0.004860483865,-0.013403458288,-0.29356998716,-0.000364977497,pitch_-20_cleaned.csv
8.0,-2.0,-20.0,0.0,0.771039926786,0.041724730283,0.002455727723,-0.006726823574,-0.294050730924,-0.000179266128,pitch_-20_cleaned.csv
8.0,0.0,-20.0,0.0,0.771838172034,0.041721433401,-8.50854e-07,9.2236e-07,-0.294199875774,1.638e-08,pitch_-20_cleaned.csv
8.0,2.0,-20.0,0.0,0.771040197464,0.04172468558,-0.002457370459,0.006728602344,-0.294051430528,0.000179307222,pitch_-20_cleaned.csv
8.0,4.0,-20.0,0.0,0.768632112447,0.041730247438,-0.00486197922,0.013405137826,-0.293571231107,0.000365041462,pitch_-20_cleaned.csv
8.0,6.0,-20.0,0.0,0.764654102591,0.041742779315,-0.007307957524,0.020045882528,-0.292808046985,0.000542109993,pitch_-20_cleaned.csv
10.0,-6.0,-20.0,0.0,0.909027885659,0.053317341954,0.006165341232,-0.02197242026,-0.338615876283,-0.001022788324,pitch_-20_cleaned.csv
10.0,-4.0,-20.0,0.0,0.913949157673,0.053390599787,0.004100463385,-0.014697055239,-0.339703977657,-0.0006856799,pitch_-20_cleaned.csv
10.0,-2.0,-20.0,0.0,0.916923557173,0.053436048329,0.002068544282,-0.007372832912,-0.340376344991,-0.000340981271,pitch_-20_cleaned.csv
10.0,0.0,-20.0,0.0,0.917911123556,0.053450323641,-1.260439e-06,1.444369e-06,-0.340591732563,1.29544e-07,pitch_-20_cleaned.csv
10.0,2.0,-20.0,0.0,0.916923588725,0.053435973823,-0.002071004003,0.007375704069,-0.340377027057,0.000341250639,pitch_-20_cleaned.csv
10.0,4.0,-20.0,0.0,0.913948809834,0.0533904396,-0.004102752544,0.014699765556,-0.33970493386,0.000685964852,pitch_-20_cleaned.csv
10.0,6.0,-20.0,0.0,0.909027558041,0.053317096084,-0.006167348067,0.02197492521,-0.338617445337,0.001023112739,pitch_-20_cleaned.csv
12.0,-6.0,-20.0,0.0,1.052428789529,0.066816367209,0.004920894067,-0.023878238277,-0.384741504331,-0.001451692405,pitch_-20_cleaned.csv
12.0,-4.0,-20.0,0.0,1.058284034591,0.066989690065,0.003270238058,-0.015973493071,-0.386146566513,-0.000971709141,pitch_-20_cleaned.csv
12.0,-2.0,-20.0,0.0,1.061821481179,0.067095346749,0.001645941301,-0.008008965303,-0.387011780212,-0.000485015999,pitch_-20_cleaned.csv
12.0,0.0,-20.0,0.0,1.062998787848,0.067129969597,-2.555479e-06,3.488649e-06,-0.387295206872,4.47428e-07,pitch_-20_cleaned.csv
12.0,2.0,-20.0,0.0,1.061820649064,0.067095242441,-0.001650940764,0.008015832667,-0.387012183794,0.000485911138,pitch_-20_cleaned.csv
12.0,4.0,-20.0,0.0,1.058281714603,0.066989451647,-0.003275026974,0.015980121505,-0.386146981481,0.000972597015,pitch_-20_cleaned.csv
12.0,6.0,-20.0,0.0,1.052425675398,0.066815979779,-0.004925235197,0.0238844663,-0.384742313267,0.001452620458,pitch_-20_cleaned.csv
14.0,-6.0,-20.0,0.0,1.194614980907,0.08217202127,0.003580885914,-0.025761277147,-0.431029709234,-0.001827278174,pitch_-20_cleaned.csv
14.0,-4.0,-20.0,0.0,1.201398217498,0.082459695637,0.002375829912,-0.01723498849,-0.432752654476,-0.001222015415,pitch_-20_cleaned.csv
14.0,-2.0,-20.0,0.0,1.205504575987,0.08263527602,0.001190111014,-0.008641254686,-0.433829159198,-0.000611543747,pitch_-20_cleaned.csv
14.0,0.0,-20.0,0.0,1.206857453303,0.08269175142,-3.501417e-06,4.905745e-06,-0.43415727146,8.8766e-07,pitch_-20_cleaned.csv
14.0,2.0,-20.0,0.0,1.205502247308,0.082634948194,-0.001196983532,0.008650939884,-0.433828966509,0.000613323526,pitch_-20_cleaned.csv
14.0,4.0,-20.0,0.0,1.201392752298,0.082458995283,-0.002382368602,0.017244308036,-0.432751682581,0.001223777872,pitch_-20_cleaned.csv
14.0,6.0,-20.0,0.0,1.194607472628,0.082171082497,-0.003586892248,0.025770036223,-0.431028535964,0.00182905083,pitch_-20_cleaned.csv
16.0,-6.0,-20.0,0.0,1.335345281575,0.099305577576,0.002151373875,-0.027618645213,-0.477316628994,-0.002148158501,pitch_-20_cleaned.csv
16.0,-4.0,-20.0,0.0,1.343044210856,0.099719665945,0.001421571787,-0.018479233684,-0.479358266995,-0.001435878284,pitch_-20_cleaned.csv
16.0,-2.0,-20.0,0.0,1.34770628,0.099972367287,0.000706312354,-0.00926132984,-0.480629026352,-0.000718913701,pitch_-20_cleaned.csv
16.0,0.0,-20.0,0.0,1.349261777652,0.100057303905,-3.834904e-06,5.904939e-06,-0.481056170955,1.321808e-06,pitch_-20_cleaned.csv
16.0,2.0,-20.0,0.0,1.347702982735,0.09997202456,-0.000713820463,0.00927295079,-0.480627745008,0.000721550382,pitch_-20_cleaned.csv
16.0,4.0,-20.0,0.0,1.343037926336,0.099719107151,-0.001429049374,0.018490805091,-0.479357792293,0.001438489397,pitch_-20_cleaned.csv
16.0,6.0,-20.0,0.0,1.33533137096,0.099303215742,-0.002158759302,0.027629783297,-0.477317552007,0.00215100024,pitch_-20_cleaned.csv
18.0,-6.0,-20.0,0.0,1.474376859914,0.118126370013,0.000640266949,-0.029448645432,-0.523443207958,-0.002413293294,pitch_-20_cleaned.csv
18.0,-4.0,-20.0,0.0,1.483000795242,0.118683740497,0.000405154771,-0.019708518861,-0.525815103255,-0.001613731121,pitch_-20_cleaned.csv
18.0,-2.0,-20.0,0.0,1.488203711424,0.119019828737,0.000193542044,-0.009872485704,-0.527260461476,-0.000807303615,pitch_-20_cleaned.csv
18.0,0.0,-20.0,0.0,1.489936031255,0.119132399559,-4.700403e-06,7.727766e-06,-0.527741509144,2.146197e-06,pitch_-20_cleaned.csv
18.0,2.0,-20.0,0.0,1.48819917549,0.119019448757,-0.000202852091,0.009887818332,-0.527258022224,0.000811595574,pitch_-20_cleaned.csv
18.0,4.0,-20.0,0.0,1.482991330081,0.118682660162,-0.00041438137,0.019723560457,-0.525811469868,0.001617955478,pitch_-20_cleaned.csv
18.0,6.0,-20.0,0.0,1.474363053287,0.11812479049,-0.000648744877,0.029462948176,-0.523438173332,0.002417502869,pitch_-20_cleaned.csv
20.0,-6.0,-20.0,0.0,1.611481527447,0.138539507985,-0.000946800155,-0.031246305076,-0.569219728126,-0.002620245309,pitch_-20_cleaned.csv
20.0,-4.0,-20.0,0.0,1.620997892044,0.139247983694,-0.000662373227,-0.020908242833,-0.571890476304,-0.001751422014,pitch_-20_cleaned.csv
20.0,-2.0,-20.0,0.0,1.626737646662,0.139675453305,-0.000329269658,-0.010479884933,-0.573517483474,-0.000874769695,pitch_-20_cleaned.csv
20.0,0.0,-20.0,0.0,1.628668699542,0.139820113778,-5.608622e-06,1.0115018e-05,-0.574092304425,3.328417e-06,pitch_-20_cleaned.csv
20.0,2.0,-20.0,0.0,1.626730647454,0.139674633741,0.000317940635,0.010499900853,-0.573514536334,0.000881355738,pitch_-20_cleaned.csv
20.0,4.0,-20.0,0.0,1.620991614312,0.139246821404,0.000648957533,0.020931113967,-0.571899630803,0.001758357403,pitch_-20_cleaned.csv
20.0,6.0,-20.0,0.0,1.611469800365,0.13853777945,0.000933757311,0.031268603438,-0.569226718863,0.002627169397,pitch_-20_cleaned.csv
-10.0,-6.0,-15.0,0.0,-0.584123274881,0.029578654096,0.012416102426,-0.0010463147,0.120908794347,0.005918083467,pitch_-15_cleaned.csv
-10.0,-4.0,-15.0,0.0,-0.588806952396,0.029528059065,0.008277698024,-0.000690235084,0.122981457402,0.003959197595,pitch_-15_cleaned.csv
-10.0,-2.0,-15.0,0.0,-0.591628756264,0.02949805744,0.004115978238,-0.000333804206,0.124229894746,0.001978253648,pitch_-15_cleaned.csv
-10.0,0.0,-15.0,0.0,-0.592622287017,0.0294908043,1.490077e-06,-4.60561e-07,0.124730320278,4.38851e-07,pitch_-15_cleaned.csv
-10.0,2.0,-15.0,0.0,-0.591628918388,0.029497887939,-0.004113699786,0.000333285347,0.124231305305,-0.001977574739,pitch_-15_cleaned.csv
-10.0,4.0,-15.0,0.0,-0.588807012199,0.029527796432,-0.008274780914,0.000689288771,0.122981741242,-0.003958335803,pitch_-15_cleaned.csv
-10.0,6.0,-15.0,0.0,-0.584123043519,0.029578331858,-0.012412830863,0.001045564686,0.120908923798,-0.005917196541,pitch_-15_cleaned.csv
-8.0,-6.0,-15.0,0.0,-0.441649289935,0.02200836502,0.012271623995,-0.003047463592,0.084167611209,0.005012057947,pitch_-15_cleaned.csv
-8.0,-4.0,-15.0,0.0,-0.44545785343,0.021897397935,0.008216013042,-0.002041355799,0.086044022939,0.003360938373,pitch_-15_cleaned.csv
-8.0,-2.0,-15.0,0.0,-0.447725437583,0.021828418598,0.00408733411,-0.001010778767,0.087134349591,0.001678971356,pitch_-15_cleaned.csv
-8.0,0.0,-15.0,0.0,-0.448528543738,0.021807327867,1.047779e-06,-3.79672e-07,0.087571889162,3.04622e-07,pitch_-15_cleaned.csv
-8.0,2.0,-15.0,0.0,-0.447725770646,0.021828331053,-0.004085248677,0.001010064499,0.087134855014,-0.001678371625,pitch_-15_cleaned.csv
-8.0,4.0,-15.0,0.0,-0.445458367023,0.021897250786,-0.008213966216,0.002040589863,0.086044632882,-0.003360344232,pitch_-15_cleaned.csv
-8.0,6.0,-15.0,0.0,-0.441650254321,0.022008158267,-0.012269654089,0.003046705956,0.084168673345,-0.005011488493,pitch_-15_cleaned.csv
-6.0,-6.0,-15.0,0.0,-0.297964110176,0.016490723938,0.012075583585,-0.005067863145,0.045969143825,0.004162087885,pitch_-15_cleaned.csv
-6.0,-4.0,-15.0,0.0,-0.300843966876,0.01633111015,0.008083769693,-0.003394728689,0.047572141501,0.00279096983,pitch_-15_cleaned.csv
-6.0,-2.0,-15.0,0.0,-0.30255057539,0.016232658178,0.004022024306,-0.001690627813,0.048494495687,0.001393585682,pitch_-15_cleaned.csv
-6.0,0.0,-15.0,0.0,-0.303167443478,0.016201829538,7.25228e-07,-2.74339e-07,0.048879293687,2.00329e-07,pitch_-15_cleaned.csv
-6.0,2.0,-15.0,0.0,-0.302551066979,0.016232619062,-0.004020605278,0.001690090165,0.048495044826,-0.001393192983,pitch_-15_cleaned.csv
-6.0,4.0,-15.0,0.0,-0.300844899614,0.016331039369,-0.008082455393,0.003394236806,0.047573159805,-0.002790604119,pitch_-15_cleaned.csv
-6.0,6.0,-15.0,0.0,-0.297964969226,0.016490649432,-0.012074686293,0.005067692516,0.045969264616,-0.004161830696,pitch_-15_cleaned.csv
-4.0,-6.0,-15.0,0.0,-0.153254962241,0.013056112453,0.011772098912,-0.007087170373,0.006338602486,0.00335553757,pitch_-15_cleaned.csv
-4.0,-4.0,-15.0,0.0,-0.15519773015,0.012864033692,0.007878884727,-0.004745551013,0.007658284812,0.002250038472,pitch_-15_cleaned.csv
-4.0,-2.0,-15.0,0.0,-0.156343895253,0.012746472843,0.003922019994,-0.002367876719,0.008415172215,0.001123121324,pitch_-15_cleaned.csv
-4.0,0.0,-15.0,0.0,-0.156770369652,0.012708756141,4.30692e-07,-9.3595e-08,0.008738125581,1.08092e-07,pitch_-15_cleaned.csv
-4.0,2.0,-15.0,0.0,-0.156343802388,0.012746457942,-0.003921480934,0.002367905579,0.008414746496,-0.001122977019,pitch_-15_cleaned.csv
-4.0,4.0,-15.0,0.0,-0.155198079242,0.012864015065,-0.007878407134,0.004745602696,0.00765821975,-0.002249911099,pitch_-15_cleaned.csv
-4.0,6.0,-15.0,0.0,-0.153255745966,0.013056091964,-0.011771689978,0.007087228911,0.006338884671,-0.003355431198,pitch_-15_cleaned.csv
-2.0,-6.0,-15.0,0.0,-0.007756921975,0.011728310026,0.011357671473,-0.009101676356,-0.034622695243,0.002593248937,pitch_-15_cleaned.csv
-2.0,-4.0,-15.0,0.0,-0.008755631978,0.011520380154,0.007599908733,-0.00609320957,-0.033597896608,0.001738920374,pitch_-15_cleaned.csv
-2.0,-2.0,-15.0,0.0,-0.009337296549,0.011393575929,0.003784515633,-0.003044117094,-0.033014055618,0.00086751892,pitch_-15_cleaned.csv
-2.0,0.0,-15.0,0.0,-0.009492965421,0.011351489462,1.6155e-07,4.102e-09,-0.032884735456,3.3067e-08,pitch_-15_cleaned.csv
-2.0,2.0,-15.0,0.0,-0.009337781737,0.011393592693,-0.0037840668,0.003044050489,-0.03301372793,-0.000867437915,pitch_-15_cleaned.csv
-2.0,4.0,-15.0,0.0,-0.008756030113,0.011520342901,-0.007599244334,0.006093005151,-0.033597379704,-0.001738788907,pitch_-15_cleaned.csv
-2.0,6.0,-15.0,0.0,-0.007757655173,0.011728269048,-0.011356849689,0.009101369462,-0.034621866248,-0.002593089034,pitch_-15_cleaned.csv
0.0,-6.0,-15.0,0.0,0.138293395856,0.012520060875,0.010826753307,-0.011108118273,-0.076802938937,0.001875507664,pitch_-15_cleaned.csv
0.0,-4.0,-15.0,0.0,0.138242117642,0.012313231826,0.007242999333,-0.007435041965,-0.076079741093,0.001257793797,pitch_-15_cleaned.csv
0.0,-2.0,-15.0,0.0,0.138228131144,0.01218750421,0.003608064903,-0.003717531241,-0.075673622398,0.000626980864,pitch_-15_cleaned.csv
0.0,0.0,-15.0,0.0,0.138260824345,0.012145970017,-1.00876e-07,7.2205e-08,-0.075598581898,-2.1861e-08,pitch_-15_cleaned.csv
0.0,2.0,-15.0,0.0,0.138228529802,0.012187526561,-0.003608330699,0.003717671187,-0.075673843033,-0.000627035161,pitch_-15_cleaned.csv
0.0,4.0,-15.0,0.0,0.13824281421,0.012313268147,-0.007243293501,0.007435221237,-0.076080058483,-0.001257852289,pitch_-15_cleaned.csv
0.0,6.0,-15.0,0.0,0.138294346033,0.012520101853,-0.010827152032,0.011108367278,-0.076803444859,-0.001875578954,pitch_-15_cleaned.csv
2.0,-6.0,-15.0,0.0,0.28465391844,0.015433222987,0.01018105145,-0.013105420547,-0.120080784494,0.001203885217,pitch_-15_cleaned.csv
2.0,-4.0,-15.0,0.0,0.285555037293,0.015244259499,0.006808641431,-0.008770850342,-0.119667581894,0.000807566099,pitch_-15_cleaned.csv
2.0,-2.0,-15.0,0.0,0.286113101792,0.015129618347,0.003392849676,-0.004387952086,-0.119444454816,0.000401920593,pitch_-15_cleaned.csv
2.0,0.0,-15.0,0.0,0.286332542057,0.015091970563,-3.13611e-07,2.24302e-07,-0.119423491649,-5.4138e-08,pitch_-15_cleaned.csv
2.0,2.0,-15.0,0.0,0.286113332959,0.015129633248,-0.003393413802,0.004388371269,-0.119444744029,-0.000402019601,pitch_-15_cleaned.csv
2.0,4.0,-15.0,0.0,0.285555648788,0.015244289301,-0.006809163945,0.008771274697,-0.119668360339,-0.000807657843,pitch_-15_cleaned.csv
2.0,6.0,-15.0,0.0,0.284654901829,0.015433250926,-0.010181495613,0.013105803019,-0.12008184271,-0.001203960419,pitch_-15_cleaned.csv
4.0,-6.0,-15.0,0.0,0.431077239745,0.020457925275,0.00941975923,-0.015091197964,-0.16432505074,0.000579332351,pitch_-15_cleaned.csv
4.0,-4.0,-15.0,0.0,0.432954715138,0.020302787423,0.006277065951,-0.010090082937,-0.164263363721,0.000385354441,pitch_-15_cleaned.csv
4.0,-2.0,-15.0,0.0,0.434063895614,0.020209837705,0.003138710728,-0.005054668042,-0.164191687228,0.000192674349,pitch_-15_cleaned.csv
4.0,0.0,-15.0,0.0,0.434469629178,0.020179335028,-2.43688e-07,2.56453e-07,-0.1642251836,-3.4371e-08,pitch_-15_cleaned.csv
4.0,2.0,-15.0,0.0,0.434064025233,0.020209824666,-0.003139156518,0.005055153845,-0.164191900761,-0.000192733815,pitch_-15_cleaned.csv
4.0,4.0,-15.0,0.0,0.432955039684,0.020302768797,-0.006277491972,0.010090565842,-0.164263884061,-0.000385406541,pitch_-15_cleaned.csv
4.0,6.0,-15.0,0.0,0.431077793972,0.020457919687,-0.009420198314,0.015091694223,-0.164325605849,-0.000579382982,pitch_-15_cleaned.csv
6.0,-6.0,-15.0,0.0,0.577316111123,0.027572765946,0.008544403887,-0.017062906226,-0.209398480929,3.082613e-06,pitch_-15_cleaned.csv
6.0,-4.0,-15.0,0.0,0.580141660071,0.027468794957,0.005693707641,-0.011411116634,-0.209648118825,3.09949e-07,pitch_-15_cleaned.csv
6.0,-2.0,-15.0,0.0,0.58183381006,0.027406554669,0.002846979639,-0.005717970364,-0.209780452349,-2.86727e-07,pitch_-15_cleaned.csv
6.0,0.0,-15.0,0.0,0.582419975487,0.027386223897,-4.89531e-07,5.44552e-07,-0.20986185495,-3.3141e-08,pitch_-15_cleaned.csv
6.0,2.0,-15.0,0.0,0.581828355001,0.027406290174,-0.002846777946,0.00571768528,-0.209774440675,3.07442e-07,pitch_-15_cleaned.csv
6.0,4.0,-15.0,0.0,0.580141814611,0.027468767017,-0.005694550647,0.011412080767,-0.209648318888,-3.51199e-07,pitch_-15_cleaned.csv
6.0,6.0,-15.0,0.0,0.577316552485,0.027572708204,-0.00854510366,0.017063767912,-0.209399229995,-3.096219e-06,pitch_-15_cleaned.csv
8.0,-6.0,-15.0,0.0,0.723126402667,0.036745455116,0.007558967907,-0.019019825677,-0.255164132087,-0.000523258721,pitch_-15_cleaned.csv
8.0,-4.0,-15.0,0.0,0.726896889299,0.036708243191,0.005036325393,-0.012720651259,-0.25572562545,-0.000351343309,pitch_-15_cleaned.csv
8.0,-2.0,-15.0,0.0,0.729178370713,0.036687184125,0.002533963628,-0.00637981569,-0.256082452341,-0.000173892816,pitch_-15_cleaned.csv
8.0,0.0,-15.0,0.0,0.72993472299,0.036679148674,-7.59105e-07,9.25925e-07,-0.256191247335,1.3909e-08,pitch_-15_cleaned.csv
8.0,2.0,-15.0,0.0,0.729178647252,0.036687154323,-0.002535447317,0.00638162491,-0.256083134198,0.000173924959,pitch_-15_cleaned.csv
8.0,4.0,-15.0,0.0,0.726896679561,0.036708135158,-0.005037701827,0.012722382182,-0.255726060767,0.000351400709,pitch_-15_cleaned.csv
8.0,6.0,-15.0,0.0,0.7231263941,0.03674530983,-0.007560148962,0.0190214043,-0.255165104965,0.000523346337,pitch_-15_cleaned.csv
10.0,-6.0,-15.0,0.0,0.868257978729,0.047930903733,0.006463283171,-0.020957278909,-0.301463757981,-0.000999109484,pitch_-15_cleaned.csv
10.0,-4.0,-15.0,0.0,0.872975275199,0.047976966947,0.004306374395,-0.01401991959,-0.302351394522,-0.000668845147,pitch_-15_cleaned.csv
10.0,-2.0,-15.0,0.0,0.875826313125,0.048005547374,0.002161935197,-0.007028256509,-0.302902533845,-0.000333822058,pitch_-15_cleaned.csv
10.0,0.0,-15.0,0.0,0.876774586716,0.048014659435,-1.655004e-06,2.37238e-06,-0.303081725526,1.63094e-07,pitch_-15_cleaned.csv
10.0,2.0,-15.0,0.0,0.875826097395,0.048005513847,-0.002165175729,0.007032950851,-0.302903055145,0.000334154424,pitch_-15_cleaned.csv
10.0,4.0,-15.0,0.0,0.872975478971,0.047976817936,-0.00430900893,0.014023606619,-0.302354833404,0.000669135224,pitch_-15_cleaned.csv
10.0,6.0,-15.0,0.0,0.86825774201,0.047930650413,-0.006465613281,0.020960684143,-0.30146733938,0.000999438755,pitch_-15_cleaned.csv
12.0,-6.0,-15.0,0.0,1.012470316436,0.061074282974,0.005263673241,-0.022875389501,-0.348153174996,-0.001422937209,pitch_-15_cleaned.csv
12.0,-4.0,-15.0,0.0,1.018126867321,0.061218202114,0.003506166808,-0.01530493827,-0.349361779567,-0.000951582804,pitch_-15_cleaned.csv
12.0,-2.0,-15.0,0.0,1.021544117776,0.061305582523,0.001754916588,-0.007669221553,-0.350107803846,-0.000476086996,pitch_-15_cleaned.csv
12.0,0.0,-15.0,0.0,1.022680793096,0.061334367841,-2.296223e-06,3.430515e-06,-0.35035108516,4.34113e-07,pitch_-15_cleaned.csv
12.0,2.0,-15.0,0.0,1.021542990296,0.06130541116,-0.001759396322,0.007675958943,-0.350108073216,0.000476956855,pitch_-15_cleaned.csv
12.0,4.0,-15.0,0.0,1.018124088497,0.061217829585,-0.003510376312,0.015311410888,-0.349361830928,0.0009524567,pitch_-15_cleaned.csv
12.0,6.0,-15.0,0.0,1.012466478632,0.061073731631,-0.005267471894,0.022881520406,-0.348153404183,0.001423847885,pitch_-15_cleaned.csv
14.0,-6.0,-15.0,0.0,1.155517427839,0.076108776033,0.00396565447,-0.024770941912,-0.395069635651,-0.001793316398,pitch_-15_cleaned.csv
14.0,-4.0,-15.0,0.0,1.162106959692,0.076364994049,0.002639513364,-0.0165746615,-0.396599802345,-0.001198536559,pitch_-15_cleaned.csv
14.0,-2.0,-15.0,0.0,1.166093826805,0.076520860195,0.001313635015,-0.008304643545,-0.397554418604,-0.00060061748,pitch_-15_cleaned.csv
14.0,0.0,-15.0,0.0,1.167423856187,0.076573260128,-3.167213e-06,4.972631e-06,-0.39787549545,8.57304e-07,pitch_-15_cleaned.csv
14.0,2.0,-15.0,0.0,1.166091249868,0.076520524919,-0.001319839751,0.008314438932,-0.397553922786,0.000602335644,pitch_-15_cleaned.csv
14.0,4.0,-15.0,0.0,1.162100550368,0.076363764703,-0.002645004473,0.016583355209,-0.396602220245,0.001200076482,pitch_-15_cleaned.csv
14.0,6.0,-15.0,0.0,1.155508598439,0.07610720396,-0.00397072338,0.024779143477,-0.395071308505,0.001794881513,pitch_-15_cleaned.csv
16.0,-6.0,-15.0,0.0,1.297157912561,0.092957310379,0.002575727411,-0.026642059282,-0.44205120386,-0.002108872019,pitch_-15_cleaned.csv
16.0,-4.0,-15.0,0.0,1.304671810641,0.093338638544,0.001702422902,-0.017829299882,-0.443914300633,-0.001410711167,pitch_-15_cleaned.csv
16.0,-2.0,-15.0,0.0,1.309213839074,0.093569949269,0.000843204679,-0.00892946407,-0.445056379145,-0.000706174307,pitch_-15_cleaned.csv
16.0,0.0,-15.0,0.0,1.310728256886,0.093647807837,-3.540712e-06,5.944223e-06,-0.445439983465,1.219335e-06,pitch_-15_cleaned.csv
16.0,2.0,-15.0,0.0,1.30921129073,0.09356969595,-0.000850184104,0.008941226356,-0.445055912149,0.000708612148,pitch_-15_cleaned.csv
16.0,4.0,-15.0,0.0,1.304668699056,0.093338370323,-0.00171155581,0.017841979554,-0.443916694716,0.001412908109,pitch_-15_cleaned.csv
16.0,6.0,-15.0,0.0,1.297144261529,0.09295488894,-0.002582335822,0.026653197246,-0.442052826816,0.002111553492,pitch_-15_cleaned.csv
18.0,-6.0,-15.0,0.0,1.437147178682,0.111530527472,0.001101508635,-0.028486751826,-0.488936956214,-0.002368547418,pitch_-15_cleaned.csv
18.0,-4.0,-15.0,0.0,1.445576006426,0.112051725388,0.00071174154,-0.019061832462,-0.491104070428,-0.001583691116,pitch_-15_cleaned.csv
18.0,-2.0,-15.0,0.0,1.450656265306,0.112366348505,0.000358692116,-0.009554083729,-0.492418336757,-0.000791285025,pitch_-15_cleaned.csv
18.0,0.0,-15.0,0.0,1.452371423277,0.112472943962,-4.434547e-06,7.916017e-06,-0.492893486167,2.025461e-06,pitch_-15_cleaned.csv
18.0,2.0,-15.0,0.0,1.450651914405,0.112365856767,-0.000367558398,0.009569816392,-0.492416893936,0.000795313523,pitch_-15_cleaned.csv
18.0,4.0,-15.0,0.0,1.445567328239,0.112050808966,-0.000720415411,0.019077308836,-0.491101416236,0.001587695882,pitch_-15_cleaned.csv
18.0,6.0,-15.0,0.0,1.437134476992,0.111529186368,-0.001109596307,0.028501625306,-0.488932641889,0.002372528032,pitch_-15_cleaned.csv
20.0,-6.0,-15.0,0.0,1.575256388291,0.131734967232,-0.000451107008,-0.030300419664,-0.535536040248,-0.002569891437,pitch_-15_cleaned.csv
20.0,-4.0,-15.0,0.0,1.584592253879,0.132406547666,-0.000330098101,-0.020275790169,-0.53802415644,-0.001718016645,pitch_-15_cleaned.csv
20.0,-2.0,-15.0,0.0,1.590235064429,0.132816970348,-0.000166287096,-0.01016836525,-0.539559843532,-0.000859149709,pitch_-15_cleaned.csv
20.0,0.0,-15.0,0.0,1.592158093567,0.132960319519,-5.257877e-06,1.029981e-05,-0.540147250767,3.169552e-06,pitch_-15_cleaned.csv
20.0,2.0,-15.0,0.0,1.59022897163,0.132816269994,0.00015567551,0.010188909743,-0.53955780072,0.00086545942,pitch_-15_cleaned.csv
20.0,4.0,-15.0,0.0,1.584579076675,0.132405072451,0.00031977024,0.020295845657,-0.53801862392,0.001724265702,pitch_-15_cleaned.csv
20.0,6.0,-15.0,0.0,1.575246438376,0.131733417511,0.00043879165,0.030323309759,-0.535544824914,0.00257657486,pitch_-15_cleaned.csv
-10.0,-6.0,-10.0,0.0,-0.633541042431,0.030268013477,0.01206760351,0.000140760054,0.163255581591,0.005920755827,pitch_-10_cleaned.csv
-10.0,-4.0,-10.0,0.0,-0.638523289521,0.030236070976,0.00807860094,9.1903013e-05,0.165622724435,0.003969758785,pitch_-10_cleaned.csv
-10.0,-2.0,-10.0,0.0,-0.64150023375,0.030214361846,0.004022509448,5.5921848e-05,0.167010221214,0.001985031854,pitch_-10_cleaned.csv
-10.0,0.0,-10.0,0.0,-0.642534556147,0.030209124088,1.663396e-06,-3.15028e-07,0.167539053199,4.27108e-07,pitch_-10_cleaned.csv
-10.0,2.0,-10.0,0.0,-0.641500089153,0.030214220285,-0.00401925658,-5.6466859e-05,0.167010319383,-0.001984198238,pitch_-10_cleaned.csv
-10.0,4.0,-10.0,0.0,-0.638523208022,0.030235793442,-0.008075309577,-9.2553619e-05,0.165622860958,-0.003968911522,pitch_-10_cleaned.csv
-10.0,6.0,-10.0,0.0,-0.633553167659,0.030268799514,-0.01207006802,-0.000138084028,0.163269327136,-0.005921472115,pitch_-10_cleaned.csv
-8.0,-6.0,-10.0,0.0,-0.491041937768,0.022057961673,0.012038548134,-0.001878465787,0.126844142452,0.005032215037,pitch_-10_cleaned.csv
-8.0,-4.0,-10.0,0.0,-0.49509525019,0.021955212578,0.00805668317,-0.001257161636,0.128934265086,0.003373544403,pitch_-10_cleaned.csv
-8.0,-2.0,-10.0,0.0,-0.497517275734,0.021891834214,0.004013895121,-0.000620054899,0.130164262065,0.001686740244,pitch_-10_cleaned.csv
-8.0,0.0,-10.0,0.0,-0.498360531106,0.021871887147,1.22033e-06,-3.12696e-07,0.130629448669,3.04271e-07,pitch_-10_cleaned.csv
-8.0,2.0,-10.0,0.0,-0.497517468763,0.021891754121,-0.004011493031,0.000619456645,0.130164560266,-0.001686142967,pitch_-10_cleaned.csv
-8.0,4.0,-10.0,0.0,-0.495095692029,0.021955046803,-0.00805426032,0.001256499456,0.128934773132,-0.003372941571,pitch_-10_cleaned.csv
-8.0,6.0,-10.0,0.0,-0.49104269826,0.022057721391,-0.012036223075,0.001877804997,0.126844953898,-0.005031638168,pitch_-10_cleaned.csv
-6.0,-6.0,-10.0,0.0,-0.347209705546,0.015899736434,0.011902622884,-0.003897621185,0.08882030717,0.004185611311,pitch_-10_cleaned.csv
-6.0,-4.0,-10.0,0.0,-0.350332853819,0.015744028613,0.007964386207,-0.002609601453,0.090639047889,0.00280578747,pitch_-10_cleaned.csv
-6.0,-2.0,-10.0,0.0,-0.352192641189,0.015648532659,0.003968522736,-0.001299643029,0.091701183736,0.001402400563,pitch_-10_cleaned.csv
-6.0,0.0,-10.0,0.0,-0.352849230963,0.015618083999,8.07153e-07,-2.58623e-07,0.092113775734,1.96538e-07,pitch_-10_cleaned.csv
-6.0,2.0,-10.0,0.0,-0.352192911115,0.015648482367,-0.00396690811,0.001299116848,0.091701438732,-0.001402008826,pitch_-10_cleaned.csv
-6.0,4.0,-10.0,0.0,-0.350333216443,0.015743935481,-0.00796284305,0.002609130885,0.090639441388,-0.002805417294,pitch_-10_cleaned.csv
-6.0,6.0,-10.0,0.0,-0.347210734752,0.015899600461,-0.011901109716,0.003897079762,0.088821285389,-0.004185247789,pitch_-10_cleaned.csv
-4.0,-6.0,-10.0,0.0,-0.202284013427,0.011833098717,0.011659214333,-0.005916861386,0.04929266214,0.003382619392,pitch_-10_cleaned.csv
-4.0,-4.0,-10.0,0.0,-0.204466984522,0.011640734039,0.007800112822,-0.003960686732,0.050826673875,0.002267374026,pitch_-10_cleaned.csv
-4.0,-2.0,-10.0,0.0,-0.205764920492,0.011523534544,0.003889041414,-0.001977149393,0.051723656713,0.001133182382,pitch_-10_cleaned.csv
-4.0,0.0,-10.0,0.0,-0.206230357871,0.011485419236,4.01307e-07,-1.09381e-07,0.05207464968,9.5934e-08,pitch_-10_cleaned.csv
-4.0,2.0,-10.0,0.0,-0.205765324903,0.011523514055,-0.003888225248,0.001976913262,0.05172400995,-0.001132988456,pitch_-10_cleaned.csv
-4.0,4.0,-10.0,0.0,-0.204467771795,0.011640693992,-0.007799329869,0.003960452196,0.05082733523,-0.002267190228,pitch_-10_cleaned.csv
-4.0,6.0,-10.0,0.0,-0.202285104533,0.011833042838,-0.01165847837,0.005916643108,0.049293485623,-0.003382451741,pitch_-10_cleaned.csv
-2.0,-6.0,-10.0,0.0,-0.056498994245,0.009885036387,0.011304624523,-0.007932356378,0.008358586792,0.00262408993,pitch_-10_cleaned.csv
-2.0,-4.0,-10.0,0.0,-0.05773534852,0.009672662243,0.007560975959,-0.005308744809,0.009597580816,0.001758763461,pitch_-10_cleaned.csv
-2.0,-2.0,-10.0,0.0,-0.058466471647,0.009543706663,0.003771348098,-0.002653474447,0.010320901548,0.000878753597,pitch_-10_cleaned.csv
-2.0,0.0,-10.0,0.0,-0.058682535568,0.009500856511,2.46126e-07,-1.4148e-08,0.010515561685,5.0188e-08,pitch_-10_cleaned.csv
-2.0,2.0,-10.0,0.0,-0.058465748596,0.009543662891,-0.003770700291,0.002653318264,0.010320092045,-0.000878627064,pitch_-10_cleaned.csv
-2.0,4.0,-10.0,0.0,-0.057735767178,0.009672642685,-0.007560619324,0.005308730329,0.009597879058,-0.001758694162,pitch_-10_cleaned.csv
-2.0,6.0,-10.0,0.0,-0.056499987255,0.009885016829,-0.011304265168,0.007932282871,0.008359411169,-0.002624026851,pitch_-10_cleaned.csv
0.0,-6.0,-10.0,0.0,0.089904859779,0.010071486235,0.010833748148,-0.009941819594,-0.03387010734,0.001910442121,pitch_-10_cleaned.csv
0.0,-4.0,-10.0,0.0,0.089619428304,0.009856249206,0.007244732222,-0.006652599128,-0.032933321253,0.001280518766,pitch_-10_cleaned.csv
0.0,-2.0,-10.0,0.0,0.089458354399,0.009725812823,0.003615270574,-0.003327937659,-0.032388021775,0.000639592375,pitch_-10_cleaned.csv
0.0,0.0,-10.0,0.0,0.089429219942,0.009682608768,-8.1424e-08,6.2667e-08,-0.032246294135,-1.63e-08,pitch_-10_cleaned.csv
0.0,2.0,-10.0,0.0,0.089458291411,0.009725823067,-0.003615432384,0.003328053783,-0.032387876708,-0.000639625147,pitch_-10_cleaned.csv
0.0,4.0,-10.0,0.0,0.089619588102,0.00985627342,-0.00724492333,0.006652713192,-0.032933210008,-0.00128055579,pitch_-10_cleaned.csv
0.0,6.0,-10.0,0.0,0.089905262483,0.010071523488,-0.010833982904,0.009941961391,-0.033870087106,-0.001910486629,pitch_-10_cleaned.csv
2.0,-6.0,-10.0,0.0,0.236683335073,0.012397500686,0.01024778966,-0.011943046471,-0.077269954957,0.0012432131,pitch_-10_cleaned.csv
2.0,-4.0,-10.0,0.0,0.237353855992,0.012196199968,0.00685029137,-0.00799108135,-0.076644909955,0.000833251023,pitch_-10_cleaned.csv
2.0,-2.0,-10.0,0.0,0.237766048772,0.012074451894,0.003419975421,-0.003999662776,-0.076282712129,0.000415942724,pitch_-10_cleaned.csv
2.0,0.0,-10.0,0.0,0.237924389768,0.012034231797,-2.30236e-07,1.72252e-07,-0.076195346114,-4.0937e-08,pitch_-10_cleaned.csv
2.0,2.0,-10.0,0.0,0.237766291794,0.012074473314,-0.003420444422,0.004000020063,-0.076283013462,-0.000416025404,pitch_-10_cleaned.csv
2.0,4.0,-10.0,0.0,0.237354245924,0.012196229771,-0.006850745814,0.007991434389,-0.07664541954,-0.000833331095,pitch_-10_cleaned.csv
2.0,6.0,-10.0,0.0,0.236683926672,0.012397535145,-0.010248195379,0.011943348378,-0.077270722521,-0.001243284285,pitch_-10_cleaned.csv
4.0,-6.0,-10.0,0.0,0.38358913818,0.016856119037,0.009545193685,-0.013934258935,-0.121712180895,0.00062319787,pitch_-10_cleaned.csv
4.0,-4.0,-10.0,0.0,0.385227464565,0.01668532379,0.006368830839,-0.009318830203,-0.121420924794,0.000416105427,pitch_-10_cleaned.csv
4.0,-2.0,-10.0,0.0,0.386204029891,0.016582651064,0.003185490252,-0.004668151553,-0.121229858105,0.000208187997,pitch_-10_cleaned.csv
4.0,0.0,-10.0,0.0,0.386549150729,0.016548711807,-2.45843e-07,2.43114e-07,-0.121197092042,-3.1318e-08,pitch_-10_cleaned.csv
4.0,2.0,-10.0,0.0,0.386204189775,0.016582643613,-0.003185939263,0.004668615865,-0.121230099128,-0.000208242672,pitch_-10_cleaned.csv
4.0,4.0,-10.0,0.0,0.385227772288,0.016685305163,-0.006369239417,0.00931927662,-0.121421377928,-0.000416152362,pitch_-10_cleaned.csv
4.0,6.0,-10.0,0.0,0.383589659149,0.016856091097,-0.009545516341,0.013934647944,-0.121712895604,-0.000623227021,pitch_-10_cleaned.csv
6.0,-6.0,-10.0,0.0,0.530374272046,0.023428849876,0.008727273098,-0.015912827741,-0.167059046579,5.1617612e-05,pitch_-10_cleaned.csv
6.0,-4.0,-10.0,0.0,0.532964300354,0.023305652663,0.005823902202,-0.010644415428,-0.167081063554,3.4114637e-05,pitch_-10_cleaned.csv
6.0,-2.0,-10.0,0.0,0.534531813498,0.023232067004,0.002922949195,-0.005337078627,-0.16710733829,1.8453545e-05,pitch_-10_cleaned.csv
6.0,0.0,-10.0,0.0,0.535052304169,0.023207085207,-4.29962e-07,5.0494e-07,-0.167111192357,-2.0737e-08,pitch_-10_cleaned.csv
6.0,2.0,-10.0,0.0,0.534531962637,0.023232048377,-0.002923776392,0.005338071845,-0.167107620457,-1.8489668e-05,pitch_-10_cleaned.csv
6.0,4.0,-10.0,0.0,0.532964298054,0.023305602372,-0.005824670438,0.0106453762,-0.167081152685,-3.4150719e-05,pitch_-10_cleaned.csv
6.0,6.0,-10.0,0.0,0.530374516756,0.023428784683,-0.00872790554,0.015913687941,-0.167059576776,-5.1631073e-05,pitch_-10_cleaned.csv
8.0,-6.0,-10.0,0.0,0.676793138251,0.032086137682,0.007797565425,-0.017877412293,-0.213171611465,-0.000469921597,pitch_-10_cleaned.csv
8.0,-4.0,-10.0,0.0,0.680331828756,0.032026320696,0.005203553251,-0.011959046813,-0.213507819525,-0.00031443143,pitch_-10_cleaned.csv
8.0,-2.0,-10.0,0.0,0.682473217129,0.031990986317,0.00260674322,-0.005992731725,-0.213728517876,-0.000157009463,pitch_-10_cleaned.csv
8.0,0.0,-10.0,0.0,0.683182327086,0.031978607178,-1.008325e-06,1.493061e-06,-0.213791394565,2.6244e-08,pitch_-10_cleaned.csv
8.0,2.0,-10.0,0.0,0.682473519012,0.031990908086,-0.002608379813,0.005995080239,-0.213730329458,0.000157054163,pitch_-10_cleaned.csv
8.0,4.0,-10.0,0.0,0.680331925364,0.032026197761,-0.005205040423,0.011961248352,-0.213509766538,0.000314496196,pitch_-10_cleaned.csv
8.0,6.0,-10.0,0.0,0.676793229771,0.032085962594,-0.007798866612,0.017879462618,-0.213173960837,0.000470018232,pitch_-10_cleaned.csv
10.0,-6.0,-10.0,0.0,0.822596600661,0.042785685509,0.00675683704,-0.019825009628,-0.259897151928,-0.000940807396,pitch_-10_cleaned.csv
10.0,-4.0,-10.0,0.0,0.827086066569,0.042805977166,0.004510284793,-0.013265129364,-0.26056147347,-0.000628711563,pitch_-10_cleaned.csv
10.0,-2.0,-10.0,0.0,0.829798944659,0.042818348855,0.002253641644,-0.00664480695,-0.26097693817,-0.000315144211,pitch_-10_cleaned.csv
10.0,0.0,-10.0,0.0,0.830701225156,0.042822428048,-1.40946e-06,2.244306e-06,-0.26111105373,1.75376e-07,pitch_-10_cleaned.csv
10.0,2.0,-10.0,0.0,0.829798706332,0.042818278074,-0.002256375215,0.006649240951,-0.26097750718,0.000315503834,pitch_-10_cleaned.csv
10.0,4.0,-10.0,0.0,0.827085018053,0.042805794626,-0.004512805005,0.013269367282,-0.26056210609,0.000629084988,pitch_-10_cleaned.csv
10.0,6.0,-10.0,0.0,0.822595040675,0.042785391212,-0.006759045337,0.019829012675,-0.259898001044,0.000941219481,pitch_-10_cleaned.csv
12.0,-6.0,-10.0,0.0,0.967539402979,0.055474534631,0.005609899094,-0.021753864939,-0.307084282156,-0.001359609923,pitch_-10_cleaned.csv
12.0,-4.0,-10.0,0.0,0.972972460815,0.055589813739,0.003745033332,-0.014557193593,-0.308072573333,-0.00090820678,pitch_-10_cleaned.csv
12.0,-2.0,-10.0,0.0,0.976259321547,0.055659722537,0.001863447644,-0.007291206683,-0.308694460083,-0.000456050888,pitch_-10_cleaned.csv
12.0,0.0,-10.0,0.0,0.977355651605,0.055683333427,-1.991809e-06,3.425664e-06,-0.308902275326,4.271e-07,pitch_-10_cleaned.csv
12.0,2.0,-10.0,0.0,0.976258413573,0.055659599602,-0.001867338839,0.007297959049,-0.308694634579,0.000456906985,pitch_-10_cleaned.csv
12.0,4.0,-10.0,0.0,0.972970126529,0.055589493364,-0.003748686501,0.014563701723,-0.308072522442,0.000909073592,pitch_-10_cleaned.csv
12.0,6.0,-10.0,0.0,0.967535977372,0.055474054068,-0.005613137243,0.021759987791,-0.30708434394,0.001360507002,pitch_-10_cleaned.csv
14.0,-6.0,-10.0,0.0,1.111375862166,0.070088408887,0.00436243595,-0.023661520725,-0.35457232463,-0.001724880593,pitch_-10_cleaned.csv
14.0,-4.0,-10.0,0.0,1.117750600686,0.070313669741,0.002906843665,-0.015836372737,-0.355893942639,-0.001152966067,pitch_-10_cleaned.csv
14.0,-2.0,-10.0,0.0,1.121598722905,0.070449404418,0.001440399784,-0.007927930436,-0.356704233195,-0.000578233229,pitch_-10_cleaned.csv
14.0,0.0,-10.0,0.0,1.122881984638,0.070495255291,-2.830187e-06,5.054964e-06,-0.356976570071,8.2472e-07,pitch_-10_cleaned.csv
14.0,2.0,-10.0,0.0,1.121594418967,0.07044827193,-0.001445636327,0.007937176696,-0.356707791029,0.000579693586,pitch_-10_cleaned.csv
14.0,4.0,-10.0,0.0,1.11774492032,0.070312388241,-0.002911815633,0.015845308624,-0.35589739102,0.001154445578,pitch_-10_cleaned.csv
14.0,6.0,-10.0,0.0,1.111367524895,0.070086836815,-0.004366929784,0.023669782782,-0.354574719427,0.00172636238,pitch_-10_cleaned.csv
16.0,-6.0,-10.0,0.0,1.253863756473,0.086552284658,0.003020763296,-0.025546049563,-0.402198290434,-0.002035265973,pitch_-10_cleaned.csv
16.0,-4.0,-10.0,0.0,1.261149615192,0.086898304522,0.001997681285,-0.017092709794,-0.403825215111,-0.001361405926,pitch_-10_cleaned.csv
16.0,-2.0,-10.0,0.0,1.265586922977,0.087112493813,0.00098149355,-0.008561562448,-0.404880426476,-0.00068323048,pitch_-10_cleaned.csv
16.0,0.0,-10.0,0.0,1.26706578716,0.087185315788,-3.295026e-06,6.114532e-06,-0.405234700579,1.164175e-06,pitch_-10_cleaned.csv
16.0,2.0,-10.0,0.0,1.265584334689,0.087112210691,-0.000987906207,0.008573607494,-0.404879849784,0.000685555702,pitch_-10_cleaned.csv
16.0,4.0,-10.0,0.0,1.261144865306,0.086897842586,-0.002004062551,0.017104622423,-0.403824406152,0.001363712393,pitch_-10_cleaned.csv
16.0,6.0,-10.0,0.0,1.253851010417,0.086549974978,-0.003026804561,0.025557563676,-0.402200547508,0.002037832938,pitch_-10_cleaned.csv
18.0,-6.0,-10.0,0.0,1.39475692219,0.104778803885,0.00159235865,-0.027405857342,-0.449801302141,-0.002289726545,pitch_-10_cleaned.csv
18.0,-4.0,-10.0,0.0,1.402964237209,0.105262562633,0.001037559032,-0.018335614015,-0.451738444776,-0.001530947648,pitch_-10_cleaned.csv
18.0,-2.0,-10.0,0.0,1.407926469521,0.105557642877,0.000522006436,-0.009194359832,-0.452940429016,-0.000765444518,pitch_-10_cleaned.csv
18.0,0.0,-10.0,0.0,1.409618701764,0.105659790337,-4.092005e-06,8.128217e-06,-0.453406007725,1.946297e-06,pitch_-10_cleaned.csv
18.0,2.0,-10.0,0.0,1.407922549132,0.105557218194,-0.000530204831,0.009210539113,-0.452939345591,0.000769322657,pitch_-10_cleaned.csv
18.0,4.0,-10.0,0.0,1.402956490821,0.105261817575,-0.001045566106,0.018351549819,-0.451735977382,0.001534808485,pitch_-10_cleaned.csv
18.0,6.0,-10.0,0.0,1.394745981769,0.104777678847,-0.001599871566,0.027421259924,-0.449798100024,0.002293566042,pitch_-10_cleaned.csv
20.0,-6.0,-10.0,0.0,1.533823448646,0.124675549567,8.2707867e-05,-0.029235125515,-0.497184703848,-0.002485812765,pitch_-10_cleaned.csv
20.0,-4.0,-10.0,0.0,1.542943458619,0.125307783484,2.5077325e-05,-0.019560010116,-0.499447961666,-0.001661630954,pitch_-10_cleaned.csv
20.0,-2.0,-10.0,0.0,1.548452142431,0.125692591071,1.4748577e-05,-0.009807040193,-0.500838873659,-0.000830356462,pitch_-10_cleaned.csv
20.0,0.0,-10.0,0.0,1.550332295181,0.125825762749,-4.868456e-06,1.0586142e-05,-0.501378835512,3.067009e-06,pitch_-10_cleaned.csv
20.0,2.0,-10.0,0.0,1.54844663256,0.125691980124,-2.437462e-05,0.009828039458,-0.500837332497,0.000836466891,pitch_-10_cleaned.csv
20.0,4.0,-10.0,0.0,1.542931436177,0.125306487083,-3.4564396e-05,0.019580565857,-0.499443310433,0.001667657331,pitch_-10_cleaned.csv
20.0,6.0,-10.0,0.0,1.533814923024,0.124674208462,-9.4546639e-05,0.029258887219,-0.497194339772,0.00249229929,pitch_-10_cleaned.csv
-10.0,-6.0,-5.0,0.0,-0.685175031411,0.03220038861,0.011697805646,0.001381335117,0.207902457787,0.005975754181,pitch_-5_cleaned.csv
-10.0,-4.0,-5.0,0.0,-0.690412905749,0.032188333571,0.007827844032,0.000923826566,0.210493233775,0.004005699252,pitch_-5_cleaned.csv
-10.0,-2.0,-5.0,0.0,-0.693550299762,0.03217926994,0.003903381026,0.000470537252,0.212025809242,0.002004614136,pitch_-5_cleaned.csv
-10.0,0.0,-5.0,0.0,-0.69462709809,0.032177574933,1.9138e-06,-8.2887e-08,0.212584859663,4.55157e-07,pitch_-5_cleaned.csv
-10.0,2.0,-5.0,0.0,-0.693549537341,0.032179009169,-0.003898611244,-0.000471195877,0.212024161189,-0.002003474311,pitch_-5_cleaned.csv
-10.0,4.0,-5.0,0.0,-0.690412766307,0.032188024372,-0.007824062617,-0.000924008891,0.21049314534,-0.004004796423,pitch_-5_cleaned.csv
-10.0,6.0,-5.0,0.0,-0.685173644481,0.032199755311,-0.01169275608,-0.001382452234,0.207900766566,-0.005974516342,pitch_-5_cleaned.csv
-8.0,-6.0,-5.0,0.0,-0.542779140968,0.023312130943,0.011731653351,-0.000633379918,0.171866765547,0.005091136385,pitch_-5_cleaned.csv
-8.0,-4.0,-5.0,0.0,-0.547087214244,0.023224649951,0.007847732595,-0.000421904023,0.174181406363,0.003412073051,pitch_-5_cleaned.csv
-8.0,-2.0,-5.0,0.0,-0.549669541891,0.023171134293,0.003915812992,-0.000203764572,0.175557596151,0.00170758085,pitch_-5_cleaned.csv
-8.0,0.0,-5.0,0.0,-0.550554729532,0.023153811693,1.400229e-06,-1.63458e-07,0.176052200979,3.20276e-07,pitch_-5_cleaned.csv
-8.0,2.0,-5.0,0.0,-0.549669831463,0.023171048611,-0.003913050583,0.000203467847,0.175557889458,-0.001706950142,pitch_-5_cleaned.csv
-8.0,4.0,-5.0,0.0,-0.547087647404,0.023224465549,-0.007844961425,0.000421544997,0.174181720831,-0.003411438855,pitch_-5_cleaned.csv
-8.0,6.0,-5.0,0.0,-0.542779910408,0.023311853409,-0.011728953689,0.000633002475,0.171867321612,-0.005090519317,pitch_-5_cleaned.csv
-6.0,-6.0,-5.0,0.0,-0.398978111192,0.016473568976,0.011659223385,-0.002649221618,0.13414440609,0.004248566995,pitch_-5_cleaned.csv
-6.0,-4.0,-5.0,0.0,-0.402354540475,0.016328629106,0.007797979184,-0.001772390205,0.13618865482,0.002847062963,pitch_-5_cleaned.csv
-6.0,-2.0,-5.0,0.0,-0.404374569338,0.01624020189,0.003891654386,-0.000882546113,0.137398067154,0.001424537868,pitch_-5_cleaned.csv
-6.0,0.0,-5.0,0.0,-0.405072836647,0.016211571172,9.64888e-07,-2.00662e-07,0.137840479224,2.12837e-07,pitch_-5_cleaned.csv
-6.0,2.0,-5.0,0.0,-0.404374865051,0.016240146011,-0.003889729387,0.000882139169,0.137398278082,-0.001424113678,pitch_-5_cleaned.csv
-6.0,4.0,-5.0,0.0,-0.402355246552,0.016328522936,-0.007796076594,0.00177195841,0.136189226682,-0.002846644818,pitch_-5_cleaned.csv
-6.0,6.0,-5.0,0.0,-0.398979264099,0.016473416239,-0.011657374877,0.002648745784,0.134145341991,-0.004248162227,pitch_-5_cleaned.csv
-4.0,-6.0,-5.0,0.0,-0.254011380321,0.011728206649,0.011480191852,-0.004666855681,0.09484346936,0.003449830762,pitch_-5_cleaned.csv
-4.0,-4.0,-5.0,0.0,-0.256446625362,0.01154209394,0.007676844908,-0.00312232136,0.096604233945,0.002311540232,pitch_-5_cleaned.csv
-4.0,-2.0,-5.0,0.0,-0.257903501351,0.011429213919,0.003833895251,-0.001559591035,0.097648898348,0.001156734602,pitch_-5_cleaned.csv
-4.0,0.0,-5.0,0.0,-0.258408141523,0.011391909793,5.4956e-07,-1.79691e-07,0.098026360156,1.16223e-07,pitch_-5_cleaned.csv
-4.0,2.0,-5.0,0.0,-0.257903812574,0.011429183185,-0.003832810811,0.001559232731,0.097649127733,-0.001156505618,pitch_-5_cleaned.csv
-4.0,4.0,-5.0,0.0,-0.256447261974,0.011542041786,-0.007675779048,0.003121965727,0.0966047227,-0.00231131825,pitch_-5_cleaned.csv
-4.0,6.0,-5.0,0.0,-0.254012114486,0.011728131212,-0.01147925672,0.004666684124,0.094844216603,-0.003449638982,pitch_-5_cleaned.csv
-2.0,-6.0,-5.0,0.0,-0.108112138834,0.009106496349,0.011190558323,-0.006681849009,0.054059112969,0.002695754442,pitch_-5_cleaned.csv
-2.0,-4.0,-5.0,0.0,-0.109598813223,0.0088959001,0.007481244151,-0.004470052449,0.055524902442,0.001805962602,pitch_-5_cleaned.csv
-2.0,-2.0,-5.0,0.0,-0.110487471752,0.008768507279,0.003737967964,-0.002235760931,0.056396218671,0.000903759316,pitch_-5_cleaned.csv
-2.0,0.0,-5.0,0.0,-0.110768338563,0.008726115339,2.17771e-07,1.173e-08,0.056660677957,4.4693e-08,pitch_-5_cleaned.csv
-2.0,2.0,-5.0,0.0,-0.110488005534,0.008768507279,-0.00373756552,0.002235796436,0.056396760714,-0.000903678286,pitch_-5_cleaned.csv
-2.0,4.0,-5.0,0.0,-0.109599882827,0.008895899169,-0.007480882961,0.004470075904,0.055525896894,-0.001805894246,pitch_-5_cleaned.csv
-2.0,6.0,-5.0,0.0,-0.108113294462,0.00910648983,-0.011190160583,0.006681784674,0.054059996844,-0.002695680177,pitch_-5_cleaned.csv
0.0,-6.0,-5.0,0.0,0.038476553822,0.008627894334,0.010785053074,-0.008692557418,0.011902844924,0.001986746041,pitch_-5_cleaned.csv
0.0,-4.0,-5.0,0.0,0.037942918848,0.008410037495,0.007208837297,-0.00581461891,0.013066603241,0.001330881663,pitch_-5_cleaned.csv
0.0,-2.0,-5.0,0.0,0.037625541569,0.008278426714,0.00360379699,-0.002910537378,0.013760117344,0.000666115329,pitch_-5_cleaned.csv
0.0,0.0,-5.0,0.0,0.03753184826,0.008234652691,4.997e-08,-1.3037e-08,0.013971507378,1.0433e-08,pitch_-5_cleaned.csv
0.0,2.0,-5.0,0.0,0.037625763436,0.008278422989,-0.003603752319,0.002910590815,0.013759783175,-0.000666102204,pitch_-5_cleaned.csv
0.0,4.0,-5.0,0.0,0.037942899731,0.008410030976,-0.007208728097,0.005814572756,0.013066480497,-0.001330860871,pitch_-5_cleaned.csv
0.0,6.0,-5.0,0.0,0.038476389701,0.008627887815,-0.010784909798,0.008692410451,0.011902893092,-0.001986723486,pitch_-5_cleaned.csv
2.0,-6.0,-5.0,0.0,0.185508769552,0.010300869122,0.010264170928,-0.010696275501,-0.031501353853,0.001324258983,pitch_-5_cleaned.csv
2.0,-4.0,-5.0,0.0,0.185933641587,0.01009265054,0.006858048702,-0.007154744219,-0.030650039661,0.000886849502,pitch_-5_cleaned.csv
2.0,-2.0,-5.0,0.0,0.186190434797,0.009967080317,0.003430402426,-0.003583150957,-0.030139684406,0.00044403032,pitch_-5_cleaned.csv
2.0,0.0,-5.0,0.0,0.186283857429,0.009925303981,-2.17826e-07,1.69555e-07,-0.029981845547,-3.7272e-08,pitch_-5_cleaned.csv
2.0,2.0,-5.0,0.0,0.186190629544,0.009967094287,-0.003430829067,0.003583478058,-0.030139919532,-0.000444103092,pitch_-5_cleaned.csv
2.0,4.0,-5.0,0.0,0.185933780548,0.010092663579,-0.006858395105,0.007155010459,-0.030650122173,-0.000886911014,pitch_-5_cleaned.csv
2.0,6.0,-5.0,0.0,0.185509077724,0.01030088868,-0.010264469489,0.010696495521,-0.031501640172,-0.001324311006,pitch_-5_cleaned.csv
4.0,-6.0,-5.0,0.0,0.332739128139,0.014121883549,0.009626212968,-0.012691369053,-0.076026556118,0.00070908464,pitch_-5_cleaned.csv
4.0,-4.0,-5.0,0.0,0.334122141994,0.013940390199,0.006431451333,-0.008490307396,-0.075490672026,0.000475114055,pitch_-5_cleaned.csv
4.0,-2.0,-5.0,0.0,0.334956498028,0.013830967247,0.003217688441,-0.004252985199,-0.075171349136,0.000237875543,pitch_-5_cleaned.csv
4.0,0.0,-5.0,0.0,0.335237123215,0.013794513419,-2.11328e-07,2.04929e-07,-0.075068192275,-2.7128e-08,pitch_-5_cleaned.csv
4.0,2.0,-5.0,0.0,0.334956517106,0.013830984943,-0.003218147009,0.004253438229,-0.075171172685,-0.000237931921,pitch_-5_cleaned.csv
4.0,4.0,-5.0,0.0,0.334122192395,0.013940395787,-0.006431944778,0.008490820743,-0.075490647691,-0.000475174713,pitch_-5_cleaned.csv
4.0,6.0,-5.0,0.0,0.332739656333,0.014121893793,-0.009626849184,0.012692030433,-0.076027504193,-0.000709153401,pitch_-5_cleaned.csv
6.0,-6.0,-5.0,0.0,0.479918831419,0.020075749606,0.008872260263,-0.014675470209,-0.121535733314,0.000142415812,pitch_-5_cleaned.csv
6.0,-4.0,-5.0,0.0,0.482255867746,0.019937766716,0.005929067232,-0.009819358674,-0.121313502158,9.6305098e-05,pitch_-5_cleaned.csv
6.0,-2.0,-5.0,0.0,0.483669758273,0.019854474813,0.002963825829,-0.004917906411,-0.121191219955,4.7738228e-05,pitch_-5_cleaned.csv
6.0,0.0,-5.0,0.0,0.484139043893,0.019826669246,-5.78092e-07,7.64751e-07,-0.121145913698,-2.7498e-08,pitch_-5_cleaned.csv
6.0,2.0,-5.0,0.0,0.483669727061,0.019854458049,-0.002964985964,0.004919444482,-0.12119138953,-4.7793633e-05,pitch_-5_cleaned.csv
6.0,4.0,-5.0,0.0,0.482256058268,0.019937718287,-0.005929944871,0.009820561959,-0.121314414272,-9.6328709e-05,pitch_-5_cleaned.csv
6.0,6.0,-5.0,0.0,0.479918718368,0.020075641572,-0.008872992298,0.014676529626,-0.121536890543,-0.000142427758,pitch_-5_cleaned.csv
8.0,-6.0,-5.0,0.0,0.626801184743,0.028135996312,0.008005632836,-0.016647267021,-0.167890666317,-0.000374206339,pitch_-5_cleaned.csv
8.0,-4.0,-5.0,0.0,0.630090273414,0.028057530522,0.005350819457,-0.011139129723,-0.16798465584,-0.000249065849,pitch_-5_cleaned.csv
8.0,-2.0,-5.0,0.0,0.63207998334,0.028010174632,0.002669119852,-0.005576385087,-0.168057514546,-0.000125949275,pitch_-5_cleaned.csv
8.0,0.0,-5.0,0.0,0.632739947998,0.027994258329,-8.02221e-07,1.295002e-06,-0.168073908691,3.9734e-08,pitch_-5_cleaned.csv
8.0,2.0,-5.0,0.0,0.632080078548,0.028010161594,-0.002670682554,0.005578941635,-0.168057926898,0.000126034273,pitch_-5_cleaned.csv
8.0,4.0,-5.0,0.0,0.6300901871,0.028057480231,-0.005352252264,0.011141586345,-0.167985252217,0.000249167975,pitch_-5_cleaned.csv
8.0,6.0,-5.0,0.0,0.626800955359,0.028135897592,-0.008006851431,0.016649568357,-0.167891536433,0.000374338587,pitch_-5_cleaned.csv
10.0,-6.0,-5.0,0.0,0.773135529187,0.038263347,0.00702658051,-0.018603164563,-0.214936815821,-0.000840138872,pitch_-5_cleaned.csv
10.0,-4.0,-5.0,0.0,0.777378197094,0.03826123476,0.004698627818,-0.012450485785,-0.215359705675,-0.000560135051,pitch_-5_cleaned.csv
10.0,-2.0,-5.0,0.0,0.77994463544,0.038259517401,0.002335940186,-0.006232186007,-0.215634587215,-0.000282623992,pitch_-5_cleaned.csv
10.0,0.0,-5.0,0.0,0.780799892108,0.038259405643,-1.200722e-06,2.200778e-06,-0.215725341349,1.73853e-07,pitch_-5_cleaned.csv
10.0,2.0,-5.0,0.0,0.779944517183,0.038259476423,-0.002338258826,0.006236527527,-0.215634972536,0.000282980894,pitch_-5_cleaned.csv
10.0,4.0,-5.0,0.0,0.777377621648,0.038261123002,-0.004700757773,0.012454655529,-0.215360172342,0.000560508793,pitch_-5_cleaned.csv
10.0,6.0,-5.0,0.0,0.773134653163,0.038263160735,-0.00702842114,0.018607109356,-0.214937528734,0.000840545902,pitch_-5_cleaned.csv
12.0,-6.0,-5.0,0.0,0.918676080945,0.05040781945,0.005939743815,-0.020541663239,-0.262522685593,-0.001253978616,pitch_-5_cleaned.csv
12.0,-4.0,-5.0,0.0,0.923865858306,0.050497192889,0.003973333481,-0.013748903442,-0.263272072974,-0.000836426274,pitch_-5_cleaned.csv
12.0,-2.0,-5.0,0.0,0.927009037868,0.050551179796,0.001964792365,-0.006881655378,-0.263754816194,-0.000421905501,pitch_-5_cleaned.csv
12.0,0.0,-5.0,0.0,0.928058999976,0.050570122898,-1.755204e-06,3.480794e-06,-0.263919155671,4.17315e-07,pitch_-5_cleaned.csv
12.0,2.0,-5.0,0.0,0.927008256839,0.050551082939,-0.00196823586,0.006888527476,-0.263754928136,0.000422739437,pitch_-5_cleaned.csv
12.0,4.0,-5.0,0.0,0.923864158781,0.050496973097,-0.0039765664,0.013755567759,-0.26327210351,0.000837271442,pitch_-5_cleaned.csv
12.0,6.0,-5.0,0.0,0.918671605102,0.050406940281,-0.005942633888,0.020547521255,-0.262525167886,0.001254723266,pitch_-5_cleaned.csv
14.0,-6.0,-5.0,0.0,1.06317657005,0.064507901669,0.004750642661,-0.022460491775,-0.310488030641,-0.001614305252,pitch_-5_cleaned.csv
14.0,-4.0,-5.0,0.0,1.0693100429,0.064703784883,0.003175075092,-0.01503473459,-0.311569767713,-0.001077702045,pitch_-5_cleaned.csv
14.0,-2.0,-5.0,0.0,1.073020799126,0.064822301269,0.001560005112,-0.007522800726,-0.312250242076,-0.000542652079,pitch_-5_cleaned.csv
14.0,0.0,-5.0,0.0,1.074259954308,0.064863227308,-2.496792e-06,5.17918e-06,-0.312481753619,8.11229e-07,pitch_-5_cleaned.csv
14.0,2.0,-5.0,0.0,1.073016729218,0.064821332693,-0.001564654834,0.007532202198,-0.312254019505,0.000544079302,pitch_-5_cleaned.csv
14.0,4.0,-5.0,0.0,1.069304935344,0.064702704549,-0.003179517873,0.015043926768,-0.311573638847,0.001079150856,pitch_-5_cleaned.csv
14.0,6.0,-5.0,0.0,1.063169025398,0.064506538212,-0.00475466794,0.022469028681,-0.310490821418,0.001615747914,pitch_-5_cleaned.csv
16.0,-6.0,-5.0,0.0,1.206393325992,0.080491051078,0.003465232486,-0.02435761507,-0.358668915466,-0.001919804674,pitch_-5_cleaned.csv
16.0,-4.0,-5.0,0.0,1.213434733082,0.080804727972,0.002292238786,-0.016294014322,-0.36003545328,-0.001283857924,pitch_-5_cleaned.csv
16.0,-2.0,-5.0,0.0,1.217732052765,0.080997921526,0.001123393294,-0.008156455724,-0.360964212635,-0.000644893541,pitch_-5_cleaned.csv
16.0,0.0,-5.0,0.0,1.219156593806,0.081063181162,-2.956583e-06,6.22162e-06,-0.36125811786,1.143476e-06,pitch_-5_cleaned.csv
16.0,2.0,-5.0,0.0,1.217729792029,0.08099771291,-0.001129176335,0.008168788462,-0.360963645111,0.000647181832,pitch_-5_cleaned.csv
16.0,4.0,-5.0,0.0,1.213426005875,0.080803014338,-0.002298159926,0.01630665186,-0.360039586857,0.001286374645,pitch_-5_cleaned.csv
16.0,6.0,-5.0,0.0,1.2063815716,0.080489009619,-0.003470628272,0.024369559664,-0.358671710092,0.001922318984,pitch_-5_cleaned.csv
18.0,-6.0,-5.0,0.0,1.348078692976,0.098272457719,0.002090627285,-0.026231411332,-0.40690384839,-0.002169420694,pitch_-5_cleaned.csv
18.0,-4.0,-5.0,0.0,1.35604158637,0.09871956706,0.001368589388,-0.017546775961,-0.408589131819,-0.001450366436,pitch_-5_cleaned.csv
18.0,-2.0,-5.0,0.0,1.360858784061,0.098992437124,0.00069027733,-0.008798560132,-0.409641757325,-0.000724686221,pitch_-5_cleaned.csv
18.0,0.0,-5.0,0.0,1.362510531661,0.099087208509,-3.664723e-06,8.319133e-06,-0.410068674694,1.913145e-06,pitch_-5_cleaned.csv
18.0,2.0,-5.0,0.0,1.360855767536,0.098992146552,-0.000697725211,0.008815230498,-0.409641321305,0.000728504286,pitch_-5_cleaned.csv
18.0,4.0,-5.0,0.0,1.356034659479,0.098718881607,-0.0013757419,0.017563093161,-0.408586957978,0.001454166917,pitch_-5_cleaned.csv
18.0,6.0,-5.0,0.0,1.348068795075,0.098271466792,-0.00209753033,0.026247368727,-0.406900743211,0.002173183256,pitch_-5_cleaned.csv
20.0,-6.0,-5.0,0.0,1.488007179503,0.117761991918,0.000635205995,-0.02807968849,-0.455009405329,-0.002361238703,pitch_-5_cleaned.csv
20.0,-4.0,-5.0,0.0,1.49687937381,0.118353910744,0.000380334685,-0.018781333857,-0.457010698813,-0.001579574965,pitch_-5_cleaned.csv
20.0,-2.0,-5.0,0.0,1.502246857996,0.118715703487,0.000203232826,-0.009416719507,-0.458255721365,-0.000787603704,pitch_-5_cleaned.csv
20.0,0.0,-5.0,0.0,1.504085812621,0.118840515614,-4.371154e-06,1.0846904e-05,-0.458755549651,3.007298e-06,pitch_-5_cleaned.csv
20.0,2.0,-5.0,0.0,1.502241733581,0.118715152144,-0.000211739008,0.009438217304,-0.458254149744,0.000793624032,pitch_-5_cleaned.csv
20.0,4.0,-5.0,0.0,1.496868806841,0.118352852762,-0.000388973413,0.018802651098,-0.457006589157,0.001585527494,pitch_-5_cleaned.csv
20.0,6.0,-5.0,0.0,1.487991603085,0.117760375142,-0.000643405653,0.028100458814,-0.455003537383,0.002367140708,pitch_-5_cleaned.csv
-10.0,-6.0,0.0,-20.0,-0.737330877368,0.035399388522,0.011259343538,0.002658170452,0.253349198804,0.006071683649,roll_-20_cleaned.csv
-10.0,-4.0,0.0,-20.0,-0.742825617926,0.035414133221,0.007531533669,0.00177986136,0.256166619848,0.004069158974,roll_-20_cleaned.csv
-10.0,-2.0,0.0,-20.0,-0.746124142946,0.035421866924,0.003761875834,0.000897091701,0.257846374392,0.002038124089,roll_-20_cleaned.csv
-10.0,0.0,0.0,-20.0,-0.747243781048,0.035425227135,2.988565e-06,-1.30973e-07,0.258437105876,6.95142e-07,roll_-20_cleaned.csv
-10.0,2.0,0.0,-20.0,-0.746124328818,0.035421710461,-0.003755815605,-0.000897387298,0.257846987243,-0.002036717688,roll_-20_cleaned.csv
-10.0,4.0,0.0,-20.0,-0.742825625288,0.035413790494,-0.007525212773,-0.001780373572,0.256166959768,-0.004067676681,roll_-20_cleaned.csv
-10.0,6.0,0.0,-20.0,-0.737330497134,0.035398811102,-0.011253075082,-0.002658898317,0.253349214675,-0.006070199873,roll_-20_cleaned.csv
-8.0,-6.0,0.0,-20.0,-0.595234398964,0.025835474953,0.011355734568,0.000650303576,0.217822260807,0.005191858494,roll_-20_cleaned.csv
-8.0,-4.0,0.0,-20.0,-0.59979875947,0.02577020973,0.007592654088,0.000439156988,0.22036455678,0.003478622519,roll_-20_cleaned.csv
-8.0,-2.0,0.0,-20.0,-0.602540050632,0.025730408728,0.003794503761,0.000226550693,0.2218841023,0.00174246777,roll_-20_cleaned.csv
-8.0,0.0,0.0,-20.0,-0.60346990451,0.025717543438,1.628445e-06,6.9468e-08,0.222414099112,3.59457e-07,roll_-20_cleaned.csv
-8.0,2.0,0.0,-20.0,-0.602540332691,0.025730289519,-0.003790648806,-0.0002267778,0.22188397568,-0.001741605832,roll_-20_cleaned.csv
-8.0,4.0,0.0,-20.0,-0.599799216691,0.025770001113,-0.00758879587,-0.000439451542,0.220364421589,-0.003477752808,roll_-20_cleaned.csv
-8.0,6.0,0.0,-20.0,-0.595234866166,0.025835132226,-0.011351993775,-0.000650586794,0.217821712092,-0.005191002532,roll_-20_cleaned.csv
-6.0,-6.0,0.0,-20.0,-0.451659495778,0.018310906366,0.011347002838,-0.001359956111,0.180531763023,0.004354091431,roll_-20_cleaned.csv
-6.0,-4.0,0.0,-20.0,-0.45529323355,0.018183920532,0.007586038411,-0.00090801263,0.182807782897,0.002916976393,roll_-20_cleaned.csv
-6.0,-2.0,0.0,-20.0,-0.457474520937,0.01810672693,0.003791991635,-0.000451843763,0.184166545868,0.001461059718,roll_-20_cleaned.csv
-6.0,0.0,0.0,-20.0,-0.458214694054,0.01808139123,1.161638e-06,-1.1124e-07,0.184639517097,2.48665e-07,roll_-20_cleaned.csv
-6.0,2.0,0.0,-20.0,-0.457474848471,0.018106669188,-0.00378971902,0.000451643355,0.184166741008,-0.001460573139,roll_-20_cleaned.csv
-6.0,4.0,0.0,-20.0,-0.45529399181,0.018183782697,-0.007583830472,0.000907816959,0.182808353127,-0.00291650339,roll_-20_cleaned.csv
-6.0,6.0,0.0,-20.0,-0.451660725408,0.018310749903,-0.011344839636,0.001359702134,0.18053264843,-0.004353635155,roll_-20_cleaned.csv
-4.0,-6.0,0.0,-20.0,-0.306848679271,0.012873586267,0.011234621077,-0.003374077622,0.141592103991,0.003560611519,roll_-20_cleaned.csv
-4.0,-4.0,0.0,-20.0,-0.309540422401,0.012700648978,0.007508867769,-0.002255173498,0.143584916953,0.002384868693,roll_-20_cleaned.csv
-4.0,-2.0,0.0,-20.0,-0.311156583746,0.012596026994,0.003756115466,-0.001127958097,0.14477679498,0.001194871643,roll_-20_cleaned.csv
-4.0,0.0,0.0,-20.0,-0.311689070296,0.012561187148,7.27898e-07,-2.41308e-07,0.145162964666,1.47881e-07,roll_-20_cleaned.csv
-4.0,2.0,0.0,-20.0,-0.311156971339,0.01259600278,-0.003754579883,0.001127486032,0.144777063159,-0.001194558605,roll_-20_cleaned.csv
-4.0,4.0,0.0,-20.0,-0.309540605166,0.012700579129,-0.007507728396,0.002255140293,0.143584876711,-0.002384633503,roll_-20_cleaned.csv
-4.0,6.0,0.0,-20.0,-0.306849022335,0.012873507105,-0.011233712594,0.003374339615,0.141592430872,-0.003560428214,roll_-20_cleaned.csv
-2.0,-6.0,0.0,-20.0,-0.16103295241,0.009557016194,0.011012473697,-0.00538714831,0.101092048858,0.00281182535,roll_-20_cleaned.csv
-2.0,-4.0,0.0,-20.0,-0.162775301239,0.009354984388,0.007358524886,-0.003601720546,0.102790687758,0.001882885031,roll_-20_cleaned.csv
-2.0,-2.0,0.0,-20.0,-0.163824339537,0.009233226068,0.003683067757,-0.001803188977,0.103813201316,0.000943687258,roll_-20_cleaned.csv
-2.0,0.0,0.0,-20.0,-0.164170696574,0.00919258222,3.58422e-07,-1.4058e-07,0.104148385199,6.8887e-08,roll_-20_cleaned.csv
-2.0,2.0,0.0,-20.0,-0.163824212561,0.009233200923,-0.003682438342,0.001803173186,0.103812795461,-0.000943557078,roll_-20_cleaned.csv
-2.0,4.0,0.0,-20.0,-0.162775380975,0.009354946204,-0.007357907534,0.003601732244,0.102790488377,-0.001882757021,roll_-20_cleaned.csv
-2.0,6.0,0.0,-20.0,-0.161033265004,0.009556966834,-0.01101189306,0.005387156366,0.10109204085,-0.002811705941,roll_-20_cleaned.csv
0.0,-6.0,0.0,-20.0,-0.014453563927,0.008384409361,0.010675233423,-0.007397424001,0.059140774606,0.002108139205,roll_-20_cleaned.csv
0.0,-4.0,0.0,-20.0,-0.015242343591,0.008170541376,0.007131934481,-0.004945943123,0.060538600113,0.001411436457,roll_-20_cleaned.csv
0.0,-2.0,0.0,-20.0,-0.015719902434,0.008041747846,0.003572033424,-0.002477938465,0.061384140734,0.000707834773,roll_-20_cleaned.csv
0.0,0.0,0.0,-20.0,-0.015879911894,0.007998679765,2.15777e-07,-8.86e-08,0.061667447114,4.1592e-08,roll_-20_cleaned.csv
0.0,2.0,0.0,-20.0,-0.015720132671,0.008041742258,-0.003571644201,0.002477791458,0.061384410718,-0.000707759617,roll_-20_cleaned.csv
0.0,4.0,0.0,-20.0,-0.015242821381,0.008170522749,-0.007131527039,0.004945743467,0.060538881434,-0.001411359799,roll_-20_cleaned.csv
0.0,6.0,0.0,-20.0,-0.014455135695,0.008384384215,-0.010674724096,0.007397105033,0.059142141997,-0.002108053477,roll_-20_cleaned.csv
2.0,-6.0,0.0,-20.0,0.132639216731,0.009367945604,0.010222652438,-0.009401881978,0.015865656982,0.001450937027,roll_-20_cleaned.csv
2.0,-4.0,0.0,-20.0,0.132801154451,0.009159580804,0.006835954548,-0.006290416334,0.016966384416,0.000972770332,roll_-20_cleaned.csv
2.0,-2.0,0.0,-20.0,0.132907212993,0.009033669718,0.003421505666,-0.003150746,0.017614146355,0.000487475822,roll_-20_cleaned.csv
2.0,0.0,0.0,-20.0,0.132934048552,0.008991563693,-1.39458e-07,1.1589e-07,0.017844289813,-2.2893e-08,roll_-20_cleaned.csv
2.0,2.0,0.0,-20.0,0.132907371699,0.009033677168,-0.003421776725,0.003150964587,0.017613966697,-0.000487520506,roll_-20_cleaned.csv
2.0,4.0,0.0,-20.0,0.132801533295,0.009159595706,-0.006836242475,0.006290630215,0.01696597402,-0.000972817952,roll_-20_cleaned.csv
2.0,6.0,0.0,-20.0,0.132639233761,0.00936796423,-0.010222892586,0.009402008167,0.015865700134,-0.001450980932,roll_-20_cleaned.csv
4.0,-6.0,0.0,-20.0,0.280005583297,0.012507676147,0.009653268813,-0.011399478302,-0.028612007418,0.00084103607,roll_-20_cleaned.csv
4.0,-4.0,0.0,-20.0,0.281123521089,0.012321615592,0.006457690557,-0.007628660674,-0.027821053067,0.000564980851,roll_-20_cleaned.csv
4.0,-2.0,0.0,-20.0,0.281809854401,0.012209151872,0.003231573382,-0.003821044514,-0.027368059597,0.000283045747,roll_-20_cleaned.csv
4.0,0.0,0.0,-20.0,0.282024211236,0.01217132993,-3.77488e-07,3.61268e-07,-0.027192775483,-4.7321e-08,roll_-20_cleaned.csv
4.0,2.0,0.0,-20.0,0.281809859885,0.012209148146,-0.003232340868,0.003821824647,-0.027368172726,-0.000283135682,roll_-20_cleaned.csv
4.0,4.0,0.0,-20.0,0.281123266138,0.012321606278,-0.00645824572,0.007629193245,-0.027821242179,-0.00056504823,roll_-20_cleaned.csv
4.0,6.0,0.0,-20.0,0.280005189755,0.012507666834,-0.009653731315,0.011399911889,-0.028612114852,-0.000841091448,roll_-20_cleaned.csv
6.0,-6.0,0.0,-20.0,0.427393456888,0.01779191941,0.008967559959,-0.013387383259,-0.074152860579,0.000279587138,roll_-20_cleaned.csv
6.0,-4.0,0.0,-20.0,0.429467611365,0.017644960433,0.006001210408,-0.00896054211,-0.073677092825,0.000189606086,roll_-20_cleaned.csv
6.0,-2.0,0.0,-20.0,0.430721876369,0.017555395141,0.002988031059,-0.004481967035,-0.073400518698,9.2565375e-05,roll_-20_cleaned.csv
6.0,0.0,0.0,-20.0,0.431142806679,0.017526052892,-4.69712e-07,6.25828e-07,-0.07331181128,-2.2214e-08,roll_-20_cleaned.csv
6.0,2.0,0.0,-20.0,0.43072173162,0.017555385828,-0.002988938681,0.004483198549,-0.073400607139,-9.2605146e-05,roll_-20_cleaned.csv
6.0,4.0,0.0,-20.0,0.429467255579,0.017644936219,-0.006002052799,0.008961733828,-0.073677096973,-0.00018963651,roll_-20_cleaned.csv
6.0,6.0,0.0,-20.0,0.427392995269,0.01779188402,-0.008968310097,0.013388495367,-0.074152855969,-0.000279605754,roll_-20_cleaned.csv
8.0,-6.0,0.0,-20.0,0.574556781785,0.025197634473,0.008168442018,-0.015364398653,-0.120619963667,-0.000231937069,roll_-20_cleaned.csv
8.0,-4.0,0.0,-20.0,0.577587008855,0.025106297806,0.005468832456,-0.010284915128,-0.12046568216,-0.000152276691,roll_-20_cleaned.csv
8.0,-2.0,0.0,-20.0,0.57942037197,0.025049859658,0.002713679753,-0.005143542612,-0.120387278173,-7.9822011e-05,roll_-20_cleaned.csv
8.0,0.0,0.0,-20.0,0.580031726907,0.025031695142,-6.42043e-07,1.190395e-06,-0.120359882625,4.6235e-08,roll_-20_cleaned.csv
8.0,2.0,0.0,-20.0,0.579420344329,0.025049846619,-0.002714933352,0.005145897119,-0.120387491716,7.991862e-05,roll_-20_cleaned.csv
8.0,4.0,0.0,-20.0,0.57758683406,0.025106256828,-0.005469990073,0.010287197369,-0.120466008657,0.000152386512,roll_-20_cleaned.csv
8.0,6.0,0.0,-20.0,0.574556482187,0.025197558105,-0.008169432234,0.015366548974,-0.120620483835,0.000232069109,roll_-20_cleaned.csv
10.0,-6.0,0.0,-20.0,0.721244878578,0.034689001739,0.007256140383,-0.017327139539,-0.16785993064,-0.000692861923,roll_-20_cleaned.csv
10.0,-4.0,0.0,-20.0,0.725228433892,0.034669492394,0.004860380797,-0.011599664092,-0.168030335233,-0.000460268924,roll_-20_cleaned.csv
10.0,-2.0,0.0,-20.0,0.727639334502,0.03465654701,0.002402940499,-0.005800479297,-0.168153898843,-0.000234563957,roll_-20_cleaned.csv
10.0,0.0,0.0,-20.0,0.728443098816,0.034653268754,-9.65676e-07,2.124881e-06,-0.168194657428,1.826e-07,roll_-20_cleaned.csv
10.0,2.0,0.0,-20.0,0.727639083108,0.034656506032,-0.002404815481,0.005804685589,-0.168154110234,0.000234936089,roll_-20_cleaned.csv
10.0,4.0,0.0,-20.0,0.725227800054,0.034669395536,-0.004862089949,0.011603716744,-0.168030546185,0.000460655304,roll_-20_cleaned.csv
10.0,6.0,0.0,-20.0,0.721243941288,0.034688837826,-0.007257627006,0.01733100791,-0.167860280758,0.000693272606,roll_-20_cleaned.csv
12.0,-6.0,0.0,-20.0,0.867210757276,0.046219330281,0.006235303424,-0.019273919247,-0.215720296753,-0.001101736462,roll_-20_cleaned.csv
12.0,-4.0,0.0,-20.0,0.872145309694,0.046287335455,0.004176437933,-0.012904061853,-0.216221599103,-0.000733898588,roll_-20_cleaned.csv
12.0,-2.0,0.0,-20.0,0.875127114095,0.046327073127,0.002055922186,-0.006450796369,-0.216540702141,-0.000371574826,roll_-20_cleaned.csv
12.0,0.0,0.0,-20.0,0.876120512217,0.046341367066,-1.419356e-06,3.432094e-06,-0.216645607827,4.26737e-07,roll_-20_cleaned.csv
12.0,2.0,0.0,-20.0,0.875126215181,0.046326976269,-0.002058694184,0.006457570316,-0.216540563004,0.000372429121,roll_-20_cleaned.csv
12.0,4.0,0.0,-20.0,0.872143675373,0.046287130564,-0.004179091342,0.012910724107,-0.216221443032,0.000734763918,roll_-20_cleaned.csv
12.0,6.0,0.0,-20.0,0.867207921813,0.046218980104,-0.006237565267,0.019280200258,-0.215719758293,0.001102623317,roll_-20_cleaned.csv
14.0,-6.0,0.0,-20.0,1.01220729151,0.05973020196,0.005110583798,-0.021202529452,-0.264040928622,-0.001457286004,roll_-20_cleaned.csv
14.0,-4.0,0.0,-20.0,1.018079522506,0.059900123626,0.00342443423,-0.014194725046,-0.264871134508,-0.000971283766,roll_-20_cleaned.csv
14.0,-2.0,0.0,-20.0,1.021636214641,0.060002271086,0.001673784454,-0.007094273183,-0.265389401311,-0.00049041381,roll_-20_cleaned.csv
14.0,0.0,0.0,-20.0,1.022816737865,0.0600370951,-2.046106e-06,5.164549e-06,-0.265557793526,8.21567e-07,roll_-20_cleaned.csv
14.0,2.0,0.0,-20.0,1.021634175637,0.06000206992,-0.001677761166,0.007104456136,-0.265388679909,0.000492053261,roll_-20_cleaned.csv
14.0,4.0,0.0,-20.0,1.018079452057,0.05989978835,-0.003428134807,0.014204469346,-0.264874359882,0.000972797863,roll_-20_cleaned.csv
14.0,6.0,0.0,-20.0,1.01219920148,0.059728924185,-0.005113944971,0.021211131891,-0.264043352326,0.001458739729,roll_-20_cleaned.csv
16.0,-6.0,0.0,-20.0,1.155989686313,0.07515206933,0.00388783281,-0.023110864304,-0.312657222889,-0.001758180619,roll_-20_cleaned.csv
16.0,-4.0,0.0,-20.0,1.162766657833,0.075435347855,0.002572224897,-0.015456862924,-0.313754674562,-0.001175712781,roll_-20_cleaned.csv
16.0,-2.0,0.0,-20.0,1.1669201728,0.075611516833,0.001259001381,-0.00773050711,-0.314534863195,-0.000590545915,roll_-20_cleaned.csv
16.0,0.0,0.0,-20.0,1.168280610624,0.075668126345,-2.590013e-06,6.39327e-06,-0.31476902895,1.172942e-06,roll_-20_cleaned.csv
16.0,2.0,0.0,-20.0,1.166913744693,0.07561019063,-0.001264160114,0.00774383196,-0.314539876736,0.000593126297,roll_-20_cleaned.csv
16.0,4.0,0.0,-20.0,1.162757326433,0.07543373853,-0.002577191514,0.015469670086,-0.313758500517,0.001178255225,roll_-20_cleaned.csv
16.0,6.0,0.0,-20.0,1.155977663316,0.075150161982,-0.003892352598,0.023122983311,-0.312659803255,0.001760700771,roll_-20_cleaned.csv
18.0,-6.0,0.0,-20.0,1.298316123545,0.092404857278,0.002573858806,-0.024997097483,-0.361401093533,-0.002003066658,roll_-20_cleaned.csv
18.0,-4.0,0.0,-20.0,1.306010330528,0.092816241086,0.00168912992,-0.016717947777,-0.362826406221,-0.001339180334,roll_-20_cleaned.csv
18.0,-2.0,0.0,-20.0,1.310670095016,0.093067973852,0.000856926081,-0.008382655657,-0.363718547534,-0.000667997071,roll_-20_cleaned.csv
18.0,0.0,0.0,-20.0,1.312276757915,0.093155302107,-3.215081e-06,8.549222e-06,-0.364104128351,1.93316e-06,roll_-20_cleaned.csv
18.0,2.0,0.0,-20.0,1.310667174385,0.093067735434,-0.000863319907,0.008399718259,-0.363717827852,0.000671865739,roll_-20_cleaned.csv
18.0,4.0,0.0,-20.0,1.30600391113,0.092815615237,-0.001695352572,0.016734756858,-0.362824480452,0.001343029954,roll_-20_cleaned.csv
18.0,6.0,0.0,-20.0,1.298298948406,0.092402078211,-0.00257978934,0.025013644699,-0.361403468306,0.002007144547,roll_-20_cleaned.csv
20.0,-6.0,0.0,-20.0,1.438938144109,0.111395388842,0.001176743786,-0.026859516593,-0.410105446145,-0.002190945063,roll_-20_cleaned.csv
20.0,-4.0,0.0,-20.0,1.447554045661,0.111951075494,0.000750386489,-0.017962097606,-0.411844907804,-0.001463777772,roll_-20_cleaned.csv
20.0,-2.0,0.0,-20.0,1.452766264892,0.112288869917,0.00038794846,-0.009005070052,-0.412931416944,-0.000729784244,roll_-20_cleaned.csv
20.0,0.0,0.0,-20.0,1.454558594116,0.112405017018,-3.850729e-06,1.1183413e-05,-0.413386334554,3.018044e-06,roll_-20_cleaned.csv
20.0,2.0,0.0,-20.0,1.452760998661,0.112288370728,-0.000395851868,0.009027417009,-0.412929171395,0.00073577723,roll_-20_cleaned.csv
20.0,4.0,0.0,-20.0,1.447544180208,0.111950077116,-0.000757928321,0.017984070946,-0.411841275614,0.001469756896,roll_-20_cleaned.csv
20.0,6.0,0.0,-20.0,1.438923364236,0.11139383167,-0.001183919378,0.026880990041,-0.410099800976,0.002196881029,roll_-20_cleaned.csv
-10.0,-6.0,0.0,-15.0,-0.737330879267,0.035399388522,0.011259345232,0.002658170028,0.253349201816,0.006071684251,roll_-15_cleaned.csv
-10.0,-4.0,0.0,-15.0,-0.74282561573,0.035414133221,0.007531533125,0.001779861249,0.25616661952,0.004069158816,roll_-15_cleaned.csv
-10.0,-2.0,0.0,-15.0,-0.746124128506,0.035421863198,0.003761873735,0.000897093427,0.257846367445,0.002038123823,roll_-15_cleaned.csv
-10.0,0.0,0.0,-15.0,-0.747243781723,0.035425227135,2.988544e-06,-1.30989e-07,0.258437105758,6.95137e-07,roll_-15_cleaned.csv
-10.0,2.0,0.0,-15.0,-0.746124329104,0.035421710461,-0.003755813684,-0.000897389268,0.257846994024,-0.002036717244,roll_-15_cleaned.csv
-10.0,4.0,0.0,-15.0,-0.742825628363,0.035413790494,-0.007525213573,-0.001780372669,0.256166959262,-0.004067676941,roll_-15_cleaned.csv
-10.0,6.0,0.0,-15.0,-0.737330496793,0.035398811102,-0.011253072446,-0.002658899027,0.253349216012,-0.006070198956,roll_-15_cleaned.csv
-8.0,-6.0,0.0,-15.0,-0.59523439673,0.025835474953,0.011355735905,0.000650303022,0.217822259588,0.00519185909,roll_-15_cleaned.csv
-8.0,-4.0,0.0,-15.0,-0.599798759817,0.02577020973,0.007592654166,0.000439156937,0.220364556955,0.003478622536,roll_-15_cleaned.csv
-8.0,-2.0,0.0,-15.0,-0.602540050194,0.025730408728,0.003794503778,0.000226550604,0.221884101983,0.001742467773,roll_-15_cleaned.csv
-8.0,0.0,0.0,-15.0,-0.603469908237,0.025717543438,1.622515e-06,7.1524e-08,0.222414106704,3.57898e-07,roll_-15_cleaned.csv
-8.0,2.0,0.0,-15.0,-0.602540334597,0.025730289519,-0.003790649336,-0.000226778024,0.221883977393,-0.00174160596,roll_-15_cleaned.csv
-8.0,4.0,0.0,-15.0,-0.599799220754,0.025770001113,-0.007588796424,-0.000439450447,0.220364426192,-0.00347775298,roll_-15_cleaned.csv
-8.0,6.0,0.0,-15.0,-0.595234877329,0.025835132226,-0.011351997217,-0.000650582948,0.217821727165,-0.005191003616,roll_-15_cleaned.csv
-6.0,-6.0,0.0,-15.0,-0.451659495772,0.018310906366,0.011347002835,-0.001359956108,0.180531763021,0.00435409143,roll_-15_cleaned.csv
-6.0,-4.0,0.0,-15.0,-0.455293233471,0.018183920532,0.007586038441,-0.000908012644,0.182807783047,0.0029169764,roll_-15_cleaned.csv
-6.0,-2.0,0.0,-15.0,-0.457474520957,0.01810672693,0.003791991614,-0.000451843755,0.184166545892,0.001461059713,roll_-15_cleaned.csv
-6.0,0.0,0.0,-15.0,-0.458214694155,0.01808139123,1.161679e-06,-1.11303e-07,0.184639517132,2.48663e-07,roll_-15_cleaned.csv
-6.0,2.0,0.0,-15.0,-0.457474849353,0.018106669188,-0.003789719144,0.000451643681,0.184166742544,-0.001460573014,roll_-15_cleaned.csv
-6.0,4.0,0.0,-15.0,-0.455293991716,0.018183782697,-0.007583830491,0.000907816982,0.182808353105,-0.002916503391,roll_-15_cleaned.csv
-6.0,6.0,0.0,-15.0,-0.451660725405,0.018310749903,-0.011344839637,0.001359702137,0.180532648436,-0.004353635156,roll_-15_cleaned.csv
-4.0,-6.0,0.0,-15.0,-0.306848679277,0.012873586267,0.011234621078,-0.003374077622,0.141592103991,0.003560611519,roll_-15_cleaned.csv
-4.0,-4.0,0.0,-15.0,-0.309540422405,0.012700648978,0.007508867764,-0.002255173497,0.143584916955,0.002384868692,roll_-15_cleaned.csv
-4.0,-2.0,0.0,-15.0,-0.31115658375,0.012596026994,0.003756115464,-0.001127958093,0.144776794977,0.001194871643,roll_-15_cleaned.csv
-4.0,0.0,0.0,-15.0,-0.311689070296,0.012561187148,7.27898e-07,-2.41307e-07,0.145162964666,1.47881e-07,roll_-15_cleaned.csv
-4.0,2.0,0.0,-15.0,-0.31115697133,0.01259600278,-0.003754579883,0.001127486032,0.144777063156,-0.001194558605,roll_-15_cleaned.csv
-4.0,4.0,0.0,-15.0,-0.309540605166,0.012700579129,-0.007507728396,0.002255140293,0.143584876712,-0.002384633504,roll_-15_cleaned.csv
-4.0,6.0,0.0,-15.0,-0.306849022336,0.012873507105,-0.011233712594,0.003374339615,0.141592430873,-0.003560428214,roll_-15_cleaned.csv
-2.0,-6.0,0.0,-15.0,-0.161032952408,0.009557016194,0.011012473698,-0.00538714831,0.101092048858,0.00281182535,roll_-15_cleaned.csv
-2.0,-4.0,0.0,-15.0,-0.16277530124,0.009354984388,0.007358524886,-0.003601720546,0.102790687758,0.001882885031,roll_-15_cleaned.csv
-2.0,-2.0,0.0,-15.0,-0.163824339537,0.009233226068,0.003683067758,-0.001803188977,0.103813201316,0.000943687258,roll_-15_cleaned.csv
-2.0,0.0,0.0,-15.0,-0.164170696574,0.00919258222,3.58422e-07,-1.40582e-07,0.104148385199,6.8888e-08,roll_-15_cleaned.csv
-2.0,2.0,0.0,-15.0,-0.163824212561,0.009233200923,-0.003682438342,0.001803173186,0.103812795461,-0.000943557078,roll_-15_cleaned.csv
-2.0,4.0,0.0,-15.0,-0.162775380984,0.009354946204,-0.007357907532,0.00360173224,0.102790488391,-0.001882757021,roll_-15_cleaned.csv
-2.0,6.0,0.0,-15.0,-0.161033264985,0.009556966834,-0.011011893132,0.005387156399,0.101092040797,-0.002811705954,roll_-15_cleaned.csv
0.0,-6.0,0.0,-15.0,-0.014453563927,0.008384409361,0.010675233423,-0.007397424001,0.059140774606,0.002108139205,roll_-15_cleaned.csv
0.0,-4.0,0.0,-15.0,-0.015242343591,0.008170541376,0.007131934481,-0.004945943123,0.060538600113,0.001411436457,roll_-15_cleaned.csv
0.0,-2.0,0.0,-15.0,-0.015719902434,0.008041747846,0.003572033424,-0.002477938465,0.061384140734,0.000707834773,roll_-15_cleaned.csv
0.0,0.0,0.0,-15.0,-0.015879911894,0.007998679765,2.15777e-07,-8.86e-08,0.061667447115,4.1592e-08,roll_-15_cleaned.csv
0.0,2.0,0.0,-15.0,-0.015720132671,0.008041742258,-0.003571644201,0.002477791458,0.061384410718,-0.000707759617,roll_-15_cleaned.csv
0.0,4.0,0.0,-15.0,-0.015242821381,0.008170522749,-0.007131527039,0.004945743467,0.060538881434,-0.001411359799,roll_-15_cleaned.csv
0.0,6.0,0.0,-15.0,-0.014455135695,0.008384384215,-0.010674724096,0.007397105033,0.059142141997,-0.002108053477,roll_-15_cleaned.csv
2.0,-6.0,0.0,-15.0,0.132639216723,0.009367945604,0.010222652437,-0.009401881974,0.015865656995,0.001450937027,roll_-15_cleaned.csv
2.0,-4.0,0.0,-15.0,0.132801154451,0.009159580804,0.006835954548,-0.006290416334,0.016966384416,0.000972770332,roll_-15_cleaned.csv
2.0,-2.0,0.0,-15.0,0.132907212993,0.009033669718,0.003421505666,-0.003150746,0.017614146354,0.000487475822,roll_-15_cleaned.csv
2.0,0.0,0.0,-15.0,0.13293404846,0.008991563693,-1.39459e-07,1.15891e-07,0.017844289867,-2.2893e-08,roll_-15_cleaned.csv
2.0,2.0,0.0,-15.0,0.132907371699,0.009033677168,-0.003421776725,0.003150964587,0.017613966697,-0.000487520506,roll_-15_cleaned.csv
2.0,4.0,0.0,-15.0,0.132801533294,0.009159595706,-0.006836242475,0.006290630215,0.016965974021,-0.000972817952,roll_-15_cleaned.csv
2.0,6.0,0.0,-15.0,0.132639233761,0.00936796423,-0.010222892586,0.009402008167,0.015865700134,-0.001450980932,roll_-15_cleaned.csv
4.0,-6.0,0.0,-15.0,0.280005583164,0.012507676147,0.009653268815,-0.011399478307,-0.028612007356,0.00084103607,roll_-15_cleaned.csv
4.0,-4.0,0.0,-15.0,0.281123521142,0.012321615592,0.006457690553,-0.007628660674,-0.027821053068,0.00056498085,roll_-15_cleaned.csv
4.0,-2.0,0.0,-15.0,0.281809836092,0.012209151872,0.003231571161,-0.003821046876,-0.027368047663,0.000283045072,roll_-15_cleaned.csv
4.0,0.0,0.0,-15.0,0.282024211236,0.01217132993,-3.77488e-07,3.61268e-07,-0.027192775483,-4.7321e-08,roll_-15_cleaned.csv
4.0,2.0,0.0,-15.0,0.281809859827,0.012209148146,-0.003232340866,0.003821824647,-0.027368172751,-0.000283135682,roll_-15_cleaned.csv
4.0,4.0,0.0,-15.0,0.281123266139,0.012321606278,-0.00645824572,0.007629193245,-0.027821242179,-0.00056504823,roll_-15_cleaned.csv
4.0,6.0,0.0,-15.0,0.280005189759,0.012507666834,-0.009653731313,0.011399911888,-0.028612114853,-0.000841091448,roll_-15_cleaned.csv
6.0,-6.0,0.0,-15.0,0.427393457259,0.01779191941,0.008967559898,-0.013387383264,-0.07415286062,0.000279587131,roll_-15_cleaned.csv
6.0,-4.0,0.0,-15.0,0.429467611246,0.017644960433,0.006001210495,-0.008960542062,-0.073677092584,0.000189606101,roll_-15_cleaned.csv
6.0,-2.0,0.0,-15.0,0.430721876549,0.017555395141,0.002988030971,-0.004481966981,-0.073400518811,9.2565362e-05,roll_-15_cleaned.csv
6.0,0.0,0.0,-15.0,0.431142809114,0.017526052892,-4.71082e-07,6.2664e-07,-0.073311814378,-2.2401e-08,roll_-15_cleaned.csv
6.0,2.0,0.0,-15.0,0.430721731628,0.017555385828,-0.00298893868,0.004483198548,-0.07340060714,-9.2605146e-05,roll_-15_cleaned.csv
6.0,4.0,0.0,-15.0,0.429467255545,0.017644936219,-0.006002052797,0.008961733822,-0.073677096954,-0.000189636511,roll_-15_cleaned.csv
6.0,6.0,0.0,-15.0,0.427392995935,0.01779188402,-0.008968310185,0.013388495423,-0.07415285609,-0.000279605768,roll_-15_cleaned.csv
8.0,-6.0,0.0,-15.0,0.574556780949,0.025197634473,0.008168442231,-0.015364398975,-0.120619963068,-0.000231937082,roll_-15_cleaned.csv
8.0,-4.0,0.0,-15.0,0.577587008091,0.025106295943,0.00546883256,-0.010284915706,-0.120465683323,-0.000152276733,roll_-15_cleaned.csv
8.0,-2.0,0.0,-15.0,0.579420372875,0.025049859658,0.00271367995,-0.005143542802,-0.120387278268,-7.9821992e-05,roll_-15_cleaned.csv
8.0,0.0,0.0,-15.0,0.580031714292,0.025031695142,-6.40736e-07,1.189116e-06,-0.120359875018,4.632e-08,roll_-15_cleaned.csv
8.0,2.0,0.0,-15.0,0.579420344033,0.025049846619,-0.002714933272,0.005145897026,-0.120387492051,7.9918621e-05,roll_-15_cleaned.csv
8.0,4.0,0.0,-15.0,0.577586835462,0.025106256828,-0.005469990114,0.010287197284,-0.120466010087,0.000152386495,roll_-15_cleaned.csv
8.0,6.0,0.0,-15.0,0.574556479793,0.025197556242,-0.008169430775,0.015366547976,-0.12062048258,0.000232069253,roll_-15_cleaned.csv
10.0,-6.0,0.0,-15.0,0.721244884002,0.034689001739,0.007256138644,-0.017327138253,-0.167859933384,-0.000692862065,roll_-15_cleaned.csv
10.0,-4.0,0.0,-15.0,0.725228434434,0.034669492394,0.004860380934,-0.01159966459,-0.168030335154,-0.000460268968,roll_-15_cleaned.csv
10.0,-2.0,0.0,-15.0,0.727639330848,0.03465654701,0.002402926745,-0.005800469587,-0.168153888173,-0.000234565031,roll_-15_cleaned.csv
10.0,0.0,0.0,-15.0,0.728443056267,0.034653261304,-9.6378e-07,2.123897e-06,-0.168194656771,1.8275e-07,roll_-15_cleaned.csv
10.0,2.0,0.0,-15.0,0.727639096262,0.034656509757,-0.002404807103,0.005804675352,-0.168154081174,0.000234935668,roll_-15_cleaned.csv
10.0,4.0,0.0,-15.0,0.725227798416,0.034669395536,-0.004862089981,0.01160371658,-0.168030544016,0.000460655301,roll_-15_cleaned.csv
10.0,6.0,0.0,-15.0,0.721243929792,0.034688837826,-0.00725762681,0.017331008921,-0.167860276868,0.000693272875,roll_-15_cleaned.csv
12.0,-6.0,0.0,-15.0,0.867210758452,0.046219330281,0.006235302502,-0.019273917519,-0.215720300718,-0.00110173651,roll_-15_cleaned.csv
12.0,-4.0,0.0,-15.0,0.872145320177,0.046287335455,0.004176438703,-0.012904065079,-0.216221614963,-0.000733900018,roll_-15_cleaned.csv
12.0,-2.0,0.0,-15.0,0.875127109883,0.046327073127,0.002055922393,-0.00645079729,-0.216540695986,-0.000371574939,roll_-15_cleaned.csv
12.0,0.0,0.0,-15.0,0.876120498379,0.046341363341,-1.429496e-06,3.435544e-06,-0.216645613193,4.26612e-07,roll_-15_cleaned.csv
12.0,2.0,0.0,-15.0,0.875126216862,0.046326976269,-0.002058693848,0.006457569872,-0.216540565857,0.000372429071,roll_-15_cleaned.csv
12.0,4.0,0.0,-15.0,0.87214368573,0.046287130564,-0.004179090969,0.012910725467,-0.216221453383,0.000734765277,roll_-15_cleaned.csv
12.0,6.0,0.0,-15.0,0.867207919377,0.046218980104,-0.006237565198,0.019280200779,-0.215719756128,0.001102623388,roll_-15_cleaned.csv
14.0,-6.0,0.0,-15.0,1.012207257507,0.059730198234,0.005110581854,-0.021202534363,-0.264040914644,-0.00145728737,roll_-15_cleaned.csv
14.0,-4.0,0.0,-15.0,1.018079526334,0.059900123626,0.003424433687,-0.014194725101,-0.264871130701,-0.000971283808,roll_-15_cleaned.csv
14.0,-2.0,0.0,-15.0,1.021636209711,0.060002267361,0.001673785724,-0.007094275228,-0.265389405189,-0.000490413991,roll_-15_cleaned.csv
14.0,0.0,0.0,-15.0,1.022816798182,0.0600370951,-2.033547e-06,5.161964e-06,-0.265557842994,8.22555e-07,roll_-15_cleaned.csv
14.0,2.0,0.0,-15.0,1.021634169169,0.06000206992,-0.001677761695,0.007104456515,-0.265388679151,0.000492053219,roll_-15_cleaned.csv
14.0,4.0,0.0,-15.0,1.018079440923,0.05989978835,-0.00342813585,0.014204471025,-0.264874363143,0.000972797912,roll_-15_cleaned.csv
14.0,6.0,0.0,-15.0,1.012199134466,0.05972892046,-0.005113940082,0.021211126392,-0.264043274895,0.001458739136,roll_-15_cleaned.csv
16.0,-6.0,0.0,-15.0,1.155989688611,0.07515206933,0.003887833948,-0.023110866664,-0.312657225283,-0.001758180866,roll_-15_cleaned.csv
16.0,-4.0,0.0,-15.0,1.162766634363,0.075435347855,0.002572222408,-0.015456853795,-0.313754667338,-0.001175711363,roll_-15_cleaned.csv
16.0,-2.0,0.0,-15.0,1.166920162403,0.075611509383,0.001259002797,-0.007730507531,-0.314534869604,-0.000590545964,roll_-15_cleaned.csv
16.0,0.0,0.0,-15.0,1.168280644549,0.075668133795,-2.594191e-06,6.398237e-06,-0.314769027318,1.173456e-06,roll_-15_cleaned.csv
16.0,2.0,0.0,-15.0,1.166913745184,0.07561019063,-0.001264161175,0.007743836746,-0.31453987342,0.000593127116,roll_-15_cleaned.csv
16.0,4.0,0.0,-15.0,1.162757298035,0.07543374598,-0.002577174123,0.015469659964,-0.313758418464,0.001178252858,roll_-15_cleaned.csv
16.0,6.0,0.0,-15.0,1.155977636589,0.075150154531,-0.003892352484,0.023122991059,-0.312659819855,0.001760702406,roll_-15_cleaned.csv
18.0,-6.0,0.0,-15.0,1.298316498058,0.09240487963,0.002573821394,-0.024997105199,-0.361401652166,-0.002003078028,roll_-15_cleaned.csv
18.0,-4.0,0.0,-15.0,1.306010413551,0.092816248536,0.001689128879,-0.016717941649,-0.362826483141,-0.001339178743,roll_-15_cleaned.csv
18.0,-2.0,0.0,-15.0,1.310670259852,0.093067988753,0.000857012239,-0.008382722991,-0.363718800327,-0.000667995735,roll_-15_cleaned.csv
18.0,0.0,0.0,-15.0,1.312276744221,0.093155302107,-3.224226e-06,8.558732e-06,-0.364104088822,1.934306e-06,roll_-15_cleaned.csv
18.0,2.0,0.0,-15.0,1.310667022826,0.093067727983,-0.000863375928,0.008399750353,-0.363717665979,0.000671863301,roll_-15_cleaned.csv
18.0,4.0,0.0,-15.0,1.306004003804,0.092815630138,-0.001695358042,0.01673476911,-0.362824525961,0.001343031714,roll_-15_cleaned.csv
18.0,6.0,0.0,-15.0,1.298299137977,0.092402078211,-0.002579667855,0.025013571796,-0.361403792616,0.002007153677,roll_-15_cleaned.csv
20.0,-6.0,0.0,-15.0,1.438938033625,0.11139537394,0.001176656712,-0.026859403048,-0.410105282045,-0.002190928729,roll_-15_cleaned.csv
20.0,-4.0,0.0,-15.0,1.447553821759,0.111951038241,0.000750330543,-0.01796205968,-0.411844721639,-0.001463779062,roll_-15_cleaned.csv
20.0,-2.0,0.0,-15.0,1.452765710546,0.112288832664,0.000388171117,-0.009005193405,-0.412930744278,-0.000729762671,roll_-15_cleaned.csv
20.0,0.0,0.0,-15.0,1.45455865271,0.112405009568,-3.840492e-06,1.1157274e-05,-0.413386467551,3.015284e-06,roll_-15_cleaned.csv
20.0,2.0,0.0,-15.0,1.452761236084,0.112288400531,-0.000395907854,0.00902749271,-0.412929332177,0.000735784067,roll_-15_cleaned.csv
20.0,4.0,0.0,-15.0,1.4475440044,0.111950054765,-0.000757872972,0.017984050187,-0.411841104482,0.001469759958,roll_-15_cleaned.csv
20.0,6.0,0.0,-15.0,1.438923364927,0.111393839121,-0.001183891272,0.026881024123,-0.410099665453,0.002196902881,roll_-15_cleaned.csv
-10.0,-6.0,0.0,-10.0,-0.737330878474,0.035399384797,0.011259345267,0.002658170103,0.253349201407,0.006071684263,roll_-10_cleaned.csv
-10.0,-4.0,0.0,-10.0,-0.742825619558,0.035414133221,0.007531532973,0.001779862073,0.256166622624,0.004069158948,roll_-10_cleaned.csv
-10.0,-2.0,0.0,-10.0,-0.746124120732,0.035421863198,0.003761884089,0.000897090373,0.257846353853,0.002038126472,roll_-10_cleaned.csv
-10.0,0.0,0.0,-10.0,-0.747243782302,0.035425227135,2.988531e-06,-1.31e-07,0.258437105986,6.95132e-07,roll_-10_cleaned.csv
-10.0,2.0,0.0,-10.0,-0.746124338808,0.035421714187,-0.003755828621,-0.000897387356,0.257846993716,-0.002036721002,roll_-10_cleaned.csv
-10.0,4.0,0.0,-10.0,-0.742825629503,0.035413790494,-0.007525213822,-0.001780372641,0.256166959847,-0.004067676988,roll_-10_cleaned.csv
-10.0,6.0,0.0,-10.0,-0.737330537293,0.035398814827,-0.011253070375,-0.002658915765,0.253349285357,-0.006070198458,roll_-10_cleaned.csv
-8.0,-6.0,0.0,-10.0,-0.595234401149,0.025835474953,0.011355735836,0.00065030509,0.217822265973,0.005191859042,roll_-10_cleaned.csv
-8.0,-4.0,0.0,-10.0,-0.59979875921,0.02577020973,0.007592654007,0.000439157065,0.220364556742,0.003478622499,roll_-10_cleaned.csv
-8.0,-2.0,0.0,-10.0,-0.602540049995,0.025730408728,0.003794503638,0.000226551152,0.221884104168,0.001742467873,roll_-10_cleaned.csv
-8.0,0.0,0.0,-10.0,-0.603469908216,0.025717543438,1.622522e-06,7.1581e-08,0.222414106603,3.57901e-07,roll_-10_cleaned.csv
-8.0,2.0,0.0,-10.0,-0.602540342083,0.025730291381,-0.003790646839,-0.000226778599,0.221883981385,-0.001741605409,roll_-10_cleaned.csv
-8.0,4.0,0.0,-10.0,-0.599799220409,0.025770001113,-0.007588796306,-0.000439450566,0.220364425623,-0.003477752949,roll_-10_cleaned.csv
-8.0,6.0,0.0,-10.0,-0.595234866134,0.025835132226,-0.011351993781,-0.000650586752,0.217821711848,-0.005191002525,roll_-10_cleaned.csv
-6.0,-6.0,0.0,-10.0,-0.451659495935,0.018310906366,0.011347002829,-0.001359956088,0.180531763156,0.004354091431,roll_-10_cleaned.csv
-6.0,-4.0,0.0,-10.0,-0.455293233635,0.018183920532,0.007586037949,-0.000908012346,0.182807782949,0.002916976285,roll_-10_cleaned.csv
-6.0,-2.0,0.0,-10.0,-0.457474521082,0.01810672693,0.00379199162,-0.000451843769,0.184166545925,0.001461059714,roll_-10_cleaned.csv
-6.0,0.0,0.0,-10.0,-0.458214694036,0.01808139123,1.161613e-06,-1.11273e-07,0.184639517005,2.48652e-07,roll_-10_cleaned.csv
-6.0,2.0,0.0,-10.0,-0.457474849336,0.018106669188,-0.003789719153,0.000451643694,0.184166742462,-0.001460573015,roll_-10_cleaned.csv
-6.0,4.0,0.0,-10.0,-0.455293991594,0.018183782697,-0.007583830494,0.000907816993,0.182808353253,-0.002916503391,roll_-10_cleaned.csv
-6.0,6.0,0.0,-10.0,-0.451660725222,0.018310749903,-0.011344839619,0.001359702103,0.180532648273,-0.004353635151,roll_-10_cleaned.csv
-4.0,-6.0,0.0,-10.0,-0.306848679277,0.012873586267,0.011234621078,-0.003374077622,0.141592103991,0.003560611519,roll_-10_cleaned.csv
-4.0,-4.0,0.0,-10.0,-0.309540422401,0.012700648978,0.007508867768,-0.002255173498,0.143584916954,0.002384868693,roll_-10_cleaned.csv
-4.0,-2.0,0.0,-10.0,-0.31115658367,0.012596026994,0.003756115468,-0.001127958163,0.144776794745,0.001194871632,roll_-10_cleaned.csv
-4.0,0.0,0.0,-10.0,-0.311689070296,0.012561187148,7.27898e-07,-2.41307e-07,0.145162964666,1.47881e-07,roll_-10_cleaned.csv
-4.0,2.0,0.0,-10.0,-0.31115697133,0.01259600278,-0.003754579883,0.001127486032,0.144777063156,-0.001194558605,roll_-10_cleaned.csv
-4.0,4.0,0.0,-10.0,-0.309540605166,0.012700579129,-0.007507728396,0.002255140293,0.143584876711,-0.002384633504,roll_-10_cleaned.csv
-4.0,6.0,0.0,-10.0,-0.306849022335,0.012873507105,-0.011233712594,0.003374339615,0.141592430872,-0.003560428214,roll_-10_cleaned.csv
-2.0,-6.0,0.0,-10.0,-0.161032952408,0.009557016194,0.011012473698,-0.00538714831,0.101092048858,0.00281182535,roll_-10_cleaned.csv
-2.0,-4.0,0.0,-10.0,-0.162775301239,0.009354984388,0.007358524886,-0.003601720546,0.102790687758,0.001882885031,roll_-10_cleaned.csv
-2.0,-2.0,0.0,-10.0,-0.163824339537,0.009233226068,0.003683067757,-0.001803188977,0.103813201316,0.000943687258,roll_-10_cleaned.csv
-2.0,0.0,0.0,-10.0,-0.164170696592,0.00919258222,3.58424e-07,-1.40591e-07,0.104148385234,6.8887e-08,roll_-10_cleaned.csv
-2.0,2.0,0.0,-10.0,-0.163824212561,0.009233200923,-0.003682438342,0.001803173186,0.103812795461,-0.000943557078,roll_-10_cleaned.csv
-2.0,4.0,0.0,-10.0,-0.162775380984,0.009354946204,-0.007357907532,0.00360173224,0.102790488391,-0.001882757021,roll_-10_cleaned.csv
-2.0,6.0,0.0,-10.0,-0.161033264985,0.009556966834,-0.011011893132,0.005387156399,0.101092040797,-0.002811705954,roll_-10_cleaned.csv
0.0,-6.0,0.0,-10.0,-0.014453563927,0.008384409361,0.010675233423,-0.007397424001,0.059140774606,0.002108139205,roll_-10_cleaned.csv
0.0,-4.0,0.0,-10.0,-0.015242343591,0.008170541376,0.007131934481,-0.004945943123,0.060538600113,0.001411436457,roll_-10_cleaned.csv
0.0,-2.0,0.0,-10.0,-0.015719902434,0.008041747846,0.003572033424,-0.002477938465,0.061384140734,0.000707834773,roll_-10_cleaned.csv
0.0,0.0,0.0,-10.0,-0.015879911894,0.007998679765,2.15777e-07,-8.86e-08,0.061667447115,4.1592e-08,roll_-10_cleaned.csv
0.0,2.0,0.0,-10.0,-0.015720132671,0.008041742258,-0.003571644201,0.002477791458,0.061384410718,-0.000707759617,roll_-10_cleaned.csv
0.0,4.0,0.0,-10.0,-0.015242821381,0.008170522749,-0.007131527039,0.004945743467,0.060538881434,-0.001411359799,roll_-10_cleaned.csv
0.0,6.0,0.0,-10.0,-0.014455135694,0.008384384215,-0.010674724096,0.007397105033,0.059142141997,-0.002108053477,roll_-10_cleaned.csv
2.0,-6.0,0.0,-10.0,0.132639216723,0.009367945604,0.010222652437,-0.009401881974,0.015865656995,0.001450937027,roll_-10_cleaned.csv
2.0,-4.0,0.0,-10.0,0.132801154451,0.009159580804,0.006835954548,-0.006290416334,0.016966384416,0.000972770332,roll_-10_cleaned.csv
2.0,-2.0,0.0,-10.0,0.132907212993,0.009033669718,0.003421505666,-0.003150746,0.017614146354,0.000487475822,roll_-10_cleaned.csv
2.0,0.0,0.0,-10.0,0.132934048508,0.008991563693,-1.39464e-07,1.15898e-07,0.017844289839,-2.2894e-08,roll_-10_cleaned.csv
2.0,2.0,0.0,-10.0,0.132907371699,0.009033677168,-0.003421776725,0.003150964587,0.017613966697,-0.000487520506,roll_-10_cleaned.csv
2.0,4.0,0.0,-10.0,0.132801533113,0.009159595706,-0.006836242484,0.006290630262,0.01696597425,-0.00097281795,roll_-10_cleaned.csv
2.0,6.0,0.0,-10.0,0.132639233761,0.00936796423,-0.010222892586,0.009402008167,0.015865700134,-0.001450980932,roll_-10_cleaned.csv
4.0,-6.0,0.0,-10.0,0.280005583296,0.012507676147,0.009653268813,-0.011399478302,-0.028612007418,0.00084103607,roll_-10_cleaned.csv
4.0,-4.0,0.0,-10.0,0.281123521142,0.012321615592,0.006457690553,-0.007628660674,-0.027821053068,0.00056498085,roll_-10_cleaned.csv
4.0,-2.0,0.0,-10.0,0.281809835758,0.012209151872,0.003231571229,-0.00382104689,-0.027368047592,0.000283045085,roll_-10_cleaned.csv
4.0,0.0,0.0,-10.0,0.282024211237,0.01217132993,-3.77488e-07,3.61268e-07,-0.027192775483,-4.7321e-08,roll_-10_cleaned.csv
4.0,2.0,0.0,-10.0,0.281809859771,0.012209148146,-0.003232340886,0.003821824648,-0.027368172702,-0.000283135686,roll_-10_cleaned.csv
4.0,4.0,0.0,-10.0,0.281123266128,0.012321606278,-0.006458245733,0.00762919325,-0.027821242159,-0.000565048232,roll_-10_cleaned.csv
4.0,6.0,0.0,-10.0,0.280005189736,0.012507666834,-0.009653731309,0.011399911884,-0.028612114837,-0.000841091448,roll_-10_cleaned.csv
6.0,-6.0,0.0,-10.0,0.427393457763,0.01779191941,0.008967559883,-0.013387383209,-0.074152860782,0.000279587125,roll_-10_cleaned.csv
6.0,-4.0,0.0,-10.0,0.429467611236,0.017644960433,0.006001210495,-0.008960542064,-0.073677092598,0.0001896061,roll_-10_cleaned.csv
6.0,-2.0,0.0,-10.0,0.430721876504,0.017555395141,0.002988030974,-0.00448196698,-0.073400518783,9.2565363e-05,roll_-10_cleaned.csv
6.0,0.0,0.0,-10.0,0.431142807017,0.017526052892,-4.69702e-07,6.25932e-07,-0.073311811788,-2.2161e-08,roll_-10_cleaned.csv
6.0,2.0,0.0,-10.0,0.430721731819,0.017555385828,-0.002988938673,0.004483198525,-0.073400607228,-9.2605148e-05,roll_-10_cleaned.csv
6.0,4.0,0.0,-10.0,0.429467255547,0.017644936219,-0.006002052798,0.008961733825,-0.073677096947,-0.000189636511,roll_-10_cleaned.csv
6.0,6.0,0.0,-10.0,0.427392996364,0.01779188402,-0.008968310154,0.013388495413,-0.074152856155,-0.000279605761,roll_-10_cleaned.csv
8.0,-6.0,0.0,-10.0,0.57455677886,0.025197634473,0.008168442518,-0.015364399305,-0.120619960821,-0.000231937044,roll_-10_cleaned.csv
8.0,-4.0,0.0,-10.0,0.577587007647,0.025106295943,0.005468832354,-0.010284915042,-0.120465681482,-0.000152276696,roll_-10_cleaned.csv
8.0,-2.0,0.0,-10.0,0.579420372947,0.025049859658,0.002713679943,-0.005143542761,-0.120387278342,-7.9821989e-05,roll_-10_cleaned.csv
8.0,0.0,0.0,-10.0,0.580031757341,0.025031697005,-6.43566e-07,1.191562e-06,-0.120359902068,4.6095e-08,roll_-10_cleaned.csv
8.0,2.0,0.0,-10.0,0.579420343033,0.025049846619,-0.002714933231,0.005145897175,-0.120387492521,7.9918723e-05,roll_-10_cleaned.csv
8.0,4.0,0.0,-10.0,0.577586834231,0.025106256828,-0.005469990068,0.010287197372,-0.120466008728,0.000152386513,roll_-10_cleaned.csv
8.0,6.0,0.0,-10.0,0.574556471123,0.025197556242,-0.008169432164,0.015366549109,-0.120620474782,0.000232069086,roll_-10_cleaned.csv
10.0,-6.0,0.0,-10.0,0.721244882159,0.034689001739,0.007256139746,-0.017327139345,-0.167859931426,-0.000692862206,roll_-10_cleaned.csv
10.0,-4.0,0.0,-10.0,0.725228433643,0.034669492394,0.004860380939,-0.011599664538,-0.168030334569,-0.000460268946,roll_-10_cleaned.csv
10.0,-2.0,0.0,-10.0,0.727639348391,0.034656550735,0.002402926741,-0.005800469386,-0.168153894804,-0.000234565031,roll_-10_cleaned.csv
10.0,0.0,0.0,-10.0,0.728443082471,0.034653265029,-9.63923e-07,2.124148e-06,-0.16819465513,1.82771e-07,roll_-10_cleaned.csv
10.0,2.0,0.0,-10.0,0.727639093294,0.034656506032,-0.002404813187,0.005804683139,-0.168154097946,0.000234935978,roll_-10_cleaned.csv
10.0,4.0,0.0,-10.0,0.725227798311,0.034669395536,-0.004862089934,0.011603716512,-0.168030544003,0.000460655298,roll_-10_cleaned.csv
10.0,6.0,0.0,-10.0,0.721243931506,0.034688837826,-0.007257626722,0.017331008489,-0.167860272704,0.000693272773,roll_-10_cleaned.csv
12.0,-6.0,0.0,-10.0,0.867210756468,0.046219330281,0.006235303402,-0.019273919115,-0.215720295768,-0.001101736618,roll_-10_cleaned.csv
12.0,-4.0,0.0,-10.0,0.872145310043,0.046287335455,0.004176438477,-0.012904063178,-0.216221601706,-0.000733898672,roll_-10_cleaned.csv
12.0,-2.0,0.0,-10.0,0.875127063194,0.046327069402,0.002055914867,-0.006450792072,-0.216540671602,-0.00037157543,roll_-10_cleaned.csv
12.0,0.0,0.0,-10.0,0.876120474107,0.046341363341,-1.422109e-06,3.432986e-06,-0.216645594154,4.2705e-07,roll_-10_cleaned.csv
12.0,2.0,0.0,-10.0,0.875126222307,0.046326976269,-0.002058690341,0.006457568068,-0.216540573757,0.000372429485,roll_-10_cleaned.csv
12.0,4.0,0.0,-10.0,0.872143687977,0.046287130564,-0.004179091758,0.012910726065,-0.216221456063,0.00073476525,roll_-10_cleaned.csv
12.0,6.0,0.0,-10.0,0.867207919343,0.046218980104,-0.006237565227,0.019280200834,-0.215719755262,0.0011026234,roll_-10_cleaned.csv
14.0,-6.0,0.0,-10.0,1.012207277043,0.059730198234,0.005110585217,-0.021202532134,-0.26404092977,-0.001457286248,roll_-10_cleaned.csv
14.0,-4.0,0.0,-10.0,1.01807952153,0.059900123626,0.003424432499,-0.014194722733,-0.264871129,-0.000971283613,roll_-10_cleaned.csv
14.0,-2.0,0.0,-10.0,1.021636210382,0.060002267361,0.001673785798,-0.007094273998,-0.265389402923,-0.000490413755,roll_-10_cleaned.csv
14.0,0.0,0.0,-10.0,1.022816749956,0.060037098825,-2.043712e-06,5.166549e-06,-0.265557799437,8.22976e-07,roll_-10_cleaned.csv
14.0,2.0,0.0,-10.0,1.02163417255,0.06000206992,-0.001677762615,0.007104459704,-0.265388685189,0.000492053613,roll_-10_cleaned.csv
14.0,4.0,0.0,-10.0,1.018079441288,0.05989978835,-0.003428135263,0.014204469601,-0.264874352038,0.000972797809,roll_-10_cleaned.csv
14.0,6.0,0.0,-10.0,1.012199187234,0.059728924185,-0.00511395431,0.021211139,-0.264043330286,0.00145873914,roll_-10_cleaned.csv
16.0,-6.0,0.0,-10.0,1.155989654877,0.07515206933,0.003887830351,-0.02311087206,-0.312657200827,-0.00175818281,roll_-10_cleaned.csv
16.0,-4.0,0.0,-10.0,1.162766602041,0.075435347855,0.002572224311,-0.015456856156,-0.31375464732,-0.001175711581,roll_-10_cleaned.csv
16.0,-2.0,0.0,-10.0,1.166920178133,0.075611516833,0.001259000601,-0.007730502648,-0.314534877255,-0.000590545079,roll_-10_cleaned.csv
16.0,0.0,0.0,-10.0,1.168280644685,0.075668126345,-2.591607e-06,6.390281e-06,-0.314769055433,1.172335e-06,roll_-10_cleaned.csv
16.0,2.0,0.0,-10.0,1.166913730334,0.07561019063,-0.001264160235,0.00774383491,-0.314539867055,0.000593126909,roll_-10_cleaned.csv
16.0,4.0,0.0,-10.0,1.162757263224,0.07543373853,-0.002577174651,0.015469652903,-0.31375841058,0.001178253536,roll_-10_cleaned.csv
16.0,6.0,0.0,-10.0,1.155977725308,0.075150161982,-0.00389231544,0.023122955976,-0.312659866692,0.001760702324,roll_-10_cleaned.csv
18.0,-6.0,0.0,-10.0,1.298316127417,0.092404857278,0.002573855861,-0.024997094474,-0.361401090055,-0.002003066267,roll_-10_cleaned.csv
18.0,-4.0,0.0,-10.0,1.306010344065,0.092816241086,0.001689131322,-0.016717952145,-0.362826407716,-0.00133918085,roll_-10_cleaned.csv
18.0,-2.0,0.0,-10.0,1.310670086118,0.093067973852,0.000856925597,-0.008382663454,-0.363718530611,-0.000667998613,roll_-10_cleaned.csv
18.0,0.0,0.0,-10.0,1.312276781598,0.093155302107,-3.219874e-06,8.564828e-06,-0.364104108111,1.935628e-06,roll_-10_cleaned.csv
18.0,2.0,0.0,-10.0,1.310667057206,0.093067735434,-0.00086336487,0.008399740419,-0.363717705888,0.000671862325,roll_-10_cleaned.csv
18.0,4.0,0.0,-10.0,1.30600392269,0.092815615237,-0.00169535366,0.016734750455,-0.362824514062,0.001343028264,roll_-10_cleaned.csv
18.0,6.0,0.0,-10.0,1.29829907653,0.092402093112,-0.00257984136,0.025013689984,-0.361403643187,0.002007146011,roll_-10_cleaned.csv
20.0,-6.0,0.0,-10.0,1.43893802438,0.11139537394,0.001176723797,-0.026859481919,-0.410105328377,-0.002190939329,roll_-10_cleaned.csv
20.0,-4.0,0.0,-10.0,1.447554086516,0.111951075494,0.000750404284,-0.017962136096,-0.41184494069,-0.001463784328,roll_-10_cleaned.csv
20.0,-2.0,0.0,-10.0,1.452765761347,0.112288825214,0.000388171069,-0.009005197571,-0.412930879414,-0.000729766299,roll_-10_cleaned.csv
20.0,0.0,0.0,-10.0,1.454558704248,0.11240503937,-3.839232e-06,1.1175899e-05,-0.413386327407,3.020019e-06,roll_-10_cleaned.csv
20.0,2.0,0.0,-10.0,1.452761060221,0.112288370728,-0.00039587102,0.009027429419,-0.41292918557,0.00073577376,roll_-10_cleaned.csv
20.0,4.0,0.0,-10.0,1.447544015183,0.111950062215,-0.00075786864,0.017984049621,-0.411841121482,0.001469759429,roll_-10_cleaned.csv
20.0,6.0,0.0,-10.0,1.438923386268,0.111393839121,-0.001183899963,0.026881025074,-0.410099690131,0.002196899294,roll_-10_cleaned.csv
-10.0,-6.0,0.0,-5.0,-0.737330879071,0.035399388522,0.011259345498,0.002658169724,0.253349200815,0.006071684328,roll_-5_cleaned.csv
-10.0,-4.0,0.0,-5.0,-0.74282561771,0.035414133221,0.007531533189,0.001779861035,0.256166619916,0.004069158833,roll_-5_cleaned.csv
-10.0,-2.0,0.0,-5.0,-0.746124129419,0.035421863198,0.003761874257,0.000897093295,0.257846367438,0.002038123954,roll_-5_cleaned.csv
-10.0,0.0,0.0,-5.0,-0.747243781292,0.035425227135,2.98861e-06,-1.31042e-07,0.258437105722,6.95157e-07,roll_-5_cleaned.csv
-10.0,2.0,0.0,-5.0,-0.746124337423,0.035421714187,-0.003755828224,-0.000897385568,0.257846986668,-0.002036720816,roll_-5_cleaned.csv
-10.0,4.0,0.0,-5.0,-0.742825624642,0.035413790494,-0.007525212593,-0.001780373662,0.256166958709,-0.00406767665,roll_-5_cleaned.csv
-10.0,6.0,0.0,-5.0,-0.737330498124,0.035398811102,-0.011253074811,-0.00265889874,0.253349216035,-0.006070199796,roll_-5_cleaned.csv
-8.0,-6.0,0.0,-5.0,-0.59523439961,0.025835474953,0.011355735558,0.00065030372,0.217822260961,0.005191859035,roll_-5_cleaned.csv
-8.0,-4.0,0.0,-5.0,-0.599798759286,0.02577020973,0.007592655026,0.000439156861,0.220364556287,0.003478622746,roll_-5_cleaned.csv
-8.0,-2.0,0.0,-5.0,-0.602540049814,0.025730408728,0.003794503738,0.000226550644,0.221884101887,0.001742467762,roll_-5_cleaned.csv
-8.0,0.0,0.0,-5.0,-0.603469908031,0.025717543438,1.622564e-06,7.1497e-08,0.222414106436,3.57912e-07,roll_-5_cleaned.csv
-8.0,2.0,0.0,-5.0,-0.602540335658,0.025730289519,-0.003790649547,-0.000226777578,0.221883977276,-0.001741606025,roll_-5_cleaned.csv
-8.0,4.0,0.0,-5.0,-0.599799220989,0.025770001113,-0.007588796415,-0.000439450431,0.220364426295,-0.003477752975,roll_-5_cleaned.csv
-8.0,6.0,0.0,-5.0,-0.595234877425,0.025835132226,-0.011351997191,-0.000650583003,0.217821727363,-0.005191003616,roll_-5_cleaned.csv
-6.0,-6.0,0.0,-5.0,-0.451659495455,0.018310906366,0.01134700277,-0.00135995607,0.180531762969,0.004354091416,roll_-5_cleaned.csv
-6.0,-4.0,0.0,-5.0,-0.455293233606,0.018183920532,0.007586038411,-0.000908012641,0.182807782905,0.002916976393,roll_-5_cleaned.csv
-6.0,-2.0,0.0,-5.0,-0.457474520955,0.01810672693,0.003791991608,-0.000451843755,0.184166545896,0.001461059712,roll_-5_cleaned.csv
-6.0,0.0,0.0,-5.0,-0.458214693928,0.01808139123,1.16164e-06,-1.1127e-07,0.184639516967,2.48659e-07,roll_-5_cleaned.csv
-6.0,2.0,0.0,-5.0,-0.457474849425,0.018106669188,-0.003789719133,0.000451643688,0.184166742548,-0.00146057301,roll_-5_cleaned.csv
-6.0,4.0,0.0,-5.0,-0.455293991332,0.018183782697,-0.007583830471,0.00090781702,0.182808353487,-0.002916503382,roll_-5_cleaned.csv
-6.0,6.0,0.0,-5.0,-0.45166072525,0.018310749903,-0.011344839598,0.001359702102,0.180532648277,-0.004353635142,roll_-5_cleaned.csv
-4.0,-6.0,0.0,-5.0,-0.306848680132,0.012873587199,0.011234621251,-0.003374077929,0.14159210526,0.003560611558,roll_-5_cleaned.csv
-4.0,-4.0,0.0,-5.0,-0.3095404224,0.012700648978,0.00750886777,-0.002255173498,0.143584916952,0.002384868693,roll_-5_cleaned.csv
-4.0,-2.0,0.0,-5.0,-0.311156583748,0.012596026994,0.003756115464,-0.001127958093,0.144776794975,0.001194871643,roll_-5_cleaned.csv
-4.0,0.0,0.0,-5.0,-0.311689070296,0.012561187148,7.27898e-07,-2.41307e-07,0.145162964666,1.47881e-07,roll_-5_cleaned.csv
-4.0,2.0,0.0,-5.0,-0.311156971299,0.01259600278,-0.003754579903,0.00112748604,0.144777063174,-0.001194558608,roll_-5_cleaned.csv
-4.0,4.0,0.0,-5.0,-0.309540605166,0.012700579129,-0.007507728396,0.002255140293,0.143584876712,-0.002384633504,roll_-5_cleaned.csv
-4.0,6.0,0.0,-5.0,-0.306849022337,0.012873507105,-0.011233712594,0.003374339615,0.141592430873,-0.003560428214,roll_-5_cleaned.csv
-2.0,-6.0,0.0,-5.0,-0.161032952406,0.009557016194,0.011012473698,-0.005387148309,0.101092048856,0.00281182535,roll_-5_cleaned.csv
-2.0,-4.0,0.0,-5.0,-0.16277530124,0.009354984388,0.007358524886,-0.003601720546,0.102790687758,0.001882885031,roll_-5_cleaned.csv
-2.0,-2.0,0.0,-5.0,-0.163824339537,0.009233226068,0.003683067758,-0.001803188977,0.103813201316,0.000943687258,roll_-5_cleaned.csv
-2.0,0.0,0.0,-5.0,-0.164170696575,0.00919258222,3.58428e-07,-1.4058e-07,0.104148385186,6.8889e-08,roll_-5_cleaned.csv
-2.0,2.0,0.0,-5.0,-0.163824212561,0.009233200923,-0.003682438342,0.001803173186,0.103812795461,-0.000943557078,roll_-5_cleaned.csv
-2.0,4.0,0.0,-5.0,-0.162775380984,0.009354946204,-0.007357907532,0.00360173224,0.10279048839,-0.001882757021,roll_-5_cleaned.csv
-2.0,6.0,0.0,-5.0,-0.161033264986,0.009556966834,-0.011011893132,0.005387156399,0.101092040798,-0.002811705954,roll_-5_cleaned.csv
0.0,-6.0,0.0,-5.0,-0.014453563927,0.008384409361,0.010675233423,-0.007397424001,0.059140774606,0.002108139205,roll_-5_cleaned.csv
0.0,-4.0,0.0,-5.0,-0.015242343591,0.008170541376,0.007131934481,-0.004945943123,0.060538600113,0.001411436457,roll_-5_cleaned.csv
0.0,-2.0,0.0,-5.0,-0.015719902434,0.008041747846,0.003572033424,-0.002477938465,0.061384140734,0.000707834773,roll_-5_cleaned.csv
0.0,0.0,0.0,-5.0,-0.015879911894,0.007998679765,2.15777e-07,-8.86e-08,0.061667447115,4.1592e-08,roll_-5_cleaned.csv
0.0,2.0,0.0,-5.0,-0.015720132671,0.008041742258,-0.003571644201,0.002477791458,0.061384410718,-0.000707759617,roll_-5_cleaned.csv
0.0,4.0,0.0,-5.0,-0.015242821381,0.008170522749,-0.007131527039,0.004945743467,0.060538881434,-0.001411359799,roll_-5_cleaned.csv
0.0,6.0,0.0,-5.0,-0.014455135695,0.008384384215,-0.010674724096,0.007397105033,0.059142141997,-0.002108053477,roll_-5_cleaned.csv
2.0,-6.0,0.0,-5.0,0.132639216731,0.009367945604,0.010222652438,-0.009401881978,0.015865656982,0.001450937027,roll_-5_cleaned.csv
2.0,-4.0,0.0,-5.0,0.132801154449,0.009159580804,0.006835954548,-0.006290416334,0.016966384418,0.000972770332,roll_-5_cleaned.csv
2.0,-2.0,0.0,-5.0,0.132907212993,0.009033669718,0.003421505666,-0.003150746,0.017614146355,0.000487475822,roll_-5_cleaned.csv
2.0,0.0,0.0,-5.0,0.132934048552,0.008991563693,-1.39458e-07,1.1589e-07,0.017844289813,-2.2893e-08,roll_-5_cleaned.csv
2.0,2.0,0.0,-5.0,0.132907371699,0.009033677168,-0.003421776725,0.003150964587,0.017613966697,-0.000487520506,roll_-5_cleaned.csv
2.0,4.0,0.0,-5.0,0.132801533329,0.009159595706,-0.006836242471,0.006290630209,0.016965974036,-0.000972817952,roll_-5_cleaned.csv
2.0,6.0,0.0,-5.0,0.132639233761,0.00936796423,-0.010222892586,0.009402008167,0.015865700135,-0.001450980932,roll_-5_cleaned.csv
4.0,-6.0,0.0,-5.0,0.280005583312,0.012507676147,0.009653268817,-0.011399478305,-0.028612007429,0.000841036071,roll_-5_cleaned.csv
4.0,-4.0,0.0,-5.0,0.281123521159,0.012321615592,0.006457690552,-0.007628660671,-0.027821053079,0.00056498085,roll_-5_cleaned.csv
4.0,-2.0,0.0,-5.0,0.281809835931,0.012209151872,0.003231571262,-0.003821046912,-0.02736804768,0.00028304509,roll_-5_cleaned.csv
4.0,0.0,0.0,-5.0,0.28202421124,0.01217132993,-3.77486e-07,3.61264e-07,-0.027192775489,-4.7322e-08,roll_-5_cleaned.csv
4.0,2.0,0.0,-5.0,0.28180985985,0.012209148146,-0.003232340867,0.003821824647,-0.027368172717,-0.000283135682,roll_-5_cleaned.csv
4.0,4.0,0.0,-5.0,0.28112326613,0.012321606278,-0.006458245733,0.00762919325,-0.027821242153,-0.000565048232,roll_-5_cleaned.csv
4.0,6.0,0.0,-5.0,0.280005189737,0.012507666834,-0.009653731309,0.011399911884,-0.028612114837,-0.000841091448,roll_-5_cleaned.csv
6.0,-6.0,0.0,-5.0,0.42739345698,0.01779191941,0.008967559912,-0.013387383271,-0.074152860537,0.000279587134,roll_-5_cleaned.csv
6.0,-4.0,0.0,-5.0,0.429467611268,0.017644960433,0.006001210519,-0.008960542068,-0.073677092628,0.000189606105,roll_-5_cleaned.csv
6.0,-2.0,0.0,-5.0,0.430721876519,0.017555395141,0.002988030977,-0.004481966985,-0.073400518792,9.2565363e-05,roll_-5_cleaned.csv
6.0,0.0,0.0,-5.0,0.43114280699,0.017526052892,-4.69723e-07,6.25724e-07,-0.073311811768,-2.2267e-08,roll_-5_cleaned.csv
6.0,2.0,0.0,-5.0,0.430721731629,0.017555385828,-0.00298893868,0.004483198548,-0.073400607141,-9.2605146e-05,roll_-5_cleaned.csv
6.0,4.0,0.0,-5.0,0.429467255515,0.017644936219,-0.006002052762,0.008961733805,-0.073677096912,-0.000189636505,roll_-5_cleaned.csv
6.0,6.0,0.0,-5.0,0.427392996022,0.01779188402,-0.008968310186,0.013388495448,-0.07415285613,-0.000279605765,roll_-5_cleaned.csv
8.0,-6.0,0.0,-5.0,0.574556781682,0.025197634473,0.008168442269,-0.015364399208,-0.120619963374,-0.000231937084,roll_-5_cleaned.csv
8.0,-4.0,0.0,-5.0,0.577587008106,0.025106295943,0.005468832135,-0.010284914721,-0.120465682048,-0.000152276708,roll_-5_cleaned.csv
8.0,-2.0,0.0,-5.0,0.579420372749,0.025049859658,0.002713679896,-0.005143542758,-0.120387278074,-7.9821998e-05,roll_-5_cleaned.csv
8.0,0.0,0.0,-5.0,0.580031724663,0.025031695142,-6.4253e-07,1.19086e-06,-0.120359883715,4.6214e-08,roll_-5_cleaned.csv
8.0,2.0,0.0,-5.0,0.579420342995,0.025049846619,-0.002714933241,0.005145897301,-0.120387492118,7.9918737e-05,roll_-5_cleaned.csv
8.0,4.0,0.0,-5.0,0.577586833401,0.025106256828,-0.005469990119,0.010287197597,-0.120466007818,0.000152386531,roll_-5_cleaned.csv
8.0,6.0,0.0,-5.0,0.574556473791,0.025197556242,-0.008169431302,0.015366548123,-0.120620478229,0.000232069146,roll_-5_cleaned.csv
10.0,-6.0,0.0,-5.0,0.721244883272,0.034689001739,0.007256138996,-0.017327139178,-0.167859934945,-0.0006928623,roll_-5_cleaned.csv
10.0,-4.0,0.0,-5.0,0.725228433877,0.034669492394,0.00486038102,-0.011599664687,-0.168030334826,-0.000460268959,roll_-5_cleaned.csv
10.0,-2.0,0.0,-5.0,0.727639341971,0.03465654701,0.002402926722,-0.005800469158,-0.168153891643,-0.000234564996,roll_-5_cleaned.csv
10.0,0.0,0.0,-5.0,0.728443095555,0.034653265029,-9.61449e-07,2.122782e-06,-0.16819465817,1.82939e-07,roll_-5_cleaned.csv
10.0,2.0,0.0,-5.0,0.727639077375,0.034656502306,-0.002404815248,0.00580469057,-0.168154136645,0.000234937568,roll_-5_cleaned.csv
10.0,4.0,0.0,-5.0,0.725227799917,0.034669395536,-0.00486209007,0.011603717216,-0.168030545616,0.000460655336,roll_-5_cleaned.csv
10.0,6.0,0.0,-5.0,0.721243935699,0.034688837826,-0.007257625963,0.017331008228,-0.167860276959,0.000693272938,roll_-5_cleaned.csv
12.0,-6.0,0.0,-5.0,0.867210758154,0.046219330281,0.00623530252,-0.019273917577,-0.215720300402,-0.001101736511,roll_-5_cleaned.csv
12.0,-4.0,0.0,-5.0,0.8721453062,0.046287335455,0.004176436576,-0.01290406095,-0.216221595348,-0.00073389859,roll_-5_cleaned.csv
12.0,-2.0,0.0,-5.0,0.875127097324,0.046327073127,0.002055915346,-0.006450791292,-0.21654068437,-0.000371575255,roll_-5_cleaned.csv
12.0,0.0,0.0,-5.0,0.876120479612,0.046341359615,-1.421456e-06,3.432159e-06,-0.21664560032,4.26702e-07,roll_-5_cleaned.csv
12.0,2.0,0.0,-5.0,0.87512621698,0.046326976269,-0.002058694025,0.006457570579,-0.216540564285,0.000372429146,roll_-5_cleaned.csv
12.0,4.0,0.0,-5.0,0.872143673005,0.046287130564,-0.004179090412,0.012910722087,-0.216221438869,0.000734763819,roll_-5_cleaned.csv
12.0,6.0,0.0,-5.0,0.867207923608,0.046218980104,-0.006237565014,0.019280200661,-0.215719758004,0.00110262341,roll_-5_cleaned.csv
14.0,-6.0,0.0,-5.0,1.012207271245,0.05973020196,0.005110582226,-0.021202526725,-0.264040913207,-0.00145728572,roll_-5_cleaned.csv
14.0,-4.0,0.0,-5.0,1.018079519357,0.059900123626,0.003424432706,-0.014194722799,-0.264871130057,-0.000971283566,roll_-5_cleaned.csv
14.0,-2.0,0.0,-5.0,1.021636222444,0.060002271086,0.001673783318,-0.007094272154,-0.265389403934,-0.000490413801,roll_-5_cleaned.csv
14.0,0.0,0.0,-5.0,1.022816794301,0.060037098825,-2.044617e-06,5.166484e-06,-0.265557808883,8.22072e-07,roll_-5_cleaned.csv
14.0,2.0,0.0,-5.0,1.021634218097,0.060002073646,-0.00167777946,0.007104468882,-0.265388742874,0.000492052425,roll_-5_cleaned.csv
14.0,4.0,0.0,-5.0,1.018079437412,0.05989978835,-0.00342813581,0.014204470449,-0.264874351617,0.000972797864,roll_-5_cleaned.csv
14.0,6.0,0.0,-5.0,1.012199158738,0.05972892046,-0.005113930374,0.021211120431,-0.264043302673,0.001458739967,roll_-5_cleaned.csv
16.0,-6.0,0.0,-5.0,1.155989811318,0.075152076781,0.003887808364,-0.023110852683,-0.312657361014,-0.001758183386,roll_-5_cleaned.csv
16.0,-4.0,0.0,-5.0,1.162766625304,0.075435347855,0.002572223721,-0.01545685908,-0.313754657288,-0.001175712046,roll_-5_cleaned.csv
16.0,-2.0,0.0,-5.0,1.166920177778,0.075611516833,0.001259001041,-0.007730503725,-0.314534875761,-0.000590545346,roll_-5_cleaned.csv
16.0,0.0,0.0,-5.0,1.168280647414,0.075668126345,-2.594144e-06,6.400422e-06,-0.314769053592,1.173852e-06,roll_-5_cleaned.csv
16.0,2.0,0.0,-5.0,1.166913934243,0.075610198081,-0.00126424743,0.007743905917,-0.314540146373,0.000593125936,roll_-5_cleaned.csv
16.0,4.0,0.0,-5.0,1.162757338509,0.07543374598,-0.002577191154,0.015469677057,-0.313758482857,0.001178254381,roll_-5_cleaned.csv
16.0,6.0,0.0,-5.0,1.155977668568,0.075150161982,-0.003892338062,0.023122970241,-0.312659810357,0.001760700725,roll_-5_cleaned.csv
18.0,-6.0,0.0,-5.0,1.298316110727,0.092404842377,0.002573859291,-0.024997099235,-0.36140110149,-0.002003068405,roll_-5_cleaned.csv
18.0,-4.0,0.0,-5.0,1.306010400829,0.092816248536,0.001689130511,-0.016717934294,-0.362826489054,-0.00133917721,roll_-5_cleaned.csv
18.0,-2.0,0.0,-5.0,1.310670658469,0.093067988753,0.000856979178,-0.008382794299,-0.363719333836,-0.000668022838,roll_-5_cleaned.csv
18.0,0.0,0.0,-5.0,1.312276836035,0.093155317008,-3.218151e-06,8.564846e-06,-0.364104113037,1.936702e-06,roll_-5_cleaned.csv
18.0,2.0,0.0,-5.0,1.310667032737,0.093067720532,-0.000863381928,0.008399759234,-0.363717749296,0.000671864747,roll_-5_cleaned.csv
18.0,4.0,0.0,-5.0,1.306003957343,0.092815622687,-0.001695352924,0.016734757406,-0.362824511298,0.001343030466,roll_-5_cleaned.csv
18.0,6.0,0.0,-5.0,1.298298913946,0.092402078211,-0.002579780205,0.025013642938,-0.361403471962,0.002007147278,roll_-5_cleaned.csv
20.0,-6.0,0.0,-5.0,1.438937838734,0.111395351589,0.001176690082,-0.026859439407,-0.410105115831,-0.002190932851,roll_-5_cleaned.csv
20.0,-4.0,0.0,-5.0,1.447553890705,0.111951090395,0.000750357045,-0.017962081738,-0.411844513762,-0.001463779022,roll_-5_cleaned.csv
20.0,-2.0,0.0,-5.0,1.452766118507,0.112288869917,0.000387959379,-0.009005027255,-0.412931296169,-0.000729763792,roll_-5_cleaned.csv
20.0,0.0,0.0,-5.0,1.45455873546,0.112405046821,-3.846979e-06,1.1175517e-05,-0.413386337725,3.018317e-06,roll_-5_cleaned.csv
20.0,2.0,0.0,-5.0,1.452761276892,0.112288378179,-0.000395671107,0.009027301094,-0.412929699091,0.000735784335,roll_-5_cleaned.csv
20.0,4.0,0.0,-5.0,1.447543893181,0.111950039864,-0.00075786154,0.01798402976,-0.411841094877,0.001469756017,roll_-5_cleaned.csv
20.0,6.0,0.0,-5.0,1.438923515681,0.111393861473,-0.001183935593,0.026881065519,-0.41009984495,0.002196904109,roll_-5_cleaned.csv
-10.0,-6.0,0.0,0.0,-0.737330878853,0.035399384797,0.011259345395,0.002658169857,0.253349201731,0.006071684292,pitch_0_cleaned.csv
-10.0,-6.0,0.0,0.0,-0.737330877324,0.035399384797,0.011259345359,0.002658170098,0.253349201443,0.006071684286,roll_0_cleaned.csv
-10.0,-4.0,0.0,0.0,-0.742825616304,0.035414133221,0.007531533202,0.001779861103,0.25616661947,0.004069158838,pitch_0_cleaned.csv
-10.0,-4.0,0.0,0.0,-0.742825611964,0.035414129496,0.00753153169,0.001779861863,0.256166619305,0.004069158409,roll_0_cleaned.csv
-10.0,-2.0,0.0,0.0,-0.746124127832,0.035421863198,0.003761873517,0.00089709363,0.257846366882,0.002038123758,pitch_0_cleaned.csv
-10.0,-2.0,0.0,0.0,-0.746124141994,0.035421866924,0.003761876016,0.000897091592,0.257846373866,0.002038124142,roll_0_cleaned.csv
-10.0,0.0,0.0,0.0,-0.747243782378,0.035425227135,2.988512e-06,-1.30875e-07,0.258437106083,6.95124e-07,pitch_0_cleaned.csv
-10.0,0.0,0.0,0.0,-0.747243782279,0.035425227135,2.988358e-06,-1.30686e-07,0.258437106855,6.95079e-07,roll_0_cleaned.csv
-10.0,2.0,0.0,0.0,-0.746124342843,0.035421714187,-0.003755817631,-0.000897386348,0.25784698895,-0.002036718273,pitch_0_cleaned.csv
-10.0,2.0,0.0,0.0,-0.746124331317,0.035421714187,-0.003755816033,-0.000897386859,0.257846986818,-0.002036717808,roll_0_cleaned.csv
-10.0,4.0,0.0,0.0,-0.742825630704,0.035413794219,-0.007525213251,-0.001780373584,0.256166961988,-0.004067677043,pitch_0_cleaned.csv
-10.0,4.0,0.0,0.0,-0.742825628613,0.035413790494,-0.007525213567,-0.001780372406,0.25616695943,-0.004067676926,roll_0_cleaned.csv
-10.0,6.0,0.0,0.0,-0.737330497766,0.035398811102,-0.011253074776,-0.002658898891,0.253349215675,-0.006070199791,pitch_0_cleaned.csv
-10.0,6.0,0.0,0.0,-0.737330499703,0.035398811102,-0.011253075202,-0.002658897814,0.253349218969,-0.006070199824,roll_0_cleaned.csv
-8.0,-6.0,0.0,0.0,-0.595234402109,0.025835474953,0.011355734824,0.000650305549,0.217822267524,0.005191858813,pitch_0_cleaned.csv
-8.0,-6.0,0.0,0.0,-0.595234389352,0.025835474953,0.011355730461,0.000650310686,0.217822251568,0.005191857498,roll_0_cleaned.csv
-8.0,-4.0,0.0,0.0,-0.599798759447,0.02577020973,0.007592654072,0.000439157016,0.220364556783,0.003478622515,pitch_0_cleaned.csv
-8.0,-4.0,0.0,0.0,-0.599798759265,0.02577020973,0.007592654042,0.000439157043,0.220364556764,0.003478622508,roll_0_cleaned.csv
-8.0,-2.0,0.0,0.0,-0.602540049797,0.025730408728,0.003794503787,0.000226550542,0.221884101934,0.001742467775,pitch_0_cleaned.csv
-8.0,-2.0,0.0,0.0,-0.602540045115,0.025730406865,0.003794506769,0.000226550258,0.221884101816,0.001742468577,roll_0_cleaned.csv
-8.0,0.0,0.0,0.0,-0.603469908048,0.025717543438,1.622575e-06,7.1485e-08,0.222414106473,3.57914e-07,pitch_0_cleaned.csv
-8.0,0.0,0.0,0.0,-0.603469909085,0.025717543438,1.622621e-06,7.1521e-08,0.222414106978,3.57924e-07,roll_0_cleaned.csv
-8.0,2.0,0.0,0.0,-0.602540336135,0.025730291381,-0.003790649515,-0.000226778051,0.221883979376,-0.001741606153,pitch_0_cleaned.csv
-8.0,2.0,0.0,0.0,-0.602540331131,0.025730289519,-0.003790652035,-0.000226777938,0.221883979021,-0.001741606856,roll_0_cleaned.csv
-8.0,4.0,0.0,0.0,-0.599799220884,0.025770001113,-0.007588796404,-0.000439450439,0.220364426186,-0.003477752975,pitch_0_cleaned.csv
-8.0,4.0,0.0,0.0,-0.599799220552,0.025770001113,-0.007588796357,-0.000439450508,0.22036442589,-0.003477752962,roll_0_cleaned.csv
-8.0,6.0,0.0,0.0,-0.59523487729,0.025835132226,-0.011351997201,-0.000650582963,0.217821727125,-0.005191003612,pitch_0_cleaned.csv
-8.0,6.0,0.0,0.0,-0.595234877159,0.025835132226,-0.0113519971,-0.000650583045,0.217821727494,-0.005191003599,roll_0_cleaned.csv
-6.0,-6.0,0.0,0.0,-0.451659495776,0.018310906366,0.011347002838,-0.00135995611,0.180531763024,0.004354091431,pitch_0_cleaned.csv
-6.0,-6.0,0.0,0.0,-0.451659495449,0.018310906366,0.011347002771,-0.001359956073,0.180531762963,0.004354091416,roll_0_cleaned.csv
-6.0,-4.0,0.0,0.0,-0.455293233426,0.018183920532,0.007586038421,-0.000908012653,0.182807783042,0.002916976395,pitch_0_cleaned.csv
-6.0,-4.0,0.0,0.0,-0.455293233283,0.018183920532,0.00758603896,-0.000908012867,0.182807782167,0.002916976516,roll_0_cleaned.csv
-6.0,-2.0,0.0,0.0,-0.457474520938,0.01810672693,0.003791991627,-0.000451843762,0.184166545869,0.001461059716,pitch_0_cleaned.csv
-6.0,-2.0,0.0,0.0,-0.457474520934,0.01810672693,0.003791991634,-0.000451843762,0.18416654587,0.001461059717,roll_0_cleaned.csv
-6.0,0.0,0.0,0.0,-0.458214694053,0.01808139123,1.161638e-06,-1.11241e-07,0.184639517095,2.48665e-07,pitch_0_cleaned.csv
-6.0,0.0,0.0,0.0,-0.458214693997,0.01808139123,1.161628e-06,-1.11244e-07,0.184639517088,2.48656e-07,roll_0_cleaned.csv
-6.0,2.0,0.0,0.0,-0.457474849305,0.018106669188,-0.003789719145,0.000451643688,0.184166742495,-0.001460573013,pitch_0_cleaned.csv
-6.0,2.0,0.0,0.0,-0.457474849305,0.018106669188,-0.003789719147,0.000451643688,0.184166742493,-0.001460573014,roll_0_cleaned.csv
-6.0,4.0,0.0,0.0,-0.455293991607,0.018183782697,-0.007583830493,0.000907816994,0.182808353262,-0.002916503391,pitch_0_cleaned.csv
-6.0,4.0,0.0,0.0,-0.455293991599,0.018183782697,-0.007583830491,0.000907816989,0.182808353232,-0.002916503391,roll_0_cleaned.csv
-6.0,6.0,0.0,0.0,-0.451660725218,0.018310749903,-0.01134483962,0.001359702104,0.180532648275,-0.004353635151,pitch_0_cleaned.csv
-6.0,6.0,0.0,0.0,-0.451660725212,0.018310749903,-0.011344839621,0.001359702106,0.180532648274,-0.004353635151,roll_0_cleaned.csv
-4.0,-6.0,0.0,0.0,-0.306848679309,0.012873586267,0.011234621078,-0.003374077619,0.141592104014,0.003560611519,pitch_0_cleaned.csv
-4.0,-6.0,0.0,0.0,-0.306848679275,0.012873586267,0.011234621079,-0.003374077622,0.14159210399,0.003560611519,roll_0_cleaned.csv
-4.0,-4.0,0.0,0.0,-0.3095404224,0.012700648978,0.00750886777,-0.002255173498,0.143584916952,0.002384868693,pitch_0_cleaned.csv
-4.0,-4.0,0.0,0.0,-0.309540422401,0.012700648978,0.007508867768,-0.002255173498,0.143584916954,0.002384868693,roll_0_cleaned.csv
-4.0,-2.0,0.0,0.0,-0.311156583748,0.012596026994,0.003756115464,-0.001127958093,0.144776794977,0.001194871643,pitch_0_cleaned.csv
-4.0,-2.0,0.0,0.0,-0.311156583749,0.012596026994,0.003756115464,-0.001127958093,0.144776794979,0.001194871643,roll_0_cleaned.csv
-4.0,0.0,0.0,0.0,-0.311689070295,0.012561187148,7.27898e-07,-2.41307e-07,0.145162964665,1.47881e-07,pitch_0_cleaned.csv
-4.0,0.0,0.0,0.0,-0.311689070296,0.012561187148,7.27898e-07,-2.41307e-07,0.145162964666,1.47881e-07,roll_0_cleaned.csv
-4.0,2.0,0.0,0.0,-0.311156971317,0.01259600278,-0.003754579884,0.001127486035,0.144777063148,-0.001194558606,pitch_0_cleaned.csv
-4.0,2.0,0.0,0.0,-0.311156971295,0.01259600278,-0.003754579903,0.00112748604,0.144777063169,-0.001194558608,roll_0_cleaned.csv
-4.0,4.0,0.0,0.0,-0.309540605166,0.012700579129,-0.007507728396,0.002255140293,0.143584876712,-0.002384633504,pitch_0_cleaned.csv
-4.0,6.0,0.0,0.0,-0.306849022335,0.012873507105,-0.011233712594,0.003374339614,0.141592430872,-0.003560428214,pitch_0_cleaned.csv
-2.0,-6.0,0.0,0.0,-0.161032952408,0.009557016194,0.011012473698,-0.00538714831,0.101092048858,0.00281182535,pitch_0_cleaned.csv
-2.0,-6.0,0.0,0.0,-0.161032952406,0.009557016194,0.011012473698,-0.00538714831,0.101092048857,0.00281182535,roll_0_cleaned.csv
-2.0,-4.0,0.0,0.0,-0.16277530124,0.009354984388,0.007358524886,-0.003601720546,0.102790687758,0.001882885031,pitch_0_cleaned.csv
-2.0,-4.0,0.0,0.0,-0.162775301239,0.009354984388,0.007358524886,-0.003601720546,0.102790687758,0.001882885031,roll_0_cleaned.csv
-2.0,-2.0,0.0,0.0,-0.163824339537,0.009233226068,0.003683067758,-0.001803188977,0.103813201316,0.000943687258,pitch_0_cleaned.csv
-2.0,-2.0,0.0,0.0,-0.16382433954,0.009233226068,0.003683067757,-0.001803188977,0.103813201317,0.000943687258,roll_0_cleaned.csv
-2.0,0.0,0.0,0.0,-0.164170696574,0.00919258222,3.58422e-07,-1.40582e-07,0.104148385199,6.8888e-08,pitch_0_cleaned.csv
-2.0,0.0,0.0,0.0,-0.164170696575,0.00919258222,3.58427e-07,-1.4058e-07,0.104148385187,6.8889e-08,roll_0_cleaned.csv
-2.0,2.0,0.0,0.0,-0.163824212561,0.009233200923,-0.003682438342,0.001803173186,0.103812795461,-0.000943557078,pitch_0_cleaned.csv
-2.0,4.0,0.0,0.0,-0.162775380974,0.009354946204,-0.007357907534,0.003601732244,0.102790488377,-0.001882757021,pitch_0_cleaned.csv
-2.0,4.0,0.0,0.0,-0.162775380984,0.009354946204,-0.007357907532,0.00360173224,0.102790488391,-0.001882757021,roll_0_cleaned.csv
-2.0,6.0,0.0,0.0,-0.161033264985,0.009556966834,-0.011011893132,0.005387156399,0.101092040797,-0.002811705954,pitch_0_cleaned.csv
0.0,-6.0,0.0,0.0,-0.014453563927,0.008384409361,0.010675233423,-0.007397424001,0.059140774606,0.002108139205,pitch_0_cleaned.csv
0.0,-4.0,0.0,0.0,-0.015242343591,0.008170541376,0.007131934481,-0.004945943123,0.060538600113,0.001411436457,pitch_0_cleaned.csv
0.0,-2.0,0.0,0.0,-0.015719902434,0.008041747846,0.003572033424,-0.002477938465,0.061384140734,0.000707834773,pitch_0_cleaned.csv
0.0,0.0,0.0,0.0,-0.015879911892,0.007998679765,2.15777e-07,-8.86e-08,0.061667447113,4.1592e-08,pitch_0_cleaned.csv
0.0,0.0,0.0,0.0,-0.015879911894,0.007998679765,2.15777e-07,-8.86e-08,0.061667447115,4.1592e-08,roll_0_cleaned.csv
0.0,2.0,0.0,0.0,-0.015720132671,0.008041742258,-0.003571644201,0.002477791458,0.061384410718,-0.000707759617,pitch_0_cleaned.csv
0.0,4.0,0.0,0.0,-0.015242821381,0.008170522749,-0.007131527039,0.004945743467,0.060538881434,-0.001411359799,pitch_0_cleaned.csv
0.0,6.0,0.0,0.0,-0.014455135695,0.008384384215,-0.010674724096,0.007397105033,0.059142141997,-0.002108053477,pitch_0_cleaned.csv
2.0,-6.0,0.0,0.0,0.132639216731,0.009367945604,0.010222652438,-0.009401881978,0.015865656982,0.001450937027,pitch_0_cleaned.csv
2.0,-4.0,0.0,0.0,0.132801154451,0.009159580804,0.006835954548,-0.006290416334,0.016966384416,0.000972770332,pitch_0_cleaned.csv
2.0,-2.0,0.0,0.0,0.132907212993,0.009033669718,0.003421505666,-0.003150746,0.017614146354,0.000487475822,pitch_0_cleaned.csv
2.0,-2.0,0.0,0.0,0.132907212993,0.009033669718,0.003421505666,-0.003150746,0.017614146355,0.000487475822,roll_0_cleaned.csv
2.0,0.0,0.0,0.0,0.132934048552,0.008991563693,-1.39458e-07,1.1589e-07,0.017844289813,-2.2893e-08,pitch_0_cleaned.csv
2.0,2.0,0.0,0.0,0.132907371699,0.009033677168,-0.003421776725,0.003150964587,0.017613966697,-0.000487520506,pitch_0_cleaned.csv
2.0,2.0,0.0,0.0,0.132907371924,0.009033677168,-0.003421776804,0.00315096463,0.017613966498,-0.000487520518,roll_0_cleaned.csv
2.0,4.0,0.0,0.0,0.13280153315,0.009159595706,-0.006836242481,0.006290630257,0.016965974264,-0.00097281795,pitch_0_cleaned.csv
2.0,4.0,0.0,0.0,0.132801533329,0.009159595706,-0.006836242471,0.006290630209,0.016965974036,-0.000972817952,roll_0_cleaned.csv
2.0,6.0,0.0,0.0,0.132639233761,0.00936796423,-0.010222892586,0.009402008167,0.015865700134,-0.001450980932,pitch_0_cleaned.csv
4.0,-6.0,0.0,0.0,0.280005583297,0.012507676147,0.009653268812,-0.011399478302,-0.028612007417,0.00084103607,pitch_0_cleaned.csv
4.0,-6.0,0.0,0.0,0.280005583313,0.012507676147,0.009653268817,-0.011399478305,-0.028612007429,0.000841036071,roll_0_cleaned.csv
4.0,-4.0,0.0,0.0,0.281123521142,0.012321615592,0.006457690553,-0.007628660674,-0.027821053068,0.00056498085,pitch_0_cleaned.csv
4.0,-4.0,0.0,0.0,0.28112352105,0.012321615592,0.00645769056,-0.007628660673,-0.027821053038,0.000564980852,roll_0_cleaned.csv
4.0,-2.0,0.0,0.0,0.281809836112,0.012209151872,0.003231571161,-0.003821046875,-0.027368047645,0.000283045072,pitch_0_cleaned.csv
4.0,-2.0,0.0,0.0,0.281809835986,0.012209151872,0.003231571233,-0.003821046907,-0.027368047699,0.000283045084,roll_0_cleaned.csv
4.0,0.0,0.0,0.0,0.282024211235,0.01217132993,-3.77488e-07,3.61268e-07,-0.027192775481,-4.7321e-08,pitch_0_cleaned.csv
4.0,0.0,0.0,0.0,0.282024211236,0.01217132993,-3.77488e-07,3.61268e-07,-0.027192775483,-4.7321e-08,roll_0_cleaned.csv
4.0,2.0,0.0,0.0,0.281809859854,0.012209148146,-0.003232340868,0.003821824647,-0.027368172718,-0.000283135682,pitch_0_cleaned.csv
4.0,2.0,0.0,0.0,0.281809859711,0.012209148146,-0.003232340861,0.003821824636,-0.027368172647,-0.000283135682,roll_0_cleaned.csv
4.0,4.0,0.0,0.0,0.281123266138,0.012321606278,-0.00645824572,0.007629193245,-0.027821242179,-0.00056504823,pitch_0_cleaned.csv
4.0,4.0,0.0,0.0,0.281123266135,0.012321606278,-0.006458245721,0.007629193245,-0.027821242176,-0.00056504823,roll_0_cleaned.csv
4.0,6.0,0.0,0.0,0.280005189736,0.012507666834,-0.009653731309,0.011399911884,-0.028612114838,-0.000841091448,pitch_0_cleaned.csv
4.0,6.0,0.0,0.0,0.280005189757,0.012507666834,-0.009653731314,0.011399911888,-0.028612114851,-0.000841091448,roll_0_cleaned.csv
6.0,-6.0,0.0,0.0,0.427393456296,0.01779191941,0.008967559735,-0.013387383029,-0.074152861008,0.000279587112,pitch_0_cleaned.csv
6.0,-6.0,0.0,0.0,0.427393457281,0.01779191941,0.008967559918,-0.013387383229,-0.074152860655,0.000279587132,roll_0_cleaned.csv
6.0,-4.0,0.0,0.0,0.429467610987,0.017644960433,0.006001210512,-0.008960542054,-0.073677092517,0.000189606106,pitch_0_cleaned.csv
6.0,-4.0,0.0,0.0,0.429467611239,0.017644960433,0.006001210491,-0.008960542059,-0.073677092581,0.0001896061,roll_0_cleaned.csv
6.0,-2.0,0.0,0.0,0.430721876552,0.017555395141,0.002988030977,-0.004481966984,-0.073400518807,9.2565363e-05,pitch_0_cleaned.csv
6.0,-2.0,0.0,0.0,0.43072187656,0.017555395141,0.002988030976,-0.004481966984,-0.073400518812,9.2565362e-05,roll_0_cleaned.csv
6.0,0.0,0.0,0.0,0.431142811686,0.017526052892,-4.71273e-07,6.27049e-07,-0.073311816217,-2.238e-08,pitch_0_cleaned.csv
6.0,0.0,0.0,0.0,0.431142807329,0.017526052892,-4.69718e-07,6.2583e-07,-0.073311812277,-2.2215e-08,roll_0_cleaned.csv
6.0,2.0,0.0,0.0,0.43072173163,0.017555385828,-0.00298893868,0.004483198547,-0.073400607141,-9.2605146e-05,pitch_0_cleaned.csv
6.0,2.0,0.0,0.0,0.430721731665,0.017555385828,-0.002988938677,0.004483198545,-0.073400607152,-9.2605146e-05,roll_0_cleaned.csv
6.0,4.0,0.0,0.0,0.429467255533,0.017644936219,-0.006002052798,0.008961733824,-0.073677096947,-0.000189636511,pitch_0_cleaned.csv
6.0,4.0,0.0,0.0,0.429467255567,0.017644936219,-0.006002052797,0.008961733822,-0.073677096969,-0.000189636511,roll_0_cleaned.csv
6.0,6.0,0.0,0.0,0.427392995917,0.01779188402,-0.008968310187,0.01338849543,-0.074152856058,-0.000279605767,pitch_0_cleaned.csv
6.0,6.0,0.0,0.0,0.427392995921,0.01779188402,-0.008968310187,0.01338849543,-0.074152856059,-0.000279605767,roll_0_cleaned.csv
8.0,-6.0,0.0,0.0,0.574556782035,0.025197634473,0.008168442112,-0.015364398934,-0.120619963028,-0.000231937081,pitch_0_cleaned.csv
8.0,-6.0,0.0,0.0,0.574556782895,0.025197634473,0.008168442067,-0.015364398899,-0.120619963246,-0.000231937088,roll_0_cleaned.csv
8.0,-4.0,0.0,0.0,0.577587007726,0.025106295943,0.005468832376,-0.01028491506,-0.120465681417,-0.000152276693,pitch_0_cleaned.csv
8.0,-4.0,0.0,0.0,0.577587007255,0.025106295943,0.005468832365,-0.010284915018,-0.120465681625,-0.000152276692,roll_0_cleaned.csv
8.0,-2.0,0.0,0.0,0.579420371177,0.025049859658,0.002713679722,-0.00514354262,-0.120387277913,-7.9822019e-05,pitch_0_cleaned.csv
8.0,-2.0,0.0,0.0,0.579420372475,0.025049859658,0.002713679902,-0.005143542792,-0.120387278011,-7.9822e-05,roll_0_cleaned.csv
8.0,0.0,0.0,0.0,0.580031726842,0.025031695142,-6.421e-07,1.190455e-06,-0.120359882758,4.6233e-08,pitch_0_cleaned.csv
8.0,0.0,0.0,0.0,0.580031758666,0.025031697005,-6.42979e-07,1.191288e-06,-0.120359901114,4.6155e-08,roll_0_cleaned.csv
8.0,2.0,0.0,0.0,0.579420342407,0.025049846619,-0.002714933384,0.005145897334,-0.120387491905,7.9918714e-05,pitch_0_cleaned.csv
8.0,2.0,0.0,0.0,0.579420358593,0.025049846619,-0.002714933949,0.005145900887,-0.120387504406,7.9918941e-05,roll_0_cleaned.csv
8.0,4.0,0.0,0.0,0.577586834001,0.025106256828,-0.005469990062,0.010287197365,-0.120466008764,0.000152386514,pitch_0_cleaned.csv
8.0,4.0,0.0,0.0,0.57758683394,0.025106256828,-0.005469990073,0.01028719737,-0.120466008667,0.000152386512,roll_0_cleaned.csv
8.0,6.0,0.0,0.0,0.574556471231,0.025197556242,-0.008169433897,0.01536655047,-0.12062047661,0.000232068944,pitch_0_cleaned.csv
8.0,6.0,0.0,0.0,0.574556474321,0.025197556242,-0.008169431399,0.015366548437,-0.120620477424,0.000232069165,roll_0_cleaned.csv
10.0,-6.0,0.0,0.0,0.721244880721,0.034689001739,0.007256139991,-0.017327139102,-0.167859929452,-0.000692861916,pitch_0_cleaned.csv
10.0,-6.0,0.0,0.0,0.721244896256,0.034689001739,0.00725615174,-0.017327145813,-0.167859957528,-0.000692860978,roll_0_cleaned.csv
10.0,-4.0,0.0,0.0,0.72522843395,0.034669492394,0.004860380998,-0.011599664656,-0.168030334802,-0.000460268952,pitch_0_cleaned.csv
10.0,-4.0,0.0,0.0,0.725228434458,0.034669492394,0.004860381015,-0.01159966462,-0.168030335114,-0.00046026895,roll_0_cleaned.csv
10.0,-2.0,0.0,0.0,0.727639321351,0.03465654701,0.002402935634,-0.005800474624,-0.168153869404,-0.000234564045,pitch_0_cleaned.csv
10.0,-2.0,0.0,0.0,0.727639330633,0.03465654701,0.002402938906,-0.005800476632,-0.168153886446,-0.000234563792,roll_0_cleaned.csv
10.0,0.0,0.0,0.0,0.728443083083,0.034653265029,-9.6322e-07,2.123633e-06,-0.168194657311,1.82821e-07,pitch_0_cleaned.csv
10.0,0.0,0.0,0.0,0.72844308308,0.034653265029,-9.63885e-07,2.124179e-06,-0.168194656107,1.82786e-07,roll_0_cleaned.csv
10.0,2.0,0.0,0.0,0.727639088306,0.034656509757,-0.00240480699,0.005804676825,-0.16815407716,0.000234935984,pitch_0_cleaned.csv
10.0,2.0,0.0,0.0,0.72763909937,0.034656509757,-0.002404806506,0.005804675796,-0.168154080467,0.00023493586,roll_0_cleaned.csv
10.0,4.0,0.0,0.0,0.725227798918,0.034669395536,-0.004862090196,0.011603717227,-0.168030545585,0.000460655335,pitch_0_cleaned.csv
10.0,4.0,0.0,0.0,0.725227798003,0.034669395536,-0.004862089968,0.011603716537,-0.168030543789,0.000460655295,roll_0_cleaned.csv
10.0,6.0,0.0,0.0,0.721243931561,0.034688837826,-0.007257626728,0.017331008455,-0.167860272783,0.000693272771,pitch_0_cleaned.csv
10.0,6.0,0.0,0.0,0.721243931796,0.034688837826,-0.007257626708,0.017331008491,-0.167860272822,0.000693272774,roll_0_cleaned.csv
12.0,-6.0,0.0,0.0,0.867210752803,0.046219330281,0.006235304337,-0.019273920592,-0.215720302749,-0.001101736792,pitch_0_cleaned.csv
12.0,-6.0,0.0,0.0,0.867210754131,0.046219330281,0.0062353035,-0.019273918764,-0.215720302514,-0.001101736543,roll_0_cleaned.csv
12.0,-4.0,0.0,0.0,0.872145303086,0.046287335455,0.00417643638,-0.012904060856,-0.216221593876,-0.000733898644,pitch_0_cleaned.csv
12.0,-4.0,0.0,0.0,0.872145304441,0.046287335455,0.004176436495,-0.012904060143,-0.216221593056,-0.000733898564,roll_0_cleaned.csv
12.0,-2.0,0.0,0.0,0.875127105204,0.046327073127,0.002055909955,-0.006450787734,-0.21654069504,-0.000371575713,pitch_0_cleaned.csv
12.0,-2.0,0.0,0.0,0.875127076305,0.046327069402,0.00205591752,-0.006450792749,-0.216540672019,-0.000371575086,roll_0_cleaned.csv
12.0,0.0,0.0,0.0,0.876120491835,0.046341363341,-1.424395e-06,3.432701e-06,-0.216645601008,4.26617e-07,pitch_0_cleaned.csv
12.0,0.0,0.0,0.0,0.876120497807,0.046341363341,-1.423328e-06,3.433081e-06,-0.216645602072,4.26858e-07,roll_0_cleaned.csv
12.0,2.0,0.0,0.0,0.875126211105,0.046326976269,-0.002058695581,0.006457572922,-0.216540568525,0.000372429267,pitch_0_cleaned.csv
12.0,2.0,0.0,0.0,0.875126229417,0.046326979995,-0.002058694633,0.006457569554,-0.216540570825,0.000372428864,roll_0_cleaned.csv
12.0,4.0,0.0,0.0,0.872143672557,0.046287130564,-0.004179090348,0.012910721889,-0.216221438201,0.000734763795,pitch_0_cleaned.csv
12.0,4.0,0.0,0.0,0.872143681246,0.046287130564,-0.004179092679,0.012910724206,-0.216221446632,0.000734763809,roll_0_cleaned.csv
12.0,6.0,0.0,0.0,0.867207917744,0.046218980104,-0.006237565147,0.019280200558,-0.215719755052,0.001102623366,pitch_0_cleaned.csv
12.0,6.0,0.0,0.0,0.867207921722,0.046218980104,-0.006237565181,0.019280199703,-0.215719758862,0.001102623036,roll_0_cleaned.csv
14.0,-6.0,0.0,0.0,1.012207283109,0.05973020196,0.005110580893,-0.021202524584,-0.264040914502,-0.001457285511,pitch_0_cleaned.csv
14.0,-6.0,0.0,0.0,1.012207243343,0.059730198234,0.00511057862,-0.021202529844,-0.264040901392,-0.001457287089,roll_0_cleaned.csv
14.0,-4.0,0.0,0.0,1.018079532179,0.059900123626,0.003424433655,-0.014194727073,-0.264871142533,-0.000971284113,pitch_0_cleaned.csv
14.0,-4.0,0.0,0.0,1.018079519127,0.059900119901,0.003424432233,-0.014194724979,-0.264871131736,-0.000971284367,roll_0_cleaned.csv
14.0,-2.0,0.0,0.0,1.021636223715,0.060002271086,0.001673782973,-0.007094271266,-0.265389406625,-0.000490413715,pitch_0_cleaned.csv
14.0,-2.0,0.0,0.0,1.021636285057,0.060002274811,0.001673813508,-0.007094294355,-0.265389479466,-0.000490412325,roll_0_cleaned.csv
14.0,0.0,0.0,0.0,1.022816737219,0.0600370951,-2.04156e-06,5.168625e-06,-0.265557789209,8.22735e-07,pitch_0_cleaned.csv
14.0,0.0,0.0,0.0,1.022816748172,0.060037091374,-2.039084e-06,5.167277e-06,-0.265557810571,8.22565e-07,roll_0_cleaned.csv
14.0,2.0,0.0,0.0,1.021634217644,0.060002073646,-0.001677780474,0.007104470509,-0.265388742188,0.000492052511,pitch_0_cleaned.csv
14.0,2.0,0.0,0.0,1.021634168801,0.06000206992,-0.001677761374,0.007104457183,-0.265388676732,0.000492053348,roll_0_cleaned.csv
14.0,4.0,0.0,0.0,1.018079453167,0.05989978835,-0.003428136105,0.014204472342,-0.264874362721,0.000972798111,pitch_0_cleaned.csv
14.0,4.0,0.0,0.0,1.018079439601,0.05989978835,-0.003428135182,0.01420446894,-0.264874358483,0.000972797807,roll_0_cleaned.csv
14.0,6.0,0.0,0.0,1.012199137278,0.05972892046,-0.005113940195,0.021211126691,-0.264043276047,0.001458739168,pitch_0_cleaned.csv
14.0,6.0,0.0,0.0,1.012199134839,0.05972892046,-0.005113940253,0.021211126731,-0.264043274282,0.001458739171,roll_0_cleaned.csv
16.0,-6.0,0.0,0.0,1.155989706201,0.075152076781,0.003887833743,-0.023110863979,-0.312657214692,-0.001758180265,pitch_0_cleaned.csv
16.0,-6.0,0.0,0.0,1.15598965697,0.07515206933,0.003887830083,-0.023110871331,-0.312657199298,-0.00175818276,roll_0_cleaned.csv
16.0,-4.0,0.0,0.0,1.162766640472,0.075435347855,0.002572230058,-0.015456860587,-0.313754671503,-0.001175711727,pitch_0_cleaned.csv
16.0,-4.0,0.0,0.0,1.162766629128,0.075435347855,0.002572224536,-0.015456859784,-0.313754659588,-0.0011757121,roll_0_cleaned.csv
16.0,-2.0,0.0,0.0,1.166920168475,0.075611516833,0.001258999521,-0.007730503911,-0.314534866984,-0.000590545662,pitch_0_cleaned.csv
16.0,-2.0,0.0,0.0,1.166920242713,0.075611516833,0.001259033685,-0.007730533599,-0.314534958931,-0.00059054523,roll_0_cleaned.csv
16.0,0.0,0.0,0.0,1.168280621519,0.075668126345,-2.593726e-06,6.397644e-06,-0.314769015561,1.173536e-06,pitch_0_cleaned.csv
16.0,0.0,0.0,0.0,1.168280675829,0.075668133795,-2.596778e-06,6.401016e-06,-0.314769024975,1.173827e-06,roll_0_cleaned.csv
16.0,2.0,0.0,0.0,1.166913901578,0.075610198081,-0.001264245317,0.007743896989,-0.314540094105,0.000593124501,pitch_0_cleaned.csv
16.0,2.0,0.0,0.0,1.166913756556,0.07561019063,-0.00126416026,0.007743832787,-0.31453988281,0.000593126336,roll_0_cleaned.csv
16.0,4.0,0.0,0.0,1.162757283686,0.07543374598,-0.00257717417,0.015469657538,-0.313758402902,0.001178252495,pitch_0_cleaned.csv
16.0,4.0,0.0,0.0,1.162757370244,0.07543374598,-0.002577196783,0.015469678471,-0.313758538566,0.001178254222,roll_0_cleaned.csv
16.0,6.0,0.0,0.0,1.155977662858,0.075150161982,-0.003892348366,0.023122979746,-0.312659795403,0.001760700933,pitch_0_cleaned.csv
16.0,6.0,0.0,0.0,1.155977660846,0.075150161982,-0.003892353132,0.023122986022,-0.312659800977,0.001760701153,roll_0_cleaned.csv
18.0,-6.0,0.0,0.0,1.298316143537,0.092404857278,0.002573855445,-0.024997095803,-0.361401103653,-0.002003066698,pitch_0_cleaned.csv
18.0,-6.0,0.0,0.0,1.298316320261,0.092404864728,0.002573943046,-0.024997190404,-0.361401395019,-0.002003075448,roll_0_cleaned.csv
18.0,-4.0,0.0,0.0,1.3060102833,0.092816218734,0.00168912933,-0.016717950132,-0.36282655053,-0.001339180439,pitch_0_cleaned.csv
18.0,-4.0,0.0,0.0,1.306010382235,0.092816248536,0.001689133876,-0.016717959179,-0.362826438421,-0.001339181768,roll_0_cleaned.csv
18.0,-2.0,0.0,0.0,1.310670234409,0.093067988753,0.000856874289,-0.008382617534,-0.363718690261,-0.000667996972,pitch_0_cleaned.csv
18.0,-2.0,0.0,0.0,1.31067027411,0.093067988753,0.000857016655,-0.008382720685,-0.36371880656,-0.000667994547,roll_0_cleaned.csv
18.0,0.0,0.0,0.0,1.312276832554,0.093155309558,-3.222045e-06,8.568618e-06,-0.364104116445,1.936658e-06,pitch_0_cleaned.csv
18.0,0.0,0.0,0.0,1.312276791919,0.093155309558,-3.224544e-06,8.565628e-06,-0.364104094574,1.934751e-06,roll_0_cleaned.csv
18.0,2.0,0.0,0.0,1.310667054252,0.093067735434,-0.000863377533,0.00839975865,-0.363717682582,0.000671864345,pitch_0_cleaned.csv
18.0,2.0,0.0,0.0,1.310667138075,0.093067735434,-0.000863318984,0.008399710155,-0.363717802719,0.000671864926,roll_0_cleaned.csv
18.0,4.0,0.0,0.0,1.306003943345,0.092815615237,-0.001695355218,0.016734772933,-0.362824508825,0.001343031977,pitch_0_cleaned.csv
18.0,4.0,0.0,0.0,1.306003924366,0.092815615237,-0.001695353822,0.016734757793,-0.362824497446,0.001343030007,roll_0_cleaned.csv
18.0,6.0,0.0,0.0,1.298298938982,0.092402078211,-0.002579795393,0.025013656571,-0.361403496276,0.00200714649,pitch_0_cleaned.csv
18.0,6.0,0.0,0.0,1.298299270721,0.092402100563,-0.00257971739,0.025013603872,-0.361403995149,0.002007151771,roll_0_cleaned.csv
20.0,-6.0,0.0,0.0,1.438937902046,0.11139536649,0.001176688854,-0.026859441303,-0.410105126298,-0.00219093326,pitch_0_cleaned.csv
20.0,-6.0,0.0,0.0,1.438937896123,0.11139536649,0.00117668193,-0.026859431467,-0.410105151087,-0.002190932298,roll_0_cleaned.csv
20.0,-4.0,0.0,0.0,1.447553839862,0.111951060593,0.000750325733,-0.017962037632,-0.411844645873,-0.001463771753,pitch_0_cleaned.csv
20.0,-4.0,0.0,0.0,1.447553990666,0.111951053143,0.000750388331,-0.017962093987,-0.411844887657,-0.001463780543,roll_0_cleaned.csv
20.0,-2.0,0.0,0.0,1.45276577465,0.112288847566,0.000388172132,-0.009005179519,-0.412930752103,-0.000729759881,pitch_0_cleaned.csv
20.0,-2.0,0.0,0.0,1.452765766941,0.112288840115,0.000388173645,-0.009005177448,-0.412930771516,-0.000729758884,roll_0_cleaned.csv
20.0,0.0,0.0,0.0,1.454558712323,0.112405031919,-3.841413e-06,1.1171316e-05,-0.413386355218,3.017217e-06,pitch_0_cleaned.csv
20.0,0.0,0.0,0.0,1.454558667015,0.112405031919,-3.834196e-06,1.1160649e-05,-0.413386354516,3.016964e-06,roll_0_cleaned.csv
20.0,2.0,0.0,0.0,1.452760946988,0.112288363278,-0.000395872374,0.009027441805,-0.412929091309,0.000735778237,pitch_0_cleaned.csv
20.0,2.0,0.0,0.0,1.45276102874,0.112288355827,-0.000395866366,0.009027440222,-0.412929263658,0.000735780556,roll_0_cleaned.csv
20.0,4.0,0.0,0.0,1.44754397882,0.111950054765,-0.00075785911,0.017984029418,-0.411841082293,0.001469756436,pitch_0_cleaned.csv
20.0,4.0,0.0,0.0,1.447544003528,0.111950054765,-0.000757856951,0.017984008741,-0.41184108182,0.001469752427,roll_0_cleaned.csv
20.0,6.0,0.0,0.0,1.438923359105,0.111393839121,-0.001183899325,0.026881029558,-0.41009967377,0.002196901252,pitch_0_cleaned.csv
20.0,6.0,0.0,0.0,1.438923395984,0.111393846571,-0.001183896444,0.026881019161,-0.410099691821,0.002196899379,roll_0_cleaned.csv
-10.0,-6.0,0.0,5.0,-0.737330877874,0.035399388522,0.01125934316,0.002658170619,0.25334919854,0.006071683537,roll_+5_cleaned.csv
-10.0,-4.0,0.0,5.0,-0.742825617018,0.035414133221,0.007531533264,0.001779861071,0.256166619332,0.004069158852,roll_+5_cleaned.csv
-10.0,-2.0,0.0,5.0,-0.746124128084,0.035421863198,0.003761873473,0.000897093643,0.257846366864,0.002038123746,roll_+5_cleaned.csv
-10.0,0.0,0.0,5.0,-0.747243782288,0.035425227135,2.988619e-06,-1.31159e-07,0.258437106105,6.95156e-07,roll_+5_cleaned.csv
-10.0,2.0,0.0,5.0,-0.746124341225,0.035421714187,-0.003755817419,-0.000897386094,0.257846989664,-0.002036718198,roll_+5_cleaned.csv
-10.0,4.0,0.0,5.0,-0.742825622783,0.035413790494,-0.00752521227,-0.001780372813,0.256166958884,-0.004067676543,roll_+5_cleaned.csv
-10.0,6.0,0.0,5.0,-0.737330498467,0.035398811102,-0.011253076135,-0.002658898521,0.253349216234,-0.00607020013,roll_+5_cleaned.csv
-8.0,-6.0,0.0,5.0,-0.59523440064,0.025835474953,0.011355736403,0.000650303728,0.217822260072,0.005191859228,roll_+5_cleaned.csv
-8.0,-4.0,0.0,5.0,-0.599798760612,0.02577020973,0.007592653868,0.000439157477,0.220364558564,0.003478622576,roll_+5_cleaned.csv
-8.0,-2.0,0.0,5.0,-0.602540050146,0.025730408728,0.003794503778,0.000226550623,0.221884101987,0.001742467773,roll_+5_cleaned.csv
-8.0,0.0,0.0,5.0,-0.603469908938,0.025717543438,1.622586e-06,7.1582e-08,0.222414106899,3.5792e-07,roll_+5_cleaned.csv
-8.0,2.0,0.0,5.0,-0.602540335211,0.025730289519,-0.003790649631,-0.00022677752,0.221883976941,-0.001741606043,roll_+5_cleaned.csv
-8.0,4.0,0.0,5.0,-0.599799216001,0.025770001113,-0.007588795692,-0.000439451768,0.220364420744,-0.003477752759,roll_+5_cleaned.csv
-8.0,6.0,0.0,5.0,-0.595234877103,0.025835132226,-0.011351997131,-0.000650582937,0.217821727092,-0.005191003595,roll_+5_cleaned.csv
-6.0,-6.0,0.0,5.0,-0.451659495777,0.018310906366,0.011347002838,-0.001359956111,0.180531763027,0.00435409143,roll_+5_cleaned.csv
-6.0,-4.0,0.0,5.0,-0.455293233555,0.018183920532,0.007586038417,-0.000908012643,0.182807782867,0.002916976394,roll_+5_cleaned.csv
-6.0,-2.0,0.0,5.0,-0.457474520954,0.01810672693,0.003791991624,-0.000451843755,0.184166545884,0.001461059715,roll_+5_cleaned.csv
-6.0,0.0,0.0,5.0,-0.458214693922,0.01808139123,1.161643e-06,-1.11272e-07,0.184639516967,2.4866e-07,roll_+5_cleaned.csv
-6.0,2.0,0.0,5.0,-0.457474849284,0.018106669188,-0.00378971913,0.00045164366,0.184166742528,-0.001460573011,roll_+5_cleaned.csv
-6.0,4.0,0.0,5.0,-0.455293991385,0.018183782697,-0.007583830141,0.000907816876,0.18280835282,-0.002916503306,roll_+5_cleaned.csv
-6.0,6.0,0.0,5.0,-0.451660725267,0.018310749903,-0.01134483962,0.001359702116,0.180532648327,-0.004353635148,roll_+5_cleaned.csv
-4.0,-6.0,0.0,5.0,-0.306848679278,0.012873586267,0.011234621079,-0.003374077622,0.141592103992,0.003560611519,roll_+5_cleaned.csv
-4.0,-4.0,0.0,5.0,-0.3095404224,0.012700648978,0.00750886777,-0.002255173498,0.143584916952,0.002384868693,roll_+5_cleaned.csv
-4.0,-2.0,0.0,5.0,-0.31115658375,0.012596026994,0.003756115464,-0.001127958093,0.144776794978,0.001194871643,roll_+5_cleaned.csv
-4.0,0.0,0.0,5.0,-0.311689070296,0.012561187148,7.27898e-07,-2.41307e-07,0.145162964666,1.47881e-07,roll_+5_cleaned.csv
-4.0,2.0,0.0,5.0,-0.311156971295,0.01259600278,-0.003754579893,0.001127486024,0.144777063143,-0.001194558607,roll_+5_cleaned.csv
-4.0,4.0,0.0,5.0,-0.309540605166,0.012700579129,-0.007507728396,0.002255140293,0.143584876712,-0.002384633504,roll_+5_cleaned.csv
-4.0,6.0,0.0,5.0,-0.306849022335,0.012873507105,-0.011233712594,0.003374339614,0.141592430872,-0.003560428214,roll_+5_cleaned.csv
-2.0,-6.0,0.0,5.0,-0.161032952413,0.009557016194,0.011012473699,-0.005387148305,0.101092048844,0.00281182535,roll_+5_cleaned.csv
-2.0,-4.0,0.0,5.0,-0.16277530124,0.009354984388,0.007358524886,-0.003601720546,0.102790687758,0.001882885031,roll_+5_cleaned.csv
-2.0,-2.0,0.0,5.0,-0.163824339541,0.009233226068,0.003683067757,-0.001803188977,0.103813201317,0.000943687258,roll_+5_cleaned.csv
-2.0,0.0,0.0,5.0,-0.164170696575,0.00919258222,3.58428e-07,-1.4058e-07,0.104148385186,6.8889e-08,roll_+5_cleaned.csv
-2.0,2.0,0.0,5.0,-0.16382421267,0.009233200923,-0.003682438469,0.00180317323,0.103812795669,-0.000943557106,roll_+5_cleaned.csv
-2.0,4.0,0.0,5.0,-0.162775380983,0.009354946204,-0.007357907532,0.00360173224,0.10279048839,-0.001882757021,roll_+5_cleaned.csv
-2.0,6.0,0.0,5.0,-0.161033264985,0.009556966834,-0.011011893132,0.005387156399,0.101092040797,-0.002811705954,roll_+5_cleaned.csv
0.0,-6.0,0.0,5.0,-0.014453563927,0.008384409361,0.010675233423,-0.007397424001,0.059140774606,0.002108139205,roll_+5_cleaned.csv
0.0,-4.0,0.0,5.0,-0.015242343591,0.008170541376,0.007131934481,-0.004945943123,0.060538600113,0.001411436457,roll_+5_cleaned.csv
0.0,-2.0,0.0,5.0,-0.015719902434,0.008041747846,0.003572033424,-0.002477938465,0.061384140734,0.000707834773,roll_+5_cleaned.csv
0.0,0.0,0.0,5.0,-0.015879911894,0.007998679765,2.15777e-07,-8.86e-08,0.061667447115,4.1592e-08,roll_+5_cleaned.csv
0.0,2.0,0.0,5.0,-0.015720132671,0.008041742258,-0.003571644201,0.002477791458,0.061384410718,-0.000707759617,roll_+5_cleaned.csv
0.0,4.0,0.0,5.0,-0.015242821381,0.008170522749,-0.007131527039,0.004945743467,0.060538881434,-0.001411359799,roll_+5_cleaned.csv
0.0,6.0,0.0,5.0,-0.014455135695,0.008384384215,-0.010674724096,0.007397105033,0.059142141997,-0.002108053477,roll_+5_cleaned.csv
2.0,-6.0,0.0,5.0,0.132639216731,0.009367945604,0.010222652438,-0.009401881978,0.015865656982,0.001450937027,roll_+5_cleaned.csv
2.0,-4.0,0.0,5.0,0.132801154451,0.009159580804,0.006835954548,-0.006290416334,0.016966384416,0.000972770332,roll_+5_cleaned.csv
2.0,-2.0,0.0,5.0,0.132907212993,0.009033669718,0.003421505666,-0.003150746,0.017614146354,0.000487475822,roll_+5_cleaned.csv
2.0,0.0,0.0,5.0,0.132934048552,0.008991563693,-1.39458e-07,1.1589e-07,0.017844289813,-2.2893e-08,roll_+5_cleaned.csv
2.0,2.0,0.0,5.0,0.132907371699,0.009033677168,-0.003421776725,0.003150964587,0.017613966697,-0.000487520506,roll_+5_cleaned.csv
2.0,4.0,0.0,5.0,0.132801533294,0.009159595706,-0.006836242475,0.006290630215,0.01696597402,-0.000972817952,roll_+5_cleaned.csv
2.0,6.0,0.0,5.0,0.132639233752,0.00936796423,-0.010222892585,0.009402008164,0.015865700148,-0.001450980932,roll_+5_cleaned.csv
4.0,-6.0,0.0,5.0,0.280005583297,0.012507676147,0.009653268812,-0.011399478302,-0.028612007417,0.00084103607,roll_+5_cleaned.csv
4.0,-4.0,0.0,5.0,0.281123521117,0.012321615592,0.006457690552,-0.007628660672,-0.027821053054,0.00056498085,roll_+5_cleaned.csv
4.0,-2.0,0.0,5.0,0.281809854747,0.012209151872,0.003231573226,-0.003821044426,-0.027368059534,0.000283045724,roll_+5_cleaned.csv
4.0,0.0,0.0,5.0,0.282024211236,0.01217132993,-3.77488e-07,3.61268e-07,-0.027192775483,-4.7321e-08,roll_+5_cleaned.csv
4.0,2.0,0.0,5.0,0.281809859874,0.012209148146,-0.003232340867,0.003821824647,-0.027368172681,-0.000283135682,roll_+5_cleaned.csv
4.0,4.0,0.0,5.0,0.281123266139,0.012321606278,-0.00645824572,0.007629193245,-0.027821242179,-0.00056504823,roll_+5_cleaned.csv
4.0,6.0,0.0,5.0,0.280005189739,0.012507666834,-0.009653731309,0.011399911884,-0.028612114839,-0.000841091448,roll_+5_cleaned.csv
6.0,-6.0,0.0,5.0,0.427393457756,0.01779191941,0.008967559882,-0.013387383208,-0.074152860778,0.000279587125,roll_+5_cleaned.csv
6.0,-4.0,0.0,5.0,0.429467611237,0.017644960433,0.006001210532,-0.008960542079,-0.073677092635,0.000189606107,roll_+5_cleaned.csv
6.0,-2.0,0.0,5.0,0.430721878208,0.017555395141,0.002988030188,-0.004481966474,-0.073400520735,9.2565257e-05,roll_+5_cleaned.csv
6.0,0.0,0.0,5.0,0.431142809416,0.017526052892,-4.71075e-07,6.26747e-07,-0.073311814862,-2.2349e-08,roll_+5_cleaned.csv
6.0,2.0,0.0,5.0,0.430721731648,0.017555385828,-0.002988938676,0.004483198545,-0.073400607153,-9.2605146e-05,roll_+5_cleaned.csv
6.0,4.0,0.0,5.0,0.429467255612,0.017644936219,-0.006002052806,0.008961733831,-0.073677096993,-0.000189636512,roll_+5_cleaned.csv
6.0,6.0,0.0,5.0,0.427392994856,0.01779188402,-0.008968310054,0.013388495333,-0.074152855994,-0.00027960575,roll_+5_cleaned.csv
8.0,-6.0,0.0,5.0,0.57455678166,0.025197634473,0.00816844212,-0.015364398935,-0.120619962888,-0.000231937079,roll_+5_cleaned.csv
8.0,-4.0,0.0,5.0,0.577587007067,0.025106295943,0.005468832465,-0.010284915655,-0.120465682741,-0.00015227674,roll_+5_cleaned.csv
8.0,-2.0,0.0,5.0,0.579420373013,0.025049859658,0.00271367994,-0.005143542778,-0.120387278433,-7.9821991e-05,roll_+5_cleaned.csv
8.0,0.0,0.0,5.0,0.580031756232,0.025031697005,-6.42781e-07,1.191024e-06,-0.120359900223,4.6191e-08,roll_+5_cleaned.csv
8.0,2.0,0.0,5.0,0.57942034406,0.025049846619,-0.00271493334,0.005145897108,-0.120387491504,7.991862e-05,roll_+5_cleaned.csv
8.0,4.0,0.0,5.0,0.5775868341,0.025106256828,-0.00546999007,0.010287197368,-0.120466008536,0.000152386513,roll_+5_cleaned.csv
8.0,6.0,0.0,5.0,0.574556471023,0.025197556242,-0.008169433722,0.015366550317,-0.120620476866,0.000232068964,roll_+5_cleaned.csv
10.0,-6.0,0.0,5.0,0.721244877186,0.034689001739,0.007256140777,-0.017327140108,-0.167859931147,-0.000692861934,roll_+5_cleaned.csv
10.0,-4.0,0.0,5.0,0.725228433522,0.034669492394,0.00486038076,-0.011599663745,-0.168030335765,-0.000460268902,roll_+5_cleaned.csv
10.0,-2.0,0.0,5.0,0.727639324248,0.03465654701,0.00240294188,-0.005800480945,-0.168153892149,-0.000234564017,roll_+5_cleaned.csv
10.0,0.0,0.0,5.0,0.728443102181,0.034653265029,-9.64752e-07,2.123176e-06,-0.168194667163,1.82361e-07,roll_+5_cleaned.csv
10.0,2.0,0.0,5.0,0.727639104512,0.034656509757,-0.002404806312,0.005804675612,-0.168154083805,0.000234935909,roll_+5_cleaned.csv
10.0,4.0,0.0,5.0,0.725227802026,0.034669395536,-0.004862086933,0.011603714501,-0.168030549858,0.000460655627,roll_+5_cleaned.csv
10.0,6.0,0.0,5.0,0.721243948183,0.034688837826,-0.007257640999,0.017331017942,-0.167860305783,0.000693272006,roll_+5_cleaned.csv
12.0,-6.0,0.0,5.0,0.867210751655,0.046219330281,0.006235304205,-0.019273920741,-0.215720302285,-0.001101736855,roll_+5_cleaned.csv
12.0,-4.0,0.0,5.0,0.872145326259,0.046287335455,0.004176437878,-0.012904063905,-0.216221615293,-0.000733900036,roll_+5_cleaned.csv
12.0,-2.0,0.0,5.0,0.87512709294,0.046327073127,0.002055915684,-0.006450792703,-0.216540679416,-0.000371575426,roll_+5_cleaned.csv
12.0,0.0,0.0,5.0,0.876120462226,0.046341359615,-1.422132e-06,3.432873e-06,-0.216645595067,4.26728e-07,roll_+5_cleaned.csv
12.0,2.0,0.0,5.0,0.875126201653,0.046326976269,-0.002058693874,0.006457570995,-0.216540556697,0.000372429336,roll_+5_cleaned.csv
12.0,4.0,0.0,5.0,0.872143682742,0.046287130564,-0.004179092377,0.012910725227,-0.216221448526,0.000734763944,roll_+5_cleaned.csv
12.0,6.0,0.0,5.0,0.867207918531,0.046218980104,-0.006237565265,0.019280200656,-0.215719754648,0.001102623337,roll_+5_cleaned.csv
14.0,-6.0,0.0,5.0,1.01220728992,0.05973020196,0.005110597382,-0.021202537791,-0.264040961331,-0.001457285379,roll_+5_cleaned.csv
14.0,-4.0,0.0,5.0,1.01807952563,0.059900123626,0.003424433287,-0.014194725984,-0.264871135091,-0.000971283936,roll_+5_cleaned.csv
14.0,-2.0,0.0,5.0,1.021636219168,0.060002271086,0.001673784179,-0.007094272981,-0.265389403146,-0.000490413789,roll_+5_cleaned.csv
14.0,0.0,0.0,5.0,1.022816726712,0.060037091374,-2.038107e-06,5.166998e-06,-0.265557792838,8.23128e-07,roll_+5_cleaned.csv
14.0,2.0,0.0,5.0,1.02163416929,0.06000206992,-0.001677761521,0.007104456964,-0.26538867764,0.000492053339,roll_+5_cleaned.csv
14.0,4.0,0.0,5.0,1.018079443247,0.05989978835,-0.003428134895,0.014204469545,-0.264874352493,0.000972797867,roll_+5_cleaned.csv
14.0,6.0,0.0,5.0,1.012199135519,0.05972892046,-0.005113939959,0.021211125813,-0.264043276897,0.001458739077,roll_+5_cleaned.csv
16.0,-6.0,0.0,5.0,1.155989751691,0.075152084231,0.003887841753,-0.023110874116,-0.31265725393,-0.001758180877,roll_+5_cleaned.csv
16.0,-4.0,0.0,5.0,1.162766610238,0.075435340405,0.002572225289,-0.015456857747,-0.313754658053,-0.001175713407,roll_+5_cleaned.csv
16.0,-2.0,0.0,5.0,1.16692016411,0.075611516833,0.001258997956,-0.007730506139,-0.314534866123,-0.000590546177,roll_+5_cleaned.csv
16.0,0.0,0.0,5.0,1.168280646881,0.075668133795,-2.594513e-06,6.396632e-06,-0.31476903259,1.172799e-06,roll_+5_cleaned.csv
16.0,2.0,0.0,5.0,1.166913730398,0.07561019063,-0.001264160329,0.007743834954,-0.314539862229,0.000593126825,roll_+5_cleaned.csv
16.0,4.0,0.0,5.0,1.162757270099,0.07543374598,-0.002577172462,0.015469655204,-0.313758410895,0.001178252476,roll_+5_cleaned.csv
16.0,6.0,0.0,5.0,1.155977665515,0.075150161982,-0.003892350452,0.023122986383,-0.31265981357,0.001760701506,roll_+5_cleaned.csv
18.0,-6.0,0.0,5.0,1.298316101855,0.092404842377,0.00257385841,-0.024997097577,-0.361401089804,-0.002003068167,roll_+5_cleaned.csv
18.0,-4.0,0.0,5.0,1.306010218643,0.092816203833,0.001689111622,-0.016717938837,-0.362826517571,-0.001339179859,roll_+5_cleaned.csv
18.0,-2.0,0.0,5.0,1.310670401568,0.093067996204,0.000856965568,-0.008382679499,-0.363718974706,-0.000667995057,roll_+5_cleaned.csv
18.0,0.0,0.0,5.0,1.312276862847,0.093155317008,-3.220346e-06,8.558232e-06,-0.36410412208,1.934935e-06,roll_+5_cleaned.csv
18.0,2.0,0.0,5.0,1.310667016997,0.093067727983,-0.00086337275,0.008399750438,-0.363717677208,0.000671863442,roll_+5_cleaned.csv
18.0,4.0,0.0,5.0,1.306003996478,0.092815622687,-0.00169535776,0.016734761498,-0.362824528231,0.001343030372,roll_+5_cleaned.csv
18.0,6.0,0.0,5.0,1.298299042197,0.092402078211,-0.002579747692,0.02501361767,-0.361403591421,0.002007148063,roll_+5_cleaned.csv
20.0,-6.0,0.0,5.0,1.438937936551,0.11139537394,0.001176686666,-0.026859431004,-0.410105132144,-0.002190931077,roll_+5_cleaned.csv
20.0,-4.0,0.0,5.0,1.44755404717,0.111951164901,0.000750488364,-0.017962178549,-0.411844212119,-0.001463784232,roll_+5_cleaned.csv
20.0,-2.0,0.0,5.0,1.452765854749,0.112288832664,0.000388146643,-0.009005202979,-0.412930929052,-0.000729776867,roll_+5_cleaned.csv
20.0,0.0,0.0,5.0,1.454558659439,0.11240503937,-3.828513e-06,1.1145948e-05,-0.413386344393,3.012256e-06,roll_+5_cleaned.csv
20.0,2.0,0.0,5.0,1.452761193687,0.11228838563,-0.000395992369,0.009027529133,-0.412929448723,0.000735776646,roll_+5_cleaned.csv
20.0,4.0,0.0,5.0,1.447543968676,0.111950054765,-0.000757853855,0.01798402615,-0.411841027903,0.001469757449,roll_+5_cleaned.csv
20.0,6.0,0.0,5.0,1.438923398424,0.111393846571,-0.001183892891,0.026881027461,-0.41009970894,0.002196901544,roll_+5_cleaned.csv
-10.0,-6.0,0.0,10.0,-0.737330876947,0.035399388522,0.011259343655,0.002658170032,0.253349198073,0.006071683684,roll_+10_cleaned.csv
-10.0,-4.0,0.0,10.0,-0.742825612836,0.035414129496,0.007531531684,0.001779861849,0.256166619445,0.004069158402,roll_+10_cleaned.csv
-10.0,-2.0,0.0,10.0,-0.746124140085,0.035421863198,0.003761875629,0.000897092987,0.257846369995,0.002038124376,roll_+10_cleaned.csv
-10.0,0.0,0.0,10.0,-0.747243781399,0.035425227135,2.988642e-06,-1.31152e-07,0.258437105824,6.95165e-07,roll_+10_cleaned.csv
-10.0,2.0,0.0,10.0,-0.746124343815,0.035421714187,-0.003755817725,-0.000897386145,0.257846990004,-0.002036718285,roll_+10_cleaned.csv
-10.0,4.0,0.0,10.0,-0.742825629928,0.035413790494,-0.007525213566,-0.001780372523,0.256166959435,-0.00406767693,roll_+10_cleaned.csv
-10.0,6.0,0.0,10.0,-0.737330510047,0.035398814827,-0.011253075765,-0.002658893473,0.253349239023,-0.006070200157,roll_+10_cleaned.csv
-8.0,-6.0,0.0,10.0,-0.595234397056,0.025835474953,0.011355736021,0.000650303012,0.217822260015,0.005191859128,roll_+10_cleaned.csv
-8.0,-4.0,0.0,10.0,-0.599798759697,0.02577020973,0.007592654133,0.000439156968,0.220364556858,0.003478622529,roll_+10_cleaned.csv
-8.0,-2.0,0.0,10.0,-0.602540049766,0.025730408728,0.003794503727,0.000226550626,0.22188410193,0.001742467758,roll_+10_cleaned.csv
-8.0,0.0,0.0,10.0,-0.603469908044,0.025717543438,1.622576e-06,7.149e-08,0.222414106457,3.57915e-07,roll_+10_cleaned.csv
-8.0,2.0,0.0,10.0,-0.602540334767,0.025730289519,-0.003790649593,-0.000226777515,0.221883976774,-0.001741606034,roll_+10_cleaned.csv
-8.0,4.0,0.0,10.0,-0.599799221344,0.025770001113,-0.00758879651,-0.00043945031,0.22036442675,-0.003477753003,roll_+10_cleaned.csv
-8.0,6.0,0.0,10.0,-0.5952348774,0.025835132226,-0.011351997207,-0.000650582962,0.217821727242,-0.005191003613,roll_+10_cleaned.csv
-6.0,-6.0,0.0,10.0,-0.451659495901,0.018310906366,0.011347002863,-0.001359956112,0.180531763063,0.004354091437,roll_+10_cleaned.csv
-6.0,-4.0,0.0,10.0,-0.455293233584,0.018183920532,0.007586038415,-0.000908012647,0.182807782894,0.002916976393,roll_+10_cleaned.csv
-6.0,-2.0,0.0,10.0,-0.457474520934,0.01810672693,0.003791991631,-0.000451843764,0.184166545862,0.001461059717,roll_+10_cleaned.csv
-6.0,0.0,0.0,10.0,-0.458214693925,0.01808139123,1.161643e-06,-1.11273e-07,0.184639516981,2.4866e-07,roll_+10_cleaned.csv
-6.0,2.0,0.0,10.0,-0.457474849351,0.018106669188,-0.003789719144,0.000451643681,0.184166742544,-0.001460573014,roll_+10_cleaned.csv
-6.0,4.0,0.0,10.0,-0.455293996341,0.018183782697,-0.007583830089,0.000907815911,0.182808357528,-0.002916503302,roll_+10_cleaned.csv
-6.0,6.0,0.0,10.0,-0.451660725435,0.018310749903,-0.011344839634,0.001359702128,0.180532648436,-0.004353635155,roll_+10_cleaned.csv
-4.0,-6.0,0.0,10.0,-0.306848679273,0.012873586267,0.011234621076,-0.003374077622,0.14159210399,0.003560611518,roll_+10_cleaned.csv
-4.0,-4.0,0.0,10.0,-0.3095404224,0.012700648978,0.00750886777,-0.002255173498,0.143584916952,0.002384868693,roll_+10_cleaned.csv
-4.0,-2.0,0.0,10.0,-0.311156583678,0.012596026994,0.003756115474,-0.001127958163,0.144776794746,0.001194871633,roll_+10_cleaned.csv
-4.0,0.0,0.0,10.0,-0.311689070296,0.012561187148,7.27898e-07,-2.41307e-07,0.145162964666,1.47881e-07,roll_+10_cleaned.csv
-4.0,2.0,0.0,10.0,-0.311156971361,0.01259600278,-0.003754579885,0.00112748604,0.14477706319,-0.001194558604,roll_+10_cleaned.csv
-4.0,4.0,0.0,10.0,-0.309540605159,0.012700579129,-0.007507728396,0.002255140294,0.143584876718,-0.002384633504,roll_+10_cleaned.csv
-4.0,6.0,0.0,10.0,-0.306849022369,0.012873507105,-0.011233712605,0.003374339617,0.141592430878,-0.003560428217,roll_+10_cleaned.csv
-2.0,-6.0,0.0,10.0,-0.161032952408,0.009557016194,0.011012473698,-0.00538714831,0.101092048858,0.00281182535,roll_+10_cleaned.csv
-2.0,-4.0,0.0,10.0,-0.16277530124,0.009354984388,0.007358524886,-0.003601720546,0.102790687758,0.001882885031,roll_+10_cleaned.csv
-2.0,-2.0,0.0,10.0,-0.163824339541,0.009233226068,0.003683067757,-0.001803188977,0.103813201317,0.000943687258,roll_+10_cleaned.csv
-2.0,0.0,0.0,10.0,-0.164170696575,0.00919258222,3.58428e-07,-1.4058e-07,0.104148385186,6.8889e-08,roll_+10_cleaned.csv
-2.0,2.0,0.0,10.0,-0.163824212562,0.009233200923,-0.003682438342,0.001803173186,0.103812795462,-0.000943557078,roll_+10_cleaned.csv
-2.0,4.0,0.0,10.0,-0.162775380984,0.009354946204,-0.007357907532,0.00360173224,0.102790488391,-0.001882757021,roll_+10_cleaned.csv
-2.0,6.0,0.0,10.0,-0.161033264985,0.009556966834,-0.011011893132,0.005387156399,0.101092040797,-0.002811705954,roll_+10_cleaned.csv
0.0,-6.0,0.0,10.0,-0.014453563927,0.008384409361,0.010675233423,-0.007397424001,0.059140774606,0.002108139205,roll_+10_cleaned.csv
0.0,-4.0,0.0,10.0,-0.015242343591,0.008170541376,0.007131934481,-0.004945943123,0.060538600113,0.001411436457,roll_+10_cleaned.csv
0.0,-2.0,0.0,10.0,-0.015719902434,0.008041747846,0.003572033424,-0.002477938465,0.061384140734,0.000707834773,roll_+10_cleaned.csv
0.0,0.0,0.0,10.0,-0.015879911894,0.007998679765,2.15777e-07,-8.86e-08,0.061667447115,4.1592e-08,roll_+10_cleaned.csv
0.0,2.0,0.0,10.0,-0.015720132671,0.008041742258,-0.003571644201,0.002477791458,0.061384410718,-0.000707759617,roll_+10_cleaned.csv
0.0,4.0,0.0,10.0,-0.015242821381,0.008170522749,-0.007131527039,0.004945743467,0.060538881434,-0.001411359799,roll_+10_cleaned.csv
0.0,6.0,0.0,10.0,-0.014455135695,0.008384384215,-0.010674724096,0.007397105033,0.059142141997,-0.002108053477,roll_+10_cleaned.csv
2.0,-6.0,0.0,10.0,0.132639216731,0.009367945604,0.010222652438,-0.009401881978,0.015865656982,0.001450937027,roll_+10_cleaned.csv
2.0,-4.0,0.0,10.0,0.132801154452,0.009159580804,0.006835954548,-0.006290416334,0.016966384416,0.000972770332,roll_+10_cleaned.csv
2.0,-2.0,0.0,10.0,0.132907212989,0.009033669718,0.003421505668,-0.003150746001,0.017614146358,0.000487475822,roll_+10_cleaned.csv
2.0,0.0,0.0,10.0,0.132934048552,0.008991563693,-1.39458e-07,1.1589e-07,0.017844289813,-2.2893e-08,roll_+10_cleaned.csv
2.0,2.0,0.0,10.0,0.132907371699,0.009033677168,-0.003421776725,0.003150964587,0.017613966697,-0.000487520506,roll_+10_cleaned.csv
2.0,4.0,0.0,10.0,0.132801533148,0.009159595706,-0.00683624248,0.006290630257,0.016965974265,-0.00097281795,roll_+10_cleaned.csv
2.0,6.0,0.0,10.0,0.132639233761,0.00936796423,-0.010222892586,0.009402008167,0.015865700134,-0.001450980932,roll_+10_cleaned.csv
4.0,-6.0,0.0,10.0,0.280005583316,0.012507676147,0.009653268814,-0.011399478304,-0.028612007428,0.00084103607,roll_+10_cleaned.csv
4.0,-4.0,0.0,10.0,0.281123521139,0.012321615592,0.006457690553,-0.007628660674,-0.027821053072,0.000564980851,roll_+10_cleaned.csv
4.0,-2.0,0.0,10.0,0.281809817323,0.01220915094,0.003231569098,-0.003821049295,-0.027368035619,0.000283044424,roll_+10_cleaned.csv
4.0,0.0,0.0,10.0,0.282024211237,0.01217132993,-3.77488e-07,3.61268e-07,-0.027192775483,-4.7321e-08,roll_+10_cleaned.csv
4.0,2.0,0.0,10.0,0.281809859555,0.012209148146,-0.00323234089,0.003821824703,-0.02736817285,-0.000283135679,roll_+10_cleaned.csv
4.0,4.0,0.0,10.0,0.281123266142,0.012321606278,-0.00645824572,0.007629193245,-0.027821242174,-0.000565048229,roll_+10_cleaned.csv
4.0,6.0,0.0,10.0,0.280005189737,0.012507666834,-0.009653731309,0.011399911884,-0.028612114837,-0.000841091448,roll_+10_cleaned.csv
6.0,-6.0,0.0,10.0,0.42739345733,0.01779191941,0.00896755985,-0.013387383203,-0.074152860575,0.000279587123,roll_+10_cleaned.csv
6.0,-4.0,0.0,10.0,0.429467611262,0.017644960433,0.006001210518,-0.008960542069,-0.073677092626,0.000189606105,roll_+10_cleaned.csv
6.0,-2.0,0.0,10.0,0.430721876545,0.017555395141,0.002988031038,-0.004481967003,-0.073400518735,9.2565373e-05,roll_+10_cleaned.csv
6.0,0.0,0.0,10.0,0.431142806778,0.017526052892,-4.69678e-07,6.25803e-07,-0.073311811377,-2.221e-08,roll_+10_cleaned.csv
6.0,2.0,0.0,10.0,0.430721733992,0.017555385828,-0.002988937599,0.004483197844,-0.073400609661,-9.2604999e-05,roll_+10_cleaned.csv
6.0,4.0,0.0,10.0,0.42946725554,0.017644936219,-0.006002052798,0.008961733824,-0.073677096951,-0.000189636511,roll_+10_cleaned.csv
6.0,6.0,0.0,10.0,0.427392995932,0.01779188402,-0.008968310186,0.013388495424,-0.074152856089,-0.000279605768,roll_+10_cleaned.csv
8.0,-6.0,0.0,10.0,0.574556775726,0.025197634473,0.008168442937,-0.015364399678,-0.12061995877,-0.000231937005,roll_+10_cleaned.csv
8.0,-4.0,0.0,10.0,0.577587007157,0.025106295943,0.005468832486,-0.010284915646,-0.120465682764,-0.000152276734,roll_+10_cleaned.csv
8.0,-2.0,0.0,10.0,0.579420372549,0.025049859658,0.002713679978,-0.005143542864,-0.120387278194,-7.9821993e-05,roll_+10_cleaned.csv
8.0,0.0,0.0,10.0,0.580031726977,0.025031695142,-6.41934e-07,1.190397e-06,-0.120359882395,4.6256e-08,roll_+10_cleaned.csv
8.0,2.0,0.0,10.0,0.579420343556,0.025049846619,-0.002714933263,0.005145897063,-0.120387491554,7.9918632e-05,roll_+10_cleaned.csv
8.0,4.0,0.0,10.0,0.577586834008,0.025106256828,-0.005469990074,0.010287197407,-0.120466008688,0.000152386516,roll_+10_cleaned.csv
8.0,6.0,0.0,10.0,0.574556478244,0.025197558105,-0.008169432832,0.015366549506,-0.12062048124,0.000232069049,roll_+10_cleaned.csv
10.0,-6.0,0.0,10.0,0.721244884123,0.034689001739,0.007256140073,-0.017327139534,-0.16785993158,-0.000692862003,roll_+10_cleaned.csv
10.0,-4.0,0.0,10.0,0.72522843429,0.034669492394,0.004860381022,-0.011599664972,-0.16803033582,-0.000460268963,roll_+10_cleaned.csv
10.0,-2.0,0.0,10.0,0.72763930528,0.034656543285,0.002402943192,-0.005800480842,-0.168153882432,-0.000234563696,roll_+10_cleaned.csv
10.0,0.0,0.0,10.0,0.728443066671,0.034653265029,-9.62917e-07,2.125204e-06,-0.168194648946,1.83258e-07,roll_+10_cleaned.csv
10.0,2.0,0.0,10.0,0.727639098264,0.034656502306,-0.002404822222,0.005804693216,-0.168154151973,0.000234936323,roll_+10_cleaned.csv
10.0,4.0,0.0,10.0,0.725227797534,0.034669395536,-0.004862089761,0.011603715734,-0.168030544681,0.000460655254,roll_+10_cleaned.csv
10.0,6.0,0.0,10.0,0.721243942568,0.034688837826,-0.00725762677,0.017331007465,-0.167860278861,0.00069327257,roll_+10_cleaned.csv
12.0,-6.0,0.0,10.0,0.867210760367,0.046219330281,0.006235302266,-0.019273917932,-0.215720299623,-0.001101736484,roll_+10_cleaned.csv
12.0,-4.0,0.0,10.0,0.872145316014,0.046287335455,0.004176437973,-0.012904061795,-0.216221601786,-0.000733898623,roll_+10_cleaned.csv
12.0,-2.0,0.0,10.0,0.875127078209,0.046327069402,0.002055910669,-0.006450789288,-0.216540685459,-0.000371575866,roll_+10_cleaned.csv
12.0,0.0,0.0,10.0,0.876120495839,0.046341363341,-1.422824e-06,3.431578e-06,-0.216645602516,4.26745e-07,roll_+10_cleaned.csv
12.0,2.0,0.0,10.0,0.875126215886,0.046326976269,-0.002058694324,0.006457570513,-0.216540563512,0.000372429126,roll_+10_cleaned.csv
12.0,4.0,0.0,10.0,0.872143681256,0.046287130564,-0.004179092657,0.012910724363,-0.216221446776,0.000734763838,roll_+10_cleaned.csv
12.0,6.0,0.0,10.0,0.867207920255,0.046218980104,-0.006237564924,0.019280200174,-0.215719757836,0.001102623369,roll_+10_cleaned.csv
14.0,-6.0,0.0,10.0,1.012207259959,0.059730198234,0.005110580015,-0.021202531667,-0.264040908674,-0.001457287112,roll_+10_cleaned.csv
14.0,-4.0,0.0,10.0,1.018079523467,0.059900123626,0.003424433617,-0.014194724829,-0.264871130846,-0.00097128376,roll_+10_cleaned.csv
14.0,-2.0,0.0,10.0,1.021636216374,0.060002271086,0.001673784287,-0.007094273119,-0.265389399048,-0.000490413807,roll_+10_cleaned.csv
14.0,0.0,0.0,10.0,1.022816741505,0.0600370951,-2.037396e-06,5.161878e-06,-0.265557805434,8.22253e-07,roll_+10_cleaned.csv
14.0,2.0,0.0,10.0,1.021634173812,0.06000206992,-0.00167776076,0.007104455582,-0.265388682437,0.000492053217,roll_+10_cleaned.csv
14.0,4.0,0.0,10.0,1.018079444497,0.05989978835,-0.003428136188,0.014204470173,-0.264874362381,0.000972797773,roll_+10_cleaned.csv
14.0,6.0,0.0,10.0,1.012199135643,0.05972892046,-0.005113940227,0.021211126863,-0.264043274881,0.001458739197,roll_+10_cleaned.csv
16.0,-6.0,0.0,10.0,1.155989693657,0.075152076781,0.003887836043,-0.02311087911,-0.312657230391,-0.001758183231,roll_+10_cleaned.csv
16.0,-4.0,0.0,10.0,1.162766640375,0.075435347855,0.00257222547,-0.015456857691,-0.313754661731,-0.001175711787,roll_+10_cleaned.csv
16.0,-2.0,0.0,10.0,1.166920157226,0.075611516833,0.001259002499,-0.007730508283,-0.314534853657,-0.000590545993,roll_+10_cleaned.csv
16.0,0.0,0.0,10.0,1.168280675576,0.075668133795,-2.594427e-06,6.394806e-06,-0.314769035097,1.172861e-06,roll_+10_cleaned.csv
16.0,2.0,0.0,10.0,1.166913771173,0.07561019063,-0.001264143886,0.007743817953,-0.314539923296,0.000593126681,roll_+10_cleaned.csv
16.0,4.0,0.0,10.0,1.162757282578,0.07543374598,-0.002577174775,0.015469659996,-0.313758421621,0.001178252746,roll_+10_cleaned.csv
16.0,6.0,0.0,10.0,1.155977639492,0.075150154531,-0.003892349168,0.023122982277,-0.312659774896,0.001760700825,roll_+10_cleaned.csv
18.0,-6.0,0.0,10.0,1.298316133841,0.092404857278,0.002573859206,-0.024997096774,-0.361401089182,-0.002003066184,roll_+10_cleaned.csv
18.0,-4.0,0.0,10.0,1.306010467866,0.092816248536,0.001689154971,-0.016717962767,-0.362826580506,-0.001339179295,roll_+10_cleaned.csv
18.0,-2.0,0.0,10.0,1.310670091353,0.093067966402,0.000856952474,-0.008382673068,-0.363718600682,-0.000667994662,roll_+10_cleaned.csv
18.0,0.0,0.0,10.0,1.312276842749,0.093155317008,-3.220011e-06,8.567066e-06,-0.364104111209,1.937359e-06,roll_+10_cleaned.csv
18.0,2.0,0.0,10.0,1.3106672892,0.093067720532,-0.00086337428,0.008399834258,-0.363718053477,0.000671886671,roll_+10_cleaned.csv
18.0,4.0,0.0,10.0,1.306003939222,0.092815615237,-0.001695353481,0.016734755914,-0.362824485352,0.001343029657,roll_+10_cleaned.csv
18.0,6.0,0.0,10.0,1.298298896116,0.09240206331,-0.002579784864,0.025013648086,-0.361403466819,0.0020071475,roll_+10_cleaned.csv
20.0,-6.0,0.0,10.0,1.43893784331,0.111395359039,0.001176669863,-0.02685942523,-0.410105180256,-0.002190934738,roll_+10_cleaned.csv
20.0,-4.0,0.0,10.0,1.447554589021,0.11195127666,0.000750625497,-0.017962300899,-0.411844361383,-0.00146379547,roll_+10_cleaned.csv
20.0,-2.0,0.0,10.0,1.452765768075,0.112288840115,0.000388176237,-0.009005198083,-0.412930761935,-0.000729763401,roll_+10_cleaned.csv
20.0,0.0,0.0,10.0,1.454558684702,0.11240503937,-3.872433e-06,1.1176315e-05,-0.413386366366,3.013765e-06,roll_+10_cleaned.csv
20.0,2.0,0.0,10.0,1.452760955303,0.112288363278,-0.000395872209,0.009027443502,-0.412929118602,0.000735778598,roll_+10_cleaned.csv
20.0,4.0,0.0,10.0,1.447544060843,0.111950069666,-0.000757860635,0.017984013229,-0.411841118569,0.001469752357,roll_+10_cleaned.csv
20.0,6.0,0.0,10.0,1.438923384792,0.111393846571,-0.001183897005,0.026881017134,-0.410099678131,0.002196899077,roll_+10_cleaned.csv
-10.0,-6.0,0.0,15.0,-0.737330877588,0.035399388522,0.011259343249,0.002658170531,0.253349198519,0.00607168357,roll_+15_cleaned.csv
-10.0,-4.0,0.0,15.0,-0.742825617432,0.035414133221,0.007531533234,0.001779861071,0.256166619963,0.004069158842,roll_+15_cleaned.csv
-10.0,-2.0,0.0,15.0,-0.746124130517,0.035421863198,0.0037618737,0.000897092565,0.257846371908,0.002038123494,roll_+15_cleaned.csv
-10.0,0.0,0.0,15.0,-0.747243781462,0.035425227135,2.988462e-06,-1.30787e-07,0.258437106812,6.95108e-07,roll_+15_cleaned.csv
-10.0,2.0,0.0,15.0,-0.746124340958,0.035421714187,-0.003755815248,-0.000897388975,0.2578469972,-0.002036717713,roll_+15_cleaned.csv
-10.0,4.0,0.0,15.0,-0.742825630016,0.035413790494,-0.007525213753,-0.001780372737,0.256166960119,-0.004067676985,roll_+15_cleaned.csv
-10.0,6.0,0.0,15.0,-0.73733050893,0.035398814827,-0.011253075671,-0.002658893665,0.253349238028,-0.006070200125,roll_+15_cleaned.csv
-8.0,-6.0,0.0,15.0,-0.595234400614,0.025835474953,0.011355736294,0.000650303769,0.217822260207,0.005191859209,roll_+15_cleaned.csv
-8.0,-4.0,0.0,15.0,-0.599798759446,0.02577020973,0.007592655123,0.000439156754,0.220364556286,0.00347862277,roll_+15_cleaned.csv
-8.0,-2.0,0.0,15.0,-0.6025400492,0.025730408728,0.003794503734,0.000226550627,0.221884101577,0.001742467756,roll_+15_cleaned.csv
-8.0,0.0,0.0,15.0,-0.60346990347,0.025717543438,1.628422e-06,6.9389e-08,0.222414098602,3.59445e-07,roll_+15_cleaned.csv
-8.0,2.0,0.0,15.0,-0.602540335108,0.025730289519,-0.003790649636,-0.000226777428,0.221883976924,-0.001741606045,roll_+15_cleaned.csv
-8.0,4.0,0.0,15.0,-0.599799220855,0.025770001113,-0.007588796433,-0.00043945043,0.220364426205,-0.003477752984,roll_+15_cleaned.csv
-8.0,6.0,0.0,15.0,-0.595234877083,0.025835132226,-0.011351997206,-0.000650583037,0.217821727542,-0.005191003626,roll_+15_cleaned.csv
-6.0,-6.0,0.0,15.0,-0.451659496223,0.018310906366,0.011347002929,-0.00135995615,0.180531763123,0.004354091451,roll_+15_cleaned.csv
-6.0,-4.0,0.0,15.0,-0.455293233415,0.018183920532,0.007586038419,-0.00090801265,0.182807783027,0.002916976394,roll_+15_cleaned.csv
-6.0,-2.0,0.0,15.0,-0.457474520946,0.01810672693,0.003791991634,-0.000451843765,0.184166545882,0.001461059717,roll_+15_cleaned.csv
-6.0,0.0,0.0,15.0,-0.458214694031,0.01808139123,1.161614e-06,-1.11275e-07,0.18463951701,2.48652e-07,roll_+15_cleaned.csv
-6.0,2.0,0.0,15.0,-0.45747484931,0.018106669188,-0.00378971913,0.000451643675,0.184166742548,-0.001460573007,roll_+15_cleaned.csv
-6.0,4.0,0.0,15.0,-0.455293991522,0.018183782697,-0.007583830464,0.000907816981,0.182808353404,-0.002916503385,roll_+15_cleaned.csv
-6.0,6.0,0.0,15.0,-0.451660725262,0.018310749903,-0.011344839615,0.00135970211,0.18053264832,-0.004353635146,roll_+15_cleaned.csv
-4.0,-6.0,0.0,15.0,-0.306848679278,0.012873586267,0.011234621079,-0.003374077622,0.141592103991,0.003560611519,roll_+15_cleaned.csv
-4.0,-4.0,0.0,15.0,-0.309540422402,0.012700648978,0.007508867768,-0.002255173497,0.143584916954,0.002384868693,roll_+15_cleaned.csv
-4.0,-2.0,0.0,15.0,-0.311156583677,0.012596026994,0.003756115474,-0.001127958163,0.144776794746,0.001194871633,roll_+15_cleaned.csv
-4.0,0.0,0.0,15.0,-0.31168907029,0.012561187148,7.27898e-07,-2.41309e-07,0.145162964662,1.47881e-07,roll_+15_cleaned.csv
-4.0,2.0,0.0,15.0,-0.311156971329,0.01259600278,-0.003754579884,0.001127486033,0.144777063154,-0.001194558605,roll_+15_cleaned.csv
-4.0,4.0,0.0,15.0,-0.309540605159,0.012700579129,-0.007507728396,0.002255140294,0.143584876718,-0.002384633504,roll_+15_cleaned.csv
-4.0,6.0,0.0,15.0,-0.306849022369,0.012873507105,-0.011233712605,0.003374339617,0.141592430878,-0.003560428217,roll_+15_cleaned.csv
-2.0,-6.0,0.0,15.0,-0.161032952408,0.009557016194,0.011012473698,-0.00538714831,0.101092048858,0.00281182535,roll_+15_cleaned.csv
-2.0,-4.0,0.0,15.0,-0.16277530124,0.009354984388,0.007358524886,-0.003601720546,0.102790687758,0.001882885031,roll_+15_cleaned.csv
-2.0,-2.0,0.0,15.0,-0.16382433954,0.009233226068,0.003683067757,-0.001803188977,0.103813201317,0.000943687258,roll_+15_cleaned.csv
-2.0,0.0,0.0,15.0,-0.164170696596,0.00919258222,3.58426e-07,-1.40572e-07,0.104148385219,6.889e-08,roll_+15_cleaned.csv
-2.0,2.0,0.0,15.0,-0.163824212561,0.009233200923,-0.003682438342,0.001803173186,0.103812795461,-0.000943557078,roll_+15_cleaned.csv
-2.0,4.0,0.0,15.0,-0.162775380984,0.009354946204,-0.007357907532,0.00360173224,0.102790488391,-0.001882757021,roll_+15_cleaned.csv
-2.0,6.0,0.0,15.0,-0.16103326505,0.009556966834,-0.011011893134,0.005387156417,0.10109204085,-0.002811705954,roll_+15_cleaned.csv
0.0,-6.0,0.0,15.0,-0.014453563927,0.008384409361,0.010675233423,-0.007397424001,0.059140774606,0.002108139205,roll_+15_cleaned.csv
0.0,-4.0,0.0,15.0,-0.015242343591,0.008170541376,0.007131934481,-0.004945943123,0.060538600113,0.001411436457,roll_+15_cleaned.csv
0.0,-2.0,0.0,15.0,-0.015719902434,0.008041747846,0.003572033424,-0.002477938465,0.061384140734,0.000707834773,roll_+15_cleaned.csv
0.0,0.0,0.0,15.0,-0.015879911894,0.007998679765,2.15777e-07,-8.86e-08,0.061667447115,4.1592e-08,roll_+15_cleaned.csv
0.0,2.0,0.0,15.0,-0.015720132671,0.008041742258,-0.003571644201,0.002477791458,0.061384410718,-0.000707759617,roll_+15_cleaned.csv
0.0,4.0,0.0,15.0,-0.015242821381,0.008170522749,-0.007131527039,0.004945743467,0.060538881434,-0.001411359799,roll_+15_cleaned.csv
0.0,6.0,0.0,15.0,-0.014455135748,0.008384384215,-0.010674724065,0.007397105014,0.059142142064,-0.002108053472,roll_+15_cleaned.csv
2.0,-6.0,0.0,15.0,0.132639216731,0.009367945604,0.010222652438,-0.009401881978,0.015865656982,0.001450937027,roll_+15_cleaned.csv
2.0,-4.0,0.0,15.0,0.132801154453,0.009159580804,0.006835954548,-0.006290416334,0.016966384416,0.000972770332,roll_+15_cleaned.csv
2.0,-2.0,0.0,15.0,0.132907212993,0.009033669718,0.003421505666,-0.003150746,0.017614146355,0.000487475822,roll_+15_cleaned.csv
2.0,0.0,0.0,15.0,0.132934048535,0.008991563693,-1.39458e-07,1.15892e-07,0.017844289817,-2.2893e-08,roll_+15_cleaned.csv
2.0,2.0,0.0,15.0,0.132907371924,0.009033677168,-0.003421776804,0.00315096463,0.017613966498,-0.000487520518,roll_+15_cleaned.csv
2.0,4.0,0.0,15.0,0.13280153328,0.009159595706,-0.006836242476,0.006290630204,0.016965974058,-0.000972817953,roll_+15_cleaned.csv
2.0,6.0,0.0,15.0,0.132639233752,0.00936796423,-0.010222892585,0.009402008164,0.015865700148,-0.001450980932,roll_+15_cleaned.csv
4.0,-6.0,0.0,15.0,0.280005583297,0.012507676147,0.009653268812,-0.011399478302,-0.028612007418,0.00084103607,roll_+15_cleaned.csv
4.0,-4.0,0.0,15.0,0.281123521036,0.012321615592,0.006457690559,-0.007628660672,-0.027821053037,0.000564980852,roll_+15_cleaned.csv
4.0,-2.0,0.0,15.0,0.281809835977,0.012209151872,0.003231571237,-0.003821046909,-0.027368047684,0.000283045085,roll_+15_cleaned.csv
4.0,0.0,0.0,15.0,0.282024211227,0.01217132993,-3.77489e-07,3.61269e-07,-0.027192775477,-4.7322e-08,roll_+15_cleaned.csv
4.0,2.0,0.0,15.0,0.281809859839,0.012209148146,-0.003232340872,0.003821824651,-0.027368172758,-0.000283135683,roll_+15_cleaned.csv
4.0,4.0,0.0,15.0,0.281123266147,0.012321606278,-0.006458245719,0.007629193241,-0.027821242199,-0.00056504823,roll_+15_cleaned.csv
4.0,6.0,0.0,15.0,0.280005189757,0.012507666834,-0.009653731313,0.011399911888,-0.028612114851,-0.000841091448,roll_+15_cleaned.csv
6.0,-6.0,0.0,15.0,0.427393457763,0.01779191941,0.008967559882,-0.013387383209,-0.074152860781,0.000279587125,roll_+15_cleaned.csv
6.0,-4.0,0.0,15.0,0.429467610606,0.017644960433,0.006001210593,-0.008960542153,-0.073677092672,0.000189606109,roll_+15_cleaned.csv
6.0,-2.0,0.0,15.0,0.430721876556,0.017555395141,0.002988030977,-0.004481966984,-0.073400518808,9.2565363e-05,roll_+15_cleaned.csv
6.0,0.0,0.0,15.0,0.431142816013,0.017526052892,-4.68903e-07,6.24874e-07,-0.073311821186,-2.2203e-08,roll_+15_cleaned.csv
6.0,2.0,0.0,15.0,0.43072173164,0.017555385828,-0.00298893868,0.004483198546,-0.073400607144,-9.2605146e-05,roll_+15_cleaned.csv
6.0,4.0,0.0,15.0,0.429467255502,0.017644936219,-0.006002052802,0.00896173385,-0.073677096962,-0.000189636509,roll_+15_cleaned.csv
6.0,6.0,0.0,15.0,0.427392995914,0.01779188402,-0.008968310189,0.013388495431,-0.074152856058,-0.000279605767,roll_+15_cleaned.csv
8.0,-6.0,0.0,15.0,0.574556781871,0.025197634473,0.008168442117,-0.015364398947,-0.120619962904,-0.000231937081,roll_+15_cleaned.csv
8.0,-4.0,0.0,15.0,0.57758700737,0.025106295943,0.005468831746,-0.010284914891,-0.120465682101,-0.000152276799,roll_+15_cleaned.csv
8.0,-2.0,0.0,15.0,0.579420372391,0.025049859658,0.002713679963,-0.005143542834,-0.120387278129,-7.9821992e-05,roll_+15_cleaned.csv
8.0,0.0,0.0,15.0,0.580031740664,0.025031697005,-6.45214e-07,1.193031e-06,-0.12035989334,4.6002e-08,roll_+15_cleaned.csv
8.0,2.0,0.0,15.0,0.579420342158,0.025049846619,-0.0027149333,0.005145897246,-0.120387492039,7.9918723e-05,roll_+15_cleaned.csv
8.0,4.0,0.0,15.0,0.577586834134,0.025106256828,-0.005469989998,0.01028719733,-0.120466008291,0.000152386521,roll_+15_cleaned.csv
8.0,6.0,0.0,15.0,0.574556473881,0.025197556242,-0.008169431752,0.015366548642,-0.120620477651,0.000232069144,roll_+15_cleaned.csv
10.0,-6.0,0.0,15.0,0.721244881385,0.034689001739,0.007256140105,-0.017327139867,-0.167859931754,-0.000692862164,roll_+15_cleaned.csv
10.0,-4.0,0.0,15.0,0.725228433622,0.034669492394,0.004860380925,-0.01159966454,-0.168030334493,-0.000460268949,roll_+15_cleaned.csv
10.0,-2.0,0.0,15.0,0.727639342366,0.034656550735,0.002402936649,-0.005800474643,-0.16815387777,-0.00023456389,roll_+15_cleaned.csv
10.0,0.0,0.0,15.0,0.728443082428,0.034653265029,-9.63538e-07,2.123524e-06,-0.168194657831,1.82716e-07,roll_+15_cleaned.csv
10.0,2.0,0.0,15.0,0.727639092767,0.034656509757,-0.002404806788,0.005804676341,-0.168154080535,0.000234935888,roll_+15_cleaned.csv
10.0,4.0,0.0,15.0,0.725227800093,0.034669395536,-0.004862090046,0.01160371716,-0.168030545753,0.000460655331,roll_+15_cleaned.csv
10.0,6.0,0.0,15.0,0.721243930414,0.034688837826,-0.007257627271,0.017331009354,-0.16786027799,0.000693272891,roll_+15_cleaned.csv
12.0,-6.0,0.0,15.0,0.867210751373,0.046219330281,0.006235303366,-0.019273918256,-0.21572030348,-0.001101736537,roll_+15_cleaned.csv
12.0,-4.0,0.0,15.0,0.872145304699,0.046287335455,0.004176436367,-0.012904060246,-0.216221593699,-0.000733898543,roll_+15_cleaned.csv
12.0,-2.0,0.0,15.0,0.875127079556,0.046327069402,0.002055917148,-0.006450791475,-0.216540676947,-0.000371574943,roll_+15_cleaned.csv
12.0,0.0,0.0,15.0,0.876120496826,0.046341363341,-1.423182e-06,3.432872e-06,-0.216645601452,4.26853e-07,roll_+15_cleaned.csv
12.0,2.0,0.0,15.0,0.875126216216,0.046326976269,-0.002058694207,0.006457570398,-0.21654056389,0.000372429137,roll_+15_cleaned.csv
12.0,4.0,0.0,15.0,0.87214368333,0.046287130564,-0.004179092035,0.012910723994,-0.216221446257,0.000734763867,roll_+15_cleaned.csv
12.0,6.0,0.0,15.0,0.867207930146,0.046218980104,-0.006237570113,0.019280203735,-0.215719776045,0.001102622882,roll_+15_cleaned.csv
14.0,-6.0,0.0,15.0,1.012207298382,0.05973020196,0.00511058216,-0.021202527386,-0.264040923882,-0.001457285765,roll_+15_cleaned.csv
14.0,-4.0,0.0,15.0,1.018079524831,0.059900119901,0.00342443405,-0.014194727078,-0.264871136834,-0.000971283985,roll_+15_cleaned.csv
14.0,-2.0,0.0,15.0,1.021636216481,0.060002271086,0.00167378406,-0.007094273939,-0.265389402452,-0.00049041394,roll_+15_cleaned.csv
14.0,0.0,0.0,15.0,1.022816788386,0.060037098825,-2.043958e-06,5.167239e-06,-0.265557802049,8.22221e-07,roll_+15_cleaned.csv
14.0,2.0,0.0,15.0,1.021634168747,0.06000206992,-0.001677761665,0.007104456724,-0.265388680975,0.000492053337,roll_+15_cleaned.csv
14.0,4.0,0.0,15.0,1.018079444479,0.05989978835,-0.003428134508,0.014204468864,-0.264874354517,0.000972797832,roll_+15_cleaned.csv
14.0,6.0,0.0,15.0,1.012199194389,0.059728924185,-0.005113952426,0.02121114147,-0.264043342514,0.001458740991,roll_+15_cleaned.csv
16.0,-6.0,0.0,15.0,1.155989664981,0.07515206933,0.003887829408,-0.023110867303,-0.312657206057,-0.001758182214,roll_+15_cleaned.csv
16.0,-4.0,0.0,15.0,1.162766637543,0.075435347855,0.002572224215,-0.015456854436,-0.313754656769,-0.001175711394,roll_+15_cleaned.csv
16.0,-2.0,0.0,15.0,1.166920155158,0.075611509383,0.001259003719,-0.007730513037,-0.314534866622,-0.000590546768,roll_+15_cleaned.csv
16.0,0.0,0.0,15.0,1.168280672108,0.075668133795,-2.594724e-06,6.39092e-06,-0.314769069492,1.171719e-06,roll_+15_cleaned.csv
16.0,2.0,0.0,15.0,1.166913731171,0.07561019063,-0.001264158822,0.007743837219,-0.314539859543,0.000593127425,roll_+15_cleaned.csv
16.0,4.0,0.0,15.0,1.162757254375,0.07543373853,-0.002577172884,0.015469654145,-0.313758397372,0.001178252261,roll_+15_cleaned.csv
16.0,6.0,0.0,15.0,1.15597766333,0.075150161982,-0.003892353383,0.023122986415,-0.31265980021,0.001760701032,roll_+15_cleaned.csv
18.0,-6.0,0.0,15.0,1.298316159706,0.092404857278,0.00257385812,-0.024997094649,-0.361401116668,-0.002003066176,roll_+15_cleaned.csv
18.0,-4.0,0.0,15.0,1.306010353984,0.092816241086,0.001689133735,-0.01671794875,-0.362826459143,-0.00133917988,roll_+15_cleaned.csv
18.0,-2.0,0.0,15.0,1.310670025953,0.093067966402,0.000856923707,-0.008382663759,-0.363718490005,-0.000667997487,roll_+15_cleaned.csv
18.0,0.0,0.0,15.0,1.312276779366,0.093155294657,-3.215714e-06,8.563365e-06,-0.36410413574,1.935778e-06,roll_+15_cleaned.csv
18.0,2.0,0.0,15.0,1.31066699569,0.093067720532,-0.000863382855,0.0083997682,-0.363717715059,0.000671866691,roll_+15_cleaned.csv
18.0,4.0,0.0,15.0,1.306003943061,0.092815615237,-0.001695354319,0.016734759179,-0.362824491531,0.001343029876,roll_+15_cleaned.csv
18.0,6.0,0.0,15.0,1.298298946038,0.092402078211,-0.002579790428,0.025013645076,-0.361403465872,0.002007144718,roll_+15_cleaned.csv
20.0,-6.0,0.0,15.0,1.438937873125,0.111395359039,0.00117666607,-0.026859425628,-0.410105201783,-0.002190935925,roll_+15_cleaned.csv
20.0,-4.0,0.0,15.0,1.447553709811,0.11195101589,0.000750320605,-0.017962042782,-0.411844643339,-0.001463778186,roll_+15_cleaned.csv
20.0,-2.0,0.0,15.0,1.452765752768,0.112288847566,0.000388175449,-0.009005186511,-0.412930743208,-0.000729761109,roll_+15_cleaned.csv
20.0,0.0,0.0,15.0,1.454558707232,0.112405031919,-3.842527e-06,1.1170592e-05,-0.413386419663,3.01506e-06,roll_+15_cleaned.csv
20.0,2.0,0.0,15.0,1.452761106515,0.112288370728,-0.000395909234,0.00902748623,-0.412929305033,0.000735782797,roll_+15_cleaned.csv
20.0,4.0,0.0,15.0,1.447544016014,0.111950062215,-0.000757852309,0.017984029239,-0.411841122004,0.001469757502,roll_+15_cleaned.csv
20.0,6.0,0.0,15.0,1.438923539289,0.111393861473,-0.001183933325,0.026881072204,-0.410099867517,0.002196906021,roll_+15_cleaned.csv
-10.0,-6.0,0.0,20.0,-0.737330865254,0.035399388522,0.011259350963,0.00265815355,0.253349128603,0.006071686274,roll_+20_cleaned.csv
-10.0,-4.0,0.0,20.0,-0.742825621935,0.035414133221,0.00753153462,0.001779860719,0.256166619898,0.004069159254,roll_+20_cleaned.csv
-10.0,-2.0,0.0,20.0,-0.746124129663,0.035421863198,0.003761873812,0.000897092377,0.257846371794,0.002038123517,roll_+20_cleaned.csv
-10.0,0.0,0.0,20.0,-0.747243781732,0.035425227135,2.988527e-06,-1.3097e-07,0.258437105662,6.95132e-07,roll_+20_cleaned.csv
-10.0,2.0,0.0,20.0,-0.746124339285,0.035421714187,-0.003755828487,-0.000897385258,0.257846987349,-0.002036720891,roll_+20_cleaned.csv
-10.0,4.0,0.0,20.0,-0.742825622533,0.035413790494,-0.007525212252,-0.001780373019,0.256166958373,-0.004067676554,roll_+20_cleaned.csv
-10.0,6.0,0.0,20.0,-0.737330498316,0.035398811102,-0.011253075103,-0.00265889833,0.253349216309,-0.006070199884,roll_+20_cleaned.csv
-8.0,-6.0,0.0,20.0,-0.595234399966,0.025835474953,0.011355734066,0.00065030504,0.217822267115,0.005191858336,roll_+20_cleaned.csv
-8.0,-4.0,0.0,20.0,-0.599798759255,0.02577020973,0.007592655049,0.000439156825,0.220364556239,0.003478622752,roll_+20_cleaned.csv
-8.0,-2.0,0.0,20.0,-0.602540048868,0.025730408728,0.003794502869,0.000226550957,0.221884100617,0.001742467548,roll_+20_cleaned.csv
-8.0,0.0,0.0,20.0,-0.603469908221,0.025717543438,1.622562e-06,7.1522e-08,0.222414106603,3.57915e-07,roll_+20_cleaned.csv
-8.0,2.0,0.0,20.0,-0.602540334771,0.025730291381,-0.003790649494,-0.000226778033,0.221883979303,-0.001741606135,roll_+20_cleaned.csv
-8.0,4.0,0.0,20.0,-0.599799221092,0.025770001113,-0.007588797166,-0.000439450409,0.220364425857,-0.003477753165,roll_+20_cleaned.csv
-8.0,6.0,0.0,20.0,-0.595234877474,0.025835132226,-0.011351997196,-0.000650582982,0.217821727128,-0.005191003612,roll_+20_cleaned.csv
-6.0,-6.0,0.0,20.0,-0.451659495772,0.018310906366,0.011347002837,-0.00135995611,0.180531763023,0.00435409143,roll_+20_cleaned.csv
-6.0,-4.0,0.0,20.0,-0.45529323357,0.018183920532,0.007586037925,-0.00090801231,0.182807782802,0.002916976278,roll_+20_cleaned.csv
-6.0,-2.0,0.0,20.0,-0.457474520928,0.01810672693,0.003791991626,-0.000451843765,0.184166545855,0.001461059715,roll_+20_cleaned.csv
-6.0,0.0,0.0,20.0,-0.458214694066,0.01808139123,1.161638e-06,-1.11241e-07,0.184639517101,2.48665e-07,roll_+20_cleaned.csv
-6.0,2.0,0.0,20.0,-0.457474849321,0.018106669188,-0.003789719139,0.000451643673,0.184166742533,-0.001460573013,roll_+20_cleaned.csv
-6.0,4.0,0.0,20.0,-0.455293991991,0.018183782697,-0.007583830423,0.000907816856,0.182808353804,-0.002916503376,roll_+20_cleaned.csv
-6.0,6.0,0.0,20.0,-0.45166072521,0.018310749903,-0.011344839615,0.001359702098,0.180532648272,-0.004353635149,roll_+20_cleaned.csv
-4.0,-6.0,0.0,20.0,-0.30684867931,0.012873586267,0.011234621078,-0.003374077619,0.141592104014,0.003560611519,roll_+20_cleaned.csv
-4.0,-4.0,0.0,20.0,-0.309540422402,0.012700648978,0.007508867768,-0.002255173497,0.143584916954,0.002384868693,roll_+20_cleaned.csv
-4.0,-2.0,0.0,20.0,-0.31115658375,0.012596026994,0.003756115464,-0.001127958093,0.144776794977,0.001194871643,roll_+20_cleaned.csv
-4.0,0.0,0.0,20.0,-0.311689070296,0.012561187148,7.27898e-07,-2.41307e-07,0.145162964666,1.47881e-07,roll_+20_cleaned.csv
-4.0,2.0,0.0,20.0,-0.311156971348,0.01259600278,-0.003754579873,0.001127486021,0.144777063152,-0.001194558603,roll_+20_cleaned.csv
-4.0,4.0,0.0,20.0,-0.309540605166,0.012700579129,-0.007507728396,0.002255140293,0.143584876711,-0.002384633504,roll_+20_cleaned.csv
-4.0,6.0,0.0,20.0,-0.306849022333,0.012873507105,-0.011233712594,0.003374339614,0.14159243087,-0.003560428214,roll_+20_cleaned.csv
-2.0,-6.0,0.0,20.0,-0.16103295241,0.009557016194,0.011012473697,-0.00538714831,0.101092048858,0.00281182535,roll_+20_cleaned.csv
-2.0,-4.0,0.0,20.0,-0.162775301239,0.009354984388,0.007358524886,-0.003601720546,0.102790687758,0.001882885031,roll_+20_cleaned.csv
-2.0,-2.0,0.0,20.0,-0.163824339537,0.009233226068,0.003683067758,-0.001803188977,0.103813201316,0.000943687258,roll_+20_cleaned.csv
-2.0,0.0,0.0,20.0,-0.164170696575,0.00919258222,3.58428e-07,-1.4058e-07,0.104148385186,6.8889e-08,roll_+20_cleaned.csv
-2.0,2.0,0.0,20.0,-0.163824212637,0.009233200923,-0.003682438329,0.001803173158,0.103812795577,-0.000943557076,roll_+20_cleaned.csv
-2.0,4.0,0.0,20.0,-0.162775380984,0.009354946204,-0.007357907532,0.00360173224,0.102790488391,-0.001882757021,roll_+20_cleaned.csv
-2.0,6.0,0.0,20.0,-0.161033264985,0.009556966834,-0.011011893132,0.005387156399,0.101092040797,-0.002811705954,roll_+20_cleaned.csv
0.0,-6.0,0.0,20.0,-0.014453563927,0.008384409361,0.010675233423,-0.007397424001,0.059140774606,0.002108139205,roll_+20_cleaned.csv
0.0,-4.0,0.0,20.0,-0.015242343591,0.008170541376,0.007131934481,-0.004945943123,0.060538600113,0.001411436457,roll_+20_cleaned.csv
0.0,-2.0,0.0,20.0,-0.015719902434,0.008041747846,0.003572033424,-0.002477938465,0.061384140734,0.000707834773,roll_+20_cleaned.csv
0.0,0.0,0.0,20.0,-0.015879911894,0.007998679765,2.15777e-07,-8.86e-08,0.061667447115,4.1592e-08,roll_+20_cleaned.csv
0.0,2.0,0.0,20.0,-0.015720132671,0.008041742258,-0.003571644201,0.002477791458,0.061384410718,-0.000707759617,roll_+20_cleaned.csv
0.0,4.0,0.0,20.0,-0.015242821381,0.008170522749,-0.007131527039,0.004945743467,0.060538881434,-0.001411359799,roll_+20_cleaned.csv
0.0,6.0,0.0,20.0,-0.014455135694,0.008384384215,-0.010674724096,0.007397105033,0.059142141997,-0.002108053477,roll_+20_cleaned.csv
2.0,-6.0,0.0,20.0,0.132639216731,0.009367945604,0.010222652438,-0.009401881978,0.015865656982,0.001450937027,roll_+20_cleaned.csv
2.0,-4.0,0.0,20.0,0.13280115403,0.009159580804,0.006835954514,-0.006290416421,0.016966384783,0.00097277032,roll_+20_cleaned.csv
2.0,-2.0,0.0,20.0,0.132907212993,0.009033669718,0.003421505666,-0.003150746,0.017614146354,0.000487475822,roll_+20_cleaned.csv
2.0,0.0,0.0,20.0,0.132934048552,0.008991563693,-1.39458e-07,1.1589e-07,0.017844289813,-2.2893e-08,roll_+20_cleaned.csv
2.0,2.0,0.0,20.0,0.132907371924,0.009033677168,-0.003421776804,0.00315096463,0.017613966498,-0.000487520518,roll_+20_cleaned.csv
2.0,4.0,0.0,20.0,0.132801533329,0.009159595706,-0.006836242471,0.006290630209,0.016965974036,-0.000972817952,roll_+20_cleaned.csv
2.0,6.0,0.0,20.0,0.132639233762,0.00936796423,-0.010222892586,0.009402008167,0.015865700134,-0.001450980932,roll_+20_cleaned.csv
4.0,-6.0,0.0,20.0,0.280005583297,0.012507676147,0.009653268813,-0.011399478302,-0.028612007418,0.00084103607,roll_+20_cleaned.csv
4.0,-4.0,0.0,20.0,0.281123521117,0.012321615592,0.006457690552,-0.007628660672,-0.027821053054,0.00056498085,roll_+20_cleaned.csv
4.0,-2.0,0.0,20.0,0.281809836113,0.012209151872,0.003231571161,-0.003821046874,-0.027368047641,0.000283045072,roll_+20_cleaned.csv
4.0,0.0,0.0,20.0,0.282024211237,0.01217132993,-3.77488e-07,3.61268e-07,-0.027192775483,-4.7321e-08,roll_+20_cleaned.csv
4.0,2.0,0.0,20.0,0.281809859442,0.012209148146,-0.003232340886,0.003821824692,-0.027368172745,-0.000283135679,roll_+20_cleaned.csv
4.0,4.0,0.0,20.0,0.281123266142,0.012321606278,-0.00645824572,0.007629193245,-0.027821242174,-0.000565048229,roll_+20_cleaned.csv
4.0,6.0,0.0,20.0,0.280005189768,0.012507666834,-0.009653731309,0.011399911885,-0.028612114862,-0.000841091447,roll_+20_cleaned.csv
6.0,-6.0,0.0,20.0,0.427393456948,0.01779191941,0.008967559754,-0.013387383147,-0.074152860891,0.000279587104,roll_+20_cleaned.csv
6.0,-4.0,0.0,20.0,0.429467611271,0.017644960433,0.006001210518,-0.008960542069,-0.073677092633,0.000189606104,roll_+20_cleaned.csv
6.0,-2.0,0.0,20.0,0.430721876557,0.017555395141,0.002988030976,-0.004481966984,-0.073400518809,9.2565363e-05,roll_+20_cleaned.csv
6.0,0.0,0.0,20.0,0.431142806724,0.017526052892,-4.69712e-07,6.25823e-07,-0.073311811309,-2.2214e-08,roll_+20_cleaned.csv
6.0,2.0,0.0,20.0,0.430721731633,0.017555385828,-0.002988938679,0.004483198548,-0.073400607143,-9.2605146e-05,roll_+20_cleaned.csv
6.0,4.0,0.0,20.0,0.429467255545,0.017644936219,-0.006002052797,0.008961733824,-0.073677096953,-0.000189636511,roll_+20_cleaned.csv
6.0,6.0,0.0,20.0,0.427392995647,0.01779188402,-0.008968310008,0.013388495307,-0.074152856255,-0.000279605741,roll_+20_cleaned.csv
8.0,-6.0,0.0,20.0,0.574556780832,0.025197634473,0.008168442238,-0.015364399006,-0.120619962991,-0.000231937083,roll_+20_cleaned.csv
8.0,-4.0,0.0,20.0,0.577587008113,0.025106295943,0.005468831788,-0.010284914922,-0.120465682669,-0.0001522768,roll_+20_cleaned.csv
8.0,-2.0,0.0,20.0,0.579420372423,0.025049859658,0.002713679863,-0.005143542721,-0.120387278043,-7.9822002e-05,roll_+20_cleaned.csv
8.0,0.0,0.0,20.0,0.580031739055,0.025031697005,-6.40476e-07,1.188855e-06,-0.120359890363,4.6344e-08,roll_+20_cleaned.csv
8.0,2.0,0.0,20.0,0.579420358848,0.025049846619,-0.002714934035,0.005145900936,-0.120387504634,7.991893e-05,roll_+20_cleaned.csv
8.0,4.0,0.0,20.0,0.577586833966,0.025106256828,-0.005469990066,0.010287197312,-0.120466008862,0.00015238651,roll_+20_cleaned.csv
8.0,6.0,0.0,20.0,0.57455647498,0.025197556242,-0.008169431597,0.015366548619,-0.120620477417,0.000232069144,roll_+20_cleaned.csv
10.0,-6.0,0.0,20.0,0.721244877648,0.034689001739,0.007256140144,-0.017327139139,-0.167859928152,-0.00069286195,roll_+20_cleaned.csv
10.0,-4.0,0.0,20.0,0.725228434519,0.034669492394,0.004860380963,-0.01159966462,-0.168030335141,-0.000460268952,roll_+20_cleaned.csv
10.0,-2.0,0.0,20.0,0.727639322862,0.03465654701,0.002402926377,-0.005800468621,-0.168153883661,-0.000234564947,roll_+20_cleaned.csv
10.0,0.0,0.0,20.0,0.728443068196,0.034653265029,-9.65939e-07,2.124496e-06,-0.168194655258,1.82504e-07,roll_+20_cleaned.csv
10.0,2.0,0.0,20.0,0.727639117644,0.034656506032,-0.002404813372,0.005804683274,-0.168154129513,0.000234936125,roll_+20_cleaned.csv
10.0,4.0,0.0,20.0,0.72522779774,0.034669395536,-0.004862090225,0.011603717256,-0.168030545064,0.000460655335,roll_+20_cleaned.csv
10.0,6.0,0.0,20.0,0.72124393069,0.034688837826,-0.007257626809,0.0173310086,-0.167860271936,0.000693272772,roll_+20_cleaned.csv
12.0,-6.0,0.0,20.0,0.867210759947,0.046219330281,0.006235302515,-0.019273917071,-0.215720302901,-0.001101736239,roll_+20_cleaned.csv
12.0,-4.0,0.0,20.0,0.872145304705,0.046287335455,0.004176436287,-0.012904059566,-0.216221592314,-0.000733898511,roll_+20_cleaned.csv
12.0,-2.0,0.0,20.0,0.875127096127,0.046327073127,0.002055915502,-0.006450792578,-0.216540686397,-0.000371575362,roll_+20_cleaned.csv
12.0,0.0,0.0,20.0,0.87612043743,0.046341359615,-1.425222e-06,3.434742e-06,-0.216645589113,4.26889e-07,roll_+20_cleaned.csv
12.0,2.0,0.0,20.0,0.875126220847,0.046326976269,-0.002058690259,0.00645756809,-0.216540573659,0.000372429504,roll_+20_cleaned.csv
12.0,4.0,0.0,20.0,0.872143672471,0.046287130564,-0.004179090345,0.01291072188,-0.216221437999,0.000734763795,roll_+20_cleaned.csv
12.0,6.0,0.0,20.0,0.867207917322,0.046218980104,-0.006237565091,0.019280200318,-0.215719754832,0.001102623353,roll_+20_cleaned.csv
14.0,-6.0,0.0,20.0,1.012207236721,0.059730198234,0.00511058009,-0.021202531544,-0.264040901821,-0.001457287127,roll_+20_cleaned.csv
14.0,-4.0,0.0,20.0,1.018079524983,0.059900123626,0.003424433051,-0.014194724167,-0.264871129147,-0.000971283732,roll_+20_cleaned.csv
14.0,-2.0,0.0,20.0,1.021636214269,0.060002267361,0.001673783925,-0.007094274491,-0.26538940946,-0.000490414022,roll_+20_cleaned.csv
14.0,0.0,0.0,20.0,1.022816748886,0.0600370951,-2.038332e-06,5.163145e-06,-0.265557810035,8.22316e-07,roll_+20_cleaned.csv
14.0,2.0,0.0,20.0,1.021634169821,0.06000206992,-0.001677761641,0.007104458415,-0.265388681954,0.000492053557,roll_+20_cleaned.csv
14.0,4.0,0.0,20.0,1.018079445678,0.05989978835,-0.003428134856,0.014204470502,-0.264874355794,0.000972797991,roll_+20_cleaned.csv
14.0,6.0,0.0,20.0,1.012199130313,0.05972892046,-0.005113940234,0.021211126278,-0.264043272674,0.001458739113,roll_+20_cleaned.csv
16.0,-6.0,0.0,20.0,1.155989702095,0.075152076781,0.003887835472,-0.023110867677,-0.312657224873,-0.001758180813,roll_+20_cleaned.csv
16.0,-4.0,0.0,20.0,1.162766637968,0.075435347855,0.002572227782,-0.015456866082,-0.313754684246,-0.001175712699,roll_+20_cleaned.csv
16.0,-2.0,0.0,20.0,1.166920219301,0.075611516833,0.001258973683,-0.007730491298,-0.314534938711,-0.000590547727,roll_+20_cleaned.csv
16.0,0.0,0.0,20.0,1.168280592421,0.075668126345,-2.595711e-06,6.402346e-06,-0.314769012819,1.17418e-06,roll_+20_cleaned.csv
16.0,2.0,0.0,20.0,1.166913791508,0.07561019063,-0.001264143188,0.007743820491,-0.314539928338,0.000593127102,roll_+20_cleaned.csv
16.0,4.0,0.0,20.0,1.162757326576,0.07543374598,-0.002577181119,0.015469665131,-0.313758443496,0.001178253016,roll_+20_cleaned.csv
16.0,6.0,0.0,20.0,1.15597763507,0.075150154531,-0.003892349249,0.023122982841,-0.312659772879,0.001760700932,roll_+20_cleaned.csv
18.0,-6.0,0.0,20.0,1.298316018615,0.092404834926,0.002573860731,-0.024997121195,-0.361401128144,-0.002003072554,roll_+20_cleaned.csv
18.0,-4.0,0.0,20.0,1.306010484994,0.092816255987,0.001689133699,-0.016717942481,-0.36282653273,-0.001339178323,roll_+20_cleaned.csv
18.0,-2.0,0.0,20.0,1.310670112121,0.093067981303,0.000856922307,-0.008382655676,-0.363718532764,-0.000667996305,roll_+20_cleaned.csv
18.0,0.0,0.0,20.0,1.312276826846,0.093155317008,-3.218301e-06,8.561856e-06,-0.364104112546,1.935964e-06,roll_+20_cleaned.csv
18.0,2.0,0.0,20.0,1.310667147506,0.093067727983,-0.00086332888,0.008399723993,-0.363717870482,0.000671866987,roll_+20_cleaned.csv
18.0,4.0,0.0,20.0,1.306003967265,0.092815622687,-0.001695355776,0.016734768555,-0.362824509221,0.001343031701,roll_+20_cleaned.csv
18.0,6.0,0.0,20.0,1.298298951458,0.092402078211,-0.002579790187,0.025013652319,-0.361403467949,0.002007145837,roll_+20_cleaned.csv
20.0,-6.0,0.0,20.0,1.438938050733,0.111395381391,0.001176741072,-0.026859486343,-0.410105376268,-0.0021909385,roll_+20_cleaned.csv
20.0,-4.0,0.0,20.0,1.447554068845,0.111951172352,0.000750489742,-0.01796217823,-0.41184420558,-0.001463783236,roll_+20_cleaned.csv
20.0,-2.0,0.0,20.0,1.452766469849,0.11228890717,0.000388071292,-0.009005113729,-0.412931704634,-0.000729765006,roll_+20_cleaned.csv
20.0,0.0,0.0,20.0,1.454558710253,0.112405046821,-3.847758e-06,1.1178598e-05,-0.413386337317,3.017687e-06,roll_+20_cleaned.csv
20.0,2.0,0.0,20.0,1.452760882627,0.112288340926,-0.000395877261,0.009027459898,-0.412929128744,0.000735781601,roll_+20_cleaned.csv
20.0,4.0,0.0,20.0,1.447544035906,0.111950062215,-0.000757860953,0.017984020467,-0.411841105411,0.001469754963,roll_+20_cleaned.csv
20.0,6.0,0.0,20.0,1.438923484143,0.111393846571,-0.001183924716,0.026880998798,-0.410099864008,0.002196881438,roll_+20_cleaned.csv
-10.0,-6.0,5.0,0.0,-0.788368147278,0.039742659777,0.010765933487,0.003931799491,0.298136886994,0.00620626147,pitch_+5_cleaned.csv
-10.0,-4.0,5.0,0.0,-0.794111708055,0.03978991881,0.007198205963,0.00263386473,0.301175899186,0.004158472193,pitch_+5_cleaned.csv
-10.0,-2.0,5.0,0.0,-0.797565978136,0.039817836136,0.00360134551,0.001322874783,0.302998654969,0.002084512326,pitch_+5_cleaned.csv
-10.0,0.0,5.0,0.0,-0.79872717268,0.039827447385,3.615167e-06,1.64424e-07,0.303619855063,8.54608e-07,pitch_+5_cleaned.csv
-10.0,2.0,5.0,0.0,-0.797566423364,0.039817638695,-0.003594183567,-0.001322587662,0.302999215921,-0.002082816368,pitch_+5_cleaned.csv
-10.0,4.0,5.0,0.0,-0.794111943558,0.039789538831,-0.007191107065,-0.002633730875,0.301176557747,-0.004156773404,pitch_+5_cleaned.csv
-10.0,6.0,5.0,0.0,-0.788367441491,0.039742019027,-0.010758955105,-0.003931784371,0.298136378257,-0.006204576078,pitch_+5_cleaned.csv
-8.0,-6.0,5.0,0.0,-0.646753592507,0.029539484531,0.010920690917,0.001934457468,0.263225015578,0.005331993951,pitch_+5_cleaned.csv
-8.0,-4.0,5.0,0.0,-0.651571521628,0.029503379017,0.007299975101,0.001299488392,0.265999373999,0.003572032428,pitch_+5_cleaned.csv
-8.0,-2.0,5.0,0.0,-0.65447201268,0.029481567442,0.003655195825,0.000654867996,0.267668999124,0.001791024478,pitch_+5_cleaned.csv
-8.0,0.0,5.0,0.0,-0.655443248047,0.029474124312,2.813242e-06,-2.02412e-07,0.268229295006,6.40374e-07,pitch_+5_cleaned.csv
-8.0,2.0,5.0,0.0,-0.654472797027,0.029481444508,-0.003649678201,-0.000655226981,0.267669587826,-0.001789770773,pitch_+5_cleaned.csv
-8.0,4.0,5.0,0.0,-0.651574980345,0.029503513128,-0.007295451018,-0.001298913007,0.266005200741,-0.003570981579,pitch_+5_cleaned.csv
-8.0,6.0,5.0,0.0,-0.646760467737,0.029540400952,-0.010919217936,-0.001932090032,0.263238394018,-0.005331599815,pitch_+5_cleaned.csv
-6.0,-6.0,5.0,0.0,-0.503605282154,0.021360453218,0.010977774749,-7.1002026e-05,0.226507654409,0.004500951532,pitch_+5_cleaned.csv
-6.0,-4.0,5.0,0.0,-0.507491542212,0.021257521585,0.007335367615,-4.3240033e-05,0.229011481156,0.003014468801,pitch_+5_cleaned.csv
-6.0,-2.0,5.0,0.0,-0.509829483224,0.021195312962,0.003672761078,-2.1040361e-05,0.230516756261,0.001511396028,pitch_+5_cleaned.csv
-6.0,0.0,5.0,0.0,-0.510610598963,0.021174596623,1.387264e-06,-4.2719e-08,0.231020172595,3.05093e-07,pitch_+5_cleaned.csv
-6.0,2.0,5.0,0.0,-0.509829584087,0.021195216104,-0.003670011333,2.0981767e-05,0.23051670606,-0.001510789928,pitch_+5_cleaned.csv
-6.0,4.0,5.0,0.0,-0.507491002216,0.021257311106,-0.007332692363,4.3566431e-05,0.229011072715,-0.00301387402,pitch_+5_cleaned.csv
-6.0,6.0,5.0,0.0,-0.50360641025,0.021360265091,-0.010975072642,7.0854307e-05,0.226508234095,-0.004500362543,pitch_+5_cleaned.csv
-4.0,-6.0,5.0,0.0,-0.359146289391,0.015253188089,0.010930590668,-0.002079807458,0.188055687643,0.003713654635,pitch_+5_cleaned.csv
-4.0,-4.0,5.0,0.0,-0.362090404047,0.015099865384,0.007302039504,-0.001387228197,0.190278188828,0.002486572553,pitch_+5_cleaned.csv
-4.0,-2.0,5.0,0.0,-0.363865393676,0.015007577837,0.003658718131,-0.000695078704,0.191619451012,0.001247238717,pitch_+5_cleaned.csv
-4.0,0.0,5.0,0.0,-0.364462471618,0.014976752922,9.54655e-07,7.4638e-08,0.192074581395,2.0984e-07,pitch_+5_cleaned.csv
-4.0,2.0,5.0,0.0,-0.363865045642,0.015007521026,-0.003656841918,0.00069498005,0.191619317998,-0.001246839854,pitch_+5_cleaned.csv
-4.0,4.0,5.0,0.0,-0.362090469892,0.015099774115,-0.007300166961,0.001387085417,0.190278376483,-0.002486176706,pitch_+5_cleaned.csv
-4.0,6.0,5.0,0.0,-0.359146924127,0.015253060497,-0.010928755178,0.002079608839,0.188056302716,-0.003713272526,pitch_+5_cleaned.csv
-2.0,-6.0,5.0,0.0,-0.213614009049,0.011255960912,0.010774876891,-0.004088694115,0.147971586843,0.002970966289,pitch_+5_cleaned.csv
-2.0,-4.0,5.0,0.0,-0.215608983475,0.01106906496,0.007196032656,-0.002730924652,0.149901523587,0.001988679287,pitch_+5_cleaned.csv
-2.0,-2.0,5.0,0.0,-0.216816386326,0.01095688995,0.003608156502,-0.001369315031,0.151074035531,0.000998092986,pitch_+5_cleaned.csv
-2.0,0.0,5.0,0.0,-0.217227105841,0.010919238441,6.41196e-07,-1.21627e-07,0.151478298394,1.31252e-07,pitch_+5_cleaned.csv
-2.0,2.0,5.0,0.0,-0.216815923193,0.010956846178,-0.00360722657,0.001369281182,0.151073324299,-0.000997896205,pitch_+5_cleaned.csv
-2.0,4.0,5.0,0.0,-0.215608767561,0.011069003493,-0.00719512629,0.002730917674,0.149901036212,-0.001988487198,pitch_+5_cleaned.csv
-2.0,6.0,5.0,0.0,-0.213614045955,0.011255883612,-0.010774034549,0.004088718855,0.14797129296,-0.002970787269,pitch_+5_cleaned.csv
0.0,-6.0,5.0,0.0,-0.067248085949,0.009395664558,0.010505881693,-0.006096356582,0.106361134697,0.002273437735,pitch_+5_cleaned.csv
0.0,-4.0,5.0,0.0,-0.068288976187,0.009192396887,0.007015060868,-0.004073475347,0.107991211798,0.001521369573,pitch_+5_cleaned.csv
0.0,-2.0,5.0,0.0,-0.068925489749,0.009070388041,0.003519987245,-0.002043279897,0.108987749383,0.000764255763,pitch_+5_cleaned.csv
0.0,0.0,5.0,0.0,-0.069148753224,0.009029162116,2.89511e-07,-1.29769e-07,0.109339236873,5.4722e-08,pitch_+5_cleaned.csv
0.0,2.0,5.0,0.0,-0.068925656608,0.009070383385,-0.003519446462,0.002042997707,0.108987992801,-0.000764153821,pitch_+5_cleaned.csv
0.0,4.0,5.0,0.0,-0.068289596458,0.009192377329,-0.00701451223,0.004073175691,0.107991687878,-0.001521271263,pitch_+5_cleaned.csv
0.0,6.0,5.0,0.0,-0.067249396019,0.009395668283,-0.01050553045,0.006096205437,0.106362359104,-0.002273376992,pitch_+5_cleaned.csv
2.0,-6.0,5.0,0.0,0.079705707313,0.009688051417,0.010122222073,-0.008100039278,0.063348365831,0.001622209327,pitch_+5_cleaned.csv
2.0,-4.0,5.0,0.0,0.079603287231,0.009486224502,0.006776777032,-0.005422365632,0.064701441676,0.001089019197,pitch_+5_cleaned.csv
2.0,-2.0,5.0,0.0,0.07956143079,0.009363869205,0.003392300503,-0.002715875704,0.065482643518,0.000545821977,pitch_+5_cleaned.csv
2.0,0.0,5.0,0.0,0.079524602409,0.009322618134,-1.18142e-07,6.8609e-08,0.065780816708,-1.9932e-08,pitch_+5_cleaned.csv
2.0,2.0,5.0,0.0,0.079561145027,0.009363876656,-0.003392517173,0.002715996049,0.065482932126,-0.000545859177,pitch_+5_cleaned.csv
2.0,4.0,5.0,0.0,0.079603361395,0.009486235678,-0.006776952758,0.005422484395,0.064701549954,-0.001089048456,pitch_+5_cleaned.csv
2.0,6.0,5.0,0.0,0.079705687915,0.009688059799,-0.010122403299,0.008100112723,0.063348353043,-0.001622242613,pitch_+5_cleaned.csv
4.0,-6.0,5.0,0.0,0.227004256058,0.012136733159,0.009622229915,-0.010098177102,0.019056180206,0.001018110063,pitch_+5_cleaned.csv
4.0,-4.0,5.0,0.0,0.227857948751,0.011952689849,0.006445009029,-0.00676081744,0.020101242083,0.000685067592,pitch_+5_cleaned.csv
4.0,-2.0,5.0,0.0,0.228374843161,0.011840000749,0.003201160115,-0.003376652355,0.020723013363,0.000339136801,pitch_+5_cleaned.csv
4.0,0.0,5.0,0.0,0.2285467207,0.011803241447,-3.74771e-07,3.46022e-07,0.020931776603,-4.7651e-08,pitch_+5_cleaned.csv
4.0,2.0,5.0,0.0,0.228373905714,0.011840011925,-0.003201838028,0.003377304974,0.020723705407,-0.000339220144,pitch_+5_cleaned.csv
4.0,4.0,5.0,0.0,0.227857116152,0.011952707544,-0.006445603533,0.00676138758,0.02010174379,-0.000685140329,pitch_+5_cleaned.csv
4.0,6.0,5.0,0.0,0.227004373434,0.012136759236,-0.009622644529,0.010098585994,0.019056148478,-0.001018158037,pitch_+5_cleaned.csv
6.0,-6.0,5.0,0.0,0.374401985729,0.016733760014,0.009006452194,-0.012088350158,-0.02638129889,0.000462314305,pitch_+5_cleaned.csv
6.0,-4.0,5.0,0.0,0.376211158317,0.016584288329,0.006035454706,-0.008094323318,-0.025650328042,0.000313416936,pitch_+5_cleaned.csv
6.0,-2.0,5.0,0.0,0.377305435839,0.016492195427,0.002990268754,-0.004042642008,-0.025220055552,0.000152216668,pitch_+5_cleaned.csv
6.0,0.0,5.0,0.0,0.377669360769,0.016462476924,-3.01039e-07,4.47952e-07,-0.025074200885,-8.952e-09,pitch_+5_cleaned.csv
6.0,2.0,5.0,0.0,0.377305529415,0.016492195427,-0.002990826373,0.004043505521,-0.025220172572,-0.000152228927,pitch_+5_cleaned.csv
6.0,4.0,5.0,0.0,0.376211258599,0.016584280878,-0.006035917472,0.008095101154,-0.025650498656,-0.000313417315,pitch_+5_cleaned.csv
6.0,6.0,5.0,0.0,0.374402095513,0.016733739525,-0.009006778358,0.012088993929,-0.026381556802,-0.000462299388,pitch_+5_cleaned.csv
8.0,-6.0,5.0,0.0,0.521647491306,0.02345954068,0.008276916732,-0.014068814364,-0.072823549664,-4.3801154e-05,pitch_+5_cleaned.csv
8.0,-4.0,5.0,0.0,0.524413029714,0.023361224681,0.005549472829,-0.009420996991,-0.072413351273,-2.4954318e-05,pitch_+5_cleaned.csv
8.0,-2.0,5.0,0.0,0.526082422336,0.023299468681,0.002741219167,-0.004704064251,-0.07217388445,-1.7796529e-05,pitch_+5_cleaned.csv
8.0,0.0,5.0,0.0,0.526635791641,0.023279840127,-5.39855e-07,1.122696e-06,-0.072087783299,5.1995e-08,pitch_+5_cleaned.csv
8.0,2.0,5.0,0.0,0.526082052699,0.023299440742,-0.002742274357,0.00470630045,-0.0721737217,1.7904812e-05,pitch_+5_cleaned.csv
8.0,4.0,5.0,0.0,0.52441226079,0.023361163214,-0.005550433549,0.009423157062,-0.072413018914,2.5073829e-05,pitch_+5_cleaned.csv
8.0,6.0,5.0,0.0,0.521646902462,0.023459410295,-0.008277612252,0.014070660316,-0.072823759599,4.3938498e-05,pitch_+5_cleaned.csv
10.0,-6.0,5.0,0.0,0.668491792181,0.032281871885,0.007434159315,-0.016036630529,-0.12011972677,-0.000499491532,pitch_+5_cleaned.csv
10.0,-4.0,5.0,0.0,0.672212395249,0.032251026481,0.00498622203,-0.010739381426,-0.120035810256,-0.00032979598,pitch_+5_cleaned.csv
10.0,-2.0,5.0,0.0,0.674458684138,0.032229822129,0.002452598631,-0.005362105393,-0.119996264586,-0.000170890978,pitch_+5_cleaned.csv
10.0,0.0,5.0,0.0,0.675203102304,0.03222393617,-7.22858e-07,1.999274e-06,-0.119975374792,2.00339e-07,pitch_+5_cleaned.csv
10.0,2.0,5.0,0.0,0.674458136933,0.032229762524,-0.002454000278,0.005366065601,-0.1199961621,0.000171295922,pitch_+5_cleaned.csv
10.0,4.0,5.0,0.0,0.672211350412,0.032250899822,-0.004987529991,0.010743234813,-0.120035643546,0.000330208355,pitch_+5_cleaned.csv
10.0,6.0,5.0,0.0,0.66849005304,0.032281670719,-0.007435236271,0.01604026401,-0.120119265381,0.000499920578,pitch_+5_cleaned.csv
12.0,-6.0,5.0,0.0,0.814687050993,0.043157491833,0.006482220558,-0.017989934209,-0.168117114297,-0.000903379476,pitch_+5_cleaned.csv
12.0,-4.0,5.0,0.0,0.81935611302,0.043209765106,0.004350146753,-0.01204711161,-0.168359711487,-0.000599701533,pitch_+5_cleaned.csv
12.0,-2.0,5.0,0.0,0.822176735883,0.043238475919,0.002128083838,-0.006014345766,-0.168518987128,-0.00030626781,pitch_+5_cleaned.csv
12.0,0.0,5.0,0.0,0.823110091678,0.043248981237,-1.050832e-06,3.30258e-06,-0.168561069673,4.53165e-07,pitch_+5_cleaned.csv
12.0,2.0,5.0,0.0,0.822175621846,0.04323836416,-0.002130130464,0.006020885199,-0.168518586276,0.000307174918,pitch_+5_cleaned.csv
12.0,4.0,5.0,0.0,0.819356546974,0.043209712952,-0.004352234488,0.012053993418,-0.168360896274,0.000600663767,pitch_+5_cleaned.csv
12.0,6.0,5.0,0.0,0.814683758613,0.043157115579,-0.006483824292,0.017995996243,-0.168115851921,0.000904305324,pitch_+5_cleaned.csv
14.0,-6.0,5.0,0.0,0.959985818606,0.056031391025,0.005425465583,-0.019926547571,-0.216655630544,-0.001254214123,pitch_+5_cleaned.csv
14.0,-4.0,5.0,0.0,0.965556553804,0.056177165359,0.003601541199,-0.013324762745,-0.217155611038,-0.000839055681,pitch_+5_cleaned.csv
14.0,-2.0,5.0,0.0,0.968992701642,0.056270461529,0.001771980925,-0.006661232158,-0.217590018163,-0.000423056367,pitch_+5_cleaned.csv
14.0,0.0,5.0,0.0,0.970109476734,0.056299481541,-1.535437e-06,5.062556e-06,-0.21769011718,8.56585e-07,pitch_+5_cleaned.csv
14.0,2.0,5.0,0.0,0.968990558198,0.056270249188,-0.001774965999,0.006671213172,-0.217589014158,0.000424761144,pitch_+5_cleaned.csv
14.0,4.0,5.0,0.0,0.96555249225,0.056176740676,-0.003604309086,0.013334507541,-0.217153773425,0.000840763754,pitch_+5_cleaned.csv
14.0,6.0,5.0,0.0,0.95997665485,0.056030139327,-0.005428116189,0.019935099234,-0.216657102256,0.001255721081,pitch_+5_cleaned.csv
16.0,-6.0,5.0,0.0,1.104143093906,0.070837385952,0.004269576023,-0.021844539007,-0.265571382167,-0.00155068739,pitch_+5_cleaned.csv
16.0,-4.0,5.0,0.0,1.110648171432,0.071095436811,0.002824550604,-0.014606995545,-0.266395095639,-0.001036954678,pitch_+5_cleaned.csv
16.0,-2.0,5.0,0.0,1.114658221905,0.071258448064,0.001385039917,-0.007301807015,-0.267042771544,-0.000520801076,pitch_+5_cleaned.csv
16.0,0.0,5.0,0.0,1.115963968333,0.071310184896,-2.125923e-06,7.25106e-06,-0.267209573214,1.461919e-06,pitch_+5_cleaned.csv
16.0,2.0,5.0,0.0,1.114650800214,0.071257136762,-0.00138928784,0.007315287578,-0.267047638846,0.000523478763,pitch_+5_cleaned.csv
16.0,4.0,5.0,0.0,1.11063794105,0.071093842387,-0.002828496916,0.014619812076,-0.266398358373,0.001039573131,pitch_+5_cleaned.csv
16.0,6.0,5.0,0.0,1.104130141594,0.070835515857,-0.004273180118,0.021856738636,-0.265573077818,0.001553274318,pitch_+5_cleaned.csv
18.0,-6.0,5.0,0.0,1.246914876426,0.087498381734,0.003020737041,-0.023741569958,-0.314692837534,-0.001791479092,pitch_+5_cleaned.csv
18.0,-4.0,5.0,0.0,1.254338725597,0.087880685925,0.001985041257,-0.015874865014,-0.315846891644,-0.001197523732,pitch_+5_cleaned.csv
18.0,-2.0,5.0,0.0,1.258846848401,0.088117077947,0.001014313337,-0.007962969736,-0.316591931882,-0.000595919959,pitch_+5_cleaned.csv
18.0,0.0,5.0,0.0,1.260415270699,0.088200211525,-2.778557e-06,8.784329e-06,-0.3169487436,1.999651e-06,pitch_+5_cleaned.csv
18.0,2.0,5.0,0.0,1.258844267133,0.08811686933,-0.001019900319,0.007980526185,-0.316591398868,0.000599918351,pitch_+5_cleaned.csv
18.0,4.0,5.0,0.0,1.254332856392,0.087880134583,-0.001990422104,0.015892240377,-0.315844910134,0.001201525451,pitch_+5_cleaned.csv
18.0,6.0,5.0,0.0,1.246897378355,0.087495684624,-0.003025527391,0.023758328076,-0.314694936386,0.001795628123,pitch_+5_cleaned.csv
20.0,-6.0,5.0,0.0,1.388053409883,0.105924680829,0.001687364217,-0.025616631184,-0.363857907194,-0.001975493962,pitch_+5_cleaned.csv
20.0,-4.0,5.0,0.0,1.396401945153,0.106447473168,0.001088844789,-0.017127371054,-0.365326792485,-0.001319561249,pitch_+5_cleaned.csv
20.0,-2.0,5.0,0.0,1.401467497354,0.106768943369,0.000565535303,-0.008590823177,-0.366274702816,-0.000656800899,pitch_+5_cleaned.csv
20.0,0.0,5.0,0.0,1.403223504866,0.106880679727,-3.289123e-06,1.1384632e-05,-0.366701815907,3.056529e-06,pitch_+5_cleaned.csv
20.0,2.0,5.0,0.0,1.401463129855,0.106768481433,-0.000572122432,0.008613808891,-0.366273296882,0.000662985371,pitch_+5_cleaned.csv
20.0,4.0,5.0,0.0,1.396393029254,0.106446579099,-0.001095295661,0.017150017694,-0.365323537166,0.00132569111,pitch_+5_cleaned.csv
20.0,6.0,5.0,0.0,1.388040483718,0.105923369527,-0.001693573519,0.025638960919,-0.363853054872,0.001981598649,pitch_+5_cleaned.csv
-10.0,-6.0,10.0,0.0,-0.836762125378,0.044971778989,0.010239925317,0.005162031962,0.340869080959,0.006372973212,pitch_+10_cleaned.csv
-10.0,-4.0,10.0,0.0,-0.842740033522,0.045055374503,0.006842964582,0.003458964321,0.344118667496,0.004269285801,pitch_+10_cleaned.csv
-10.0,-2.0,10.0,0.0,-0.846340176555,0.045105744153,0.003429468201,0.001734284261,0.34607656082,0.002141611078,pitch_+10_cleaned.csv
-10.0,0.0,10.0,0.0,-0.847539496664,0.045122358948,4.278441e-06,5.61816e-07,0.346725966617,1.063279e-06,pitch_+10_cleaned.csv
-10.0,2.0,10.0,0.0,-0.846340281444,0.045105513185,-0.003421138137,-0.001733442869,0.346076544386,-0.002139559592,pitch_+10_cleaned.csv
-10.0,4.0,10.0,0.0,-0.8427393974,0.045054849237,-0.006834906558,-0.003458013099,0.34411806999,-0.004267285238,pitch_+10_cleaned.csv
-10.0,6.0,10.0,0.0,-0.836761086381,0.044970937073,-0.01023206202,-0.005161129577,0.340868236958,-0.006370986976,pitch_+10_cleaned.csv
-8.0,-6.0,10.0,0.0,-0.695800234103,0.034198541194,0.010451212695,0.003174647985,0.306686604668,0.005506059965,pitch_+10_cleaned.csv
-8.0,-4.0,10.0,0.0,-0.70085531784,0.034195274115,0.006982608891,0.002131376698,0.309675707988,0.003687829102,pitch_+10_cleaned.csv
-8.0,-2.0,10.0,0.0,-0.703903143339,0.034193690866,0.003502379178,0.00106970483,0.311482423067,0.001850589679,pitch_+10_cleaned.csv
-8.0,0.0,10.0,0.0,-0.70491276713,0.034192468971,3.262434e-06,-4.9908e-08,0.312070994126,7.72945e-07,pitch_+10_cleaned.csv
-8.0,2.0,10.0,0.0,-0.703903537981,0.034193504602,-0.003495908832,-0.001069790973,0.311482762023,-0.001849046594,pitch_+10_cleaned.csv
-8.0,4.0,10.0,0.0,-0.700855440478,0.03419489041,-0.006976300165,-0.002131354459,0.309675420449,-0.003686318931,pitch_+10_cleaned.csv
-8.0,6.0,10.0,0.0,-0.695801114369,0.034198075533,-0.010444980137,-0.003174719687,0.306687137078,-0.005504579641,pitch_+10_cleaned.csv
-6.0,-6.0,10.0,0.0,-0.553241814312,0.025425586849,0.010568108509,0.001177064919,0.270633437185,0.004682484502,pitch_+10_cleaned.csv
-6.0,-4.0,10.0,0.0,-0.557365460968,0.025351407006,0.007058190374,0.000793130189,0.273353447369,0.003135305034,pitch_+10_cleaned.csv
-6.0,-2.0,10.0,0.0,-0.559853737005,0.025307094678,0.003540166815,0.000395833216,0.274999442282,0.001573442153,pitch_+10_cleaned.csv
-6.0,0.0,10.0,0.0,-0.560671272143,0.025291547179,2.376541e-06,-3.01819e-07,0.275528544639,5.41553e-07,pitch_+10_cleaned.csv
-6.0,2.0,10.0,0.0,-0.559854134768,0.02530701831,-0.003535230662,-0.000396676463,0.274999544142,-0.001572322398,pitch_+10_cleaned.csv
-6.0,4.0,10.0,0.0,-0.557366558346,0.025351205841,-0.007053319319,-0.0007939694,0.273354152132,-0.003134199545,pitch_+10_cleaned.csv
-6.0,6.0,10.0,0.0,-0.553243714963,0.025425288826,-0.010563326793,-0.001177954349,0.270634712064,-0.004681401624,pitch_+10_cleaned.csv
-4.0,-6.0,10.0,0.0,-0.409312807939,0.018703278154,0.0105814274,-0.000824154517,0.232782262677,0.003902226578,pitch_+10_cleaned.csv
-4.0,-4.0,10.0,0.0,-0.41249708293,0.018574811518,0.007065094579,-0.000545221745,0.235224581162,0.002612105927,pitch_+10_cleaned.csv
-4.0,-2.0,10.0,0.0,-0.414422150515,0.018497971818,0.003545913096,-0.000275440276,0.236707815406,0.001311512899,pitch_+10_cleaned.csv
-4.0,0.0,10.0,0.0,-0.415078273511,0.01847172901,1.254421e-06,9.1209e-08,0.237225030064,2.86234e-07,pitch_+10_cleaned.csv
-4.0,2.0,10.0,0.0,-0.414422386113,0.018497927114,-0.003543386667,0.000275608136,0.236707946184,-0.001310939579,pitch_+10_cleaned.csv
-4.0,4.0,10.0,0.0,-0.412497176964,0.01857467927,-0.007062624627,0.000545039807,0.235224711847,-0.002611564246,pitch_+10_cleaned.csv
-4.0,6.0,10.0,0.0,-0.409313391344,0.018703117967,-0.010579035209,0.000823911454,0.232782712358,-0.003901704116,pitch_+10_cleaned.csv
-2.0,-6.0,10.0,0.0,-0.264245887028,0.014073286206,0.010489495972,-0.002827541363,0.193228435909,0.003166708778,pitch_+10_cleaned.csv
-2.0,-4.0,10.0,0.0,-0.266482563912,0.013907056302,0.00700152148,-0.00188516592,0.195380669028,0.002118997705,pitch_+10_cleaned.csv
-2.0,-2.0,10.0,0.0,-0.267840507263,0.013807634823,0.003514316329,-0.000947775045,0.196696265607,0.001064431286,pitch_+10_cleaned.csv
-2.0,0.0,10.0,0.0,-0.268307036144,0.013773430139,8.62502e-07,-1.52093e-07,0.197157664233,1.83074e-07,pitch_+10_cleaned.csv
-2.0,2.0,10.0,0.0,-0.267840952677,0.013807604089,-0.003512563882,0.000947415731,0.196696618344,-0.001064062726,pitch_+10_cleaned.csv
-2.0,4.0,10.0,0.0,-0.266482200877,0.013906940818,-0.006999887447,0.001884845015,0.195380095176,-0.00211865645,pitch_+10_cleaned.csv
-2.0,6.0,10.0,0.0,-0.264246007183,0.014073164202,-0.01048789104,0.002826867064,0.193228531834,-0.003166398057,pitch_+10_cleaned.csv
0.0,-6.0,10.0,0.0,-0.118280048088,0.011565890163,0.010285370399,-0.004830742026,0.152078730847,0.002476088029,pitch_+10_cleaned.csv
0.0,-4.0,10.0,0.0,-0.119564594223,0.011379095726,0.006864081913,-0.00322462113,0.153933614058,0.001656370579,pitch_+10_cleaned.csv
0.0,-2.0,10.0,0.0,-0.120352093053,0.011267045513,0.003445661962,-0.00162078244,0.155073107786,0.000832446538,pitch_+10_cleaned.csv
0.0,0.0,10.0,0.0,-0.120637240351,0.011228987016,4.25959e-07,-1.89571e-07,0.155490576971,8.0776e-08,pitch_+10_cleaned.csv
0.0,2.0,10.0,0.0,-0.120352864227,0.011267039925,-0.003444964687,0.001620474899,0.155073497255,-0.000832315933,pitch_+10_cleaned.csv
0.0,4.0,10.0,0.0,-0.119564669212,0.011379083619,-0.006863398509,0.003224299563,0.153933619745,-0.001656240057,pitch_+10_cleaned.csv
0.0,6.0,10.0,0.0,-0.118280888563,0.011565874331,-0.010284690865,0.004830439532,0.152079577514,-0.002475961141,pitch_+10_cleaned.csv
2.0,-6.0,10.0,0.0,0.028345379905,0.011200290173,0.009968681654,-0.006832202542,0.109450611241,0.001831630224,pitch_+10_cleaned.csv
2.0,-4.0,10.0,0.0,0.02798688941,0.011011091992,0.006681573602,-0.004576684547,0.111049178458,0.001230766436,pitch_+10_cleaned.csv
2.0,-2.0,10.0,0.0,0.027801164958,0.010895680636,0.003339484985,-0.002292135797,0.111958312907,0.000616154275,pitch_+10_cleaned.csv
2.0,0.0,10.0,0.0,0.02769747144,0.01085682679,2.37537e-07,-2.84432e-07,0.112329655132,3.0015e-08,pitch_+10_cleaned.csv
2.0,2.0,10.0,0.0,0.027801137161,0.010895674117,-0.003339056834,0.002291575973,0.111958360487,-0.000616104281,pitch_+10_cleaned.csv
2.0,4.0,10.0,0.0,0.027986743437,0.011011084542,-0.006681375449,0.004576281091,0.111048881063,-0.001230752535,pitch_+10_cleaned.csv
2.0,6.0,10.0,0.0,0.028345145556,0.011200265959,-0.009968230234,0.006831577233,0.109450843601,-0.001831579234,pitch_+10_cleaned.csv
4.0,-6.0,10.0,0.0,0.175385576842,0.012983487919,0.009536093937,-0.008828851133,0.065469515783,0.001233964373,pitch_+10_cleaned.csv
4.0,-4.0,10.0,0.0,0.175979019312,0.012807684019,0.0063951523,-0.005914190196,0.066763594029,0.000831106986,pitch_+10_cleaned.csv
4.0,-2.0,10.0,0.0,0.17633771059,0.012698872946,0.003161297045,-0.002946703487,0.067537568756,0.000409855116,pitch_+10_cleaned.csv
4.0,0.0,10.0,0.0,0.176454215882,0.012663971633,-3.12398e-07,3.02463e-07,0.067800611492,-3.1913e-08,pitch_+10_cleaned.csv
4.0,2.0,10.0,0.0,0.176338195681,0.012698882259,-0.003161925289,0.002947305407,0.067537060941,-0.000409919383,pitch_+10_cleaned.csv
4.0,4.0,10.0,0.0,0.175979950059,0.012807704508,-0.006395776494,0.005914776371,0.066762636598,-0.000831170466,pitch_+10_cleaned.csv
4.0,6.0,10.0,0.0,0.175385111448,0.012983513996,-0.009536599137,0.008829220537,0.065469916998,-0.00123403013,pitch_+10_cleaned.csv
6.0,-6.0,10.0,0.0,0.32259690982,0.016910964623,0.008988941797,-0.010819444564,0.020265603569,0.00068435714,pitch_+10_cleaned.csv
6.0,-4.0,10.0,0.0,0.32414727524,0.016765348613,0.006031577612,-0.007248126831,0.021245237559,0.000463516229,pitch_+10_cleaned.csv
6.0,-2.0,10.0,0.0,0.325083582533,0.01667464897,0.002977970558,-0.003613174285,0.021828096965,0.000225720452,pitch_+10_cleaned.csv
6.0,0.0,10.0,0.0,0.325387400497,0.016645492986,-2.28901e-07,2.91649e-07,0.022035103337,-6.422e-09,pitch_+10_cleaned.csv
6.0,2.0,10.0,0.0,0.325083591575,0.016674643382,-0.002978348861,0.003613759909,0.021828073804,-0.00022571971,pitch_+10_cleaned.csv
6.0,4.0,10.0,0.0,0.324147288631,0.016765335575,-0.006031886304,0.007248646901,0.021245221575,-0.000463508303,pitch_+10_cleaned.csv
6.0,6.0,10.0,0.0,0.322593592796,0.016910936683,-0.008989354756,0.010820072073,0.020268151634,-0.000684359037,pitch_+10_cleaned.csv
8.0,-6.0,10.0,0.0,0.469728243891,0.022966520861,0.008328207452,-0.01280157719,-0.026020036936,0.000184056332,pitch_+10_cleaned.csv
8.0,-4.0,10.0,0.0,0.472234562398,0.022867679596,0.005591189854,-0.008576026896,-0.025360173442,0.000128866821,pitch_+10_cleaned.csv
8.0,-2.0,10.0,0.0,0.47374679226,0.02280475758,0.002752363554,-0.004275272116,-0.024969028752,5.7770797e-05,pitch_+10_cleaned.csv
8.0,0.0,10.0,0.0,0.474241435495,0.022784825414,-3.93541e-07,9.42997e-07,-0.024825266216,6.0353e-08,pitch_+10_cleaned.csv
8.0,2.0,10.0,0.0,0.473746811971,0.022804742679,-0.002753115043,0.004277134722,-0.024969146621,-5.7645366e-05,pitch_+10_cleaned.csv
8.0,4.0,10.0,0.0,0.472234549091,0.022867646068,-0.005591848666,0.008577794575,-0.025360362333,-0.000128734065,pitch_+10_cleaned.csv
8.0,6.0,10.0,0.0,0.469728104758,0.022966459394,-0.008328721492,0.012803192873,-0.026020176405,-0.000183913436,pitch_+10_cleaned.csv
10.0,-6.0,10.0,0.0,0.616530599771,0.031121538952,0.007554484701,-0.014772459943,-0.073237860784,-0.000266128315,pitch_+10_cleaned.csv
10.0,-4.0,10.0,0.0,0.619990956899,0.031085832044,0.005074865754,-0.009896194149,-0.072902345849,-0.000172201611,pitch_+10_cleaned.csv
10.0,-2.0,10.0,0.0,0.622080965989,0.031060967594,0.002488858557,-0.004934740221,-0.072711705863,-9.3133335e-05,pitch_+10_cleaned.csv
10.0,0.0,10.0,0.0,0.62277408152,0.031054265797,-6.43948e-07,1.894465e-06,-0.072641609345,1.94273e-07,pitch_+10_cleaned.csv
10.0,2.0,10.0,0.0,0.622080755015,0.031060935929,-0.002490122387,0.004938508662,-0.072711730612,9.3523771e-05,pitch_+10_cleaned.csv
10.0,4.0,10.0,0.0,0.619990863707,0.031085776165,-0.005076078731,0.009899901666,-0.072902630174,0.000172594733,pitch_+10_cleaned.csv
10.0,6.0,10.0,0.0,0.616529912787,0.031121412292,-0.007555480385,0.014775947077,-0.073237897037,0.000266535174,pitch_+10_cleaned.csv
12.0,-6.0,10.0,0.0,0.762758082447,0.041336473078,0.00667181151,-0.01673058722,-0.121236817221,-0.000664837446,pitch_+10_cleaned.csv
12.0,-4.0,10.0,0.0,0.767166835114,0.041379660368,0.004485188256,-0.011207022235,-0.121226903039,-0.000438674836,pitch_+10_cleaned.csv
12.0,-2.0,10.0,0.0,0.76983296015,0.041402466595,0.002190302206,-0.005589120124,-0.121238003823,-0.000226284581,pitch_+10_cleaned.csv
12.0,0.0,10.0,0.0,0.770716293528,0.041411418468,-7.56469e-07,3.112323e-06,-0.121233417471,4.72583e-07,pitch_+10_cleaned.csv
12.0,2.0,10.0,0.0,0.769831771136,0.041402354836,-0.002191771123,0.005595305037,-0.12123736206,0.000227232038,pitch_+10_cleaned.csv
12.0,4.0,10.0,0.0,0.767167618644,0.041379600763,-0.004486698156,0.011213748405,-0.121228462332,0.000439723462,pitch_+10_cleaned.csv
12.0,6.0,10.0,0.0,0.762754649537,0.041336107999,-0.00667292427,0.016736415525,-0.121234923516,0.000665803474,pitch_+10_cleaned.csv
14.0,-6.0,10.0,0.0,0.908160423549,0.053559474647,0.005683844384,-0.018673380286,-0.169855145567,-0.001010889631,pitch_+10_cleaned.csv
14.0,-4.0,10.0,0.0,0.913459222302,0.053690392524,0.003771133681,-0.012483785803,-0.170083652398,-0.000676361071,pitch_+10_cleaned.csv
14.0,-2.0,10.0,0.0,0.916752170832,0.053776599467,0.001854887634,-0.006237924333,-0.170388216739,-0.000341703755,pitch_+10_cleaned.csv
14.0,0.0,10.0,0.0,0.917824394293,0.05380442366,-1.088143e-06,4.864644e-06,-0.170448870192,8.93143e-07,pitch_+10_cleaned.csv
14.0,2.0,10.0,0.0,0.916750177709,0.053776413202,-0.001856980888,0.006247531479,-0.170387070327,0.000343480641,pitch_+10_cleaned.csv
14.0,4.0,10.0,0.0,0.913455233434,0.053689971566,-0.003773007295,0.012493181357,-0.170081498213,0.000678147486,pitch_+10_cleaned.csv
14.0,6.0,10.0,0.0,0.908150121923,0.053558234125,-0.005685881555,0.018681818513,-0.169855302784,0.001012478066,pitch_+10_cleaned.csv
16.0,-6.0,10.0,0.0,1.052492766802,0.067727781832,0.004595966919,-0.020598909252,-0.218929390903,-0.00130299222,pitch_+10_cleaned.csv
16.0,-4.0,10.0,0.0,1.058727181856,0.067966774106,0.003039876781,-0.013771121952,-0.219483081967,-0.000871279092,pitch_+10_cleaned.csv
16.0,-2.0,10.0,0.0,1.062592935824,0.068120136857,0.001488414678,-0.006880416917,-0.219998923252,-0.00043822381,pitch_+10_cleaned.csv
16.0,0.0,10.0,0.0,1.06385201099,0.068169660866,-1.520463e-06,7.120768e-06,-0.220123639118,1.522383e-06,pitch_+10_cleaned.csv
16.0,2.0,10.0,0.0,1.062585848322,0.068119317293,-0.001491995678,0.006895439214,-0.219994452991,0.000441308072,pitch_+10_cleaned.csv
16.0,4.0,10.0,0.0,1.058716144013,0.067965254188,-0.003042978143,0.013783965044,-0.219485328255,0.000874026844,pitch_+10_cleaned.csv
16.0,6.0,10.0,0.0,1.052479022419,0.067725911736,-0.004598786327,0.020611151655,-0.218930079767,0.001305692472,pitch_+10_cleaned.csv
18.0,-6.0,10.0,0.0,1.195511904578,0.083767741919,0.003414215613,-0.022505007783,-0.268288617085,-0.001539859018,pitch_+10_cleaned.csv
18.0,-4.0,10.0,0.0,1.202665091351,0.084126919508,0.002245234969,-0.015044986613,-0.269173871284,-0.001029152599,pitch_+10_cleaned.csv
18.0,-2.0,10.0,0.0,1.207018347158,0.084350824356,0.001149417454,-0.00754923399,-0.269769085725,-0.000510987935,pitch_+10_cleaned.csv
18.0,0.0,10.0,0.0,1.208547295528,0.084430769086,-2.33982e-06,8.91828e-06,-0.270096088278,2.088778e-06,pitch_+10_cleaned.csv
18.0,2.0,10.0,0.0,1.207015603559,0.084350608289,-0.001154046194,0.007567107089,-0.269767995903,0.000515196712,pitch_+10_cleaned.csv
18.0,4.0,10.0,0.0,1.20265976309,0.084126442671,-0.002249712346,0.015062692645,-0.269171665295,0.001033354223,pitch_+10_cleaned.csv
18.0,6.0,10.0,0.0,1.195493673592,0.083765082061,-0.00341793683,0.022521906404,-0.268289680686,0.001544151399,pitch_+10_cleaned.csv
20.0,-6.0,10.0,0.0,1.336967435635,0.101592682302,0.002146148629,-0.024390244707,-0.317769335818,-0.001720385594,pitch_+10_cleaned.csv
20.0,-4.0,10.0,0.0,1.345053266762,0.102090038359,0.001396431975,-0.016306519365,-0.318982409247,-0.001148463099,pitch_+10_cleaned.csv
20.0,-2.0,10.0,0.0,1.349960492016,0.102395631373,0.000722768859,-0.008180784638,-0.319772373691,-0.000570748383,pitch_+10_cleaned.csv
20.0,0.0,10.0,0.0,1.351678067078,0.102503575385,-2.795674e-06,1.1790189e-05,-0.320171530342,3.198616e-06,pitch_+10_cleaned.csv
20.0,2.0,10.0,0.0,1.349956609285,0.102395258844,-0.000728350731,0.008204284894,-0.319771107041,0.000577151095,pitch_+10_cleaned.csv
20.0,4.0,10.0,0.0,1.345045170718,0.102089159191,-0.001401836009,0.016329819581,-0.318979414239,0.001154844122,pitch_+10_cleaned.csv
20.0,6.0,10.0,0.0,1.336955467287,0.101591430604,-0.002151398775,0.024413323735,-0.317764471159,0.001726754642,pitch_+10_cleaned.csv
-10.0,-6.0,15.0,0.0,-0.881209886564,0.050731595606,0.009706323636,0.006312452868,0.380324824592,0.006561144368,pitch_+15_cleaned.csv
-10.0,-4.0,15.0,0.0,-0.887400244456,0.050853241235,0.006483060679,0.004230343274,0.383766450966,0.004394608151,pitch_+15_cleaned.csv
-10.0,-2.0,15.0,0.0,-0.89113162753,0.050926338881,0.003251777447,0.002119650178,0.385845626769,0.002205487043,pitch_+15_cleaned.csv
-10.0,0.0,15.0,0.0,-0.892364411533,0.050950121135,4.721605e-06,7.24298e-07,0.386519350237,1.217023e-06,pitch_+15_cleaned.csv
-10.0,2.0,15.0,0.0,-0.891131147252,0.050926029682,-0.003242471,-0.002118158771,0.385844980736,-0.002203081018,pitch_+15_cleaned.csv
-10.0,4.0,15.0,0.0,-0.887398738939,0.050852574408,-0.006473851931,-0.004228898994,0.383764958972,-0.004392200139,pitch_+15_cleaned.csv
-10.0,6.0,15.0,0.0,-0.881207018278,0.050730567425,-0.009697288982,-0.006310961542,0.38032215537,-0.006558756726,pitch_+15_cleaned.csv
-8.0,-6.0,15.0,0.0,-0.741023358671,0.039477795362,0.009967917484,0.004335995719,0.346939784881,0.005702760829,pitch_+15_cleaned.csv
-8.0,-4.0,15.0,0.0,-0.746294214969,0.039509449154,0.006656349344,0.002910192159,0.350125018513,0.003818837981,pitch_+15_cleaned.csv
-8.0,-2.0,15.0,0.0,-0.749476769212,0.039529088885,0.003340835771,0.001458646039,0.352058039369,0.001917163135,pitch_+15_cleaned.csv
-8.0,0.0,15.0,0.0,-0.750520018767,0.039534665644,3.71884e-06,9.3048e-08,0.352670802112,9.30808e-07,pitch_+15_cleaned.csv
-8.0,2.0,15.0,0.0,-0.749476031132,0.039528824389,-0.003333589008,-0.001458314489,0.352056933543,-0.001915362336,pitch_+15_cleaned.csv
-8.0,4.0,15.0,0.0,-0.746294076979,0.039509061724,-0.006649014413,-0.002909963736,0.35012468512,-0.003817030851,pitch_+15_cleaned.csv
-8.0,6.0,15.0,0.0,-0.741023431842,0.039477203041,-0.009960662114,-0.004335838573,0.346939559821,-0.005700953329,pitch_+15_cleaned.csv
-6.0,-6.0,15.0,0.0,-0.599190391166,0.030196050182,0.010137545372,0.002348959641,0.31162876285,0.004887500818,pitch_+15_cleaned.csv
-6.0,-4.0,15.0,0.0,-0.603528916812,0.030153352767,0.006767291508,0.00157813456,0.314547011531,0.003271924125,pitch_+15_cleaned.csv
-6.0,-2.0,15.0,0.0,-0.60615660869,0.030128620565,0.003395287776,0.000788436891,0.31632455203,0.001642580991,pitch_+15_cleaned.csv
-6.0,0.0,15.0,0.0,-0.607032161636,0.030116461217,1.809171e-06,-6.89583e-07,0.316919343002,4.23215e-07,pitch_+15_cleaned.csv
-6.0,2.0,15.0,0.0,-0.60615449145,0.030128387734,-0.003390478294,-0.00078806823,0.316322579093,-0.001641412909,pitch_+15_cleaned.csv
-6.0,4.0,15.0,0.0,-0.603529997078,0.030153118074,-0.006761484901,-0.001579038734,0.314547347853,-0.003270550888,pitch_+15_cleaned.csv
-6.0,6.0,15.0,0.0,-0.599188209251,0.030195422471,-0.01013213435,-0.002348902597,0.311627679424,-0.004886180233,pitch_+15_cleaned.csv
-4.0,-6.0,15.0,0.0,-0.455925131243,0.022938491777,0.010206498608,0.000355114956,0.2744559977,0.004115392728,pitch_+15_cleaned.csv
-4.0,-4.0,15.0,0.0,-0.45933088184,0.022838333622,0.006811120131,0.000245587615,0.277102097845,0.00275417118,pitch_+15_cleaned.csv
-4.0,-2.0,15.0,0.0,-0.461384833086,0.022776858881,0.003409732386,0.000118602518,0.278700369804,0.001381633532,pitch_+15_cleaned.csv
-4.0,0.0,15.0,0.0,-0.462100652077,0.022757101804,1.549749e-06,1.83738e-07,0.279281601667,3.68017e-07,pitch_+15_cleaned.csv
-4.0,2.0,15.0,0.0,-0.461385062998,0.022776806727,-0.003406698732,-0.000118222158,0.278700482937,-0.001380916247,pitch_+15_cleaned.csv
-4.0,4.0,15.0,0.0,-0.459331590788,0.02283821255,-0.006807994005,-0.00024535623,0.277102361908,-0.002753437548,pitch_+15_cleaned.csv
-4.0,6.0,15.0,0.0,-0.455926731754,0.022938281298,-0.010203398332,-0.000354896456,0.27445682758,-0.004114675617,pitch_+15_cleaned.csv
-2.0,-6.0,15.0,0.0,-0.311469724712,0.017750518396,0.010172611816,-0.001641336265,0.235520007805,0.00338788737,pitch_+15_cleaned.csv
-2.0,-4.0,15.0,0.0,-0.313930347265,0.017608949915,0.006786393369,-0.001089788505,0.23787902385,0.002266456956,pitch_+15_cleaned.csv
-2.0,-2.0,15.0,0.0,-0.31542502758,0.017523825169,0.003401103826,-0.000551930969,0.239321449422,0.00113770967,pitch_+15_cleaned.csv
-2.0,0.0,15.0,0.0,-0.315956150146,0.017496049404,1.117994e-06,-2.00461e-07,0.239858080335,2.41965e-07,pitch_+15_cleaned.csv
-2.0,2.0,15.0,0.0,-0.315425584999,0.01752378419,-0.003398793212,0.000551397208,0.239321808604,-0.001137217227,pitch_+15_cleaned.csv
-2.0,4.0,15.0,0.0,-0.313931348425,0.017608877271,-0.006784089477,0.001089176605,0.237879649074,-0.002265970788,pitch_+15_cleaned.csv
-2.0,6.0,15.0,0.0,-0.311471231528,0.017750414088,-0.01017035735,0.001640669442,0.235520927349,-0.003387417584,pitch_+15_cleaned.csv
0.0,-6.0,15.0,0.0,-0.16605614345,0.014665176161,0.010028481084,-0.003638939539,0.194923120107,0.002705025846,pitch_+15_cleaned.csv
0.0,-4.0,15.0,0.0,-0.167567106743,0.014499287121,0.006689088358,-0.002425405405,0.196987749351,0.001809052623,pitch_+15_cleaned.csv
0.0,-2.0,15.0,0.0,-0.168496350654,0.014399860054,0.003360834948,-0.001222321942,0.198260531851,0.000909563459,pitch_+15_cleaned.csv
0.0,0.0,15.0,0.0,-0.168847653616,0.01436638087,6.05783e-07,-2.85091e-07,0.19875222967,1.14554e-07,pitch_+15_cleaned.csv
0.0,2.0,15.0,0.0,-0.168497367896,0.014399860054,-0.003359721507,0.001221768342,0.198261231323,-0.000909350439,pitch_+15_cleaned.csv
0.0,4.0,15.0,0.0,-0.167567858521,0.014499275945,-0.006688210855,0.002425008434,0.196988083722,-0.00180888074,pitch_+15_cleaned.csv
0.0,6.0,15.0,0.0,-0.166056893035,0.014665157534,-0.010027585115,0.003638488001,0.194923668977,-0.002704857981,pitch_+15_cleaned.csv
2.0,-6.0,15.0,0.0,-0.019917486438,0.013704717159,0.009773740271,-0.005636272985,0.152778863347,0.002068035944,pitch_+15_cleaned.csv
2.0,-4.0,15.0,0.0,-0.02051603119,0.013532958925,0.006558735264,-0.003779474929,0.154605425243,0.001390586231,pitch_+15_cleaned.csv
2.0,-2.0,15.0,0.0,-0.020838101463,0.013427682221,0.003278169395,-0.001892699149,0.1556387587,0.000696164922,pitch_+15_cleaned.csv
2.0,0.0,15.0,0.0,-0.021010001977,0.013392109424,3.70669e-07,-3.8215e-07,0.156085694274,4.8744e-08,pitch_+15_cleaned.csv
2.0,2.0,15.0,0.0,-0.02083804968,0.013427658938,-0.003277416104,0.001891921649,0.155638644598,-0.000696065182,pitch_+15_cleaned.csv
2.0,4.0,15.0,0.0,-0.020515835961,0.013532915153,-0.006557737092,0.003778342919,0.154605555126,-0.001390461495,pitch_+15_cleaned.csv
2.0,6.0,15.0,0.0,-0.019917487896,0.013704664074,-0.009773002881,0.005635526697,0.152778108914,-0.002067939933,pitch_+15_cleaned.csv
4.0,-6.0,15.0,0.0,0.126700996185,0.014879168011,0.009404299907,-0.007630303658,0.109211624789,0.001477433812,pitch_+15_cleaned.csv
4.0,-4.0,15.0,0.0,0.127053567216,0.014716794714,0.006314228797,-0.005114911232,0.110736215594,0.000995533177,pitch_+15_cleaned.csv
4.0,-2.0,15.0,0.0,0.127263939368,0.014615175314,0.003109999603,-0.002541670179,0.111653201745,0.000490204171,pitch_+15_cleaned.csv
4.0,0.0,15.0,0.0,0.127318332768,0.014583052136,-4.92313e-07,2.37547e-07,0.111981102056,-7.4443e-08,pitch_+15_cleaned.csv
4.0,2.0,15.0,0.0,0.127264541014,0.01461522188,-0.003110796827,0.002542090607,0.111653016558,-0.000490318524,pitch_+15_cleaned.csv
4.0,4.0,15.0,0.0,0.127054569752,0.014716853388,-0.006315026974,0.005115353588,0.110735742344,-0.000995645301,pitch_+15_cleaned.csv
4.0,6.0,15.0,0.0,0.12670245011,0.01487923786,-0.009405079692,0.007630737163,0.109210769544,-0.001477541823,pitch_+15_cleaned.csv
6.0,-6.0,15.0,0.0,0.273557425425,0.01818709448,0.008921190507,-0.009619227075,0.064350597256,0.000934493067,pitch_+15_cleaned.csv
6.0,-4.0,15.0,0.0,0.274862749187,0.018050868064,0.005993328154,-0.006447512264,0.065564724822,0.000632334276,pitch_+15_cleaned.csv
6.0,-2.0,15.0,0.0,0.275645447477,0.017964756116,0.002944576813,-0.003206806058,0.066296298699,0.000308005712,pitch_+15_cleaned.csv
6.0,0.0,15.0,0.0,0.275906289059,0.017938004807,-5.07536e-07,6.3081e-07,0.066541433806,-8.647e-09,pitch_+15_cleaned.csv
6.0,2.0,15.0,0.0,0.275646036487,0.017964767292,-0.002945584368,0.003208066128,0.066295591941,-0.000308021012,pitch_+15_cleaned.csv
6.0,4.0,15.0,0.0,0.274861468472,0.018050905317,-0.005994358008,0.006448694119,0.065565233574,-0.000632371173,pitch_+15_cleaned.csv
6.0,6.0,15.0,0.0,0.273556313121,0.01818712987,-0.008922123264,0.00962032262,0.064350803447,-0.000934520384,pitch_+15_cleaned.csv
8.0,-6.0,15.0,0.0,0.42040245558,0.023615460843,0.008325675353,-0.011601400669,0.018333424132,0.000440457124,pitch_+15_cleaned.csv
8.0,-4.0,15.0,0.0,0.422661857425,0.023521929979,0.005596759829,-0.007775443018,0.019230151838,0.00030184783,pitch_+15_cleaned.csv
8.0,-2.0,15.0,0.0,0.424024215774,0.02346142754,0.002744734298,-0.003869203149,0.019764978503,0.000142904193,pitch_+15_cleaned.csv
8.0,0.0,15.0,0.0,0.424474866716,0.023443054408,-8.4643e-07,1.272324e-06,0.019949715701,2.8856e-08,pitch_+15_cleaned.csv
8.0,2.0,15.0,0.0,0.42402419913,0.023461421952,-0.002746401804,0.003871744447,0.01976471451,-0.000142840916,pitch_+15_cleaned.csv
8.0,4.0,15.0,0.0,0.422661889856,0.023521926254,-0.005598360908,0.007777920518,0.019229615085,-0.00030177869,pitch_+15_cleaned.csv
8.0,6.0,15.0,0.0,0.420402481103,0.023615449667,-0.008327167806,0.011603780087,0.018332705849,-0.000440378817,pitch_+15_cleaned.csv
10.0,-6.0,15.0,0.0,0.566986641076,0.031138980761,0.007617878357,-0.013573647535,-0.028689607925,-3.862163e-06,pitch_+15_cleaned.csv
10.0,-4.0,15.0,0.0,0.570198916458,0.031104505062,0.00512458836,-0.009096491541,-0.028115709753,4.652591e-06,pitch_+15_cleaned.csv
10.0,-2.0,15.0,0.0,0.5721370334,0.031079327688,0.00250351978,-0.004528418045,-0.027777743888,-5.917896e-06,pitch_+15_cleaned.csv
10.0,0.0,15.0,0.0,0.572777884211,0.031072678044,-1.175617e-06,2.326546e-06,-0.027656210697,1.72906e-07,pitch_+15_cleaned.csv
10.0,2.0,15.0,0.0,0.572136948602,0.031079314649,-0.00250584067,0.004533045012,-0.027778018011,6.265643e-06,pitch_+15_cleaned.csv
10.0,4.0,15.0,0.0,0.57019900411,0.031104480848,-0.00512685814,0.009101102721,-0.028116488697,-4.292523e-06,pitch_+15_cleaned.csv
10.0,6.0,15.0,0.0,0.56698647096,0.031138924882,-0.007619986957,0.01357808346,-0.028690447056,4.228916e-06,pitch_+15_cleaned.csv
12.0,-6.0,15.0,0.0,0.71306262579,0.040721125901,0.006801176283,-0.015534221283,-0.076566784865,-0.000397188506,pitch_+15_cleaned.csv
12.0,-4.0,15.0,0.0,0.717223785542,0.040761526674,0.004578902728,-0.010409125927,-0.076318771405,-0.000258359175,pitch_+15_cleaned.csv
12.0,-2.0,15.0,0.0,0.719738223502,0.040781624615,0.002227126854,-0.00518396383,-0.076184120323,-0.000137171724,pitch_+15_cleaned.csv
12.0,0.0,15.0,0.0,0.720567655653,0.040789563209,-1.626265e-06,3.822927e-06,-0.076125120303,4.27319e-07,pitch_+15_cleaned.csv
12.0,2.0,15.0,0.0,0.719737843773,0.040781587362,-0.002230357007,0.005191595227,-0.076184260438,0.000138030872,pitch_+15_cleaned.csv
12.0,4.0,15.0,0.0,0.717222893949,0.040761336684,-0.004581982276,0.010416454662,-0.076323716753,0.000259210665,pitch_+15_cleaned.csv
12.0,6.0,15.0,0.0,0.713061702729,0.040720995516,-0.006804106247,0.01554154944,-0.076567374591,0.000398060575,pitch_+15_cleaned.csv
14.0,-6.0,15.0,0.0,0.858382776745,0.052313700318,0.0058793394,-0.017480849411,-0.125138313708,-0.000738300853,pitch_+15_cleaned.csv
14.0,-4.0,15.0,0.0,0.863421307557,0.05243627727,0.003898227459,-0.011683369414,-0.125109145394,-0.000494138939,pitch_+15_cleaned.csv
14.0,-2.0,15.0,0.0,0.866575826197,0.052519060671,0.001915051986,-0.005833889457,-0.125289030524,-0.000250618975,pitch_+15_cleaned.csv
14.0,0.0,15.0,0.0,0.867598921202,0.052545782179,-2.191139e-06,5.851815e-06,-0.125302296705,8.54686e-07,pitch_+15_cleaned.csv
14.0,2.0,15.0,0.0,0.866574802417,0.05251897499,-0.00191935778,0.005845448883,-0.125288852268,0.000252314189,pitch_+15_cleaned.csv
14.0,4.0,15.0,0.0,0.863419653368,0.052436109632,-0.003902316245,0.011694744116,-0.125109077327,0.0004958459,pitch_+15_cleaned.csv
14.0,6.0,15.0,0.0,0.858380421675,0.05231340602,-0.005883259675,0.017492029269,-0.125138378655,0.000740006736,pitch_+15_cleaned.csv
16.0,-6.0,15.0,0.0,1.002702465148,0.065857157111,0.004857560695,-0.019411777602,-0.174241215,-0.001025963133,pitch_+15_cleaned.csv
16.0,-4.0,15.0,0.0,1.008676462796,0.066083714366,0.003211314489,-0.012974313924,-0.174537832226,-0.000686039242,pitch_+15_cleaned.csv
16.0,-2.0,15.0,0.0,1.012402891443,0.06623121351,0.001568883817,-0.006478086203,-0.174927387625,-0.000345903409,pitch_+15_cleaned.csv
16.0,0.0,15.0,0.0,1.013612216861,0.066278845072,-2.711034e-06,8.253392e-06,-0.175004324019,1.499021e-06,pitch_+15_cleaned.csv
16.0,2.0,15.0,0.0,1.012403919069,0.066231682897,-0.001573163232,0.006494424418,-0.174926820505,0.000349113124,pitch_+15_cleaned.csv
16.0,4.0,15.0,0.0,1.00867316577,0.066083416343,-0.003215418687,0.01298880167,-0.174544584908,0.000688920501,pitch_+15_cleaned.csv
16.0,6.0,15.0,0.0,1.0026974482,0.065856650472,-0.004861543127,0.019426045025,-0.174247340834,0.001028838256,pitch_+15_cleaned.csv
18.0,-6.0,15.0,0.0,1.145790300347,0.081283144653,0.003744187101,-0.021327477495,-0.223714564692,-0.00125892885,pitch_+15_cleaned.csv
18.0,-4.0,15.0,0.0,1.152691630355,0.0816276595,0.002465023734,-0.014255428981,-0.224338327345,-0.000840801595,pitch_+15_cleaned.csv
18.0,-2.0,15.0,0.0,1.156881642762,0.081840664148,0.001262378302,-0.007154936801,-0.224788783397,-0.000416292324,pitch_+15_cleaned.csv
18.0,0.0,15.0,0.0,1.15837151464,0.081918366253,-2.001508e-06,9.135843e-06,-0.225086454472,2.225042e-06,pitch_+15_cleaned.csv
18.0,2.0,15.0,0.0,1.156879330682,0.081840440631,-0.001266230566,0.007173088578,-0.22478783711,0.000420757224,pitch_+15_cleaned.csv
18.0,4.0,15.0,0.0,1.152676814984,0.081625550985,-0.002468036119,0.014273207786,-0.224340687555,0.000845399466,pitch_+15_cleaned.csv
18.0,6.0,15.0,0.0,1.145770803372,0.081280425191,-0.003746883802,0.021344382534,-0.223713790771,0.001263426223,pitch_+15_cleaned.csv
20.0,-6.0,15.0,0.0,1.287369813813,0.098504371941,0.002540299659,-0.023220458552,-0.273372526479,-0.001436161003,pitch_+15_cleaned.csv
20.0,-4.0,15.0,0.0,1.295195337071,0.098981246352,0.001656587434,-0.015521609581,-0.274329735197,-0.000958368086,pitch_+15_cleaned.csv
20.0,-2.0,15.0,0.0,1.299951921538,0.099276021123,0.000857539454,-0.007789294947,-0.27497502965,-0.000474971938,pitch_+15_cleaned.csv
20.0,0.0,15.0,0.0,1.301636609212,0.099382691085,-2.3288e-06,1.2027056e-05,-0.275357251334,3.35319e-06,pitch_+15_cleaned.csv
20.0,2.0,15.0,0.0,1.299948156258,0.099275633693,-0.000861988559,0.007813176095,-0.274973442461,0.00048168599,pitch_+15_cleaned.csv
20.0,4.0,15.0,0.0,1.295187845289,0.09898044914,-0.001661013195,0.015545511461,-0.27432667309,0.000965104467,pitch_+15_cleaned.csv
20.0,6.0,15.0,0.0,1.287358674021,0.098503120244,-0.002544496676,0.023243983305,-0.273367231083,0.001442838333,pitch_+15_cleaned.csv
-10.0,-6.0,20.0,0.0,-0.92069761043,0.056622613221,0.009191004822,0.007352198443,0.415529832968,0.006757805383,pitch_+20_cleaned.csv
-10.0,-4.0,20.0,0.0,-0.92707561926,0.056781712919,0.006135728603,0.004927508196,0.419142395437,0.004525706735,pitch_+20_cleaned.csv
-10.0,-2.0,20.0,0.0,-0.930925718431,0.056878242642,0.003081082667,0.002466889217,0.421333773102,0.002272265859,pitch_+20_cleaned.csv
-10.0,0.0,20.0,0.0,-0.932164374367,0.056901805103,5.17052e-06,9.78298e-07,0.421983536455,1.394371e-06,pitch_+20_cleaned.csv
-10.0,2.0,20.0,0.0,-0.93092508456,0.056877866387,-0.003070825399,-0.002464909867,0.421332735865,-0.002269492851,pitch_+20_cleaned.csv
-10.0,4.0,20.0,0.0,-0.927072918115,0.056780919433,-0.006125417012,-0.004925554807,0.41913960468,-0.004522900872,pitch_+20_cleaned.csv
-10.0,6.0,20.0,0.0,-0.920693404663,0.05662149936,-0.009180790251,-0.007350260723,0.415526057913,-0.006755024488,pitch_+20_cleaned.csv
-8.0,-6.0,20.0,0.0,-0.781355828624,0.044987570494,0.009495590947,0.005387045347,0.382970138157,0.005908784073,pitch_+20_cleaned.csv
-8.0,-4.0,20.0,0.0,-0.78681711966,0.045054230839,0.00633777279,0.003614944568,0.386329708843,0.003956207228,pitch_+20_cleaned.csv
-8.0,-2.0,20.0,0.0,-0.790113041649,0.045093171299,0.00317557212,0.001812803252,0.388362751218,0.001985778412,pitch_+20_cleaned.csv
-8.0,0.0,20.0,0.0,-0.791175331812,0.045103412122,4.127423e-06,3.05885e-07,0.388972966678,1.064237e-06,pitch_+20_cleaned.csv
-8.0,2.0,20.0,0.0,-0.79011240662,0.045092925429,-0.003167145374,-0.001812358374,0.388361885068,-0.001983619087,pitch_+20_cleaned.csv
-8.0,4.0,20.0,0.0,-0.786816958172,0.045053768903,-0.006329330883,-0.003614649625,0.386328990587,-0.003954035834,pitch_+20_cleaned.csv
-8.0,6.0,20.0,0.0,-0.781355164389,0.044986825436,-0.009487215655,-0.005386803204,0.382969004466,-0.005906616294,pitch_+20_cleaned.csv
-6.0,-6.0,20.0,0.0,-0.640322648978,0.035293985158,0.00971081503,0.00341025967,0.348434049544,0.005102583995,pitch_+20_cleaned.csv
-6.0,-4.0,20.0,0.0,-0.64485900503,0.035284027457,0.006478745892,0.002290760854,0.351532389407,0.003415325071,pitch_+20_cleaned.csv
-6.0,-2.0,20.0,0.0,-0.647594748474,0.035276155919,0.003234885054,0.001142380862,0.353405374373,0.001712046633,pitch_+20_cleaned.csv
-6.0,0.0,20.0,0.0,-0.648539633571,0.035275474191,3.111899e-06,-2.11819e-07,0.354085007756,7.67288e-07,pitch_+20_cleaned.csv
-6.0,2.0,20.0,0.0,-0.647594468311,0.035275988281,-0.003229921491,-0.001140839356,0.353404723901,-0.001710761993,pitch_+20_cleaned.csv
-6.0,4.0,20.0,0.0,-0.644859555236,0.035283561796,-0.00647296298,-0.002289380011,0.351533651237,-0.003413846565,pitch_+20_cleaned.csv
-6.0,6.0,20.0,0.0,-0.640319960673,0.035293288529,-0.009704604034,-0.003410128616,0.348432407519,-0.005101010258,pitch_+20_cleaned.csv
-4.0,-6.0,20.0,0.0,-0.497810756669,0.027596117929,0.009827837121,0.001425380138,0.311982746607,0.004339273468,pitch_+20_cleaned.csv
-4.0,-4.0,20.0,0.0,-0.501413816177,0.027525622398,0.006554995799,0.000963229274,0.314811252154,0.002903496519,pitch_+20_cleaned.csv
-4.0,-2.0,20.0,0.0,-0.503592107847,0.027482829988,0.003283880323,0.000476470997,0.316530788527,0.001457049724,pitch_+20_cleaned.csv
-4.0,0.0,20.0,0.0,-0.504369129484,0.027470495552,1.866226e-06,1.86653e-07,0.317180938631,4.50435e-07,pitch_+20_cleaned.csv
-4.0,2.0,20.0,0.0,-0.503592460931,0.027482770383,-0.003280089523,-0.00047614291,0.316530854167,-0.001456134605,pitch_+20_cleaned.csv
-4.0,4.0,20.0,0.0,-0.501414627066,0.027525493875,-0.006551118153,-0.000963119502,0.314811383372,-0.002902567765,pitch_+20_cleaned.csv
-4.0,6.0,20.0,0.0,-0.497812105949,0.027595894411,-0.009823956625,-0.001425421983,0.3119829758,-0.004338353844,pitch_+20_cleaned.csv
-2.0,-6.0,20.0,0.0,-0.354064057302,0.021941909567,0.009844266924,-0.000562828333,0.273715286402,0.003620320353,pitch_+20_cleaned.csv
-2.0,-4.0,20.0,0.0,-0.356723613855,0.021826947108,0.006564293543,-0.000367000882,0.276258641556,0.002421589258,pitch_+20_cleaned.csv
-2.0,-2.0,20.0,0.0,-0.358345654587,0.021758576855,0.003293277816,-0.000191265374,0.277825775151,0.001216149596,pitch_+20_cleaned.csv
-2.0,0.0,20.0,0.0,-0.35893683823,0.02173721604,1.416969e-06,-3.28407e-07,0.278431446179,3.07994e-07,pitch_+20_cleaned.csv
-2.0,2.0,20.0,0.0,-0.35834631703,0.021758532152,-0.003290292037,0.000190380849,0.277826059498,-0.001215512453,pitch_+20_cleaned.csv
-2.0,4.0,20.0,0.0,-0.356724777745,0.021826857701,-0.006561281624,0.000365996645,0.276259085636,-0.002420952696,pitch_+20_cleaned.csv
-2.0,6.0,20.0,0.0,-0.354064022039,0.021941790357,-0.009841888942,0.000562253087,0.27371439497,-0.003619794077,pitch_+20_cleaned.csv
0.0,-6.0,20.0,0.0,-0.209304272778,0.018366906792,0.009753743013,-0.002554411448,0.233725738443,0.002945880883,pitch_+20_cleaned.csv
0.0,-4.0,20.0,0.0,-0.211019783067,0.018224440515,0.006502510154,-0.001698166434,0.235979957033,0.001969796089,pitch_+20_cleaned.csv
0.0,-2.0,20.0,0.0,-0.212083396127,0.018139608204,0.003265782318,-0.000859829246,0.237384158597,0.000990050462,pitch_+20_cleaned.csv
0.0,0.0,20.0,0.0,-0.212480477172,0.018110338598,6.4495e-07,-2.72265e-07,0.237923409049,1.28953e-07,pitch_+20_cleaned.csv
0.0,2.0,20.0,0.0,-0.212082552317,0.018139598891,-0.00326422969,0.000859048165,0.237383194456,-0.000989750585,pitch_+20_cleaned.csv
0.0,4.0,20.0,0.0,-0.211020216536,0.018224431202,-0.00650114724,0.001697501972,0.235979890973,-0.001969528134,pitch_+20_cleaned.csv
0.0,6.0,20.0,0.0,-0.209304835856,0.018366893753,-0.009752407287,0.002553789736,0.233725960426,-0.002945617819,pitch_+20_cleaned.csv
2.0,-6.0,20.0,0.0,-0.063762112114,0.016895933077,0.009554519459,-0.00454747353,0.192125415924,0.002316866844,pitch_+20_cleaned.csv
2.0,-4.0,20.0,0.0,-0.064578909843,0.016744561493,0.006418116044,-0.003052634294,0.194161392222,0.001558496859,pitch_+20_cleaned.csv
2.0,-2.0,20.0,0.0,-0.065029738064,0.016651514918,0.003202306226,-0.001528529453,0.19531621637,0.000779438538,pitch_+20_cleaned.csv
2.0,0.0,20.0,0.0,-0.065248007536,0.016619667411,5.83313e-07,-6.41501e-07,0.195811861326,7.2274e-08,pitch_+20_cleaned.csv
2.0,2.0,20.0,0.0,-0.065029608521,0.016651492566,-0.003201121049,0.001527256456,0.195316019624,-0.000779289544,pitch_+20_cleaned.csv
2.0,4.0,20.0,0.0,-0.06457783624,0.016744576395,-0.006416800011,0.00305115405,0.194161151712,-0.001558345368,pitch_+20_cleaned.csv
2.0,6.0,20.0,0.0,-0.063762065704,0.016895862296,-0.00955304449,0.004545675458,0.192126007523,-0.002316702401,pitch_+20_cleaned.csv
4.0,-6.0,20.0,0.0,0.082322181488,0.017541659996,0.009242041958,-0.006538149729,0.149037860218,0.001733786817,pitch_+20_cleaned.csv
4.0,-4.0,20.0,0.0,0.082452790557,0.01739625074,0.006212063079,-0.004386483944,0.150774788886,0.001168456225,pitch_+20_cleaned.csv
4.0,-2.0,20.0,0.0,0.082520345801,0.017303997651,0.00304367664,-0.002172402795,0.151833868449,0.000574218551,pitch_+20_cleaned.csv
4.0,0.0,20.0,0.0,0.082541309285,0.01727565378,-7.64936e-07,3.52788e-07,0.15218796348,-1.19853e-07,pitch_+20_cleaned.csv
4.0,2.0,20.0,0.0,0.082518047552,0.017304038629,-0.003044235639,0.002172132059,0.151836704241,-0.000574351763,pitch_+20_cleaned.csv
4.0,4.0,20.0,0.0,0.08244953764,0.017396304756,-0.006212486957,0.004385984285,0.150778321459,-0.001168580321,pitch_+20_cleaned.csv
4.0,6.0,20.0,0.0,0.082318492144,0.017541717738,-0.009242539448,0.006537495531,0.149042422198,-0.001733958951,pitch_+20_cleaned.csv
6.0,-6.0,20.0,0.0,0.228698388951,0.020305160433,0.008816891933,-0.008523920002,0.104595987207,0.001197944106,pitch_+20_cleaned.csv
6.0,-4.0,20.0,0.0,0.229776220687,0.020182311535,0.005929638274,-0.005716534868,0.106027780525,0.000809938114,pitch_+20_cleaned.csv
6.0,-2.0,20.0,0.0,0.230422231482,0.020103478804,0.002904310499,-0.00283448749,0.106893074016,0.000395762554,pitch_+20_cleaned.csv
6.0,0.0,20.0,0.0,0.230632428507,0.020079378039,-5.42803e-07,5.68563e-07,0.107190703179,-1.6177e-08,pitch_+20_cleaned.csv
6.0,2.0,20.0,0.0,0.230422971792,0.020103542134,-0.002905654084,0.002835706276,0.106892556387,-0.000395841242,pitch_+20_cleaned.csv
6.0,4.0,20.0,0.0,0.229777898252,0.020182391629,-0.005930929453,0.005717701786,0.106026440462,-0.0008100104,pitch_+20_cleaned.csv
6.0,6.0,20.0,0.0,0.228697524738,0.020305255428,-0.008817923657,0.008524572696,0.104596933963,-0.001198049316,pitch_+20_cleaned.csv
8.0,-6.0,20.0,0.0,0.375125796733,0.02517612651,0.008280129616,-0.010504428855,0.058931302639,0.000710416965,pitch_+20_cleaned.csv
8.0,-4.0,20.0,0.0,0.377158437008,0.025092443451,0.005572834111,-0.007043830478,0.060044727001,0.000483785008,pitch_+20_cleaned.csv
8.0,-2.0,20.0,0.0,0.378384574562,0.025037055835,0.002724749228,-0.003498852481,0.060708737522,0.000232809295,pitch_+20_cleaned.csv
8.0,0.0,20.0,0.0,0.37877896743,0.025020241737,-7.93341e-07,1.103767e-06,0.060955449349,3.6715e-08,pitch_+20_cleaned.csv
8.0,2.0,20.0,0.0,0.378384416311,0.025037042797,-0.00272631008,0.003501041858,0.060708595209,-0.000232733708,pitch_+20_cleaned.csv
8.0,4.0,20.0,0.0,0.37715831385,0.025092426687,-0.005574339426,0.007045983582,0.060044368959,-0.000483701998,pitch_+20_cleaned.csv
8.0,6.0,20.0,0.0,0.375125634313,0.025176096708,-0.008281508501,0.0105064597,0.058930836846,-0.000710326466,pitch_+20_cleaned.csv
10.0,-6.0,20.0,0.0,0.521355015929,0.032132390887,0.007632699736,-0.012476729696,0.012191130596,0.00027221164,pitch_+20_cleaned.csv
10.0,-4.0,20.0,0.0,0.52433833652,0.032104089856,0.00514112447,-0.00836494237,0.012983976676,0.000190629513,pitch_+20_cleaned.csv
10.0,-2.0,20.0,0.0,0.526139236162,0.032081857324,0.002503697036,-0.004158086866,0.013451951797,8.6100319e-05,pitch_+20_cleaned.csv
10.0,0.0,20.0,0.0,0.526734212802,0.032076478004,-1.096446e-06,2.17988e-06,0.01361647494,1.94853e-07,pitch_+20_cleaned.csv
10.0,2.0,20.0,0.0,0.526139023794,0.032081838697,-0.002505864116,0.004162421483,0.013451951794,-8.5710081e-05,pitch_+20_cleaned.csv
10.0,4.0,20.0,0.0,0.524338280974,0.032104048878,-0.005143255868,0.008369270569,0.012983491819,-0.000190229631,pitch_+20_cleaned.csv
10.0,6.0,20.0,0.0,0.521354586182,0.03213230893,-0.007634656652,0.012480873144,0.012190899693,-0.000271806779,pitch_+20_cleaned.csv
12.0,-6.0,20.0,0.0,0.667138090866,0.041140269488,0.006877117451,-0.014438597355,-0.035471071631,-0.000115502808,pitch_+20_cleaned.csv
12.0,-4.0,20.0,0.0,0.670994397331,0.041174780577,0.004565463168,-0.009646658446,-0.034881456378,-7.8008466e-05,pitch_+20_cleaned.csv
12.0,-2.0,20.0,0.0,0.67344325005,0.041203804314,0.002246856109,-0.004813396289,-0.034734211147,-4.3286733e-05,pitch_+20_cleaned.csv
12.0,0.0,20.0,0.0,0.674231675292,0.041213113815,-1.514211e-06,3.750169e-06,-0.034639175584,4.76617e-07,pitch_+20_cleaned.csv
12.0,2.0,20.0,0.0,0.673442702238,0.041203767061,-0.00224988914,0.004820943438,-0.034734035679,4.425065e-05,pitch_+20_cleaned.csv
12.0,4.0,20.0,0.0,0.670993548138,0.041174672544,-0.004568314171,0.009654005122,-0.034881475319,7.8973373e-05,pitch_+20_cleaned.csv
12.0,6.0,20.0,0.0,0.667136898768,0.04114010185,-0.006879798303,0.014445748736,-0.035471079352,0.000116466692,pitch_+20_cleaned.csv
14.0,-6.0,20.0,0.0,0.812228040072,0.052154611796,0.006016928387,-0.016387817931,-0.083896664394,-0.00045152408,pitch_+20_cleaned.csv
14.0,-4.0,20.0,0.0,0.817024255376,0.05227451399,0.003987106332,-0.010950040826,-0.083629479773,-0.000302388063,pitch_+20_cleaned.csv
14.0,-2.0,20.0,0.0,0.820048118543,0.052357044071,0.001955233043,-0.005464190916,-0.0836911139,-0.000155002057,pitch_+20_cleaned.csv
14.0,0.0,20.0,0.0,0.821024019107,0.052383605391,-1.969664e-06,5.792147e-06,-0.083659685828,9.36525e-07,pitch_+20_cleaned.csv
14.0,2.0,20.0,0.0,0.820047012172,0.052356921136,-0.001959172565,0.005475778076,-0.083690863329,0.000156870669,pitch_+20_cleaned.csv
14.0,4.0,20.0,0.0,0.817022525195,0.05227433145,-0.003990765181,0.010961320977,-0.083628910754,0.000304252195,pitch_+20_cleaned.csv
14.0,6.0,20.0,0.0,0.812225383008,0.052154291421,-0.006020482706,0.016398935505,-0.083896070929,0.000453379703,pitch_+20_cleaned.csv
16.0,-6.0,20.0,0.0,0.956380359064,0.06511875242,0.005057072945,-0.018322717802,-0.132922565933,-0.000734696151,pitch_+20_cleaned.csv
16.0,-4.0,20.0,0.0,0.962112051299,0.065339066088,0.003342603758,-0.012243912261,-0.132982699068,-0.000491089016,pitch_+20_cleaned.csv
16.0,-2.0,20.0,0.0,0.965706531951,0.06548409909,0.001629989667,-0.006109700762,-0.133251855263,-0.000248662851,pitch_+20_cleaned.csv
16.0,0.0,20.0,0.0,0.966870685303,0.065531015396,-2.448671e-06,8.285398e-06,-0.13328863077,1.604238e-06,pitch_+20_cleaned.csv
16.0,2.0,20.0,0.0,0.965693734303,0.065482772887,-0.001634871463,0.006127085317,-0.133249506576,0.000251994199,pitch_+20_cleaned.csv
16.0,4.0,20.0,0.0,0.962108730595,0.06533870101,-0.003347204461,0.012260212519,-0.132981493962,0.0004943012,pitch_+20_cleaned.csv
16.0,6.0,20.0,0.0,0.956375382201,0.065118171275,-0.005061486092,0.018338768855,-0.132920821001,0.000737893575,pitch_+20_cleaned.csv
18.0,-6.0,20.0,0.0,1.099352727565,0.07996558398,0.004003268219,-0.020241117499,-0.182380497404,-0.000963704202,pitch_+20_cleaned.csv
18.0,-4.0,20.0,0.0,1.106013218404,0.080300398171,0.002634677351,-0.013526651984,-0.182770186825,-0.000643422012,pitch_+20_cleaned.csv
18.0,-2.0,20.0,0.0,1.110072313942,0.080510094762,0.00135080502,-0.006791092951,-0.183082247825,-0.000316850548,pitch_+20_cleaned.csv
18.0,0.0,20.0,0.0,1.111526322075,0.080587215722,-2.918754e-06,1.1299326e-05,-0.183355633391,2.557234e-06,pitch_+20_cleaned.csv
18.0,2.0,20.0,0.0,1.110069547451,0.080509759486,-0.00135653922,0.006813679153,-0.183081405363,0.000321991807,pitch_+20_cleaned.csv
18.0,4.0,20.0,0.0,1.106007065824,0.080299675465,-0.002640189802,0.013548999184,-0.182767528703,0.000648557102,pitch_+20_cleaned.csv
18.0,6.0,20.0,0.0,1.099344291547,0.079964600503,-0.004008806079,0.020263310685,-0.182377027423,0.000968797067,pitch_+20_cleaned.csv
20.0,-6.0,20.0,0.0,1.240905431271,0.096616707742,0.002861648855,-0.022141106451,-0.232095781779,-0.001137494568,pitch_+20_cleaned.csv
20.0,-4.0,20.0,0.0,1.248485480792,0.097079604864,0.001867899313,-0.01479666802,-0.232814807809,-0.000758505307,pitch_+20_cleaned.csv
20.0,-2.0,20.0,0.0,1.253103046898,0.097367912531,0.000967074986,-0.007427402959,-0.23333124773,-0.000374171741,pitch_+20_cleaned.csv
20.0,0.0,20.0,0.0,1.254746134994,0.097472019494,-3.369058e-06,1.4920287e-05,-0.233678362015,3.873521e-06,pitch_+20_cleaned.csv
20.0,2.0,20.0,0.0,1.253098024208,0.097367331386,-0.000973571627,0.007457114252,-0.233328970635,0.000381946099,pitch_+20_cleaned.csv
20.0,4.0,20.0,0.0,1.248475950659,0.097078360617,-0.001874368362,0.014826371352,-0.232810863852,0.000766292442,pitch_+20_cleaned.csv
20.0,6.0,20.0,0.0,1.240891910444,0.096614971757,-0.002868060902,0.022170436853,-0.232089860898,0.001145207057,pitch_+20_cleaned.csv
