alpha_deg,beta_deg,deltaS_deg,deltaD_deg,CL,CD,CY,Cl,Cm,Cn,L_Nm,M_Nm,N_Nm,p_dot,q_dot,r_dot,V,qbar,alpha_eff_deg,beta_eff_deg
-10.0,-6.0,-20.0,-10.0,-0.5247446298599243,0.03742421430826187,0.02342415601015091,0.025893857702612877,0.0727543830871582,-0.009274725802242756,6.1818584814227,1.7043592184632919,-2.214233314400226,7.727323101778375,14.2029934871941,-12.301296191112366,20.223748416156692,250.5125000000002,-9.999999999999998,-6.0
-10.0,-6.0,-20.0,-5.0,-0.5225052833557129,0.038226602723002434,0.018202144652605057,0.01489672064781189,0.07544554769992828,-0.00764092244207859,3.5564194389145847,1.7674029970172533,-1.8241816938574673,4.445524298643231,14.728358308477112,-10.134342743652596,20.223748416156692,250.5125000000002,-9.999999999999998,-6.0
-10.0,-6.0,-20.0,0.0,-0.5275129079818726,0.04020224337756634,0.012435494922101498,0.002399071352556348,0.08568570017814636,-0.005911616608500481,0.5727504861835307,2.0072909258835114,-1.4113299644220398,0.7159381077294135,16.727424382362596,-7.840722024566888,20.223748416156692,250.5125000000002,-9.999999999999998,-6.0
-10.0,-6.0,-20.0,5.0,-0.5422670841217041,0.042697861914634705,0.006139043718576431,-0.011145411059260368,0.10379977524280548,-0.004102788399904966,-2.660837742947766,2.4316349930086876,-0.9794931894167276,-3.3260471786847075,20.263624941739064,-5.441628830092931,20.223748416156692,250.5125000000002,-9.999999999999998,-6.0
-10.0,-6.0,-20.0,10.0,-0.5648565888404846,0.04546058935403824,-0.000392157060559839,-0.024752918630838394,0.12764684855937958,-0.0022815773263573647,-5.909472498668036,2.9902814623462453,-0.5447001488905521,-7.386840623335045,24.919012186218712,-3.026111938280845,20.223748416156692,250.5125000000002,-9.999999999999998,-6.0
-10.0,-6.0,-10.0,-10.0,-0.6195242404937744,0.04050501634657383,0.02439243718981743,0.02404819056391716,0.15097230672836304,-0.009667917154729366,5.741226838727067,3.536708467404638,-2.3081031937016077,7.176533548408833,29.472570561705318,-12.822795520564487,20.223748416156692,250.5125000000002,-9.999999999999998,-6.0
-10.0,-6.0,-10.0,-5.0,-0.6251352429389954,0.039789294947981835,0.018360037356615067,0.012534030713140965,0.1568698137998581,-0.007807640824466944,2.992354594681519,3.6748646872328457,-1.8639837758034308,3.7404432433518986,30.623872393607048,-10.355465421130171,20.223748416156692,250.5125000000002,-9.999999999999998,-6.0
-10.0,-6.0,-10.0,0.0,-0.634831964969635,0.04055035126686096,0.011953698471188545,-7.465659450645035e-07,0.16648292541503906,-0.0058942087925970554,-0.0001782339685512619,3.9000634272155943,-1.4071740500881638,-0.00022279246068907736,32.50052856012996,-7.817633611600909,20.223748416156692,250.5125000000002,-9.999999999999998,-6.0
-10.0,-6.0,-10.0,5.0,-0.6472718715667725,0.04246399936556816,0.0052770404145121574,-0.013172672130167484,0.17890813946723938,-0.003955356311053038,-3.1448228327391807,4.191139060224228,-0.9442954865726592,-3.931028540923976,34.9261588352019,-5.246086036514773,20.223748416156692,250.5125000000002,-9.999999999999998,-6.0
-10.0,-6.0,-10.0,10.0,-0.6602669358253479,0.04526790616393089,-0.0014201945159584284,-0.02625003270804882,0.1927671730518341,-0.00205738446675241,-6.2668911367926565,4.515803646007317,-0.4911767014946298,-7.833613920990821,37.63169705006098,-2.7287594527479433,20.223748416156692,250.5125000000002,-9.999999999999998,-6.0
-10.0,-6.0,0.0,-10.0,-0.7316932082176208,0.047589615111351014,0.02444705367088318,0.021560395136475563,0.24373430013656616,-0.01011606678366661,5.147294507754901,5.709770101353234,-2.4150937246765496,6.434118134693626,47.58141751127695,-13.417187359314164,20.223748416156692,250.5125000000002,-9.999999999999998,-6.0
-10.0,-6.0,0.0,-5.0,-0.7363941073417664,0.0460681320476532,0.01786060631275177,0.009550690650939941,0.2500118315219879,-0.00806256104260683,2.280116724283995,5.856828849320608,-1.924843023996301,2.850145905354994,48.80690707767174,-10.693572355535006,20.223748416156692,250.5125000000002,-9.999999999999998,-6.0
-10.0,-6.0,0.0,0.0,-0.7406793236732483,0.04575241742014885,0.011123724281787872,-0.002735704183578491,0.25509023666381836,-0.0060179270803928375,-0.653117673857138,5.975796618014367,-1.436710357713747,-0.8163970923214225,49.798305150119724,-7.9817242095208165,20.223748416156692,250.5125000000002,-9.999999999999998,-6.0
-10.0,-6.0,0.0,5.0,-0.7434256672859192,0.046591736500263214,0.004409002605825663,-0.015041067264974117,0.25890684127807617,-0.004025748465210199,-3.5908805211456403,6.065205186701522,-0.9611007977085952,-4.4886006514320504,50.543376555846024,-5.339448876158862,20.223748416156692,250.5125000000002,-9.999999999999998,-6.0
-10.0,-6.0,0.0,10.0,-0.7442638278007507,0.04842370388388634,-0.0021638828329741955,-0.027067173272371292,0.26151925325393677,-0.002116522518917918,-6.461973977908357,6.12640408970298,-0.5052952261869654,-8.077467472385447,51.053367414191506,-2.8071957010386965,20.223748416156692,250.5125000000002,-9.999999999999998,-6.0
-10.0,-6.0,10.0,-10.0,-0.8366290926933289,0.05712332216382027,0.023181572556495667,0.018819252029061317,0.33519694209098816,-0.010452235117554665,4.492878353855506,7.852392859535095,-2.4953500190417532,5.616097942319382,65.43660716279246,-13.863055661343074,20.223748416156692,250.5125000000002,-9.999999999999998,-6.0
-10.0,-6.0,10.0,-5.0,-0.8388738036155701,0.0561277867603302,0.016644800081849098,0.006510883569717407,0.3416661024093628,-0.008369515649974346,1.5543980074066681,8.003940746500612,-1.9981248796687825,1.9429975092583351,66.69950622083844,-11.10069377593768,20.223748416156692,250.5125000000002,-9.999999999999998,-6.0
-10.0,-6.0,10.0,0.0,-0.8366221785545349,0.05527761218428612,0.010118618607521057,-0.005381944123655558,0.3424749970436096,-0.006305961403995752,-1.2848767962452325,8.022890079422487,-1.5054752148762183,-1.6060959953065406,66.85741732852073,-8.363751193756768,20.223748416156692,250.5125000000002,-9.999999999999998,-6.0
-10.0,-6.0,10.0,5.0,-0.8301348090171814,0.05481671554327011,0.0037595792673528194,-0.016721293330192566,0.338713139295578,-0.004323308821767569,-3.9920150245970145,7.934764022141176,-1.0321398848560355,-4.990018780746269,66.12303351784314,-5.734110471422419,20.223748416156692,250.5125000000002,-9.999999999999998,-6.0
-10.0,-6.0,10.0,10.0,-0.8212452530860901,0.05487641704559326,-0.002419585594907403,-0.027545325458049774,0.3319295346736908,-0.0024360253009945154,-6.576127271650644,7.775849897917583,-0.5815728131692657,-8.220159089563305,64.7987491493132,-3.230960073162587,20.223748416156692,250.5125000000002,-9.999999999999998,-6.0
-10.0,-6.0,20.0,-10.0,-0.9050828814506531,0.06659447414159775,0.020783113315701485,0.016014480963349342,0.40851855278015137,-0.010433418676257133,3.823271762201496,9.570040069063968,-2.4908578117174813,4.77908970275187,79.7503339088664,-13.838098953986007,20.223748416156692,250.5125000000002,-9.999999999999998,-6.0
-10.0,-6.0,20.0,-5.0,-0.9113700985908508,0.06690987584471703,0.014882487244904041,0.004018131643533707,0.41579777002334595,-0.008550651371479034,0.9592823697932538,9.740564517010602,-2.041368934267854,1.1991029622415672,81.17137097508837,-11.3409385237103,20.223748416156692,250.5125000000002,-9.999999999999998,-6.0
-10.0,-6.0,20.0,0.0,-0.9128836989402771,0.06615056482434273,0.009106287732720375,-0.007218251936137676,0.4163442850112915,-0.006656502839177847,-1.7232740082585616,9.75336729009738,-1.5891629206270632,-2.154092510323202,81.2780607508115,-8.828682892372573,20.223748416156692,250.5125000000002,-9.999999999999998,-6.0
-10.0,-6.0,20.0,5.0,-0.9079491496086121,0.06476931286334991,0.003484459826722741,-0.01768486760556698,0.41072389483451843,-0.004796252585947514,-4.22205721742574,9.621702867932353,-1.14504972831813,-5.277571521782175,80.18085723276961,-6.3613873795451665,20.223748416156692,250.5125000000002,-9.999999999999998,-6.0
-10.0,-6.0,20.0,10.0,-0.897707998752594,0.06316852209448814,-0.0020507669541984797,-0.027544891461730003,0.4002676010131836,-0.002986432518810034,-6.5760236600582305,9.376751567280083,-0.7129761585790844,-8.220029575072788,78.13959639400069,-3.960978658772691,20.223748416156692,250.5125000000002,-9.999999999999998,-6.0
-10.0,-4.0,-20.0,-10.0,-0.5313677787780762,0.037483355154395104,0.019384117797017097,0.025271369144320488,0.07171979546546936,-0.007389573380351067,6.033246551216559,1.6801227549608657,-1.764175017877273,7.541558189020698,14.001022958007216,-9.800972321540405,20.22374841615669,250.5125000000001,-10.0,-4.0
-10.0,-4.0,-20.0,-5.0,-0.5287262201309204,0.03823222977399826,0.01407094206660986,0.014030965976417065,0.07394294440746307,-0.005708746146410704,3.349730543051324,1.7322027016599493,-1.3628969923595846,4.187163178814155,14.435022513832912,-7.571649957553247,20.22374841615669,250.5125000000001,-10.0,-4.0
-10.0,-4.0,-20.0,0.0,-0.5343990921974182,0.04003659089386463,0.0082361726090312,0.0014168987981975079,0.08431343734264374,-0.003937730565667152,0.33826816975483104,1.9751440130158477,-0.9400875441001033,0.4228352121935388,16.459533441798733,-5.222708578333907,20.22374841615669,250.5125000000001,-10.0,-4.0
-10.0,-4.0,-20.0,5.0,-0.5496373772621155,0.04240972561120987,0.0019225346622988582,-0.012114135548472404,0.10252882540225983,-0.002094229683279991,-2.89210948965212,2.401861459304972,-0.4999730699966431,-3.6151368620651496,20.015512160874767,-2.777628166648017,20.22374841615669,250.5125000000001,-10.0,-4.0
-10.0,-4.0,-20.0,10.0,-0.5711353421211243,0.045249641065597535,-0.004526167642325163,-0.02557457983493805,0.12574762105941772,-0.0002560889988671988,-6.105634590147624,2.945789766311365,-0.06113828104826937,-7.63204323768453,24.54824805259471,-0.3396571169348298,20.22374841615669,250.5125000000001,-10.0,-4.0
-10.0,-4.0,-10.0,-10.0,-0.6267022490501404,0.040596220766305924,0.020436707884073257,0.024060619994997978,0.15304464101791382,-0.0077383737079799175,5.744194221371577,3.585255398878197,-1.847447054374865,7.180242776714472,29.87712832398498,-10.263594746527026,20.22374841615669,250.5125000000001,-10.0,-4.0
-10.0,-4.0,-10.0,-5.0,-0.6316953897476196,0.03979874600946903,0.014343666844069958,0.012372850440442562,0.15755274891853333,-0.005855971947312355,2.9538746722511844,3.6908632665037597,-1.3980454463458858,3.6923433403139807,30.757193887531333,-7.766919146366032,20.22374841615669,250.5125000000001,-10.0,-4.0
-10.0,-4.0,-10.0,0.0,-0.6410958766937256,0.04039101315021515,0.007903141900897026,-0.00023487881117034703,0.16635873913764954,-0.003920540679246187,-0.05607459450869594,3.897154213808864,-0.9359836579049068,-0.07009324313586993,32.47628511507387,-5.199909210582815,20.22374841615669,250.5125000000001,-10.0,-4.0
-10.0,-4.0,-10.0,5.0,-0.6529895663261414,0.04217100900888443,0.001209592679515481,-0.01341777853667736,0.17818184196949005,-0.0019556786864995956,-3.2033391471229273,4.174124664896966,-0.4668956249749988,-4.004173933903659,34.78437220747472,-2.5938645831944376,20.22374841615669,250.5125000000001,-10.0,-4.0
-10.0,-4.0,-10.0,10.0,-0.6647360920906067,0.04498972011089325,-0.00545158889144659,-0.02644382044672966,0.1912308782339096,-3.655991895357147e-05,-6.313155713887283,4.47981408600967,-0.008728257012104317,-7.891444642359104,37.331784050080586,-0.048490316733912874,20.22374841615669,250.5125000000001,-10.0,-4.0
-10.0,-4.0,0.0,-10.0,-0.7369781136512756,0.04764340085268021,0.020731275901198387,0.022295771166682243,0.24825400114059448,-0.008097362704575062,5.322857013796994,5.815649551415852,-1.9331515175269576,6.653571267246242,48.46374626179877,-10.739730652927541,20.22374841615669,250.5125000000001,-10.0,-4.0
-10.0,-4.0,0.0,-5.0,-0.7419437766075134,0.04600282770872116,0.014096744358539581,0.010181937366724014,0.2525367736816406,-0.006043655332177877,2.4308195631061227,5.915978666325244,-1.4428526797013073,3.0385244538826535,49.299822219377035,-8.015848220562818,20.22374841615669,250.5125000000001,-10.0,-4.0
-10.0,-4.0,0.0,0.0,-0.7460270524024963,0.04554840562224388,0.007338047027587891,-0.0021340723615139723,0.2561095952987671,-0.004001437220722437,-0.5094850477479721,5.999676324125179,-0.955296769793687,-0.6368563096849651,49.99730270104316,-5.3072042766315946,20.22374841615669,250.5125000000001,-10.0,-4.0
-10.0,-4.0,0.0,5.0,-0.7481246590614319,0.04627189425110817,0.0005799551727250218,-0.014465434476733208,0.2587392330169678,-0.001994904363527894,-3.4534548630980555,6.061278760927715,-0.4762603008379725,-4.316818578872569,50.5106563410643,-2.645890560210958,20.22374841615669,250.5125000000001,-10.0,-4.0
-10.0,-4.0,0.0,10.0,-0.7481032013893127,0.04807894316792488,-0.006037920713424683,-0.02652343176305294,0.2603132426738739,-5.707411401090212e-05,-6.3321619931633375,6.098151836540004,-0.013625783373806785,-7.915202491454172,50.8179319711667,-0.0756987965211488,20.22374841615669,250.5125000000001,-10.0,-4.0
-10.0,-4.0,10.0,-10.0,-0.8394131064414978,0.05725546566128731,0.01980341412127018,0.020289165899157524,0.3405579924583435,-0.008330341428518295,4.843803257714004,7.977981933712272,-1.988772488227441,6.054754072142505,66.4831827809356,-11.048736045708004,20.22374841615669,250.5125000000001,-10.0,-4.0
-10.0,-4.0,10.0,-5.0,-0.8433485627174377,0.05615687010169029,0.013221211731433868,0.00796746090054512,0.34503987431526184,-0.0062498715706169605,1.902138967051963,8.082975424616471,-1.4920844170979755,2.377673708814954,67.3581285384706,-8.28935787276653,20.22374841615669,250.5125000000001,-10.0,-4.0
-10.0,-4.0,10.0,0.0,-0.8417964577674866,0.055282194291353226,0.006659758277237415,-0.003935065120458603,0.34428074955940247,-0.004202994517982006,-0.9394511999424086,8.065192011154458,-1.0034162389692272,-1.1743139999280108,67.20993342628717,-5.5745346609401505,20.22374841615669,250.5125000000001,-10.0,-4.0
-10.0,-4.0,10.0,5.0,-0.8354541659355164,0.054817773525714875,0.00021549747907556593,-0.015333597548305988,0.3392484486103058,-0.002216688357293606,-3.6607187365964653,7.947304288810641,-0.5292086594275085,-4.575898420745582,66.22753574008868,-2.9400481079306027,20.22374841615669,250.5125000000001,-10.0,-4.0
-10.0,-4.0,10.0,10.0,-0.8265940546989441,0.05488591653585434,-0.006090356502681971,-0.026267502456903458,0.3313870131969452,-0.0002971990325022489,-6.271061836900984,7.763140677649737,-0.07095282521612283,-7.8388272961262295,64.69283898041448,-0.39418236231179343,20.22374841615669,250.5125000000001,-10.0,-4.0
-10.0,-4.0,20.0,-10.0,-0.9061049818992615,0.06695579749822617,0.017757849767804146,0.018108554184436798,0.4131527245044708,-0.00826209131628275,4.323207478662675,9.678601133884262,-1.9724785647793797,5.404009348328343,80.65500944903553,-10.95821424877433,20.22374841615669,250.5125000000001,-10.0,-4.0
-10.0,-4.0,20.0,-5.0,-0.9149684309959412,0.06723727298259735,0.011808943003416061,0.006190099753439426,0.4189910590648651,-0.006360762286931276,1.4778145883527707,9.815371166234893,-1.5185582906718431,1.8472682354409633,81.79475971862412,-8.436434948176906,20.22374841615669,250.5125000000001,-10.0,-4.0
-10.0,-4.0,20.0,0.0,-0.9182104468345642,0.06659761456131935,0.005967981647700071,-0.005057845264673233,0.41851043701171875,-0.004469625186175108,-1.2075019491587304,9.804112014660541,-1.0670712214174627,-1.5093774364484132,81.70093345550451,-5.928173452319237,20.22374841615669,250.5125000000001,-10.0,-4.0
-10.0,-4.0,20.0,5.0,-0.9147064089775085,0.06536582124710083,0.0002267099334858358,-0.015628810971975327,0.41210636496543884,-0.002601417014375329,-3.731197520711973,9.654088899012589,-0.621058168262456,-4.663996900889966,80.45074082510492,-3.4503231570136443,20.22374841615669,250.5125000000001,-10.0,-4.0
-10.0,-4.0,20.0,10.0,-0.9057949185371399,0.06385680673003197,-0.005482121836394072,-0.025671517476439476,0.4009373188018799,-0.000756719324272126,-6.128777328791169,9.392440514646536,-0.18065797018480015,-7.660971660988961,78.27033762205447,-1.0036553899155563,20.22374841615669,250.5125000000001,-10.0,-4.0
-10.0,-2.0,-20.0,-10.0,-0.5371561050415039,0.03763435793399811,0.015397468581795692,0.024664323776960373,0.07213018834590912,-0.005473660305142403,5.888321503897526,1.6897367034171569,-1.3067729718139633,7.360401879871907,14.081139195142974,-7.259849843410907,20.22374841615669,250.5125000000001,-10.000000000000002,-2.0000000000000004
-10.0,-2.0,-20.0,-5.0,-0.5341120958328247,0.038263224189281464,0.009980158880352974,0.01320814061909914,0.07400138676166534,-0.003758894046768546,3.1532905234804973,1.7335717843310787,-0.8973923974812238,3.9416131543506214,14.446431536092323,-4.985513319340132,20.22374841615669,250.5125000000001,-10.000000000000002,-2.0000000000000004
-10.0,-2.0,-20.0,0.0,-0.5394166111946106,0.039959883441329,0.004064919892698526,0.0004942537052556872,0.08409903943538666,-0.0019520322093740106,0.11799734496498572,1.9701214833187009,-0.4660250708148191,0.14749668120623216,16.41767902765584,-2.5890281711934393,20.22374841615669,250.5125000000001,-10.000000000000002,-2.0000000000000004
-10.0,-2.0,-20.0,5.0,-0.5533986687660217,0.04235473660111427,-0.002243439666926861,-0.012987088412046432,0.10161790251731873,-8.838062785798684e-05,-3.1005168704891126,2.3805219914903852,-0.02109985079056906,-3.8756460881113908,19.83768326241988,-0.11722139328093922,20.22374841615669,250.5125000000001,-10.000000000000002,-2.0000000000000004
-10.0,-2.0,-20.0,10.0,-0.5721340775489807,0.04536630225658417,-0.008555807173252106,-0.026248130947351456,0.12332697212696075,0.0017406090628355742,-6.2664371134628105,2.8890831440071953,0.4155502444444779,-7.833046391828513,24.07569286672663,2.3086124691359884,20.22374841615669,250.5125000000001,-10.000000000000002,-2.0000000000000004
-10.0,-2.0,-10.0,-10.0,-0.6332988142967224,0.04075339262664318,0.01650836504995823,0.02408774010837078,0.15593886375427246,-0.005788817070424557,5.750668834185021,3.6530560590128527,-1.38201299764606,7.188336042731276,30.442133825107106,-7.677849986922555,20.22374841615669,250.5125000000001,-10.000000000000002,-2.0000000000000004
-10.0,-2.0,-10.0,-5.0,-0.6370261311531067,0.039819035803079605,0.010363921523094177,0.012282191775739193,0.15919315814971924,-0.0038981949910521507,2.932230966560532,3.7292918322696824,-0.9306488837792425,3.665288708200665,31.077431935580687,-5.170271576551347,20.22374841615669,250.5125000000001,-10.000000000000002,-2.0000000000000004
-10.0,-2.0,-10.0,0.0,-0.6446007490158081,0.04029429343819618,0.0038845681119710207,-0.0003689098812174052,0.1668323278427124,-0.0019437646260485053,-0.08807295939740692,3.908248600717031,-0.4640512810964765,-0.11009119924675864,32.568738339308595,-2.5780626727582026,20.22374841615669,250.5125000000001,-10.000000000000002,-2.0000000000000004
-10.0,-2.0,-10.0,5.0,-0.6542136073112488,0.04205051821947098,-0.0028054267168045044,-0.013525145128369331,0.17745697498321533,3.6469369661062956e-05,-3.228971676779004,4.157143781027234,0.008706639417757837,-4.036214595973755,34.64286484189362,0.04837021898754354,20.22374841615669,250.5125000000001,-10.000000000000002,-2.0000000000000004
-10.0,-2.0,-10.0,10.0,-0.6634519696235657,0.04495679972052574,-0.009380078874528408,-0.026442361995577812,0.18910938501358032,0.0019560426007956266,-6.3128075255745815,4.430115547261235,0.46698250529631935,-7.891009406968227,36.9176295605103,2.5943472516462185,20.22374841615669,250.5125000000001,-10.000000000000002,-2.0000000000000004
-10.0,-2.0,0.0,-10.0,-0.7423295378684998,0.04778052133798599,0.01699874922633171,0.02303214743733406,0.25286081433296204,-0.006052710115909576,5.498658315655079,5.923569709610909,-1.4450144043949438,6.873322894568848,49.36308091342425,-8.027857802194132,20.22374841615669,250.5125000000001,-10.000000000000002,-2.0000000000000004
-10.0,-2.0,0.0,-5.0,-0.746523916721344,0.04600911972403526,0.010352853685617447,0.010912693105638027,0.255473256111145,-0.004019161686301231,2.6052790281397185,5.984769310767732,-0.9595282805683794,3.2565987851746483,49.87307758973111,-5.3307126698243295,20.22374841615669,250.5125000000001,-10.000000000000002,-2.0000000000000004
-10.0,-2.0,0.0,0.0,-0.7486762404441833,0.04543590558052063,0.003576163901016116,-0.0013736708788201213,0.25733450055122375,-0.0019796069245785475,-0.32794800490699577,6.028371207789681,-0.47260821454788987,-0.40993500613374473,50.23642673158068,-2.6256011919327213,20.22374841615669,250.5125000000001,-10.000000000000002,-2.0000000000000004
-10.0,-2.0,0.0,5.0,-0.7483964562416077,0.04607573536515236,-0.003213542513549328,-0.013683040626347065,0.2583601772785187,3.937690780730918e-05,-3.2666673973071054,6.052398922837917,0.009400780459075853,-4.083334246633882,50.43665769031598,0.052226558105976956,20.22374841615669,250.5125000000001,-10.000000000000002,-2.0000000000000004
-10.0,-2.0,0.0,10.0,-0.7463775277137756,0.04786931363224983,-0.009837867692112923,-0.025713898241519928,0.2585386633872986,0.0019955262541770935,-6.138895245367012,6.056580175320014,0.476408770024311,-7.673619056708764,50.471501461000116,2.64671538902395,20.22374841615669,250.5125000000001,-10.000000000000002,-2.0000000000000004
-10.0,-2.0,10.0,-10.0,-0.8427634835243225,0.057415008668899536,0.01637193188071251,0.0217560026794672,0.34527552127838135,-0.006148109212517738,5.193993542041748,8.088495739088994,-1.4677898332731105,6.4924919275521855,67.40413115907496,-8.154387962628391,20.22374841615669,250.5125000000001,-10.000000000000002,-2.0000000000000004
-10.0,-2.0,10.0,-5.0,-0.8471319079399109,0.0562166833627224,0.009802334010601044,0.009548857808113098,0.3483160734176636,-0.004103806801140308,2.2796791542971517,8.159724342066712,-0.9797363209109408,2.84959894287144,67.99770285055594,-5.442979560616338,20.22374841615669,250.5125000000001,-10.000000000000002,-2.0000000000000004
-10.0,-2.0,10.0,0.0,-0.8447372317314148,0.055291328703165055,0.003219078993424773,-0.0022682328708469868,0.3460364043712616,-0.0020774283912032843,-0.5415143147663274,8.106320343717554,-0.49596195619830125,-0.6768928934579093,67.55266953097963,-2.7553442011016736,20.22374841615669,250.5125000000001,-10.000000000000002,-2.0000000000000004
-10.0,-2.0,10.0,5.0,-0.8370196223258972,0.05477379274845123,-0.003308655461296439,-0.013652688823640347,0.33950430154800415,-8.220561721827835e-05,-3.25942125611239,7.953297952620761,-0.019625638553274448,-4.074276570140488,66.27748293850635,-0.10903132529596915,20.22374841615669,250.5125000000001,-10.000000000000002,-2.0000000000000004
-10.0,-2.0,10.0,10.0,-0.8271070122718811,0.05478871998667717,-0.009724107570946217,-0.024632634595036507,0.3303692638874054,0.001871901098638773,-5.880756078911598,7.739298671928641,0.44689469664602677,-7.350945098639498,64.49415559940535,2.4827483147001486,20.22374841615669,250.5125000000001,-10.000000000000002,-2.0000000000000004
-10.0,-2.0,20.0,-10.0,-0.9084532856941223,0.06707289454817772,0.01467493362724781,0.02020762860774994,0.41675955057144165,-0.005981741938740015,4.824337174203808,9.763095386955875,-1.428071574439464,6.03042146775476,81.3591282246323,-7.933730969108134,20.22374841615669,250.5125000000001,-10.000000000000002,-2.0000000000000004
-10.0,-2.0,20.0,-5.0,-0.9185227751731873,0.06729933631896973,0.00873936340212822,0.00849709939211607,0.42173436284065247,-0.004103035666048527,2.0285840197285063,9.879636367600249,-0.9795522213433058,2.5357300246606327,82.3303030633354,-5.4419567852405875,20.22374841615669,250.5125000000001,-10.000000000000002,-2.0000000000000004
-10.0,-2.0,20.0,0.0,-0.9221614003181458,0.06673612085461617,0.0028537351172417402,-0.0026496851351112127,0.42045050859451294,-0.002226463286206126,-0.6325816227812991,9.849560532623407,-0.531542310438384,-0.7907270284766239,82.07967110519506,-2.9530128357687997,20.22374841615669,250.5125000000001,-10.000000000000002,-2.0000000000000004
-10.0,-2.0,20.0,5.0,-0.9188246130943298,0.0655891971039772,-0.0030108345672488213,-0.013233473524451256,0.4132218360900879,-0.0003451807424426079,-3.159338461088274,9.680220156176128,-0.08240790247631961,-3.949173076360343,80.66850130146774,-0.45782168042399785,20.22374841615669,250.5125000000001,-10.000000000000002,-2.0000000000000004
-10.0,-2.0,20.0,10.0,-0.9102597832679749,0.0640938395011425,-0.008899296633899212,-0.02338966354727745,0.4012831151485443,0.0015453860396519303,-5.58401114418614,9.400541211348788,0.36894300980616407,-6.9800139302326745,78.33784342790658,2.0496833878120224,20.22374841615669,250.5125000000001,-10.000000000000002,-2.0000000000000004
-10.0,0.0,-20.0,-10.0,-0.5413055419921875,0.03782975686073303,0.0114132110029459,0.02411431446671486,0.07398869097232819,-0.0035169196780771017,5.757013154309294,1.73327437014551,-0.839623820834139,7.196266442886618,14.443953084545917,-4.664576782411883,20.223748416156692,250.5125000000002,-10.0,0.0
-10.0,0.0,-20.0,-5.0,-0.5373824834823608,0.0383752771961689,0.005862121004611254,0.012439421378076077,0.07527120411396027,-0.0017727542435750365,2.969767712220447,1.7633187881309165,-0.42322453386374287,3.712209640275559,14.694323234424305,-2.351247410354127,20.223748416156692,250.5125000000002,-10.0,0.0
-10.0,0.0,-20.0,0.0,-0.541418194770813,0.0400735960650444,-0.00013224092253949493,-0.0003770346229430288,0.08456192910671234,5.250483809504658e-05,-0.09001264733895484,1.9809652324507674,0.012534921695380953,-0.11251580917369355,16.508043603756395,0.06963845386322752,20.223748416156692,250.5125000000002,-10.0,0.0
-10.0,0.0,-20.0,5.0,-0.5531039237976074,0.04258843896269798,-0.006391061469912529,-0.01378402765840292,0.10064336657524109,0.0019026503432542086,-3.290776881023208,2.35769231104881,0.4542357224910902,-4.11347110127901,19.64743592540675,2.5235317916171676,20.223748416156692,250.5125000000002,-10.0,0.0
-10.0,0.0,-20.0,10.0,-0.5684134364128113,0.045774661128520966,-0.012509203515946865,-0.026819651946425438,0.12015928328037262,0.0036855468060821295,-6.402881129492149,2.8148762102415965,0.8798815936784936,-8.003601411865187,23.457301752013304,4.888231075991631,20.223748416156692,250.5125000000002,-10.0,0.0
-10.0,0.0,-10.0,-10.0,-0.6382601261138916,0.040899504100084305,0.012578974477946758,0.024193676188588142,0.15963739156723022,-0.003809991292655468,5.775959845802588,3.739698536143143,-0.90959127284739,7.2199498072532355,31.164154467859525,-5.053284849152167,20.223748416156692,250.5125000000002,-10.0,0.0
-10.0,0.0,-10.0,-5.0,-0.6396042108535767,0.03987158288538456,0.006366490852087736,0.012285929173231125,0.16142359375953674,-0.0019125997787341475,2.9331232269046383,3.781542477955555,-0.456611034922842,3.6664040336307977,31.512853982962962,-2.5367279717935665,20.223748416156692,250.5125000000002,-10.0,0.0
-10.0,0.0,-10.0,0.0,-0.6441842913627625,0.04033440363883972,-0.00014840786752756685,-0.00041453729500062764,0.16747666895389557,4.769277438754216e-05,-0.09896597573049411,3.923343068790033,0.011386097245002483,-0.12370746966311763,32.694525573250274,0.06325609580556935,20.223748416156692,250.5125000000002,-10.0,0.0
-10.0,0.0,-10.0,5.0,-0.6506871581077576,0.04216117796778679,-0.006795451510697603,-0.013528876937925816,0.17640750110149384,0.0020155899692326784,-3.229862603068273,4.1325585889199,0.4811987495055339,-4.037328253835341,34.43798824099917,2.673326386141855,20.223748416156692,250.5125000000002,-10.0,0.0
-10.0,0.0,-10.0,10.0,-0.6571962237358093,0.045170854901075363,-0.013231035321950912,-0.026308611035346985,0.18623359501361847,0.003906824626028538,-6.280876033658726,4.362746696219949,0.93270910913396,-7.851095042073407,36.356222468499574,5.181717272966444,20.223748416156692,250.5125000000002,-10.0,0.0
-10.0,0.0,0.0,-10.0,-0.7467080950737,0.04793423426628113,0.013256603851914406,0.023829717189073563,0.25753700733184814,-0.0039926450699567795,5.689068852043389,6.033115173496122,-0.9531977456774336,7.111336065054237,50.275959779134354,-5.295543031541298,20.223748416156692,250.5125000000002,-10.0,0.0
-10.0,0.0,0.0,-5.0,-0.7485799193382263,0.046081002925634384,0.006601099390536547,0.011764387600123882,0.2583981156349182,-0.001978382933884859,2.8086112196882627,6.053287674617801,-0.47231600095276405,3.5107640246103284,50.444063955148344,-2.6239777830709112,20.223748416156692,250.5125000000002,-10.0,0.0
-10.0,0.0,0.0,0.0,-0.7473912835121155,0.04545039323449135,-0.000190914302947931,-0.0004775093402713537,0.25827524065971375,5.485768633661792e-05,-0.1139998218503054,6.05040918004714,0.013096636949427112,-0.14249977731288174,50.42007650039284,0.07275909416348394,20.223748416156692,250.5125000000002,-10.0,0.0
-10.0,0.0,0.0,5.0,-0.743832528591156,0.04605489981651306,-0.006985776126384735,-0.01275082677602768,0.2574048340320587,0.002072304720059037,-3.0441121425713433,6.030018854451523,0.4947387390831518,-3.805140178214179,50.250157120429364,2.7485485504619542,20.223748416156692,250.5125000000002,-10.0,0.0
-10.0,0.0,0.0,10.0,-0.7396343350410461,0.047839440529346466,-0.013574355281889439,-0.02472980134189129,0.25600117444992065,0.004031458869576454,-5.903953513803501,5.997136434906635,0.962464090581728,-7.379941892254376,49.9761369575553,5.347022725454044,20.223748416156692,250.5125000000002,-10.0,0.0
-10.0,0.0,10.0,-10.0,-0.8457356095314026,0.0575577617931366,0.012935984879732132,0.023222431540489197,0.34942156076431274,-0.003959802445024252,5.544086440366325,8.185621717182917,-0.9453569495387092,6.930108050457906,68.21351430985764,-5.251983052992829,20.223748416156692,250.5125000000002,-10.0,0.0
-10.0,0.0,10.0,-5.0,-0.8488059639930725,0.05629420665383339,0.006395951844751835,0.011233814060688019,0.3510645925998688,-0.0019532570149749517,2.681942935168838,8.224111720620975,-0.46631747895960907,3.3524286689610476,68.53426433850814,-2.590652660886717,20.223748416156692,250.5125000000002,-10.0,0.0
-10.0,0.0,10.0,0.0,-0.8440865874290466,0.05532106397032738,-0.00020821235375478864,-0.0004376625583972782,0.3471005856990814,5.8880035794572905e-05,-0.10448686440245482,8.131250075497611,0.014056926273539522,-0.13060858050306853,67.76041729581344,0.07809403485299735,20.223748416156692,250.5125000000002,-10.0,0.0
-10.0,0.0,10.0,5.0,-0.8339560627937317,0.05473299709439278,-0.006810048595070839,-0.011768775060772896,0.3388957679271698,0.002066658576950431,-2.809658675078514,7.939042318219036,0.4933907878406553,-3.512073343848143,66.15868598515864,2.741059932448085,20.223748416156692,250.5125000000002,-10.0,0.0
-10.0,0.0,10.0,10.0,-0.822674572467804,0.05466292438387871,-0.013312024995684624,-0.022768424823880196,0.3285079598426819,0.004058872815221548,-5.435697597578754,7.695695378595963,0.9690088524453989,-6.794621996973442,64.13079482163303,5.383382513585549,20.223748416156692,250.5125000000002,-10.0,0.0
-10.0,0.0,20.0,-10.0,-0.9110535979270935,0.0669702441740036,0.011603238061070442,0.022233016788959503,0.4193700850009918,-0.0036856450606137514,5.307875133282043,9.82425030616933,-0.879905050809394,6.634843916602554,81.86875255141108,-4.888361393385522,20.223748416156692,250.5125000000002,-10.0,0.0
-10.0,0.0,20.0,-5.0,-0.9206048846244812,0.067141983782053,0.00570694962516427,0.010854819789528847,0.4235368072986603,-0.0018370100297033787,2.591462444525703,9.921860804086688,-0.4385648582379628,3.2393280556571287,82.68217336738907,-2.436471434655349,20.223748416156692,250.5125000000002,-10.0,0.0
-10.0,0.0,20.0,0.0,-0.9231829047203064,0.0666236617910862,-0.00022036329028196633,-9.34836789383553e-05,0.42133501172065735,3.440341606619768e-05,-0.022318145104402647,9.870281085706761,0.008213416936221034,-0.02789768138050331,82.25234238088969,0.045630094090116854,20.223748416156692,250.5125000000002,-10.0,0.0
-10.0,0.0,20.0,5.0,-0.9188811182975769,0.0655155630159378,-0.006212187465280294,-0.010620787739753723,0.413176953792572,0.001945136347785592,-2.535590004488269,9.679168734196162,0.4643787637663805,-3.169487505610336,80.65973945163469,2.579882020924336,20.223748416156692,250.5125000000002,-10.0,0.0
-10.0,0.0,20.0,10.0,-0.910179078578949,0.06398821634531021,-0.01228268165141344,-0.020854026079177856,0.4006238877773285,0.0039034541696310043,-4.978657080376524,9.38509801467088,0.9319044517242124,-6.2233213504706555,78.20915012225734,5.177246954023402,20.223748416156692,250.5125000000002,-10.0,0.0
-10.0,2.0,-20.0,-10.0,-0.5435787439346313,0.03806050320446491,0.007379698101431131,0.02362802065908909,0.07671885192394257,-0.0015129586681723595,5.640916142668135,1.7972316849948167,-0.3612013506175835,7.051145178335169,14.97693070829014,-2.006674170097686,20.22374841615669,250.5125000000001,-10.000000000000002,2.0000000000000004
-10.0,2.0,-20.0,-5.0,-0.5385386347770691,0.03858366993546486,0.0016851722029969096,0.011725631542503834,0.07710838317871094,0.00024220084014814347,2.7993586600172926,1.8063569246954776,0.05782264408313406,3.4991983250216157,15.052974372462314,0.321236911572967,20.22374841615669,250.5125000000001,-10.000000000000002,2.0000000000000004
-10.0,2.0,-20.0,0.0,-0.5409950017929077,0.04033739318430424,-0.00435783201828599,-0.0011849813163280487,0.08510135114192963,0.002050281735137105,-0.2829005583023188,1.9936018445606298,0.4894810066243781,-0.3536256978778985,16.613348704671917,2.7193389256909892,20.22374841615669,250.5125000000001,-10.000000000000002,2.0000000000000004
-10.0,2.0,-20.0,5.0,-0.5501568913459778,0.042969033246040345,-0.010512381792068481,-0.014494071714580059,0.09917590022087097,0.003846932202577591,-3.4602916717999976,2.32331514086706,0.9184104870385028,-4.325364589749997,19.3609595072255,5.102280483547237,20.22374841615669,250.5125000000001,-10.000000000000002,2.0000000000000004
-10.0,2.0,-20.0,10.0,-0.5622056722640991,0.04625602451443672,-0.016399217769503593,-0.027312856167554855,0.11612693965435028,0.005558704491704702,-6.520627922282883,2.7204136948658593,1.3270762859062006,-8.150784902853603,22.67011412388216,7.372646032812225,20.22374841615669,250.5125000000001,-10.000000000000002,2.0000000000000004
-10.0,2.0,-10.0,-10.0,-0.641002357006073,0.04100003664672375,0.008616916835308075,0.02438586764037609,0.16350007057189941,-0.001792939961887896,5.821843327898511,3.8301864530248753,-0.428043640208927,7.27730415987314,31.918220441873963,-2.3780202233829275,20.22374841615669,250.5125000000001,-10.000000000000002,2.0000000000000004
-10.0,2.0,-10.0,-5.0,-0.6393206119537354,0.039963459720015526,0.002333396580070257,0.012361687608063221,0.16361701488494873,9.644750389270484e-05,2.951209675369937,3.8329260146778643,0.023025723968931933,3.689012094212421,31.941050122315538,0.1279206887162885,20.22374841615669,250.5125000000001,-10.000000000000002,2.0000000000000004
-10.0,2.0,-10.0,0.0,-0.6406100392341614,0.04048925091803074,-0.004192528780549765,-0.0004029436386190355,0.16780053079128265,0.002033395227044821,-0.09619812461088226,3.9309299231435055,0.4854495484897578,-0.12024765576360283,32.757749359529214,2.69694193605421,20.22374841615669,250.5125000000001,-10.000000000000002,2.0000000000000004
-10.0,2.0,-10.0,5.0,-0.6441112160682678,0.042406711851358414,-0.010753786191344261,-0.013467885553836823,0.174729585647583,0.003957816399633884,-3.2153016168546875,4.09325139462689,0.9448828042150595,-4.01912702106836,34.110428288557415,5.249348912305886,20.22374841615669,250.5125000000001,-10.000000000000002,2.0000000000000004
-10.0,2.0,-10.0,10.0,-0.6484013795852661,0.04547059548377991,-0.017024993896484375,-0.02611570991575718,0.18253061175346375,0.005806189961731434,-6.23482312659838,4.275999844862562,1.3861605741371987,-7.793528908247975,35.63333204052135,7.700892078539993,20.22374841615669,250.5125000000001,-10.000000000000002,2.0000000000000004
-10.0,2.0,0.0,-10.0,-0.7494364380836487,0.04804559064388275,0.009501331485807896,0.024689296260476112,0.2615688741207123,-0.0019163289107382298,5.894283394968256,6.127566518386012,-0.4575013219774994,7.36785424371032,51.06305431988344,-2.5416740109861076,20.22374841615669,250.5125000000001,-10.000000000000002,2.0000000000000004
-10.0,2.0,0.0,-5.0,-0.7480013966560364,0.04619281751394272,0.002841938752681017,0.01268601045012474,0.2606292963027954,7.065925456117839e-05,3.0286379958211924,6.105555774187799,0.01686907826236912,3.7857974947764905,50.879631451565,0.09371710145760621,20.22374841615669,250.5125000000001,-10.000000000000002,2.0000000000000004
-10.0,2.0,0.0,0.0,-0.7430291771888733,0.045566320543289185,-0.003950471058487892,0.00046833656961098313,0.25846776366233826,0.0020820796489715576,0.1118099291446219,6.054919263706237,0.4970723900940271,0.1397624114307774,50.45766053088531,2.7615132783001504,20.22374841615669,250.5125000000001,-10.000000000000002,2.0000000000000004
-10.0,2.0,0.0,5.0,-0.7363207936286926,0.04615917814254761,-0.010725092142820358,-0.011779448948800564,0.25567665696144104,0.004083510022610426,-2.8122069421614415,5.989534221135126,0.9748907002258526,-3.515258677701802,49.91278517612606,5.41605944569918,20.22374841615669,250.5125000000001,-10.000000000000002,2.0000000000000004
-10.0,2.0,0.0,10.0,-0.7305769324302673,0.047909584020376206,-0.017264222726225853,-0.0237191841006279,0.25274598598480225,0.006046212278306484,-5.662680357979148,5.920879716988849,1.4434631209608988,-7.078350447473935,49.34066430824041,8.019239560893881,20.22374841615669,250.5125000000001,-10.000000000000002,2.0000000000000004
-10.0,2.0,10.0,-10.0,-0.8478401303291321,0.05761834618926048,0.009515156038105488,0.02465663105249405,0.3523689806461334,-0.0017871485324576497,5.886484955070636,8.254668584644426,-0.4266610035406442,7.358106193838295,68.78890487203688,-2.3703389085591344,20.22374841615669,250.5125000000001,-10.000000000000002,2.0000000000000004
-10.0,2.0,10.0,-5.0,-0.8484482169151306,0.056351378684043885,0.003014197340235114,0.012930297292768955,0.3525938093662262,0.00018200452905148268,3.0869586488287095,8.259935468719387,0.04345147233356112,3.858698311035887,68.83279557266157,0.24139706851978399,20.22374841615669,250.5125000000001,-10.000000000000002,2.0000000000000004
-10.0,2.0,10.0,0.0,-0.840794026851654,0.05536108848929405,-0.0036061580758541822,0.0014104816364124417,0.3469725251197815,0.0021823900751769543,0.3367361467375087,8.128250101893405,0.5210203420035019,0.42092018342188586,67.73541751577838,2.8945574555750104,20.22374841615669,250.5125000000001,-10.000000000000002,2.0000000000000004
-10.0,2.0,10.0,5.0,-0.8282497525215149,0.05470956874370575,-0.010274751111865044,-0.009873698465526104,0.3372577726840973,0.004209981765598059,-2.357231097163389,7.900670303037691,1.0050843633728281,-2.946538871454236,65.83891919198076,5.583802018737934,20.22374841615669,250.5125000000001,-10.000000000000002,2.0000000000000004
-10.0,2.0,10.0,10.0,-0.8162587285041809,0.054542075966596604,-0.016863128170371056,-0.020913289859890938,0.3259689509868622,0.006260926369577646,-4.992805621302712,7.6362160322589565,1.494723622252356,-6.24100702662839,63.63513360215798,8.3040201236242,20.22374841615669,250.5125000000001,-10.000000000000002,2.0000000000000004
-10.0,2.0,20.0,-10.0,-0.9134476780891418,0.06665944320440292,0.008563975803554058,0.024102281779050827,0.42048901319503784,-0.0014213218819350004,5.754140489558273,9.850462549355228,-0.3393241297446746,7.192675611947841,82.08718791129357,-1.885134054137081,20.22374841615669,250.5125000000001,-10.000000000000002,2.0000000000000004
-10.0,2.0,20.0,-5.0,-0.9212923645973206,0.06680778053879738,0.002717735944315791,0.013123567216098309,0.42374682426452637,0.00040198228089138865,3.133099603508356,9.92678070494515,0.09596861159313926,3.9163745043854448,82.72317254120959,0.5331589532952181,20.22374841615669,250.5125000000001,-10.000000000000002,2.0000000000000004
-10.0,2.0,20.0,0.0,-0.9220752120018005,0.06633861747860909,-0.003251228714361787,0.0024127853102982044,0.4205997884273529,0.00228382577188313,0.5760245346839135,9.853057592847623,0.5452369392059658,0.7200306683548918,82.10881327373019,3.02909410669981,20.22374841615669,250.5125000000001,-10.000000000000002,2.0000000000000004
-10.0,2.0,20.0,5.0,-0.9166218638420105,0.06526577485084534,-0.009375878609716892,-0.00804404728114605,0.41171756386756897,0.004249926656484604,-1.9204230779757498,9.644980764118374,1.0146207432105676,-2.4005288474696873,80.37483970098646,5.636781906725376,20.22374841615669,250.5125000000001,-10.000000000000002,2.0000000000000004
-10.0,2.0,20.0,10.0,-0.9082967638969421,0.06371132669329643,-0.015641650184988976,-0.018366700038313866,0.39907899498939514,0.0063148676417768,-4.384836810010743,9.348907036850376,1.5076014759454126,-5.481046012513429,77.90755864041981,8.375563755252292,20.22374841615669,250.5125000000001,-10.000000000000002,2.0000000000000004
-10.0,4.0,-20.0,-10.0,-0.5448901057243347,0.03825669561803341,0.003293570363894105,0.02315877191722393,0.07939285039901733,0.0005075400113128126,5.528888442967625,1.859873326058431,0.12116929658105297,6.9111105537095305,15.498944383820259,0.6731627587836275,20.22374841615669,250.5125000000001,-10.0,4.0
-10.0,4.0,-20.0,-5.0,-0.5388742685317993,0.03874871147155762,-0.0025250439066439867,0.01106057595461607,0.07864594459533691,0.002242947230115533,2.640584344740714,1.8423761562961443,0.5354776610390547,3.300730430925892,15.353134635801203,2.9748758946614147,20.22374841615669,250.5125000000001,-10.0,4.0
-10.0,4.0,-20.0,0.0,-0.5398620963096619,0.04051441152870655,-0.008572411723434925,-0.0018980423919856548,0.08500286936759949,0.003999114036560059,-0.45313562752035813,1.9912947901563736,0.9547421364948158,-0.5664195344004477,16.594123251303113,5.3041229805267545,20.22374841615669,250.5125000000001,-10.0,4.0
-10.0,4.0,-20.0,5.0,-0.5466836094856262,0.043195854996442795,-0.014585557393729687,-0.015086432918906212,0.09681166708469391,0.005721907131373882,-3.6017110453474115,2.267930126669187,1.36603902501663,-4.502138806684265,18.899417722243225,7.589105694536833,20.22374841615669,250.5125000000001,-10.0,4.0
-10.0,4.0,-20.0,10.0,-0.5559025406837463,0.04650501546740532,-0.020236434414982796,-0.02772236056625843,0.11121726036071777,0.007362979929894209,-6.618392352341141,2.6053985327721008,1.7578261397323054,-8.272990440426426,21.711654439767507,9.765700776290585,20.22374841615669,250.5125000000001,-10.0,4.0
-10.0,4.0,-10.0,-10.0,-0.6422117948532104,0.04101513711094856,0.004635295365005732,0.024578867480158806,0.16662417352199554,0.00023482376127503812,5.867919803260991,3.9033723345688904,0.0560614519840816,7.334899754076238,32.52810278807409,0.3114525110226755,20.22374841615669,250.5125000000001,-10.0,4.0
-10.0,4.0,-10.0,-5.0,-0.6374956369400024,0.04000837554514408,-0.001704546739347279,0.012442794628441334,0.16499842703342438,0.002092337468639016,2.9705730366576124,3.86528726124264,0.49952132567714747,3.7132162958220154,32.210727177022,2.7751184759841525,20.22374841615669,250.5125000000001,-10.0,4.0
-10.0,4.0,-10.0,0.0,-0.6357848644256592,0.0405867045122385,-0.008215686306357384,-0.00036951949005015194,0.16721390187740326,0.003981268033385277,-0.08821849644238286,3.9171874329351875,0.9504816100273984,-0.11027312055297858,32.64322860779323,5.280453389041102,20.22374841615669,250.5125000000001,-10.0,4.0
-10.0,4.0,-10.0,5.0,-0.6367707252502441,0.04254792270541191,-0.014673961326479912,-0.01337126549333334,0.17209294438362122,0.005852331407368183,-3.192234696994432,4.031484891313535,1.3971763096189713,-3.99029337124304,33.595707427612794,7.762090608994285,20.22374841615669,250.5125000000001,-10.0,4.0
-10.0,4.0,-10.0,10.0,-0.639409601688385,0.04560239997982979,-0.020792588591575623,-0.02591540291905403,0.17795903980731964,0.00766837690025568,-6.187002152192828,4.168905255386837,1.8307361276187126,-7.733752690241035,34.740877128223644,10.170756264548404,20.22374841615669,250.5125000000001,-10.0,4.0
-10.0,4.0,0.0,-10.0,-0.7510616183280945,0.0480709077167511,0.005761431530117989,0.025497296825051308,0.26411670446395874,0.00014855436165817082,6.087184167054041,6.187252518711113,0.035465632472222584,7.6089802088175515,51.560437655925945,0.1970312915123477,20.22374841615669,250.5125000000001,-10.0,4.0
-10.0,4.0,0.0,-5.0,-0.7462003827095032,0.04627591383934021,-0.0008896279614418745,0.013546204194426537,0.261530339717865,0.0020950199104845524,3.233999284778234,6.126663803498827,0.5001617275849743,4.042499105972793,51.05553169582356,2.7786762643609686,20.22374841615669,250.5125000000001,-10.0,4.0
-10.0,4.0,0.0,0.0,-0.7378217577934265,0.04566641536831856,-0.007676451001316309,0.0013367008650675416,0.25755053758621216,0.004077081568539143,0.3191218425136017,6.033432136031913,0.9733559813060453,0.39890230314200215,50.27860113359928,5.407533229478029,20.22374841615669,250.5125000000001,-10.0,4.0
-10.0,4.0,0.0,5.0,-0.7286850810050964,0.04622878891706467,-0.01443510316312313,-0.010895423591136932,0.25311148166656494,0.0060697318986058235,-2.6011561316630814,5.9294418943874865,1.449078157773766,-3.251445164578852,49.41201578656239,8.050434209854254,20.22374841615669,250.5125000000001,-10.0,4.0
-10.0,4.0,0.0,10.0,-0.7221623063087463,0.047908496235609055,-0.02094927243888378,-0.022825947031378746,0.24892660975456238,0.008059605956077576,-5.449430358080452,5.83140621985273,1.924137531329506,-6.811787947600565,48.59505183210609,10.689652951830588,20.22374841615669,250.5125000000001,-10.0,4.0
-10.0,4.0,10.0,-10.0,-0.8497216105461121,0.05755780649662018,0.006136130075901747,0.025927025824785233,0.35346555709838867,0.00034072509151883423,6.189776986255732,8.280357211306438,0.08134416744812373,7.737221232819666,69.00297676088698,0.45191204137846513,20.22374841615669,250.5125000000001,-10.0,4.0
-10.0,4.0,10.0,-5.0,-0.8477972149848938,0.0563477167236805,-0.00031772893271408975,0.014453301206231117,0.3525012731552124,0.0022730627097189426,3.4505581853599536,8.257767696310486,0.5426673828312489,4.313197731699942,68.81473080258739,3.0148187935069384,20.22374841615669,250.5125000000001,-10.0,4.0
-10.0,4.0,10.0,0.0,-0.8376848101615906,0.055368591223955155,-0.006962107494473457,0.003055982058867812,0.34562355279922485,0.004274202045053244,0.7295803053625833,8.096648797443635,1.0204162109402652,0.9119753817032292,67.47207331203029,5.66897894966814,20.22374841615669,250.5125000000001,-10.0,4.0
-10.0,4.0,10.0,5.0,-0.8236365914344788,0.054661188398599625,-0.013717381283640862,-0.008210650645196438,0.3349466025829315,0.006349214352667332,-1.9601977006262992,7.846528354467531,1.5158013551780145,-2.450247125782874,65.38773628722943,8.421118639877857,20.22374841615669,250.5125000000001,-10.0,4.0
-10.0,4.0,10.0,10.0,-0.8118236660957336,0.05439761665940285,-0.02042132429778576,-0.019320614635944366,0.3232438266277313,0.008495504036545753,-4.612572866709625,7.572376705666366,2.028203147072276,-5.765716083387032,63.10313921388639,11.267795261512644,20.22374841615669,250.5125000000001,-10.0,4.0
-10.0,4.0,20.0,-10.0,-0.9162625670433044,0.06617476803541184,0.005563854705542326,0.025669289752840996,0.41971784830093384,0.000777586770709604,6.128245485595779,9.83239708112568,0.18563983122021244,7.660306856994724,81.93664234271401,1.0313323956678468,20.22374841615669,250.5125000000001,-10.0,4.0
-10.0,4.0,20.0,-5.0,-0.9224165081977844,0.06634927925944328,-0.0002301525673829019,0.01508256047964096,0.42222365736961365,0.002586919581517577,3.600786545344723,9.891098682385868,0.617597074156671,4.500983181680904,82.42582235321558,3.4310948564259496,20.22374841615669,250.5125000000001,-10.0,4.0
-10.0,4.0,20.0,0.0,-0.9219185709953308,0.06596033660054207,-0.006253170780837536,0.004583598580211401,0.41851431131362915,0.004506110679358244,1.0942810485769243,9.804202774858014,1.0757817101392841,1.3678513107211554,81.70168979048346,5.976565056329356,20.22374841615669,250.5125000000001,-10.0,4.0
-10.0,4.0,20.0,5.0,-0.9162301421165466,0.06495187443971634,-0.012532975524663925,-0.0058331904001533985,0.4095337986946106,0.00656882394105196,-1.3926066159428627,9.593823429734384,1.5682305996787391,-1.7407582699285784,79.94852858111987,8.712392220437438,20.22374841615669,250.5125000000001,-10.0,4.0
-10.0,4.0,20.0,10.0,-0.9088988900184631,0.06341815379738808,-0.019008571282029152,-0.0162507351487875,0.3973288834095001,0.008778261952102184,-3.8796747113794803,9.307908561185204,2.095708322954027,-4.84959338922435,77.56590467654337,11.642824016411263,20.22374841615669,250.5125000000001,-10.0,4.0
-10.0,6.0,-20.0,-10.0,-0.5467192530632019,0.038216261317133904,-0.0008107626927085221,0.022638607770204544,0.08099113404750824,0.0024932478554546833,5.404705280268802,1.8973150492156643,0.595234034980281,6.755881600336002,15.81095874346387,3.3068557498904503,20.223748416156692,250.5125000000002,-9.999999999999998,6.0
-10.0,6.0,-20.0,-5.0,-0.5399655699729919,0.03859167930960655,-0.006721060257405043,0.010438704863190651,0.07905551791191101,0.004184586461633444,2.4921198275941676,1.8519709054798934,0.9990215288193612,3.1151497844927096,15.433090878999113,5.550119604552006,20.223748416156692,250.5125000000002,-9.999999999999998,6.0
-10.0,6.0,-20.0,0.0,-0.5395901203155518,0.040302083020210266,-0.012738404795527458,-0.002491811290383339,0.08375607430934906,0.005876029841601849,-0.5948910717156953,1.9620871113761431,1.402834036186653,-0.7436138396446191,16.350725928134526,7.793522423259183,20.223748416156692,250.5125000000002,-9.999999999999998,6.0
-10.0,6.0,-20.0,5.0,-0.5441983938217163,0.04299934220790863,-0.018598463386297226,-0.015543526969850063,0.09345555305480957,0.0075308289378881454,-3.7108369534329424,2.1893091056072005,1.7978981454404783,-4.638546191791178,18.24424254672667,9.98832303022488,20.223748416156692,250.5125000000002,-9.999999999999998,6.0
-10.0,6.0,-20.0,10.0,-0.5506505966186523,0.046309106175899506,-0.024012479931116104,-0.02801871858537197,0.1055917888879776,0.009107065387070179,-6.689144395355955,2.4736150751173103,2.174206333042834,-8.361430494194943,20.613458959310922,12.07892407246019,20.223748416156692,250.5125000000002,-9.999999999999998,6.0
-10.0,6.0,-10.0,-10.0,-0.6431772112846375,0.04082968843460083,0.0006698406650684774,0.02464277110993862,0.16807472705841064,0.002229963894933462,5.883176054387614,3.937353301580899,0.5323780402087319,7.353970067984518,32.81127751317416,2.9576557789373994,20.223748416156692,250.5125000000002,-9.999999999999998,6.0
-10.0,6.0,-10.0,-5.0,-0.6356990337371826,0.03980913956940174,-0.0057144565507769585,0.012457868084311485,0.16480498015880585,0.004043019376695156,2.9741716495829422,3.86075553476722,0.9652240276989418,3.717714561978678,32.17296278972684,5.362355709438566,20.223748416156692,250.5125000000002,-9.999999999999998,6.0
-10.0,6.0,-10.0,0.0,-0.6313446164131165,0.04038042028725147,-0.012205288745462894,-0.00034313302603550255,0.16523022949695587,0.005882354453206062,-0.08191903391203711,3.870717513673056,1.4043439639207218,-0.1023987923900464,32.255979280608805,7.801910910670676,20.223748416156692,250.5125000000002,-9.999999999999998,6.0
-10.0,6.0,-10.0,5.0,-0.6301517486572266,0.04234949511766434,-0.018572447821497917,-0.013264779932796955,0.16835789382457733,0.0077148741111159325,-3.166812503317804,3.943986824783212,1.8418367979251677,-3.958515629147255,32.86655687319344,10.23242665513982,20.223748416156692,250.5125000000002,-9.999999999999998,6.0
-10.0,6.0,-10.0,10.0,-0.63104647397995,0.04538347584486008,-0.0245488490909338,-0.025722166523337364,0.17253704369068146,0.009507906623184681,-6.140869201842211,4.041888453487853,2.269902533417348,-7.676086502302764,33.68240377906544,12.610569630096379,20.223748416156692,250.5125000000002,-9.999999999999998,6.0
-10.0,6.0,0.0,-10.0,-0.752703845500946,0.04793611181259155,0.0020692083053290844,0.026076504960656166,0.2645457088947296,0.0021671096328645945,6.225463397855433,6.197302465192965,0.5173723134635515,7.7818292473192905,51.64418720994138,2.8742906303530638,20.223748416156692,250.5125000000002,-9.999999999999998,6.0
-10.0,6.0,0.0,-5.0,-0.7448729872703552,0.04619513464450836,-0.004578259773552418,0.014194606803357601,0.260660320520401,0.004076071549206972,3.388797894295296,6.10628255392296,0.9731148508940889,4.235997367869119,50.88568794935801,5.406193616078271,20.223748416156692,250.5125000000002,-9.999999999999998,6.0
-10.0,6.0,0.0,0.0,-0.7338101267814636,0.04557236668944359,-0.011381855234503746,0.0020101957488805056,0.25535503029823303,0.006045144516974688,0.4799109419019809,5.981999728434042,1.4432082053156172,0.5998886773774761,49.84999773695036,8.01782336286454,20.223748416156692,250.5125000000002,-9.999999999999998,6.0
-10.0,6.0,0.0,5.0,-0.7229649424552917,0.04608496290922165,-0.018156861886382103,-0.010203804820775986,0.24982082843780518,0.008056268095970154,-2.436040164371908,5.8523543715851325,1.9233406559063135,-3.045050205464885,48.76961976320944,10.685225866146187,20.223748416156692,250.5125000000002,-9.999999999999998,6.0
-10.0,6.0,0.0,10.0,-0.715419590473175,0.04770440248131752,-0.024657830595970154,-0.0221269354224205,0.24456921219825745,0.010081996209919453,-5.282549436238692,5.7293289239089145,2.4069597699871887,-6.603186795298365,47.74440769924096,13.371998722151048,20.223748416156692,250.5125000000002,-9.999999999999998,6.0
-10.0,6.0,10.0,-10.0,-0.8525874018669128,0.057342033957242966,0.0028123341035097837,0.026836687698960304,0.35251450538635254,0.002399932825937867,6.406948218008066,8.258077677292631,0.5729561529710456,8.008685272510082,68.8173139774386,3.183089738728031,20.223748416156692,250.5125000000002,-9.999999999999998,6.0
-10.0,6.0,10.0,-5.0,-0.8490191102027893,0.056218817954063416,-0.0036091452930122614,0.015587708912789822,0.3508892059326172,0.004314463585615158,3.721384880351546,8.220003076296857,1.0300281872188215,4.651731100439433,68.50002563580715,5.722378817882341,20.223748416156692,250.5125000000002,-9.999999999999998,6.0
-10.0,6.0,10.0,0.0,-0.8376194834709167,0.055261660491228104,-0.01031449530273676,0.0042852493934333324,0.34347930550575256,0.0063506485894322395,1.0230536373548624,8.046417217073882,1.5161437625864183,1.278817046693578,67.05347680894903,8.423020903257878,20.223748416156692,250.5125000000002,-9.999999999999998,6.0
-10.0,6.0,10.0,5.0,-0.8230674862861633,0.05451234069943428,-0.0171954445540905,-0.0069779278710484505,0.332562118768692,0.008510664105415344,-1.665899422473613,7.790668943699017,2.0318224378475933,-2.0823742780920163,64.92224119749181,11.287902432486629,20.223748416156692,250.5125000000002,-9.999999999999998,6.0
-10.0,6.0,10.0,10.0,-0.8105633854866028,0.05420047802209854,-0.02400309406220913,-0.018111897632479668,0.3203682005405426,0.010746246203780174,-4.324005688140708,7.505011694479588,2.565541759024632,-5.405007110175885,62.54176412066324,14.253009772359066,20.223748416156692,250.5125000000002,-9.999999999999998,6.0
-10.0,6.0,20.0,-10.0,-0.9207448363304138,0.06555316237092018,0.0025927736423909664,0.026739293709397316,0.41728365421295166,0.0028912792913615704,6.383696531552756,9.775373147208036,0.6902594281137868,7.9796206644409455,81.4614428934003,3.834774600632149,20.223748416156692,250.5125000000002,-9.999999999999998,6.0
-10.0,6.0,20.0,-5.0,-0.9264122843742371,0.06579661754250526,-0.0031693989876657724,0.01648595556616783,0.41958698630332947,0.0047151194885373116,3.93583086041245,9.829331480917153,1.1256801414412105,4.919788575515563,81.91109567430962,6.253778563562281,20.223748416156692,250.5125000000002,-9.999999999999998,6.0
-10.0,6.0,20.0,0.0,-0.9260216355323792,0.06552343827962875,-0.009280186146497726,0.006146743427962065,0.4160541594028473,0.006712732370942831,1.4674637680364726,9.746570747617294,1.6025870697762539,1.8343297100455906,81.2214228968108,8.903261498756965,20.223748416156692,250.5125000000002,-9.999999999999998,6.0
-10.0,6.0,20.0,5.0,-0.9209354519844055,0.06462729362130165,-0.015734247863292694,-0.004238164518028498,0.4076038897037506,0.008904306218028069,-1.0118126689479519,9.548612982751049,2.1257999309059015,-1.2647658361849399,79.57177485625874,11.809999616143896,20.223748416156692,250.5125000000002,-9.999999999999998,6.0
-10.0,6.0,20.0,10.0,-0.912565290927887,0.0632059202837944,-0.022351030260324478,-0.014619274064898491,0.39525851607322693,0.01121773011982441,-3.4901822821562902,9.259407707965748,2.6781030806603163,-4.362727852695363,77.16173089971457,14.878350448112869,20.223748416156692,250.5125000000002,-9.999999999999998,6.0
-7.5,-6.0,-20.0,-10.0,-0.3468942642211914,0.029241409276723862,0.021882163360714912,0.027893628925085068,0.022761791944503784,-0.007429779041558504,6.659280688438895,0.5332224435589511,-1.7737736536074502,8.324100860548619,4.44352036299126,-9.854298075596946,20.223748416156692,250.5125000000002,-7.499999999999998,-6.0
-7.5,-6.0,-20.0,-5.0,-0.3451595902442932,0.030052444090247155,0.017234772443771362,0.01687484234571457,0.02440657466650009,-0.006119940429925919,4.0286730728036755,0.5717534636247148,-1.4610648628350824,5.035841341004595,4.764612196872624,-8.117027015750457,20.223748416156692,250.5125000000002,-7.499999999999998,-6.0
-7.5,-6.0,-20.0,0.0,-0.3514253497123718,0.0318567511934042,0.012150617316365242,0.004599384032189846,0.034302547574043274,-0.004773460328578949,1.0980496423228536,0.8035785707172833,-1.1396083409766675,1.3725620529035671,6.696488089310695,-6.331157449870375,20.223748416156692,250.5125000000002,-7.499999999999998,-6.0
-7.5,-6.0,-20.0,5.0,-0.36893898248672485,0.03402448457956314,0.006562977097928524,-0.008593233302235603,0.05320719629526138,-0.0033778732176870108,-2.051534876817862,1.2464427797535844,-0.8064280896168645,-2.5644185960223274,10.387023164613204,-4.480156053427025,20.223748416156692,250.5125000000002,-7.499999999999998,-6.0
-7.5,-6.0,-20.0,10.0,-0.39508312940597534,0.036451954518556595,0.0006548850797116756,-0.021930618211627007,0.07891370356082916,-0.0019575252663344145,-5.235680976987425,1.8486487331746566,-0.46733647451331817,-6.544601221234281,15.405406109788807,-2.596313747296212,20.223748416156692,250.5125000000002,-7.499999999999998,-6.0
-7.5,-6.0,-10.0,-10.0,-0.4380592107772827,0.030658220996260643,0.023065267130732536,0.026452060788869858,0.10215525329113007,-0.0077969711273908615,6.315123000088292,2.3931100818023694,-1.861436509261631,7.893903750110365,19.942584015019747,-10.341313940342394,20.223748416156692,250.5125000000002,-7.499999999999998,-6.0
-7.5,-6.0,-10.0,-5.0,-0.4449805021286011,0.02992883709549904,0.01761792227625847,0.014856705442070961,0.10739617049694061,-0.006294807884842157,3.5468662722201345,2.5158848917024854,-1.5028124414197006,4.433582840275168,20.965707430854046,-8.348958007887225,20.223748416156692,250.5125000000002,-7.499999999999998,-6.0
-7.5,-6.0,-10.0,0.0,-0.45608675479888916,0.03058513638854027,0.011844189837574959,0.002361868042498827,0.11685822904109955,-0.004773786291480064,0.5638686270006529,2.73754503121679,-1.1396861608422137,0.7048357837508161,22.81287526013992,-6.331589782456743,20.223748416156692,250.5125000000002,-7.499999999999998,-6.0
-7.5,-6.0,-10.0,5.0,-0.47105079889297485,0.03231429879844189,0.005787599366158247,-0.010699917562305927,0.129909947514534,-0.0032412006985396147,-2.5544813327057887,3.04329728631236,-0.7737991093632393,-3.193101665882236,25.36081071926967,-4.298883940906885,20.223748416156692,250.5125000000002,-7.499999999999998,-6.0
-7.5,-6.0,-10.0,10.0,-0.48737627267837524,0.03494864528357983,-0.0003477795689832419,-0.023690015077590942,0.14531968533992767,-0.0017440369119867682,-5.65571659172513,3.4042889902121622,-0.4163686037091236,-7.069645739656413,28.369074918434688,-2.313158909495131,20.223748416156692,250.5125000000002,-7.499999999999998,-6.0
-7.5,-6.0,0.0,-10.0,-0.5510960221290588,0.03606697929382324,0.023546995595097542,0.024233993142843246,0.1976010501384735,-0.008273587562143803,5.785585051458287,4.629043049929726,-1.975223160265958,7.231981314322859,38.57535874941439,-10.973462001477545,20.223748416156692,250.5125000000002,-7.499999999999998,-6.0
-7.5,-6.0,0.0,-5.0,-0.5578218102455139,0.03431593452870846,0.017448147758841515,0.012177816592156887,0.20315784215927124,-0.006580219138413668,2.9073126009276975,4.7592176085454465,-1.570951071006998,3.634140751159622,39.660146737878726,-8.727505950038879,20.223748416156692,250.5125000000002,-7.499999999999998,-6.0
-7.5,-6.0,0.0,0.0,-0.5632464289665222,0.03389585030555725,0.011202240362763405,-0.00019576572231017053,0.208196759223938,-0.004918586928397417,-0.04673679776624598,4.877260321380333,-1.1742556350288513,-0.058420997207807475,40.64383601150278,-6.523642416826951,20.223748416156692,250.5125000000002,-7.499999999999998,-6.0
-7.5,-6.0,0.0,5.0,-0.5667989253997803,0.03472726431965828,0.004946380853652954,-0.012610255740582943,0.21224811673164368,-0.003309684107080102,-3.010552436725786,4.972168259879058,-0.7901487296007842,-3.763190545907232,41.434735498992154,-4.389715164448801,20.223748416156692,250.5125000000002,-7.499999999999998,-6.0
-7.5,-6.0,0.0,10.0,-0.5683926343917847,0.03664742795109749,-0.001185390749014914,-0.024750148877501488,0.21549227833747864,-0.0017840772634372115,-5.908811252153367,5.048166660311725,-0.4259277736503445,-7.386014065191708,42.06805550259771,-2.3662654091685806,20.223748416156692,250.5125000000002,-7.499999999999998,-6.0
-7.5,-6.0,10.0,-10.0,-0.6684525609016418,0.04439149809360504,0.02289741300046444,0.021508710458874702,0.2950937747955322,-0.008747234009206295,5.134955389873896,6.912927772081822,-2.088300761123923,6.41869423734237,57.60773143401519,-11.601670895132903,20.223748416156692,250.5125000000002,-7.499999999999998,-6.0
-7.5,-6.0,10.0,-5.0,-0.6698907017707825,0.04282379162788391,0.016623707488179207,0.009210889227688313,0.2994100749492645,-0.006955986376851797,2.1989930719316604,7.0140423117770485,-1.660661144981226,2.7487413399145755,58.450352598142075,-9.2258952498957,20.223748416156692,250.5125000000002,-7.499999999999998,-6.0
-7.5,-6.0,10.0,0.0,-0.6649379134178162,0.04182964948296547,0.010345403105020523,-0.002860132372006774,0.2991631329059601,-0.005221792496740818,-0.6828234620327571,7.008257396421119,-1.2466424510763152,-0.8535293275409463,58.40214497017599,-6.925791394868417,20.223748416156692,250.5125000000002,-7.499999999999998,-6.0
-7.5,-6.0,10.0,5.0,-0.6549156308174133,0.041495131452679634,0.004228661302477121,-0.014460197649896145,0.29478517174720764,-0.0035807837266474962,-3.452204631372439,6.905698373275323,-0.8548706224056578,-4.3152557892155485,57.54748644396103,-4.749281235586988,20.223748416156692,250.5125000000002,-7.499999999999998,-6.0
-7.5,-6.0,10.0,10.0,-0.6426439881324768,0.0418402293074131,-0.0016702577704563737,-0.02552196942269802,0.28764432668685913,-0.0020474237389862537,-6.093074463848471,6.738415460689247,-0.4887986931603929,-7.616343079810589,56.15346217241039,-2.715548295335516,20.223748416156692,250.5125000000002,-7.499999999999998,-6.0
-7.5,-6.0,20.0,-10.0,-0.7601409554481506,0.053743310396671296,0.021074429154396057,0.018435265868902206,0.37688612937927246,-0.008995456621050835,4.401206107557149,8.829012379212823,-2.147561033422292,5.501507634446437,73.57510316010686,-11.930894630123845,20.223748416156692,250.5125000000002,-7.499999999999998,-6.0
-7.5,-6.0,20.0,-5.0,-0.7602805495262146,0.053366519634723664,0.015219668857753277,0.006418589968234301,0.3808549642562866,-0.007293699774891138,1.5323639795046835,8.921987125505348,-1.741286305509119,1.9154549743808544,74.34989271254457,-9.673812808383994,20.223748416156692,250.5125000000002,-7.499999999999998,-6.0
-7.5,-6.0,20.0,0.0,-0.7525023818016052,0.052415412043333054,0.009445559233427048,-0.005065209232270718,0.3787876069545746,-0.005625070072710514,-1.209260011092656,8.873556785977774,-1.3429202993601688,-1.51157501386582,73.94630654981479,-7.4606683297787155,20.223748416156692,250.5125000000002,-7.499999999999998,-6.0
-7.5,-6.0,20.0,5.0,-0.7375656962394714,0.05113643792748451,0.0038455261383205652,-0.01584123633801937,0.3709695637226105,-0.004025660455226898,-3.781911615376061,8.690409689028579,-0.9610797863448978,-4.727389519220076,72.42008074190483,-5.339332146360543,20.223748416156692,250.5125000000002,-7.499999999999998,-6.0
-7.5,-6.0,20.0,10.0,-0.7186468243598938,0.04980202776670456,-0.0015869266353547573,-0.02592490427196026,0.35861772298812866,-0.002512938342988491,-6.189270490102265,8.401052914529034,-0.5999349107154534,-7.736588112627832,70.00877428774196,-3.332971726196963,20.223748416156692,250.5125000000002,-7.499999999999998,-6.0
-7.5,-4.0,-20.0,-10.0,-0.35666054487228394,0.029058033724427224,0.017921477556228638,0.02667897380888462,0.02362779527902603,-0.0058683673851192,6.369295854262195,0.5535096166993615,-1.4010047134901344,7.961619817827744,4.612580139161346,-7.783359519389635,20.22374841615669,250.5125000000001,-7.499999999999999,-4.000000000000001
-7.5,-4.0,-20.0,-5.0,-0.3537200093269348,0.029893683393597603,0.013211334124207497,0.015437740832567215,0.024945557117462158,-0.004547121003270149,3.685581738953527,0.5843797779429414,-1.0855724497661232,4.6069771736919085,4.869831482857845,-6.0309580542562395,20.22374841615669,250.5125000000001,-7.499999999999999,-4.000000000000001
-7.5,-4.0,-20.0,0.0,-0.3594573140144348,0.03159853828430176,0.008054284378886223,0.0030176350846886635,0.03490061312913895,-0.0031738888937979937,0.7204254096228748,0.8175889780469906,-0.7577291959567144,0.9005317620285935,6.813241483724922,-4.209606644203968,20.22374841615669,250.5125000000001,-7.499999999999999,-4.000000000000001
-7.5,-4.0,-20.0,5.0,-0.3760104775428772,0.03371115227520466,0.0024180940818041563,-0.010236788541078568,0.053696125745773315,-0.001739982166327536,-2.443914645395289,1.2578965421359813,-0.4154005801673471,-3.0548933067441113,10.482471184466512,-2.307781000929706,20.22374841615669,250.5125000000001,-7.499999999999999,-4.000000000000001
-7.5,-4.0,-20.0,10.0,-0.3996427059173584,0.03627697577059269,-0.0034553087316453457,-0.023517297580838203,0.07847540080547333,-0.0002845314156729728,-5.614482290739406,1.8383809622188683,-0.06792857848414317,-7.018102863424257,15.319841351823904,-0.3773809915785732,20.22374841615669,250.5125000000001,-7.499999999999999,-4.000000000000001
-7.5,-4.0,-10.0,-10.0,-0.4474946856498718,0.030573954929709435,0.01914675533771515,0.02582068368792534,0.10563160479068756,-0.006206973921507597,6.164389033319943,2.474547810685198,-1.481843100449624,7.705486291649929,20.621231755709985,-8.232461669164577,20.22374841615669,250.5125000000001,-7.499999999999999,-4.000000000000001
-7.5,-4.0,-10.0,-5.0,-0.45314228534698486,0.02985993040084839,0.013662049546837807,0.014067603275179863,0.10970953106880188,-0.004715119954198599,3.3584772735962423,2.570078154691985,-1.1256802526124468,4.198096591995303,21.417317955766546,-6.25377918118026,20.22374841615669,250.5125000000001,-7.499999999999999,-4.000000000000001
-7.5,-4.0,-10.0,0.0,-0.46327292919158936,0.030417908107042313,0.00784713588654995,0.0014749588444828987,0.11837929487228394,-0.003180922707542777,0.35212933303468175,2.7731778338228246,-0.7594084374839647,0.4401616662933522,23.10981528185687,-4.218935763799804,20.22374841615669,250.5125000000001,-7.499999999999999,-4.000000000000001
-7.5,-4.0,-10.0,5.0,-0.477012038230896,0.03207300429522991,0.0017574086086824536,-0.011656752787530422,0.13074877858161926,-0.0016166097484529018,-2.782914655399964,3.0629479162985613,-0.3859468449776703,-3.478643319249955,25.52456596915468,-2.144149138764835,20.22374841615669,250.5125000000001,-7.499999999999999,-4.000000000000001
-7.5,-4.0,-10.0,10.0,-0.49136024713516235,0.03477136989414692,-0.004361724480986595,-0.02466682158410549,0.14520421624183655,-8.16763931652531e-05,-5.888917826410083,3.4015839872497486,-0.019499292442998382,-7.3611472830126035,28.346533227081242,-0.10832940246110212,20.22374841615669,250.5125000000001,-7.499999999999999,-4.000000000000001
-7.5,-4.0,0.0,-10.0,-0.55794757604599,0.03600306076288223,0.019800100475549698,0.02426418848335743,0.20279479026794434,-0.006594890728592873,5.792793839117538,4.750712679886751,-1.5744537431552315,7.240992298896922,39.5892723323896,-8.746965239751285,20.22374841615669,250.5125000000001,-7.499999999999999,-4.000000000000001
-7.5,-4.0,0.0,-5.0,-0.5640155673027039,0.03423064586997032,0.013685711659491062,0.012107091955840588,0.2068251073360443,-0.004937694873660803,2.890427913528903,4.845127720697654,-1.1788174355471686,3.613034891911129,40.37606433914712,-6.548985753039825,20.22374841615669,250.5125000000001,-7.499999999999999,-4.000000000000001
-7.5,-4.0,0.0,0.0,-0.5687036514282227,0.033694544931054116,0.007422919850796461,-0.00030976280686445534,0.2105567455291748,-0.0032847155816853046,-0.0739522807623642,4.932545848438665,-0.7841877834855641,-0.09244035095295525,41.10454873698888,-4.356598797142023,20.22374841615669,250.5125000000001,-7.499999999999999,-4.000000000000001
-7.5,-4.0,0.0,5.0,-0.5713820457458496,0.03440179874479771,0.0011299856705591083,-0.012775826267898083,0.21349117159843445,-0.0016548392595723271,-3.050080481573789,5.001288320160956,-0.39507369777297296,-3.8126006019672367,41.67740266800797,-2.1948538765165164,20.22374841615669,250.5125000000001,-7.499999999999999,-4.000000000000001
-7.5,-4.0,0.0,10.0,-0.5720025897026062,0.036287574221491814,-0.005035060457885265,-0.0249783992767334,0.21572145819664001,-8.712105045560747e-05,-5.963303390118482,5.053535475070001,-0.020799141281104137,-7.454129237648103,42.112795625583345,-0.11555078489502298,20.22374841615669,250.5125000000001,-7.499999999999999,-4.000000000000001
-7.5,-4.0,10.0,-10.0,-0.6718166470527649,0.0444102437543869,0.019409818574786186,0.022217869758605957,0.30019959807395935,-0.006924008950591087,5.304258955301346,7.032537843711548,-1.6530269049999078,6.630323694126683,58.604482030929574,-9.183482805555043,20.22374841615669,250.5125000000001,-7.499999999999999,-4.000000000000001
-7.5,-4.0,10.0,-5.0,-0.6736735701560974,0.04278929916501045,0.013137973845005035,0.009910128079354763,0.30322426557540894,-0.005185693968087435,2.365928245336831,7.103394329879621,-1.2380243456520204,2.957410306671039,59.19495274899685,-6.877913031400113,20.22374841615669,250.5125000000001,-7.499999999999999,-4.000000000000001
-7.5,-4.0,10.0,0.0,-0.6688807606697083,0.04170066875696182,0.0068523455411195755,-0.0021554550621658564,0.30185559391975403,-0.0034835045225918293,-0.5145899197565655,7.071331544733463,-0.831646339660144,-0.6432373996957069,58.92776287277886,-4.620257442556356,20.22374841615669,250.5125000000001,-7.499999999999999,-4.000000000000001
-7.5,-4.0,10.0,5.0,-0.6588911414146423,0.041254576419591904,0.0006777115631848574,-0.01379801332950592,0.29646623134613037,-0.0018376500811427832,-3.2941157979400844,6.9450792229593565,-0.4387176631025244,-4.117644747425105,57.875660191327974,-2.43732035056958,20.22374841615669,250.5125000000001,-7.499999999999999,-4.000000000000001
-7.5,-4.0,10.0,10.0,-0.6467784643173218,0.04153612454712391,-0.005316457711160183,-0.024955546483397484,0.28844159841537476,-0.0002635898708831519,-5.957847550516275,6.757092513018694,-0.06292902732572368,-7.447309438145345,56.30910427515579,-0.3496057073651316,20.22374841615669,250.5125000000001,-7.499999999999999,-4.000000000000001
-7.5,-4.0,20.0,-10.0,-0.7603934407234192,0.05394798157095909,0.017889458686113358,0.019764946773648262,0.38049784302711487,-0.007035291753709316,4.718652015887785,8.913621129764325,-1.6795943847549037,5.898315019859731,74.28017608136938,-9.33107991530502,20.22374841615669,250.5125000000001,-7.499999999999999,-4.000000000000001
-7.5,-4.0,20.0,-5.0,-0.7619919180870056,0.053494591389894486,0.012036923319101334,0.007846510969102383,0.38379549980163574,-0.005373886786401272,1.87326357242734,8.9908727190775,-1.2829532003401667,2.341579465534175,74.92393932564583,-7.127517779667593,20.22374841615669,250.5125000000001,-7.499999999999999,-4.000000000000001
-7.5,-4.0,20.0,0.0,-0.7555676102638245,0.05251542491197586,0.00623901654034853,-0.003605455160140991,0.38135746121406555,-0.0037396748084574938,-0.8607606412719938,8.933758723117744,-0.892804027037384,-1.0759508015899923,74.44798935931455,-4.960022372429911,20.22374841615669,250.5125000000001,-7.499999999999999,-4.000000000000001
-7.5,-4.0,20.0,5.0,-0.7419074177742004,0.0512243883061409,0.0005508235190063715,-0.014441306702792645,0.3732002079486847,-0.0021455641835927963,-3.4476946366503265,8.742665221802005,-0.512228587107803,-4.309618295812908,72.8555435150167,-2.8457143728211274,20.22374841615669,250.5125000000001,-7.499999999999999,-4.000000000000001
-7.5,-4.0,20.0,10.0,-0.7242627739906311,0.04989045498251915,-0.005027431529015303,-0.024663569405674934,0.3604082465171814,-0.0006008935160934925,-5.888141406494404,8.442998088869395,-0.14345636411370366,-7.360176758118006,70.35831740724497,-0.7969798006316869,20.22374841615669,250.5125000000001,-7.499999999999999,-4.000000000000001
-7.5,-2.0,-20.0,-10.0,-0.3637773394584656,0.02892643225669861,0.014029165729880333,0.025415023788809776,0.025307752192020416,-0.00431715976446867,6.067542432990188,0.5928646346348863,-1.0306718686781253,7.584428041237735,4.940538621957386,-5.725954825989585,20.223748416156695,250.5125000000003,-7.499999999999998,-1.9999999999999996
-7.5,-2.0,-20.0,-5.0,-0.35956424474716187,0.02972259757399559,0.00922491867095232,0.013954328373074532,0.026235975325107574,-0.0029791896231472492,3.331434203291525,0.6146093816389636,-0.7112470011666483,4.164292754114406,5.121744846991364,-3.9513722287036015,20.223748416156695,250.5125000000003,-7.499999999999998,-1.9999999999999996
-7.5,-2.0,-20.0,0.0,-0.364152729511261,0.031394414727687836,0.003972540143877268,0.001386865391395986,0.035834915935993195,-0.0015737742651253939,0.33109804189306924,0.8394761487455664,-0.37572036968939104,0.4138725523663366,6.9956345728797205,-2.0873353871632836,20.223748416156695,250.5125000000003,-7.499999999999998,-1.9999999999999996
-7.5,-2.0,-20.0,5.0,-0.3786918520927429,0.03360223037481308,-0.0016971273580566049,-0.01190269272774458,0.05379822850227356,-0.00010903751535806805,-2.8416299662970386,1.2602884224171087,-0.026031443319529564,-3.552037457871298,10.502403520142574,-0.144619129552942,20.223748416156695,250.5125000000003,-7.499999999999998,-1.9999999999999996
-7.5,-2.0,-20.0,10.0,-0.39879631996154785,0.03641513561189175,-0.00748741440474987,-0.02507159113883972,0.07683679461479187,0.0013586352579295635,-5.985551867335669,1.7999946348525406,0.3243584246446324,-7.481939834169586,14.999955290437839,1.8019912480257354,20.223748416156695,250.5125000000003,-7.499999999999998,-1.9999999999999996
-7.5,-2.0,-10.0,-10.0,-0.45513808727264404,0.030517956365942955,0.0152733838185668,0.02512958273291588,0.10951897501945496,-0.004635270684957504,5.999396688443755,2.565614149286989,-1.1066171648345435,7.499245860554694,21.38011791072491,-6.147873137969686,20.223748416156695,250.5125000000003,-7.499999999999998,-1.9999999999999996
-7.5,-2.0,-10.0,-5.0,-0.4588138461112976,0.02975442272901535,0.00973483920097351,0.01325905416160822,0.11227643489837646,-0.0031411536037921906,3.165445541793868,2.630210974450806,-0.7499140247880024,3.956806927242335,21.918424787090053,-4.166189026600013,20.223748416156695,250.5125000000003,-7.499999999999998,-1.9999999999999996
-7.5,-2.0,-10.0,0.0,-0.466913640499115,0.030274087687134743,0.00386649533174932,0.0005862099351361394,0.11973212659358978,-0.0015840373234823346,0.13995082930613004,2.804869549392389,-0.37817055594892196,0.17493853663266254,23.37391291160324,-2.1009475330495664,20.223748416156695,250.5125000000003,-7.499999999999998,-1.9999999999999996
-7.5,-2.0,-10.0,5.0,-0.4784489870071411,0.03197939706325531,-0.0022396536078304052,-0.012585189193487167,0.13090327382087708,6.889481483085547e-06,-3.004568089065285,3.066567153711687,0.0016447838722199908,-3.755710111331606,25.554726280930726,0.009137688178999948,20.223748416156695,250.5125000000003,-7.499999999999998,-1.9999999999999996
-7.5,-2.0,-10.0,10.0,-0.49019795656204224,0.034832466517686844,-0.008299178443849087,-0.02555743418633938,0.14390034973621368,0.0015599984908476472,-6.1015412652198995,3.371039340945189,0.3724315632073635,-7.626926581524875,28.091994507876578,2.069064240040908,20.223748416156695,250.5125000000003,-7.499999999999998,-1.9999999999999996
-7.5,-2.0,0.0,-10.0,-0.5639864206314087,0.03600808245420456,0.016064554452896118,0.02420516312122345,0.20799466967582703,-0.0049407086335122585,5.778702217864438,4.8725261298490095,-1.1795369357897623,7.223377772330547,40.60438441540842,-6.5529829766097905,20.223748416156695,250.5125000000003,-7.499999999999998,-1.9999999999999996
-7.5,-2.0,0.0,-5.0,-0.5684210062026978,0.03417896305501461,0.009936079382896423,0.012041515670716763,0.21042484045028687,-0.0033029052428901196,2.8747723353207957,4.929455812792356,-0.7885303543255149,3.5934654191509945,41.0787984399363,-4.380724190697305,20.223748416156695,250.5125000000003,-7.499999999999998,-1.9999999999999996
-7.5,-2.0,0.0,0.0,-0.5711430907249451,0.03356529039621353,0.003649214282631874,-0.0003678416833281517,0.21249514818191528,-0.0016420419560745358,-0.08781793952909075,4.977955269701085,-0.39201848985162985,-0.10977242441136345,41.48296058084238,-2.1778804991757212,20.223748416156695,250.5125000000003,-7.499999999999998,-1.9999999999999996
-7.5,-2.0,0.0,5.0,-0.5720005631446838,0.03421820153772831,-0.0026718429289758205,-0.012847252190113068,0.21395400166511536,1.2025895557599142e-05,-3.0671325928547453,5.012130672982295,0.0028710432143120245,-3.8339157410684317,41.767755608185794,0.015950240079511246,20.223748416156695,250.5125000000003,-7.499999999999998,-1.9999999999999996
-7.5,-2.0,0.0,10.0,-0.571168065071106,0.03612147470295429,-0.008838971145451069,-0.025056753307580948,0.21490725874900818,0.0016108219278976321,-5.982009507056007,5.034461870493129,0.3845650698864706,-7.477511883820008,41.95384892077608,2.136472610480392,20.223748416156695,250.5125000000003,-7.499999999999998,-1.9999999999999996
-7.5,-2.0,10.0,-10.0,-0.6750922799110413,0.04454543081402779,0.015906469896435738,0.02281304821372032,0.30494827032089233,-0.005121201276779175,5.446350914829557,7.143781221444896,-1.2226274629112346,6.807938643536946,59.53151017870747,-6.792374793951303,20.223748416156695,250.5125000000003,-7.499999999999998,-1.9999999999999996
-7.5,-2.0,10.0,-5.0,-0.6763606667518616,0.04284833011507988,0.009654202498495579,0.010628465563058853,0.30684778094291687,-0.0034236388746649027,2.537422995835592,7.188279549955744,-0.8173541099107863,3.17177874479449,59.90232958296453,-4.540856166171035,20.223748416156695,250.5125000000003,-7.499999999999998,-1.9999999999999996
-7.5,-2.0,10.0,0.0,-0.6706047654151917,0.04165684071660042,0.0033535673283040524,-0.0013434378197416663,0.30416613817214966,-0.0017323951469734311,-0.3207302123775869,7.12545883204096,-0.4135892672111416,-0.4009127654719836,59.378823600341335,-2.297718151173009,20.223748416156695,250.5125000000003,-7.499999999999998,-1.9999999999999996
-7.5,-2.0,10.0,5.0,-0.6597728133201599,0.04109621246635914,-0.0028849197551608086,-0.012965517118573189,0.2974974513053894,-6.746417784597725e-05,-3.0953669741297407,6.969236794905521,-0.016106290719566294,-3.869208717662176,58.07697329087935,-0.08947939288647941,20.223748416156695,250.5125000000003,-7.499999999999998,-1.9999999999999996
-7.5,-2.0,10.0,10.0,-0.6473408937454224,0.041309094180464745,-0.008962428197264671,-0.024157628417015076,0.2884327173233032,0.0015492391539737582,-5.767353858043074,6.756884462719874,0.36986289620253854,-7.209192322553842,56.30737052266562,2.0547938677918807,20.223748416156695,250.5125000000003,-7.499999999999998,-1.9999999999999996
-7.5,-2.0,20.0,-10.0,-0.7613019347190857,0.05417184544086456,0.014676243998110294,0.0209665410220623,0.38350117206573486,-0.005075175315141678,5.005518719223287,8.983977736690932,-1.2116392978961128,6.256898399029108,74.8664811390911,-6.731329432756182,20.223748416156695,250.5125000000003,-7.499999999999998,-1.9999999999999996
-7.5,-2.0,20.0,-5.0,-0.7633814215660095,0.05360240501642227,0.008855371735990047,0.009288548491895199,0.3864418566226959,-0.003454711986705661,2.2175333213843316,9.05286682103991,-0.8247724553508314,2.7719166517304146,75.44055684199925,-4.582069196393507,20.223748416156695,250.5125000000003,-7.499999999999998,-1.9999999999999996
-7.5,-2.0,20.0,0.0,-0.7573460936546326,0.05255100143432617,0.003029217943549156,-0.002017493825405836,0.3835933208465576,-0.0018383768619969487,-0.481653273105942,8.986136433080086,-0.4388911736098836,-0.6020665913824276,74.88447027566738,-2.438284297832687,20.223748416156695,250.5125000000003,-7.499999999999998,-1.9999999999999996
-7.5,-2.0,20.0,5.0,-0.7441559433937073,0.051201485221385956,-0.00276400288566947,-0.012821421958506107,0.37490132451057434,-0.00023011327721178532,-3.0609659243663923,8.782515930046817,-0.054936878496714116,-3.8262074054579904,73.18763275039014,-0.3052048805373006,20.223748416156695,250.5125000000003,-7.499999999999998,-1.9999999999999996
-7.5,-2.0,20.0,10.0,-0.7272606492042542,0.049825366710424424,-0.008497215807437897,-0.023106474429368973,0.3615511655807495,0.0013602739199995995,-5.516403023739398,8.469772347124277,0.32474963622585673,-6.895503779674248,70.58143622603565,1.804164645699204,20.223748416156695,250.5125000000003,-7.499999999999998,-1.9999999999999996
-7.5,0.0,-20.0,-10.0,-0.3673502206802368,0.02886275773227215,0.010140277445316315,0.024146107956767082,0.02762218564748764,-0.0027406776789575815,5.7646034816521965,0.6470830312175335,-0.6543050382485182,7.205754352065245,5.392358593479447,-3.635027990269545,20.223748416156692,250.5125000000002,-7.499999999999998,0.0
-7.5,0.0,-20.0,-5.0,-0.3619135618209839,0.02965781105041504,0.005205533932894468,0.012441839091479778,0.027969516813755035,-0.001381907844915986,2.970344913280327,0.6552196829210917,-0.329914485116539,3.7129311416004085,5.460164024342431,-1.8328582506474387,20.223748416156692,250.5125000000002,-7.499999999999998,0.0
-7.5,0.0,-20.0,0.0,-0.36516666412353516,0.03140392911911011,-0.0001460209459764883,-0.00028705294243991375,0.0367870032787323,4.536651977105066e-05,-0.06853056378155893,0.8617799436583161,0.010830730910790507,-0.08566320472694866,7.181499530485969,0.06017072728216948,20.223748416156692,250.5125000000002,-7.499999999999998,0.0
-7.5,0.0,-20.0,5.0,-0.37730735540390015,0.03380190220952034,-0.005811414215713739,-0.01358769554644823,0.053279973566532135,0.0015136542497202754,-3.243904864292373,1.2481476751553684,0.3613674126520974,-4.054881080365466,10.401230626294737,2.0075967369560965,20.223748416156692,250.5125000000002,-7.499999999999998,0.0
-7.5,0.0,-20.0,10.0,-0.39355605840682983,0.036859100808501244,-0.011460674926638603,-0.026602668687701225,0.0739254504442215,0.0029575484804809093,-6.351078890765254,1.7317928844605857,0.7060804291218,-7.9388486134565674,14.431607370504882,3.922669050676667,20.223748416156692,250.5125000000002,-7.499999999999998,0.0
-7.5,0.0,-10.0,-10.0,-0.4597448706626892,0.030465768774151802,0.011392205953598022,0.02446560375392437,0.11354045569896698,-0.003037711838260293,5.8408794010659495,2.659822187032114,-0.7252185018987196,7.301099251332436,22.165184891934285,-4.028991677215108,20.223748416156692,250.5125000000002,-7.499999999999998,0.0
-7.5,0.0,-10.0,-5.0,-0.46092742681503296,0.029695464422106743,0.0057779462076723576,0.01247247401624918,0.11474485695362091,-0.001534087467007339,2.9776586465868307,2.6880367398053684,-0.3662456065094785,3.722073308233538,22.40030616504474,-2.034697813941547,20.223748416156692,250.5125000000002,-7.499999999999998,0.0
-7.5,0.0,-10.0,0.0,-0.46660715341567993,0.030282147352695465,-0.00013999086513649672,-0.0002964994346257299,0.12066291272640228,3.6219928006175905e-05,-0.07078580432969435,2.826674337757871,0.008647088113058733,-0.08848225541211793,23.555619481315595,0.04803937840588185,20.223748416156692,250.5125000000002,-7.499999999999998,0.0
-7.5,0.0,-10.0,5.0,-0.47575217485427856,0.032127907623648644,-0.006227761507034302,-0.013492626138031483,0.1302500069141388,0.0016279274132102728,-3.2212081446496446,3.0512635881068126,0.38864880629505233,-4.026510180812056,25.427196567556773,2.159160034972513,20.223748416156692,250.5125000000002,-7.499999999999998,0.0
-7.5,0.0,-10.0,10.0,-0.48483043909072876,0.03514750686764717,-0.012180223129689693,-0.026382828131318092,0.1413600593805313,0.0031675158534199,-6.298594505331228,3.3115299739274797,0.7562077064140502,-7.873243131664035,27.59608311606233,4.201153924522501,20.223748416156692,250.5125000000002,-7.499999999999998,0.0
-7.5,0.0,0.0,-10.0,-0.5679746866226196,0.03604726692020893,0.012306141667068005,0.02417401596903801,0.21283915638923645,-0.0032686751801520586,5.771266196197788,4.986014077081423,-0.7803583234876545,7.214082745247234,41.55011730901186,-4.335324019375858,20.223748416156692,250.5125000000002,-7.499999999999998,0.0
-7.5,0.0,0.0,-5.0,-0.5698971152305603,0.03420710203528404,0.006156138610094786,0.012041467241942883,0.21347469091415405,-0.0016376861603930593,2.8747607735121994,5.00090224024401,-0.39097859410545965,3.5934509668902495,41.67418533536676,-2.1721033005858867,20.223748416156692,250.5125000000002,-7.499999999999998,0.0
-7.5,0.0,0.0,0.0,-0.5700514912605286,0.03359416139602661,-0.00014945436851121485,-0.0003604290832299739,0.21365508437156677,2.8477850719355047e-05,-0.08604826714915441,5.00512817466948,0.006798756872150812,-0.10756033393644301,41.709401455579,0.03777087151194895,20.223748416156692,250.5125000000002,-7.499999999999998,0.0
-7.5,0.0,0.0,5.0,-0.5688392519950867,0.03425877367436886,-0.006473146378993988,-0.012844768352806568,0.21344271302223206,0.0016895467415452003,-3.0665396054792824,5.000153119537165,0.4033597069210492,-3.8331745068491028,41.667942662809715,2.2408872606724954,20.223748416156692,250.5125000000002,-7.499999999999998,0.0
-7.5,0.0,0.0,10.0,-0.5664524435997009,0.03619924572587013,-0.012606495060026646,-0.02502456307411194,0.2129109501838684,0.003296002745628357,-5.9743244618196085,4.9876959333561555,0.7868824630869559,-7.467905577274511,41.56413277796796,4.3715692393719765,20.223748416156692,250.5125000000002,-7.499999999999998,0.0
-7.5,0.0,10.0,-10.0,-0.6772131323814392,0.04474792269349098,0.012382167391479015,0.023397788405418396,0.30904096364974976,-0.0033192543778568506,5.585950859920499,7.23965750143513,-0.7924335208532203,6.982438574900623,60.330479178626085,-4.4024084491845565,20.223748416156692,250.5125000000002,-7.499999999999998,0.0
-7.5,0.0,10.0,-5.0,-0.6768493056297302,0.043005798135995865,0.006149378139525652,0.011415598914027214,0.3096809387207031,-0.0016454774886369705,2.725341962471583,7.25464968974713,-0.39283868344167744,3.406677453089479,60.45541408122609,-2.1824371302315413,20.223748416156692,250.5125000000002,-7.499999999999998,0.0
-7.5,0.0,10.0,0.0,-0.6693374514579773,0.04174412426829338,-0.00016768959176260978,-0.0004243857110850513,0.3054679036140442,4.37672424595803e-05,-0.10131717095212887,7.155954258392273,0.010448921984302804,-0.12664646369016108,59.632952153268945,0.05804956657946002,20.223748416156692,250.5125000000002,-7.499999999999998,0.0
-7.5,0.0,10.0,5.0,-0.6571914553642273,0.041092464824318886,-0.006459292955696583,-0.011998927220702171,0.2973596453666687,0.0017250938108190894,-2.8646048363734757,6.9660085244969,0.411846157808525,-3.5807560454668446,58.05007103747417,2.288034210047361,20.223748416156692,250.5125000000002,-7.499999999999998,0.0
-7.5,0.0,10.0,10.0,-0.6441779136657715,0.041241593782901764,-0.012597324326634407,-0.023192504420876503,0.2871896028518677,0.003374030813574791,-5.536941687339293,6.727763006127241,0.8055107601589296,-6.921177109174116,56.064691717727015,4.47505977866072,20.223748416156692,250.5125000000002,-7.499999999999998,0.0
-7.5,0.0,20.0,-10.0,-0.7618551850318909,0.05437656131863594,0.011458558030426502,0.022093515843153,0.3856807351112366,-0.0031344848684966564,5.2745708989379505,9.035036631168426,-0.7483219415101636,6.593213623672439,75.29197192640355,-4.157344119500909,20.223748416156692,250.5125000000002,-7.499999999999998,0.0
-7.5,0.0,20.0,-5.0,-0.7632556557655334,0.05369754520535469,0.00567464716732502,0.010756592266261578,0.38809657096862793,-0.00154081080108881,2.5680117615570683,9.091630501381118,-0.36785072461479607,3.2100147019463354,75.76358751150933,-2.043615136748867,20.223748416156692,250.5125000000002,-7.499999999999998,0.0
-7.5,0.0,20.0,0.0,-0.7566124796867371,0.052570566658973694,-0.00018510421796236187,-0.00032696715788915753,0.38453733921051025,7.35523717594333e-05,-0.07805962021409438,9.008251202427708,0.01755977646945695,-0.09757452526761798,75.06876002023091,0.09755431371920528,20.223748416156692,250.5125000000002,-7.499999999999998,0.0
-7.5,0.0,20.0,5.0,-0.7431479096412659,0.05115234119176865,-0.006085162982344627,-0.011039119213819504,0.3750767111778259,0.0017069182358682156,-2.6354617965055183,8.786624574370933,0.40750694989847863,-3.294327245631898,73.22187145309111,2.2639274994359924,20.223748416156692,250.5125000000002,-7.499999999999998,0.0
-7.5,0.0,20.0,10.0,-0.7265798449516296,0.04971964669704437,-0.011965570040047169,-0.02134479023516178,0.3611682057380676,0.003348724218085408,-5.095821335888029,8.460801050681637,0.7994691037260148,-6.369776669860037,70.50667542234697,4.441495020700082,20.223748416156692,250.5125000000002,-7.499999999999998,0.0
-7.5,2.0,-20.0,-10.0,-0.36800599098205566,0.028945503880381585,0.006203056313097477,0.022876834496855736,0.030259594321250916,-0.0011254486162215471,5.461579150804581,0.7088675120315415,-0.2686878159870542,6.826973938505726,5.907229266929513,-1.4927100888169678,20.223748416156695,250.5125000000003,-7.499999999999998,1.9999999999999996
-7.5,2.0,-20.0,-5.0,-0.36174827814102173,0.0297930577147007,0.0011240259045735002,0.010906475596129894,0.029850833117961884,0.00024297951313201338,2.603794669790045,0.6992917875814941,0.05800854323515984,3.254743337237556,5.827431563179118,0.32226968463977684,20.223748416156695,250.5125000000003,-7.499999999999998,1.9999999999999996
-7.5,2.0,-20.0,0.0,-0.36387503147125244,0.03165544581890106,-0.00430267071351409,-0.0019779058638960123,0.03750937432050705,0.0016653055790811777,-0.47220210602097556,0.8787023570162139,0.397572410277234,-0.5902526325262194,7.322519641801783,2.2087356126513,20.223748416156695,250.5125000000003,-7.499999999999998,1.9999999999999996
-7.5,2.0,-20.0,5.0,-0.3735728859901428,0.03422217828512192,-0.009910834021866322,-0.0152510367333889,0.05199913680553436,0.003102181013673544,-3.641008298708456,1.2181425284092542,0.7406097704920634,-4.55126037338557,10.151187736743786,4.114498724955908,20.223748416156695,250.5125000000003,-7.499999999999998,1.9999999999999996
-7.5,2.0,-20.0,10.0,-0.3859233260154724,0.0374219605076313,-0.015367057174444199,-0.028080610558390617,0.06982268393039703,0.004492485895752907,-6.703920386740922,1.6356806279569163,1.0725289509306906,-8.379900483426152,13.63067189964097,5.958494171837169,20.223748416156695,250.5125000000003,-7.499999999999998,1.9999999999999996
-7.5,2.0,-10.0,-10.0,-0.46145308017730713,0.030472565566301346,0.007468896917998791,0.02384375035762787,0.1172589361667633,-0.0013982965610921383,5.692419108426391,2.7469320791793965,-0.3338271011993467,7.115523885532989,22.891100659828307,-1.8545950066630372,20.223748416156695,250.5125000000003,-7.499999999999998,1.9999999999999996
-7.5,2.0,-10.0,-5.0,-0.460180401802063,0.029766177882552147,0.0017772160936146975,0.011699371039867401,0.11681261658668518,0.00010290191858075559,2.793089269306421,2.7364765044303736,0.02456664068517387,3.491361586633026,22.803970870253114,0.13648133713985483,20.223748416156695,250.5125000000003,-7.499999999999998,1.9999999999999996
-7.5,2.0,-10.0,0.0,-0.4636182188987732,0.030474862207770348,-0.004167964681982994,-0.001180883846245706,0.12101618945598602,0.0016599915688857436,-0.2819223347995943,2.834950271456785,0.3963037519191673,-0.35240291849949285,23.62458559547321,2.2016875106620404,20.223748416156695,250.5125000000003,-7.499999999999998,1.9999999999999996
-7.5,2.0,-10.0,5.0,-0.47046351432800293,0.03245714505493641,-0.010198173113167286,-0.014377716928720474,0.12872052192687988,0.003221202176064253,-3.4325133149371054,3.0154335566101125,0.7690246938551261,-4.290641643671382,25.12861297175094,4.272359410306255,20.223748416156695,250.5125000000003,-7.499999999999998,1.9999999999999996
-7.5,2.0,-10.0,10.0,-0.4768032431602478,0.03557373595714569,-0.016009895130991936,-0.027151567861437798,0.1376071274280548,0.004723893944174051,-6.482122208125687,3.2236130141780444,1.1277749410504778,-8.102652760157108,26.863441784817038,6.265416339169321,20.223748416156695,250.5125000000003,-7.499999999999998,1.9999999999999996
-7.5,2.0,0.0,-10.0,-0.5698034167289734,0.03614611936092377,0.008511624298989773,0.024198858067393303,0.2167053520679474,-0.001563750091008842,5.777196959322302,5.07658437629625,-0.37332721427418186,7.221496199152877,42.30486980246875,-2.0740400793010103,20.223748416156695,250.5125000000003,-7.499999999999998,1.9999999999999996
-7.5,2.0,0.0,-5.0,-0.5689408779144287,0.034362085287570954,0.0023484514094889164,0.012086881324648857,0.21553295850753784,5.2559895266313106e-05,2.8856028595225687,5.049119642385205,0.01254806595704587,3.607003574403211,42.07599701987671,0.06971147753914372,20.223748416156695,250.5125000000003,-7.499999999999998,1.9999999999999996
-7.5,2.0,0.0,0.0,-0.5665257573127747,0.033798961092829705,-0.003958322573453188,-0.000331515067955479,0.21382635831832886,0.0017050073947757483,-0.07914538104352077,5.009140473553205,0.4070507587295234,-0.09893172630440096,41.74283727961004,2.2613931040529076,20.223748416156695,250.5125000000003,-7.499999999999998,1.9999999999999996
-7.5,2.0,0.0,5.0,-0.5632666349411011,0.03448509251058102,-0.010259808972477913,-0.012817191891372204,0.2118881642818451,0.0033509989734739065,-3.0599560448540757,4.963735939378345,0.800012175216291,-3.8249450560675946,41.364466161486206,4.444512084534949,20.223748416156695,250.5125000000003,-7.499999999999998,1.9999999999999996
-7.5,2.0,0.0,10.0,-0.5591551065444946,0.03642951336979866,-0.016340354457497597,-0.024943416938185692,0.20971739292144775,0.004950165748596191,-5.954951762148069,4.912883000733577,1.18179471243173,-7.443689702685087,40.940691672779806,6.565526180176278,20.223748416156695,250.5125000000003,-7.499999999999998,1.9999999999999996
-7.5,2.0,10.0,-10.0,-0.6780446171760559,0.04499929038167,0.008842243812978268,0.02399740181863308,0.31176894903182983,-0.001511436770670116,5.729101614305081,7.3035638509427825,-0.36083801522391046,7.1613770178813505,60.86303209118986,-2.0046556401328357,20.223748416156695,250.5125000000003,-7.499999999999998,1.9999999999999996
-7.5,2.0,10.0,-5.0,-0.6755685210227966,0.04326419172167778,0.002639100654050708,0.012237485498189926,0.3110956847667694,0.00013871824194211513,2.9215578608296378,7.287791823087869,0.03311737286605152,3.651947326037047,60.731598525732245,0.18398540481139733,20.223748416156695,250.5125000000003,-7.499999999999998,1.9999999999999996
-7.5,2.0,10.0,0.0,-0.6660400032997131,0.04196669173717499,-0.003684853669255972,0.0005254254792816937,0.3053411841392517,0.0018199605401605368,0.12543924481076332,7.152985701779505,0.4344944901705695,0.15679905601345415,59.60821418149588,2.413858278725386,20.223748416156695,250.5125000000003,-7.499999999999998,1.9999999999999996
-7.5,2.0,10.0,5.0,-0.6524080634117126,0.04123503354668617,-0.010017127729952335,-0.010999941267073154,0.29583224654197693,0.0035096292849630117,-2.6261085156942863,6.930227363875764,0.8378833239555805,-3.2826356446178577,57.7518946989647,4.65490735530878,20.223748416156695,250.5125000000003,-7.499999999999998,1.9999999999999996
-7.5,2.0,10.0,10.0,-0.6385986804962158,0.041306741659641266,-0.016207268461585045,-0.022188203409314156,0.28461143374443054,0.0051880632527172565,-5.2971764581667555,6.6673662836403835,1.2385899849033055,-6.621470572708445,55.5613856970032,6.8810554716850305,20.223748416156695,250.5125000000003,-7.499999999999998,1.9999999999999996
-7.5,2.0,20.0,-10.0,-0.7618338465690613,0.0545352996635437,0.008251726627349854,0.023155396804213524,0.3863266706466675,-0.0012216585455462337,5.528082673845516,9.050168450553468,-0.2916568217807671,6.910103342306895,75.4180704212789,-1.620315676559817,20.223748416156695,250.5125000000003,-7.499999999999998,1.9999999999999996
-7.5,2.0,20.0,-5.0,-0.7618615031242371,0.0537859239923954,0.0025139220524579287,0.012201315723359585,0.38798829913139343,0.0003507557848934084,2.9129227462061595,9.089094102939402,0.0837388792606439,3.6411534327576995,75.74245085782836,0.4652159958924661,20.223748416156695,250.5125000000003,-7.499999999999998,1.9999999999999996
-7.5,2.0,20.0,0.0,-0.7540547251701355,0.052609097336530686,-0.003374250140041113,0.0013661300763487816,0.38352420926094055,0.0019689714536070824,0.32614772569601225,8.98451741078822,0.47006911909197274,0.40768465712001534,74.87097842323517,2.6114951060665152,20.223748416156695,250.5125000000003,-7.499999999999998,1.9999999999999996
-7.5,2.0,20.0,5.0,-0.7399361729621887,0.05113349122285843,-0.009375466033816338,-0.009237228892743587,0.37326887249946594,0.0036344558466225863,-2.205281361752739,8.7442737717634,0.8676842191240207,-2.756601702190924,72.86894809802834,4.820467884022337,20.223748416156695,250.5125000000003,-7.499999999999998,1.9999999999999996
-7.5,2.0,20.0,10.0,-0.7235588431358337,0.04964250711083412,-0.015402572229504585,-0.019566267728805542,0.3590259253978729,0.005341239273548126,-4.6712196961250205,8.410615548565985,1.2751589849495344,-5.839024620156276,70.08846290471655,7.084216583052968,20.223748416156695,250.5125000000003,-7.499999999999998,1.9999999999999996
-7.5,4.0,-20.0,-10.0,-0.3675929307937622,0.029162904371619225,0.002214549109339714,0.021591728553175926,0.03273762762546539,0.0005074557266198099,5.154774997916144,0.766918432491376,0.12114917458724744,6.44346874739518,6.390986937428134,0.6730509699291525,20.22374841615669,250.5125000000001,-7.499999999999999,4.000000000000001
-7.5,4.0,-20.0,-5.0,-0.3610110878944397,0.03003845376253128,-0.002996167168021202,0.009379776194691658,0.0314396396279335,0.0018642226932570338,2.239312878325978,0.736511497332597,0.4450615663346589,2.799141097907473,6.137595811104975,2.4725642574147715,20.22374841615669,250.5125000000001,-7.499999999999999,4.000000000000001
-7.5,4.0,-20.0,0.0,-0.36213362216949463,0.03195215774059296,-0.00845674891024828,-0.003607146441936493,0.037627436220645905,0.003253487404435873,-0.8611644152029421,0.881468099495397,0.7767324180237661,-1.0764555190036775,7.345567495794975,4.315180100132034,20.22374841615669,250.5125000000001,-7.499999999999999,4.000000000000001
-7.5,4.0,-20.0,5.0,-0.36920875310897827,0.03458787326991558,-0.013957060873508453,-0.016796212643384933,0.049763210117816925,0.004635490942746401,-4.009901142494149,1.1657632475973463,1.1066697488294046,-5.012376428117687,9.714693729977887,6.14816527127447,20.22374841615669,250.5125000000001,-7.499999999999999,4.000000000000001
-7.5,4.0,-20.0,10.0,-0.3776821494102478,0.03780884308099747,-0.019186723977327347,-0.029421847313642502,0.06468922644853592,0.005962979979813099,-7.024125120476404,1.5154231917648175,1.423592374149862,-8.780156400595505,12.628526598040148,7.908846523054788,20.22374841615669,250.5125000000001,-7.499999999999999,4.000000000000001
-7.5,4.0,-10.0,-10.0,-0.46162140369415283,0.030550697942376137,0.0035182139836251736,0.023216988891363144,0.12014853954315186,0.000259623397141695,5.542787070954174,2.8146245252324458,0.06198207768146533,6.928483838692717,23.45520437693705,0.34434487600814073,20.22374841615669,250.5125000000001,-7.499999999999999,4.000000000000001
-7.5,4.0,-10.0,-5.0,-0.45817387104034424,0.02991387074172497,-0.002238576766103506,0.010921187698841095,0.11808840930461884,0.0017377602634951472,2.607307013835852,2.7663634883809287,0.4148701266124133,3.259133767294815,23.053029069841074,2.3048340367356293,20.22374841615669,250.5125000000001,-7.499999999999999,4.000000000000001
-7.5,4.0,-10.0,0.0,-0.45947372913360596,0.03069962387263775,-0.008187111467123032,-0.0020436104387044907,0.12049363553524017,0.0032575023360550404,-0.48788831190473886,2.822708815283615,0.7776909364248221,-0.6098603898809236,23.52257346069679,4.320505202360123,20.22374841615669,250.5125000000001,-7.499999999999999,4.000000000000001
-7.5,4.0,-10.0,5.0,-0.4637710452079773,0.032740024973750115,-0.014132793061435223,-0.015193035826086998,0.12611126899719238,0.004771017003804445,-3.6271612541756375,2.9543086580773625,1.1390250254987802,-4.533951567719547,24.619238817311356,6.327916808326556,20.22374841615669,250.5125000000001,-7.499999999999999,4.000000000000001
-7.5,4.0,-10.0,10.0,-0.4671090841293335,0.03586346668481827,-0.0197907742112875,-0.027828820049762726,0.13266915082931519,0.006234829779714346,-6.643808320428527,3.1079349535650396,1.4884933638167281,-8.30476040053566,25.899457946375332,8.269407576759601,20.22374841615669,250.5125000000001,-7.499999999999999,4.000000000000001
-7.5,4.0,0.0,-10.0,-0.5704494118690491,0.036306707312464714,0.004714601207524538,0.02421393245458603,0.21900129318237305,0.00014813132293056697,5.780795794590099,5.130369567474796,0.03536463687796842,7.2259947432376235,42.753079728956635,0.1964702048776023,20.22374841615669,250.5125000000001,-7.499999999999999,4.000000000000001
-7.5,4.0,0.0,-5.0,-0.5668734312057495,0.0345938896137476,-0.0014488516608253121,0.012110200710594654,0.2162083089351654,0.0017340476624667645,2.891170092703741,5.064940541115678,0.4139837861366513,3.613962615879676,42.20783784263065,2.299909922981396,20.22374841615669,250.5125000000001,-7.499999999999999,4.000000000000001
-7.5,4.0,0.0,0.0,-0.5619240999221802,0.03405384172976017,-0.007748318836092949,-0.0003268862492404878,0.21278154850006104,0.003357896115630865,-0.07804030421175343,4.984664542760517,0.8016587879856295,-0.09755038026469179,41.53887118967098,4.453659933253497,20.22374841615669,250.5125000000001,-7.499999999999999,4.000000000000001
-7.5,4.0,0.0,5.0,-0.5563890933990479,0.03471309704065323,-0.01402147114276886,-0.01278973463922739,0.20917180180549622,0.00498160207644105,-3.0534009440654084,4.900101870463116,1.1892997714362403,-3.8167511800817606,40.834182253859304,6.607220952423557,20.22374841615669,250.5125000000001,-7.499999999999999,4.000000000000001
-7.5,4.0,0.0,10.0,-0.5501847267150879,0.036609217648506165,-0.020054146647453308,-0.024851694703102112,0.20536941289901733,0.006580680143088102,-5.933054141353259,4.811026321885154,1.571061130531127,-7.416317676691574,40.09188601570962,8.728117391839595,20.22374841615669,250.5125000000001,-7.499999999999999,4.000000000000001
-7.5,4.0,10.0,-10.0,-0.6784327626228333,0.04527416092634201,0.005329791456460953,0.024538405239582062,0.31253233551979065,0.0002746618411038071,5.858259912179506,7.321447100622011,0.06557233191945018,7.322824890224382,61.0120591718501,0.3642907328858343,20.22374841615669,250.5125000000001,-7.499999999999999,4.000000000000001
-7.5,4.0,10.0,-5.0,-0.6738771796226501,0.04356925574421883,-0.0008317637257277966,0.012990393675863743,0.3107050955295563,0.0018940673908218741,3.1013059639257508,7.278641798871739,0.4521866420528315,3.876632454907188,60.655348323931165,2.5121480114046193,20.22374841615669,250.5125000000001,-7.499999999999999,4.000000000000001
-7.5,4.0,10.0,0.0,-0.6623415350914001,0.042230945204496384,-0.007163743954151869,0.0013930749846622348,0.30363163352012634,0.0035651905927807093,0.3325805103317239,7.112937415566346,0.8511479423804008,0.4157256379146549,59.27447846305289,4.728599679891116,20.22374841615669,250.5125000000001,-7.499999999999999,4.000000000000001
-7.5,4.0,10.0,5.0,-0.647097110748291,0.04139836331188679,-0.013544878922402859,-0.010082181543111801,0.2929539084434509,0.005269776564091444,-2.4070040161393127,6.862798820550748,1.2580980911408963,-3.008755020174141,57.189990171256234,6.989433839671646,20.22374841615669,250.5125000000001,-7.499999999999999,4.000000000000001
-7.5,4.0,10.0,10.0,-0.6322804093360901,0.041369937484264374,-0.019807780161499977,-0.02127917855978012,0.28090208768844604,0.006998423486948013,-5.080157308665944,6.580470376112527,1.6707925132766839,-6.350196635832431,54.83725313427106,9.28218062931491,20.22374841615669,250.5125000000001,-7.499999999999999,4.000000000000001
-7.5,4.0,20.0,-10.0,-0.761967122554779,0.0546319374191761,0.005094220861792564,0.024080272763967514,0.3849133253097534,0.0006361035630106926,5.748886092236594,9.01705913051489,0.15186235481876653,7.186107615295743,75.14215942095741,0.8436797489931473,20.22374841615669,250.5125000000001,-7.499999999999999,4.000000000000001
-7.5,4.0,20.0,-5.0,-0.760638415813446,0.053851839278936386,-0.0005872453912161291,0.013501439243555069,0.3858163058757782,0.002188344718888402,3.223312171471539,9.038212539924654,0.5224419441901761,4.029140214339424,75.31843783270546,2.902455245500978,20.22374841615669,250.5125000000001,-7.499999999999999,4.000000000000001
-7.5,4.0,20.0,0.0,-0.7516910433769226,0.05264808249950409,-0.006505870260298252,0.0029028018470853567,0.3805471956729889,0.003820042358711362,0.6930103047752261,8.914777275049072,0.9119908484015065,0.8662628809690326,74.28981062540895,5.066615824452813,20.22374841615669,250.5125000000001,-7.499999999999999,4.000000000000001
-7.5,4.0,20.0,5.0,-0.7369813323020935,0.05112409604072571,-0.012620198540389538,-0.007604106329381466,0.36976295709609985,0.005538478959351778,-1.815392273557734,8.662143472758299,1.322247674420296,-2.2692403419471674,72.1845289396525,7.345820413446089,20.22374841615669,250.5125000000001,-7.499999999999999,4.000000000000001
-7.5,4.0,20.0,10.0,-0.7209292054176331,0.04958072317123413,-0.018823014572262764,-0.017991477623581886,0.3556059002876282,0.00734615046530962,-4.295256806383214,8.330497333323352,1.7538083000741558,-5.369071007979017,69.42081111102794,9.743379444856421,20.22374841615669,250.5125000000001,-7.499999999999999,4.000000000000001
-7.5,6.0,-20.0,-10.0,-0.3679558038711548,0.02931209293484688,-0.0017914286581799388,0.020301993936300278,0.0343649759888649,0.002124467631801963,4.846865802936958,0.8050410316685064,0.5071920298240356,6.058582253671197,6.708675263904221,2.8177334990224194,20.223748416156692,250.5125000000002,-7.499999999999998,6.0
-7.5,6.0,-20.0,-5.0,-0.3611791729927063,0.03010923055291176,-0.00710501940920949,0.007939988747239113,0.032122962176799774,0.003450895193964243,1.895580308783731,0.7525191526232603,0.8238612403109036,2.369475385979664,6.270992938527169,4.577006890616131,20.223748416156692,250.5125000000002,-7.499999999999998,6.0
-7.5,6.0,-20.0,0.0,-0.3609614968299866,0.031976742793917656,-0.012554853223264217,-0.005056107882410288,0.03669542074203491,0.004791367799043655,-1.2070871692753697,0.8596345122211,1.1438835420473021,-1.5088589615942123,7.1636209351758335,6.354908566929456,20.223748416156692,250.5125000000002,-7.499999999999998,6.0
-7.5,6.0,-20.0,5.0,-0.36506378650665283,0.03460928996384144,-0.01790916733443737,-0.01810453273355961,0.04647281765937805,0.006114624906331301,-4.32224740386431,1.0886818336544355,1.459795843170497,-5.402809254830387,9.072348613786962,8.10997690650276,20.223748416156692,250.5125000000002,-7.499999999999998,6.0
-7.5,6.0,-20.0,10.0,-0.369912326335907,0.037788892288804055,-0.022894810885190964,-0.03052446059882641,0.05887499451637268,0.0073866103775799274,-7.2873612657826214,1.379217792565781,1.7634676352994587,-9.109201582228277,11.493481604714843,9.797042418330326,20.223748416156692,250.5125000000002,-7.499999999999998,6.0
-7.5,6.0,-10.0,-10.0,-0.46157753467559814,0.03056718793988228,-0.0004224724252708256,0.022536974400281906,0.12153790891170502,0.0019025513902306557,5.3804414908764455,2.8471721792797267,0.4542120986033351,6.725551863595557,23.726434827331058,2.523400547796306,20.223748416156692,250.5125000000002,-7.499999999999998,6.0
-7.5,6.0,-10.0,-5.0,-0.45595723390579224,0.02991837275505066,-0.006234019994735718,0.010154291056096554,0.11799143254756927,0.003344434080645442,2.4242193267954417,2.764091690822615,0.7984448831241904,3.030274158494302,23.034097423521796,4.435804906245502,20.223748416156692,250.5125000000002,-7.499999999999998,6.0
-7.5,6.0,-10.0,0.0,-0.45472049713134766,0.030688863371610642,-0.012170582078397274,-0.002817027037963271,0.1186339259147644,0.004817756358534098,-0.6725325630129291,2.7791428732629733,1.150183504848212,-0.8406657037661613,23.15952394385811,6.389908360267845,20.223748416156692,250.5125000000002,-7.499999999999998,6.0
-7.5,6.0,-10.0,5.0,-0.4558830261230469,0.03272636805951595,-0.01801861822605133,-0.01586218550801277,0.12220819294452667,0.006286188028752804,-3.786912986963478,2.8628743915981207,1.5007545506609499,-4.733641233704348,23.857286596651008,8.337525281449722,20.223748416156692,250.5125000000002,-7.499999999999998,6.0
-7.5,6.0,-10.0,10.0,-0.45613032579421997,0.03582010244309902,-0.023519687354564667,-0.028361592441797256,0.12675099074840546,0.00772456731647253,-6.771001555526681,2.9692949120687597,1.8441509383840384,-8.46375194440835,24.744124267239666,10.245282991022435,20.223748416156692,250.5125000000002,-7.499999999999998,6.0
-7.5,6.0,0.0,-10.0,-0.5707711577415466,0.03642149840772152,0.0009580894839018583,0.024123739451169968,0.21917816996574402,0.0018337733345106244,5.759263260135944,5.134513119567175,0.4377921347658983,7.19907907516993,42.78760932972646,2.4321785264772124,20.223748416156692,250.5125000000002,-7.499999999999998,6.0
-7.5,6.0,0.0,-5.0,-0.5644486546516418,0.034720927600860596,-0.005208943504840136,0.012057465501129627,0.21505606174468994,0.003384564770385623,2.8785801725132063,5.0379477602315,0.8080256202852912,3.598225215641508,41.98289800192917,4.4890312238071735,20.223748416156692,250.5125000000002,-7.499999999999998,6.0
-7.5,6.0,0.0,0.0,-0.5567033886909485,0.03413110797584057,-0.011511584743857384,-0.00035458910861052573,0.21020039916038513,0.004981772508472204,-0.08465404087946705,4.92419800473714,1.1893404601087978,-0.10581755109933381,41.034983372809506,6.607447000604432,20.223748416156692,250.5125000000002,-7.499999999999998,6.0
-7.5,6.0,0.0,5.0,-0.5484434366226196,0.03472350922703743,-0.01776772364974022,-0.012757173739373684,0.20517796277999878,0.006595642305910587,-3.045627406524764,4.806541371819201,1.5746331735309342,-3.807034258155955,40.05451143182668,8.747962075171857,20.223748416156692,250.5125000000002,-7.499999999999998,6.0
-7.5,6.0,0.0,10.0,-0.5399183034896851,0.03656880569934845,-0.02376701682806015,-0.024772755801677704,0.20008453726768494,0.008216870948672295,-5.9142083933427045,4.68722173282139,1.961682726003394,-7.392760491678381,39.06018110684492,10.898237366685521,20.223748416156692,250.5125000000002,-7.499999999999998,6.0
-7.5,6.0,10.0,-10.0,-0.6791283488273621,0.045478500549793244,0.0018855680245906115,0.024901770055294037,0.310996949672699,0.002009376883506775,5.94500905144094,7.285478834363006,0.47971544728260523,7.431261314301175,60.712323619691716,2.6650858182366957,20.223748416156692,250.5125000000002,-7.499999999999998,6.0
-7.5,6.0,10.0,-5.0,-0.6727284789085388,0.04377853882789612,-0.004243900533765554,0.013562321662902832,0.30833250284194946,0.003603374818339944,3.2378471436157845,7.223060952093934,0.8602639837729548,4.047308929519731,60.192174600782785,4.779244354294193,20.223748416156692,250.5125000000002,-7.499999999999998,6.0
-7.5,6.0,10.0,0.0,-0.6592736840248108,0.04236336437344551,-0.010609698481857777,0.002085999585688114,0.30035096406936646,0.0052800970152020454,0.49800822956283847,7.036083774811329,1.2605619792553255,0.622510286953548,58.634031456761086,7.003122106974031,20.223748416156692,250.5125000000002,-7.499999999999998,6.0
-7.5,6.0,10.0,5.0,-0.6423704624176025,0.04141488124907017,-0.01707100123167038,-0.009333988651633263,0.2889617085456848,0.007026256062090397,-2.2283816329839423,6.76927672045192,1.677437218081964,-2.785477041229928,56.41063933709934,9.319095656010912,20.223748416156692,250.5125000000002,-7.499999999999998,6.0
-7.5,6.0,10.0,10.0,-0.6263741254806519,0.04131167953193188,-0.02344008907675743,-0.020576080307364464,0.2764896750450134,0.00883855763822794,-4.912300748052708,6.477104285364579,2.110103219340289,-6.140375935065885,53.97586904470483,11.722795663001605,20.223748416156692,250.5125000000002,-7.499999999999998,6.0
-7.5,6.0,20.0,-10.0,-0.7630991339683533,0.05461908516764641,0.0020148546900600195,0.024744456633925438,0.38141167163848877,0.002415627706795931,5.907452294958457,8.93502866772702,0.5767031239114764,7.384315368698071,74.4585722310585,3.2039062439526464,20.223748416156692,250.5125000000002,-7.499999999999998,6.0
-7.5,6.0,20.0,-5.0,-0.7610000967979431,0.053824737792015076,-0.00362086808308959,0.014510206878185272,0.3818199634552002,0.003961751237511635,3.4641437551445353,8.944593396230065,0.9458222011634388,4.330179693930669,74.53827830191722,5.254567784241327,20.223748416156692,250.5125000000002,-7.499999999999998,6.0
-7.5,6.0,20.0,0.0,-0.7514222264289856,0.05260305864095688,-0.009597229771316051,0.004124583676457405,0.3761385679244995,0.00563392136245966,0.9846965591408553,8.811499850032503,1.3450334422234573,1.2308706989260692,73.42916541693752,7.47240801235254,20.223748416156692,250.5125000000002,-7.499999999999998,6.0
-7.5,6.0,20.0,5.0,-0.7365445494651794,0.05104763073205948,-0.01586223766207695,-0.006308589596301317,0.36534595489501953,0.007444179151207209,-1.5061026653349934,8.558669866084113,1.7772115129248078,-1.8826283316687418,71.32224888403428,9.87339729402671,20.223748416156692,250.5125000000002,-7.499999999999998,6.0
-7.5,6.0,20.0,10.0,-0.7206801772117615,0.04950074863910675,-0.02227756194770336,-0.016787661239504814,0.3516491949558258,0.009390484541654587,-4.007859593907165,8.23780673626446,2.2418693720804077,-5.009824492383956,68.6483894688705,12.454829844891153,20.223748416156692,250.5125000000002,-7.499999999999998,6.0
-5.0,-6.0,-20.0,-10.0,-0.16986094415187836,0.02414135740429163,0.02032010816037655,0.02993013523519039,-0.02504090592265129,-0.005648046266287565,7.145472971959671,-0.5866134387644327,-1.3484055993400461,8.93184121494959,-4.888445323036939,-7.491142218555812,20.22374841615669,250.5125000000001,-5.000000000000002,-6.000000000000001
-5.0,-6.0,-20.0,-5.0,-0.1668483465909958,0.02499638417094946,0.016233697533607483,0.018931083381175995,-0.024949628859758377,-0.004682911094278097,4.519576793327091,-0.5844751634197098,-1.1179907605265913,5.6494709916588635,-4.870626361830916,-6.211059780703285,20.22374841615669,250.5125000000001,-5.000000000000002,-6.000000000000001
-5.0,-6.0,-20.0,0.0,-0.17252467572689056,0.02666810353577137,0.011799359694123268,0.0069284262135624886,-0.01629393920302391,-0.0037201405502855778,1.6540814753492952,-0.38170518816007937,-0.8881404492520556,2.067601844186619,-3.1808765680006617,-4.934113606955864,20.22374841615669,250.5125000000001,-5.000000000000002,-6.000000000000001
-5.0,-6.0,-20.0,5.0,-0.19044046103954315,0.028573544819951058,0.00689173536375165,-0.005855513270944357,0.0020608447957783937,-0.0027266344986855984,-1.3979359426779387,0.04827777621726515,-0.6509523916839334,-1.7474199283474234,0.40231480181054297,-3.616402176021852,20.22374841615669,250.5125000000001,-5.000000000000002,-6.000000000000001
-5.0,-6.0,-20.0,10.0,-0.21779178082942963,0.030678730581998825,0.001597544178366661,-0.01886325515806675,0.02806387096643448,-0.001694484381005168,-4.503383591019294,0.6574300428072697,-0.4045385111272191,-5.629229488774118,5.4785836900605815,-2.247436172928995,20.22374841615669,250.5125000000001,-5.000000000000002,-6.000000000000001
-5.0,-6.0,-10.0,-10.0,-0.2571985125541687,0.024087621954381466,0.021628286689519882,0.02885615825653076,0.0540546178817749,-0.005991726648062468,6.889073413012925,1.2662946530238013,-1.4304553080923803,8.611341766266156,10.552455441865012,-7.946973933846557,20.22374841615669,250.5125000000001,-5.000000000000002,-6.000000000000001
-5.0,-6.0,-10.0,-5.0,-0.26281875371932983,0.023412113201916218,0.016786325722932816,0.017179591581225395,0.05840840935707092,-0.004865850321948528,4.101428421500117,1.3682874721684315,-1.161665381324606,5.126785526875146,11.402395601403597,-6.453696562914478,20.22374841615669,250.5125000000001,-5.000000000000002,-6.000000000000001
-5.0,-6.0,-10.0,0.0,-0.273432195186615,0.023970273447334767,0.011643406935036182,0.004753136076033115,0.06710498034954071,-0.003735800739377737,1.1347561611886257,1.5720151420502557,-0.8918791379353675,1.418445201485782,13.100126183752131,-4.954884099640931,20.22374841615669,250.5125000000001,-5.000000000000002,-6.000000000000001
-5.0,-6.0,-10.0,5.0,-0.28952813148498535,0.02549321309953928,0.006209913175553083,-0.008139547891914845,0.07998126745223999,-0.0026023411191999912,-1.9432227421834722,1.8736577055886596,-0.6212787875812794,-2.42902842772934,15.61381421323883,-3.4515488198959967,20.22374841615669,250.5125000000001,-5.000000000000002,-6.000000000000001
-5.0,-6.0,-10.0,10.0,-0.30822479724884033,0.027878543485999108,0.0006503190961666405,-0.020964646711945534,0.09600691497325897,-0.0014961992856115103,-5.005066474633224,2.249077837343074,-0.3572002422305262,-6.25633309329153,18.742315311192286,-1.98444579016959,20.22374841615669,250.5125000000001,-5.000000000000002,-6.000000000000001
-5.0,-6.0,0.0,-10.0,-0.3682088255882263,0.027960712214112282,0.022405317053198814,0.026912076398730278,0.14897342026233673,-0.006487647537142038,6.4249463965115865,3.4898821398285764,-1.5488506738768257,8.031182995639483,29.08235116523814,-8.604725965982364,20.22374841615669,250.5125000000001,-5.000000000000002,-6.000000000000001
-5.0,-6.0,0.0,-5.0,-0.37483835220336914,0.02615497646212578,0.016890982165932655,0.01476939395070076,0.15478551387786865,-0.00518585741519928,3.526021665377404,3.6260374463801615,-1.23806336675603,4.407527081721755,30.21697871983468,-6.878129815311277,20.22374841615669,250.5125000000001,-5.000000000000002,-6.000000000000001
-5.0,-6.0,0.0,0.0,-0.3802904486656189,0.025608618867695332,0.01118647214025259,0.0023167019244283438,0.1600109487771988,-0.003906493075191975,0.553085739673718,3.7484495645680638,-0.9326299552135755,0.6913571745921475,31.237079704733866,-5.1812775289643085,20.22374841615669,250.5125000000001,-5.000000000000002,-6.000000000000001
-5.0,-6.0,0.0,5.0,-0.38450175523757935,0.026337513824105263,0.005433139391243458,-0.010145630687475204,0.1641116738319397,-0.0026750927790999413,-2.422151764139115,3.844513997429218,-0.6386474033725335,-3.027689705173894,32.03761664524349,-3.548041129847408,20.22374841615669,250.5125000000001,-5.000000000000002,-6.000000000000001
-5.0,-6.0,0.0,10.0,-0.3873281478881836,0.028208557640314103,-0.00020647328346967697,-0.022301968187093735,0.16758811473846436,-0.0015282053500413895,-5.3243364806122635,3.925953820778143,-0.36484131924288826,-6.655420600765329,32.71628183981786,-2.026896218016046,20.22374841615669,250.5125000000001,-5.000000000000002,-6.000000000000001
-5.0,-6.0,10.0,-10.0,-0.48844897747039795,0.03493323003232479,0.022210700437426567,0.024245020002126694,0.2469913363456726,-0.007037016097456217,5.788217586338476,5.78607010490366,-1.6800060518436433,7.235271982923095,48.21725087419717,-9.333366954686907,20.22374841615669,250.5125000000001,-5.000000000000002,-6.000000000000001
-5.0,-6.0,10.0,-5.0,-0.4897317886352539,0.03305858013510704,0.016388025134801865,0.011952337808907032,0.2516450881958008,-0.005606682039797306,2.853482154162194,5.895089857798885,-1.3385303695734712,3.5668526927027426,49.12574881499071,-7.436279830963729,20.22374841615669,250.5125000000001,-5.000000000000002,-6.000000000000001
-5.0,-6.0,10.0,0.0,-0.4839770197868347,0.031865524252057076,0.010491225868463516,-0.0002573459059931338,0.2520811855792999,-0.004224761854857206,-0.06143835306017502,5.905305965257648,-1.0086129384191653,-0.07679794132521878,49.21088304381374,-5.603405213439808,20.22374841615669,250.5125000000001,-5.000000000000002,-6.000000000000001
-5.0,-6.0,10.0,5.0,-0.4727696180343628,0.03149506089568138,0.004718549083918333,-0.012042772024869919,0.2480490505695343,-0.002931373892351985,-2.8750722753168563,5.810848336969468,-0.699831549504059,-3.5938403441460705,48.42373614141224,-3.8879530528003277,20.22374841615669,250.5125000000001,-5.000000000000002,-6.000000000000001
-5.0,-6.0,10.0,10.0,-0.45930933952331543,0.03194696654856205,-0.0008049823227338493,-0.023255951702594757,0.24096867442131042,-0.001755166333168745,-5.552088990654147,5.644981981619354,-0.41902562405415245,-6.940111238317684,47.04151651349462,-2.3279201336341804,20.22374841615669,250.5125000000001,-5.000000000000002,-6.000000000000001
-5.0,-6.0,20.0,-10.0,-0.5914259552955627,0.04334564891934395,0.020896121859550476,0.02099747024476528,0.33201295137405396,-0.007456865627318621,5.012902712751252,7.777804034784735,-1.780240262091865,6.266128390939065,64.81503362320613,-9.890223678288137,20.22374841615669,250.5125000000001,-5.000000000000002,-6.000000000000001
-5.0,-6.0,20.0,-5.0,-0.5880155563354492,0.042394526426792145,0.015298164449632168,0.00906373467296362,0.3353080749511719,-0.006029652431607246,2.163861627144542,7.854996280891868,-1.4395096494486794,2.7048270339306772,65.45830234076557,-7.997275830270441,20.22374841615669,250.5125000000001,-5.000000000000002,-6.000000000000001
-5.0,-6.0,20.0,0.0,-0.5752800703048706,0.04115320568263531,0.00971145462244749,-0.0025676232762634754,0.333246648311615,-0.00464222114533186,-0.6129903048731913,7.806704874281966,-1.1082765067104603,-0.7662378810914892,65.05587395234971,-6.1570917039470014,20.22374841615669,250.5125000000001,-5.000000000000002,-6.000000000000001
-5.0,-6.0,20.0,5.0,-0.5549464225769043,0.03983017255842686,0.004285902250558138,-0.013576039113104343,0.3254135251045227,-0.0033369730226695538,-3.2411220259004403,7.623204510717988,-0.7966636419874561,-4.05140253237555,63.52670425598324,-4.425909122152533,20.22374841615669,250.5125000000001,-5.000000000000002,-6.000000000000001
-5.0,-6.0,20.0,10.0,-0.5312183499336243,0.03863729362666607,-0.0009055592818185687,-0.023846125230193138,0.3128223717212677,-0.002144487341865897,-5.692986081732509,7.328241548635999,-0.5119715036234093,-7.116232602165637,61.06867957196666,-2.8442861312411623,20.22374841615669,250.5125000000001,-5.000000000000002,-6.000000000000001
-5.0,-4.0,-20.0,-10.0,-0.181441530585289,0.023811760482490063,0.016505463048815727,0.028042219579219818,-0.022870555520057678,-0.004419088829308748,6.694754985319363,-0.5357703615641967,-1.0550062518056549,8.368443731649203,-4.464753013034972,-5.861145843364749,20.223748416156692,250.5125000000002,-4.999999999999999,-3.999999999999999
-5.0,-4.0,-20.0,-5.0,-0.1765693873167038,0.024740708184540272,0.012362725101411343,0.016845865175127983,-0.023159652948379517,-0.003457185346633196,4.021755109099092,-0.5425428176841818,-0.825362941373472,5.027193886373865,-4.5211901473681815,-4.585349674297066,20.223748416156692,250.5125000000002,-4.999999999999999,-3.999999999999999
-5.0,-4.0,-20.0,0.0,-0.18064920604228973,0.026375832160115242,0.007839727215468884,0.0046725147403776646,-0.014628504402935505,-0.002472937572747469,1.1155087515006141,-0.3426903682435971,-0.5903851903293345,1.3943859393757676,-2.8557530686966426,-3.2799177240518578,20.223748416156692,250.5125000000002,-4.999999999999999,-3.999999999999999
-5.0,-4.0,-20.0,5.0,-0.19638065993785858,0.02827357140660286,0.0028476687148213387,-0.00824006088078022,0.0033956163097172976,-0.0014378923224285245,-1.967219053580823,0.07954640963552474,-0.34328013040252436,-2.459023816976029,0.6628867469627062,-1.9071118355695797,20.223748416156692,250.5125000000002,-4.999999999999999,-3.999999999999999
-5.0,-4.0,-20.0,10.0,-0.22022132575511932,0.030532688026428223,-0.0024618729948997498,-0.02127053216099739,0.028277039527893066,-0.00035995812504552305,-5.078093081146715,0.6624237735956028,-0.08593583133984473,-6.347616351433394,5.52019811329669,-0.47742128522135957,20.223748416156692,250.5125000000002,-4.999999999999999,-3.999999999999999
-5.0,-4.0,-10.0,-10.0,-0.2677181363105774,0.023897999090254307,0.017826110124588013,0.02752079628407955,0.058510519564151764,-0.0047449576668441296,6.570271215597056,1.3706795269883998,-1.1328036607620722,8.21283901949632,11.422329391569999,-6.293353670900401,20.223748416156692,250.5125000000002,-4.999999999999999,-3.999999999999999
-5.0,-4.0,-10.0,-5.0,-0.2716794013977051,0.023273681414425373,0.012937608174979687,0.015716196969151497,0.06169905513525009,-0.0036343687679618597,3.7520599149525427,1.4453748204319474,-0.8676634301027959,4.690074893690678,12.044790170266229,-4.820352389459977,20.223748416156692,250.5125000000002,-4.999999999999999,-3.999999999999999
-5.0,-4.0,-10.0,0.0,-0.2808265686035156,0.023790053215920925,0.007729498669505119,0.0031671198084950447,0.06949140131473541,-0.0024906268808990717,0.7561131552774115,1.6279199329175102,-0.5946083076756714,0.9451414440967644,13.565999440979253,-3.303379487087063,20.223748416156692,250.5125000000002,-4.999999999999999,-3.999999999999999
-5.0,-4.0,-10.0,5.0,-0.2951371669769287,0.02530162700742483,0.002239399356767535,-0.009854616597294807,0.08153951168060303,-0.0013228323077782989,-2.352675522234316,1.9101614570127656,-0.3158108851627027,-2.940844402792895,15.918012141773048,-1.7545049175705707,20.223748416156692,250.5125000000002,-4.999999999999999,-3.999999999999999
-5.0,-4.0,-10.0,10.0,-0.31133008003234863,0.027791543056368828,-0.003324799006804824,-0.02276725135743618,0.09647338092327118,-0.00017297265003435314,-5.435417446062788,2.2600053651189635,-0.04129521587511957,-6.794271807578484,18.83337804265803,-0.2294178659728865,20.223748416156692,250.5125000000002,-4.999999999999999,-3.999999999999999
-5.0,-4.0,0.0,-10.0,-0.37607723474502563,0.027875617270469666,0.018720796331763268,0.026199910789728165,0.15474525094032288,-0.005165853071957827,6.254925109581328,3.625094238481797,-1.2332875616074608,7.81865638697666,30.209118654014976,-6.851597564485893,20.223748416156692,250.5125000000002,-4.999999999999999,-3.999999999999999
-5.0,-4.0,0.0,-5.0,-0.3815382122993469,0.02605968912422657,0.013178263790905476,0.01397800724953413,0.1592109352350235,-0.003897419199347496,3.337087260667272,3.729708281945017,-0.9304636724992429,4.17135907583409,31.080902349541812,-5.1692426249957935,20.223748416156692,250.5125000000002,-4.999999999999999,-3.999999999999999
-5.0,-4.0,0.0,0.0,-0.38590407371520996,0.025414123323857785,0.007435918319970369,0.001463653752580285,0.16313239932060242,-0.002619066508486867,0.3494303733406853,3.8215733102845793,-0.6252717804680729,0.4367879666758566,31.846444252371494,-3.473732113711516,20.223748416156692,250.5125000000002,-4.999999999999999,-3.999999999999999
-5.0,-4.0,0.0,5.0,-0.38903748989105225,0.026048094158172608,0.001642037183046341,-0.01108737662434578,0.16605055332183838,-0.0013623310951516032,-2.646982694085922,3.889934589177478,-0.32524076295588045,-3.3087283676074026,32.416121576478986,-1.8068931275326692,20.223748416156692,250.5125000000002,-4.999999999999999,-3.999999999999999
-5.0,-4.0,0.0,10.0,-0.390799343585968,0.02790193085849285,-0.00401719193905592,-0.02334725484251976,0.16844959557056427,-0.0001710156793706119,-5.57388655733611,3.9461350488418883,-0.04082801180554892,-6.967358196670137,32.88445874034907,-0.22682228780860508,20.223748416156692,250.5125000000002,-4.999999999999999,-3.999999999999999
-5.0,-4.0,10.0,-10.0,-0.4932329058647156,0.03501475801050663,0.018715158104896545,0.024168990552425385,0.25219202041625977,-0.005575666204094887,5.770066436213539,5.907902405060777,-1.3311256981955153,7.212583045266924,49.23252004217314,-7.395142767752862,20.223748416156692,250.5125000000002,-4.999999999999999,-3.999999999999999
-5.0,-4.0,10.0,-5.0,-0.4940531253814697,0.033065181349515915,0.012894205749034882,0.011871152557432652,0.25596854090690613,-0.004197599366307259,2.8341001161067885,5.9963719547817576,-1.0021282090232018,3.542625145133486,49.96976628984798,-5.567378939017788,20.223748416156692,250.5125000000002,-4.999999999999999,-3.999999999999999
-5.0,-4.0,10.0,0.0,-0.487865686416626,0.03171788540959358,0.006985756568610668,-0.00033797009382396936,0.255420058965683,-0.0028372660744935274,-0.08068644367201055,5.983523103440878,-0.677364398464692,-0.1008580545900132,49.86269252867399,-3.7631355470260663,20.223748416156692,250.5125000000002,-4.999999999999999,-3.999999999999999
-5.0,-4.0,10.0,5.0,-0.4764033555984497,0.03117543098807335,0.0011732543352991343,-0.012170900590717793,0.25039762258529663,-0.0015321110840886831,-2.90566148572328,5.865866470522938,-0.3657737679889865,-3.6320768571541002,48.88222058769116,-2.0320764888277028,20.223748416156692,250.5125000000002,-4.999999999999999,-3.999999999999999
-5.0,-4.0,10.0,10.0,-0.4631345272064209,0.031510818873643875,-0.00440430361777544,-0.023483455181121826,0.24247926473617554,-0.00031330419005826116,-5.606402809955929,5.680369382614529,-0.07479774496410761,-7.008003512444912,47.336411521787745,-0.41554302757837563,20.223748416156692,250.5125000000002,-4.999999999999999,-3.999999999999999
-5.0,-4.0,20.0,-10.0,-0.5929650068283081,0.04367635411500931,0.017637886106967926,0.021521853283047676,0.33512333035469055,-0.005829269532114267,5.138093086852719,7.850668415783084,-1.391670554131579,6.422616358565899,65.42223679819237,-7.731503078508772,20.223748416156692,250.5125000000002,-4.999999999999999,-3.999999999999999
-5.0,-4.0,20.0,-5.0,-0.5901291966438293,0.042568817858695984,0.012060703709721565,0.009682311676442623,0.33834823966026306,-0.00445443345233798,2.311539718964127,7.926215807849842,-1.0634443709980645,2.889424648705159,66.05179839874869,-5.908024283322581,20.223748416156692,250.5125000000002,-4.999999999999999,-3.999999999999999
-5.0,-4.0,20.0,0.0,-0.5781643390655518,0.04114695464551449,0.006467069964855909,-0.0019074268639087677,0.33625200390815735,-0.003099374007433653,-0.4553760614494331,7.877108955773402,-0.7399396302784741,-0.5692200768117914,65.64257463144503,-4.110775723769301,20.223748416156692,250.5125000000002,-4.999999999999999,-3.999999999999999
-5.0,-4.0,20.0,5.0,-0.5586730241775513,0.03965270717918873,0.000983098754659295,-0.012957915663719177,0.32824450731277466,-0.0017953879432752728,-3.0935522148652024,7.689523685167722,-0.428628067399179,-3.866940268581503,64.07936404306436,-2.38126704110655,20.223748416156692,250.5125000000002,-4.999999999999999,-3.999999999999999
-5.0,-4.0,20.0,10.0,-0.5360323190689087,0.03833972861349583,-0.004305877722799778,-0.02334376610815525,0.31536781787872314,-0.000569625583011657,-5.573053662432292,7.387871696531887,-0.13599150740759006,-6.966317078040365,61.56559747109906,-0.7555083744866113,20.223748416156692,250.5125000000002,-4.999999999999999,-3.999999999999999
-5.0,-2.0,-20.0,-10.0,-0.18908332288265228,0.023522886571586132,0.012741145677864552,0.026083679869771004,-0.020648695528507233,-0.0032065489795058966,6.227176324267341,-0.4837206100846575,-0.7655264129707333,7.783970405334176,-4.031005084038813,-4.252924516504073,20.223748416156692,250.5125000000002,-5.0,-1.9999999999999996
-5.0,-2.0,-20.0,-5.0,-0.18241040408611298,0.024462768000662327,0.00850527361035347,0.01466369815170765,-0.021374229341745377,-0.0022377886343747377,3.5007880181178708,-0.5007171151806855,-0.5342461060811682,4.375985022647338,-4.172642626505713,-2.9680339226731562,20.223748416156692,250.5125000000002,-5.0,-1.9999999999999996
-5.0,-2.0,-20.0,0.0,-0.18467645347118378,0.02610249084711075,0.0038711780216544867,0.0022999506909400225,-0.01328552607446909,-0.0012256719637662172,0.5490865767832995,-0.3112294802916495,-0.29261497887530447,0.6863582209791244,-2.5935790024304124,-1.6256387715294691,20.223748416156692,250.5125000000002,-5.0,-1.9999999999999996
-5.0,-2.0,-20.0,5.0,-0.19769404828548431,0.02810613264620304,-0.0011885147541761398,-0.010718146339058876,0.003790437476709485,-0.00015583827916998416,-2.5588332419296047,0.0887955719135064,-0.03720458337577386,-3.198541552412006,0.73996309927922,-0.20669212986541033,20.223748416156692,250.5125000000002,-5.0,-1.9999999999999996
-5.0,-2.0,-20.0,10.0,-0.21747706830501556,0.030605822925567627,-0.006462767254561186,-0.023710528388619423,0.026805639266967773,0.0009471165249124169,-5.660613907035188,0.6279544469056488,0.22611309561010728,-7.075767383793985,5.232953724213741,1.256183864500596,20.223748416156692,250.5125000000002,-5.0,-1.9999999999999996
-5.0,-2.0,-10.0,-10.0,-0.2755465507507324,0.023706616026461125,0.014050998724997044,0.02609768882393837,0.06276864558458328,-0.003515799529850483,6.230520799746043,1.4704312674107836,-0.8393563984247513,7.7881509996825535,12.253593895089864,-4.663091102359729,20.223748416156692,250.5125000000002,-5.0,-1.9999999999999996
-5.0,-2.0,-10.0,-5.0,-0.27735435962677,0.023072627497017384,0.009092140942811966,0.014176102355122566,0.06457352638244629,-0.002402961952611804,3.3843801716994752,1.5127127780983254,-0.5736793218644427,4.230475214624344,12.605939817486046,-3.1871073436913484,20.223748416156692,250.5125000000002,-5.0,-1.9999999999999996
-5.0,-2.0,-10.0,0.0,-0.28445225954055786,0.023596356746852398,0.0038124078419059515,0.001512895803898573,0.07110276818275452,-0.0012371654156595469,0.3611863425006569,1.6656681462800593,-0.29535890733446307,0.45148292812582114,13.880567885667162,-1.6408828185247948,20.223748416156692,250.5125000000002,-5.0,-1.9999999999999996
-5.0,-2.0,-10.0,5.0,-0.2965536117553711,0.025195363101661206,-0.0017111079068854451,-0.011603186838328838,0.08190228044986725,-4.143453043070622e-05,-2.770126405723523,1.9186597531954899,-0.009892014017709751,-3.462658007154404,15.988831276629083,-0.054955633431720836,20.223748416156692,250.5125000000002,-5.0,-1.9999999999999996
-5.0,-2.0,-10.0,10.0,-0.31005239486694336,0.027856797103881836,-0.007237102836370468,-0.024538623169064522,0.09530943632125854,0.0011342079378664494,-5.858311940318187,2.232738558253949,0.27077900253113496,-7.322889925397734,18.606154652116246,1.5043277918396387,20.223748416156692,250.5125000000002,-5.0,-1.9999999999999996
-5.0,-2.0,0.0,-10.0,-0.38221991062164307,0.027799075593352318,0.015035944059491158,0.02536332607269287,0.1601392775774002,-0.003865826176479459,6.05520020231456,3.751455821570555,-0.9229212043736515,7.5690002528932,31.262131846421294,-5.127340024298064,20.223748416156692,250.5125000000002,-5.0,-1.9999999999999996
-5.0,-2.0,0.0,-5.0,-0.38578736782073975,0.025938692626655102,0.009455282241106033,0.013130982406437397,0.1629815697669983,-0.002606221241876483,3.1348698942782964,3.8180399459813743,-0.6222051219093705,3.9185873678478704,31.816999549844788,-3.4566951217187247,20.223748416156692,250.5125000000002,-5.0,-1.9999999999999996
-5.0,-2.0,0.0,0.0,-0.38840776681900024,0.025241307106912136,0.0036766149569302797,0.0005995245301164687,0.16524583101272583,-0.0013148910365998745,0.14312953457481428,3.871082998006731,-0.31391499868833367,0.17891191821851785,32.25902498338942,-1.743972214935187,20.223748416156692,250.5125000000002,-5.0,-1.9999999999999996
-5.0,-2.0,0.0,5.0,-0.3902490735054016,0.025849071455299855,-0.0021392263006418943,-0.011998050846159458,0.16674421727657318,-3.32239105773624e-05,-2.8643956121063927,3.9061845043798606,-0.007931823668281464,-3.5804945151329908,32.55153753649884,-0.044065687046008134,20.223748416156692,250.5125000000002,-5.0,-1.9999999999999996
-5.0,-2.0,0.0,10.0,-0.39106136560440063,0.027730317910313607,-0.007789594121277332,-0.0243017990142107,0.16792435944080353,0.0011915006907656789,-5.801772917546732,3.9338307586858536,0.2844569834060518,-7.2522161469334145,32.78192298904878,1.5803165744780654,20.223748416156692,250.5125000000002,-5.0,-1.9999999999999996
-5.0,-2.0,10.0,-10.0,-0.49692225456237793,0.03514577274501324,0.01520546618849039,0.023941420018672943,0.2569948732852936,-0.0041428073309361935,5.715736608253703,6.020415029248027,-0.9890472454810697,7.144670760317129,50.17012524373356,-5.494706919339276,20.223748416156692,250.5125000000002,-5.0,-1.9999999999999996
-5.0,-2.0,10.0,-5.0,-0.4965643286705017,0.033098802094459534,0.009385764598846436,0.011750288307666779,0.25973770022392273,-0.0027890715282410383,2.8052451769896805,6.0846690601275375,-0.6658585090012149,3.5065564712371007,50.70557550106282,-3.6992139388956384,20.223748416156692,250.5125000000002,-5.0,-1.9999999999999996
-5.0,-2.0,10.0,0.0,-0.4893922805786133,0.031615866472125054,0.0034609567373991013,-0.0003810484195128083,0.2579309344291687,-0.001428227755241096,-0.09097089476012195,6.042343391113148,-0.34097282697469805,-0.11371361845015243,50.35286159260957,-1.894293483192767,20.223748416156692,250.5125000000002,-5.0,-1.9999999999999996
-5.0,-2.0,10.0,5.0,-0.4776111841201782,0.03092700069129467,-0.0023898808285593987,-0.01220394205302,0.25176215171813965,-0.00010078270133817568,-2.913549751979988,5.897832212073337,-0.024060702124937706,-3.6419371899749846,49.14860176727781,-0.13367056736076502,20.223748416156692,250.5125000000002,-5.0,-1.9999999999999996
-5.0,-2.0,10.0,10.0,-0.4647970199584961,0.031163284679055214,-0.00801260769367218,-0.02355722151696682,0.24299517273902893,0.001160578802227974,-5.6240136678715045,5.692455150141261,0.2770747408250582,-7.030017084839381,47.437126251177176,1.5393041156947675,20.223748416156692,250.5125000000002,-5.0,-1.9999999999999996
-5.0,-2.0,20.0,-10.0,-0.594212532043457,0.044033754740953446,0.014363884925842285,0.021876608952879906,0.33798855543136597,-0.004232283215969801,5.22278689229384,7.917789770747414,-1.0104085762310258,6.5284836153673,65.98158142289512,-5.613380979061254,20.223748416156692,250.5125000000002,-5.0,-1.9999999999999996
-5.0,-2.0,20.0,-5.0,-0.5912944078445435,0.04273797956585884,0.008811903186142445,0.010253559798002243,0.34110286831855774,-0.002887113019824028,2.447918588648878,7.990746308253966,-0.68926477906087,3.0598982358110978,66.58955256878305,-3.8292487725603888,20.223748416156692,250.5125000000002,-5.0,-1.9999999999999996
-5.0,-2.0,20.0,0.0,-0.579595685005188,0.04112234537780285,0.0031970327254384756,-0.0011968258768320084,0.33874914050102234,-0.0015391628257930279,-0.28572830987379444,7.935607393822321,-0.36745728960884183,-0.35716038734224304,66.13006161518601,-2.0414293867157878,20.223748416156692,250.5125000000002,-5.0,-1.9999999999999996
-5.0,-2.0,20.0,5.0,-0.5608533024787903,0.03944765043735504,-0.0023629101924598217,-0.012209145352244377,0.3303939998149872,-0.00021655275486409664,-2.914791979376578,7.739878140881749,-0.05169946091875612,-3.6434899742207225,64.49898450734791,-0.2872192273264229,20.223748416156692,250.5125000000002,-5.0,-1.9999999999999996
-5.0,-2.0,20.0,10.0,-0.5395442247390747,0.03800982062995434,-0.007759972009807825,-0.022639503702521324,0.31722545623779297,0.001054109656251967,-5.4049191737278175,7.43138911675465,0.25165646593451546,-6.756148967159772,61.928242639622084,1.3980914774139748,20.223748416156692,250.5125000000002,-5.0,-1.9999999999999996
-5.0,0.0,-20.0,-10.0,-0.1922082155942917,0.02332949557632208,0.008974230848252773,0.02406725473701954,-0.018465381115674973,-0.0019770674407482147,5.745778189149156,-0.4325738353005657,-0.4720019422096671,7.1822227364364455,-3.604781960838048,-2.6222330122759283,20.223748416156695,250.5125000000003,-4.999999999999998,0.0
-5.0,0.0,-20.0,-5.0,-0.18418948352336884,0.02430266806215048,0.004610794596374035,0.012385031208395958,-0.01972237601876259,-0.0009967033984139562,2.956782689455411,-0.4620204577545316,-0.23795138707070318,3.6959783618192636,-3.8501704812877637,-1.3219521503927953,20.223748416156695,250.5125000000003,-4.999999999999998,0.0
-5.0,0.0,-20.0,0.0,-0.1849268525838852,0.02602331352710724,-0.00013612641487270594,-0.00018366225413046777,-0.012393736280500889,3.570418630260974e-05,-0.04384723498727949,-0.29033822822151195,0.008523960757489304,-0.054809043734099366,-2.4194852351792666,0.04735533754160724,20.223748416156695,250.5125000000003,-4.999999999999998,0.0
-5.0,0.0,-20.0,5.0,-0.19527362287044525,0.028200416018366814,-0.005225955508649349,-0.013276717625558376,0.0031986006069928408,0.0011191245866939425,-3.16966248913658,0.07493107905512267,0.26717802721703077,-3.962078111420725,0.624425658792689,1.4843223734279487,20.223748416156695,250.5125000000003,-4.999999999999998,0.0
-5.0,0.0,-20.0,10.0,-0.21096275746822357,0.0309268088388443,-0.010406071320176125,-0.026176592335104942,0.023786820471286774,0.0022177277132868767,-6.249358098742629,0.5572349737279935,0.5294567936273646,-7.811697623428286,4.643624781066612,2.9414266312631367,20.223748416156695,250.5125000000003,-4.999999999999998,0.0
-5.0,0.0,-10.0,-10.0,-0.27969539165496826,0.023533157196938992,0.010257085785269737,0.02464757300913334,0.06659677624702454,-0.0022613308392465115,5.884322452178348,1.5601098476854256,-0.5398665346990055,7.355403065222935,13.000915397378547,-2.999258526105586,20.223748416156695,250.5125000000003,-4.999999999999998,0.0
-5.0,0.0,-10.0,-5.0,-0.27933382987976074,0.022925437552034855,0.005211938172578812,0.01258924975991249,0.06684631109237671,-0.0011414795881137252,3.0055375022475177,1.5659555025581267,-0.2725150247674249,3.756921877809397,13.04962918798439,-1.5139723598190271,20.223748416156695,250.5125000000003,-4.999999999999998,0.0
-5.0,0.0,-10.0,0.0,-0.284515380859375,0.023539512542188168,-0.00012826647434849292,-0.00019837416766677052,0.07187896966934204,3.5949509765487164e-05,-0.04735953386977367,1.6838516027663244,0.008582528891565662,-0.05919941733721709,14.03209668971937,0.04768071606425368,20.223748416156695,250.5125000000003,-4.999999999999998,0.0
-5.0,0.0,-10.0,5.0,-0.2946195602416992,0.025286912110745907,-0.0056510609574615955,-0.013382897712290287,0.08113609254360199,0.001237803720869124,-3.1950117544820684,1.9007108769119285,0.2955112953068881,-3.9937646931025856,15.839257307599405,1.6417294183716005,20.223748416156695,250.5125000000003,-4.999999999999998,0.0
-5.0,0.0,-10.0,10.0,-0.3054908514022827,0.028113905464410782,-0.011097931303083897,-0.026286454871296883,0.09265285730361938,0.0024136335123330355,-6.2755865062263165,2.1705049890012864,0.5762270330911887,-7.844483132782896,18.08754157501072,3.201261294951048,20.223748416156695,250.5125000000003,-4.999999999999998,0.0
-5.0,0.0,0.0,-10.0,-0.38564741611480713,0.027737831820845604,0.01131365168839693,0.024508725851774216,0.16476142406463623,-0.002538971370086074,5.851174302250293,3.8597351807010023,-0.6061499942773,7.313967877812866,32.164459839175024,-3.367499968207222,20.223748416156695,250.5125000000003,-4.999999999999998,0.0
-5.0,0.0,0.0,-5.0,-0.38705044984817505,0.025881082874834538,0.0056940061040222645,0.012286530807614326,0.1657683402299881,-0.0012800805270671844,2.9332668601421905,3.8833234069468525,-0.30560439290418323,3.666583575177738,32.361028391223776,-1.697802182801018,20.223748416156695,250.5125000000003,-4.999999999999998,0.0
-5.0,0.0,0.0,0.0,-0.38799774646759033,0.025207589504420758,-0.0001051461003953591,-0.00025939327315427363,0.16622576117515564,1.7356695025227964e-05,-0.061927138246030224,3.8940390445694066,0.0041437098165695765,-0.07740892280753778,32.45032537141172,0.023020610092053202,20.223748416156695,250.5125000000003,-4.999999999999998,0.0
-5.0,0.0,0.0,5.0,-0.3888660669326782,0.025841604110896588,-0.005917185917496681,-0.012886489741504192,0.16623049974441528,0.0013069617561995983,-3.07650010358425,3.894150051272472,0.31202197487330446,-3.8456251294803123,32.4512504272706,1.7334554159628026,20.223748416156695,250.5125000000003,-4.999999999999998,0.0
-5.0,0.0,0.0,10.0,-0.3888241648674011,0.027761861805915833,-0.011534858494997025,-0.025189070031046867,0.16605627536773682,0.0025451956316828728,-6.013598591563461,3.8900686350075953,0.6076359646099044,-7.516998239454327,32.4172386250633,3.3757553589439135,20.223748416156695,250.5125000000003,-4.999999999999998,0.0
-5.0,0.0,10.0,-10.0,-0.49866002798080444,0.03530997422814369,0.011657004244625568,0.023682769387960434,0.26095420122146606,-0.002693258225917816,5.653986767285277,6.113167063979059,-0.6429841933081865,7.067483459106596,50.943058866492166,-3.5721344072677024,20.223748416156695,250.5125000000003,-4.999999999999998,0.0
-5.0,0.0,10.0,-5.0,-0.49676334857940674,0.033207524691820145,0.005840575322508812,0.0116549301892519,0.26245972514152527,-0.001349553233012557,2.7824795311803263,6.148435778562151,-0.3221901964336608,3.478099413975408,51.23696482135126,-1.78994553574256,20.223748416156695,250.5125000000003,-4.999999999999998,0.0
-5.0,0.0,10.0,0.0,-0.48859721422195435,0.03164293443143368,-9.347565355710685e-05,-0.0003700859670061618,0.25924667716026306,1.4414698853215668e-05,-0.08835373625157855,6.073166252330738,0.003441342320882283,-0.11044217031447319,50.60971876942282,0.019118568449346014,20.223748416156695,250.5125000000003,-4.999999999999998,0.0
-5.0,0.0,10.0,5.0,-0.47674793004989624,0.030847281341552735,-0.005970735568553209,-0.01215794775635004,0.25190070271492004,0.0013570955488830805,-2.9025691466089487,5.901077936366088,0.32399083695116315,-3.628211433261186,49.1756494697174,1.7999490941731286,20.223748416156695,250.5125000000003,-4.999999999999998,0.0
-5.0,0.0,10.0,10.0,-0.4644353985786438,0.03100680386006832,-0.011628496460616589,-0.023514583706855774,0.2422637939453125,0.002648844849318266,-5.613834384773119,5.675321719324237,0.6323810142850452,-7.017292980966399,47.29434766103531,3.51322785713914,20.223748416156695,250.5125000000003,-4.999999999999998,0.0
-5.0,0.0,20.0,-10.0,-0.5943697094917297,0.04437708867073059,0.011064249090850353,0.02216193825006485,0.34015974402427673,-0.0026382419746369123,5.290905955743516,7.9686524835673,-0.6298497008156824,6.613632444679395,66.40543736306084,-3.4991650045315685,20.223748416156695,250.5125000000003,-4.999999999999998,0.0
-5.0,0.0,20.0,-5.0,-0.5908117294311523,0.04292111856222153,0.0055355895310640335,0.010829034261405468,0.3428741693496704,-0.0013057927135378122,2.585306448476054,8.032241172383788,-0.3117428794840849,3.2316330605950676,66.93534310319824,-1.731904886022694,20.223748416156695,250.5125000000003,-4.999999999999998,0.0
-5.0,0.0,20.0,0.0,-0.579058051109314,0.04114733276247978,-0.00010538227070355788,-0.0004252974467817694,0.33996155858039856,4.6385262976400554e-05,-0.10153483728498297,7.964009750388813,0.011073944046380905,-0.1269185466062287,66.36674791990679,0.0615219113687828,20.223748416156695,250.5125000000003,-4.999999999999998,0.0
-5.0,0.0,20.0,5.0,-0.5610242486000061,0.03932219569861889,-0.0057422262616455555,-0.011350356973707676,0.33109986782073975,0.0013915036106482148,-2.709766205211278,7.756413950706177,0.33220536299417325,-3.3872077565140972,64.63678292255148,1.8455853499676291,20.223748416156695,250.5125000000003,-4.999999999999998,0.0
-5.0,0.0,20.0,10.0,-0.541016697883606,0.03778580774843693,-0.011245335452258587,-0.021781694144010544,0.31763583421707153,0.002704752143472433,-5.20012708150163,7.441002716133261,0.6457282329385816,-6.500158851877037,62.008355967777185,3.587379071881009,20.223748416156695,250.5125000000003,-4.999999999999998,0.0
-5.0,2.0,-20.0,-10.0,-0.19223670661449432,0.023328994524776936,0.005169002804905176,0.02198377624154091,-0.016307421028614044,-0.0007236789097078145,5.248371840660697,-0.38202101619340534,-0.1727699540633746,6.560464800825871,-3.183508468278378,-0.9598330781298587,20.223748416156692,250.5125000000002,-5.0,1.9999999999999996
-5.0,2.0,-20.0,-5.0,-0.18363671004772186,0.024369309780299664,0.0006655932520516217,0.01001600082963705,-0.018174953758716583,0.00026174570666626096,2.391204137666234,-0.42577022399740916,0.062488754488193854,2.9890051720827926,-3.5480851999784098,0.3471597471566325,20.223748416156692,250.5125000000002,-5.0,1.9999999999999996
-5.0,2.0,-20.0,0.0,-0.1833513230085373,0.026196129744052887,-0.004171876236796379,-0.0027452909853309393,-0.011882730759680271,0.0012966642389073968,-0.6554064116884697,-0.2783673072523533,0.30956356194227286,-0.8192580146105871,-2.3197275604362777,1.7197975663459604,20.223748416156692,250.5125000000002,-5.0,1.9999999999999996
-5.0,2.0,-20.0,5.0,-0.19118063151836395,0.02851928224146366,-0.009241159074008465,-0.015864666551351547,0.001805818872526288,0.002368917455896735,-3.787505307311521,0.04230348621852887,0.5655515927643258,-4.734381634139401,0.3525290518210739,3.141953293135143,20.223748416156692,250.5125000000002,-5.0,1.9999999999999996
-5.0,2.0,-20.0,10.0,-0.20278261601924896,0.031373053913116455,-0.014268900267779827,-0.028618181124329567,0.019632495939731598,0.0034385372418910265,-6.832259130259911,0.45991490844255173,0.8209109224511928,-8.540323912824888,3.832624237021265,4.56061623583996,20.223748416156692,250.5125000000002,-5.0,1.9999999999999996
-5.0,2.0,-10.0,-10.0,-0.2810286283493042,0.02346600138872862,0.0064233639277517796,0.02317698299884796,0.06986215710639954,-0.0009740192908793688,5.5332361276844555,1.6366053347381042,-0.23253581924891642,6.916545159605569,13.638377789484203,-1.2918656624939802,20.223748416156692,250.5125000000002,-5.0,1.9999999999999996
-5.0,2.0,-10.0,-5.0,-0.27893513441085815,0.02293908515304327,0.001296047237701714,0.010954970493912697,0.0685284435749054,0.00014174899843055755,2.61537226470106,1.6053614858353087,0.033840930858776326,3.269215330876325,13.378012381960907,0.18800517143764625,20.223748416156692,250.5125000000002,-5.0,1.9999999999999996
-5.0,2.0,-10.0,0.0,-0.2826277017593384,0.023678348523676396,-0.0040820287540555,-0.001960361609235406,0.07196618616580963,0.0013101085787639022,-0.4680136185148065,1.68589475444254,0.31277324229672543,-0.5850170231435081,14.049122953687835,1.7376291238706967,20.223748416156692,250.5125000000002,-5.0,1.9999999999999996
-5.0,2.0,-10.0,5.0,-0.29085564613342285,0.025554987725913525,-0.009571054950356483,-0.01517755538225174,0.07946023344993591,0.002495178719982505,-3.6234654775896136,1.8614518553391168,0.5956950065124057,-4.5293318469870165,15.51209879449264,3.3094167028466983,20.223748416156692,250.5125000000002,-5.0,1.9999999999999996
-5.0,2.0,-10.0,10.0,-0.2987978458404541,0.028478043277859688,-0.014906602911651134,-0.027996234595775604,0.08878591656684875,0.0036520909052342176,-6.683776603373052,2.079917235902331,0.8718943850213057,-8.354720754216315,17.332643632519428,4.843857694562809,20.223748416156692,250.5125000000002,-5.0,1.9999999999999996
-5.0,2.0,0.0,-10.0,-0.3869761824607849,0.027764840175509453,0.007548416033387184,0.023664576932787895,0.16827477514743805,-0.0011775940656661987,5.649643529417905,3.942039669469709,-0.28113693780656923,7.062054411772381,32.850330578914246,-1.5618718767031623,20.223748416156692,250.5125000000002,-5.0,1.9999999999999996
-5.0,2.0,0.0,-5.0,-0.3864322304725647,0.02597112872928381,0.001905188080854714,0.011440498754382133,0.16746042668819427,7.015194569248706e-05,2.73128651082942,3.9229625741160064,0.016747964148410587,3.414108138536775,32.69135478430005,0.0930442452689477,20.223748416156692,250.5125000000002,-5.0,1.9999999999999996
-5.0,2.0,0.0,0.0,-0.3860486149787903,0.02535867051512003,-0.0038948270957916975,-0.0011337215546518564,0.16617710888385773,0.0013558423379436135,-0.27066288417461637,3.89289930593574,0.3236916473609471,-0.33832860521827046,32.4408275494645,1.7982869297830393,20.223748416156692,250.5125000000002,-5.0,1.9999999999999996
-5.0,2.0,0.0,5.0,-0.38602083921432495,0.026017651085853577,-0.009685018099844456,-0.013774901628494263,0.16469193994998932,0.0026350312400609255,-3.2885981471303873,3.85810743146707,0.6290831751400522,-4.110747683912984,32.15089526222559,3.494906528555845,20.223748416156692,250.5125000000002,-5.0,1.9999999999999996
-5.0,2.0,0.0,10.0,-0.38456761837005615,0.027950635303854943,-0.01525862980633974,-0.02603478729724884,0.1629878282546997,0.003872754517942667,-6.215503789120358,3.8181865586080628,0.9245752656158358,-7.769379736400448,31.81822132173386,5.13652925342131,20.223748416156692,250.5125000000002,-5.0,1.9999999999999996
-5.0,2.0,10.0,-10.0,-0.4990137815475464,0.035549068947434426,0.008075159974396229,0.0234285369515419,0.2635882496833801,-0.0012206140672788024,5.593291719008707,6.174872827775641,-0.2914074646973097,6.9916146487608835,51.457273564797006,-1.6189303594294984,20.223748416156692,250.5125000000002,-5.0,1.9999999999999996
-5.0,2.0,10.0,-5.0,-0.49569326639175415,0.03344363359093666,0.002276941202580929,0.011574524454772472,0.2638258934020996,0.00010812803520821035,2.76328359377481,6.180439918657632,0.025814315472352266,3.4541044922185127,51.50366598881361,0.14341286373529036,20.223748416156692,250.5125000000002,-5.0,1.9999999999999996
-5.0,2.0,10.0,0.0,-0.4867287278175354,0.031834211324453354,-0.0036543423775583506,-0.00034676649374887347,0.2592502534389496,0.001464981585741043,-0.08278648222579729,6.073250030974559,0.34974737812154955,-0.10348310278224662,50.61041692478799,1.943040989564164,20.223748416156692,250.5125000000002,-5.0,1.9999999999999996
-5.0,2.0,10.0,5.0,-0.47476691007614136,0.030946748455166817,-0.00955048855394125,-0.012089688330888748,0.25077903270721436,0.0028115124441683292,-2.8862729997361565,5.8748014628865874,0.6712160176447423,-3.6078412496701957,48.95667885738823,3.7289778758041234,20.223748416156692,250.5125000000002,-5.0,1.9999999999999996
-5.0,2.0,10.0,10.0,-0.46227020025253296,0.03103584808588028,-0.015243922360241413,-0.023424919694662094,0.24019286036491394,0.00412463815882802,-5.592428140843618,5.626807601152839,0.9847095661755251,-6.990535176054522,46.89006334294033,5.470608700975139,20.223748416156692,250.5125000000002,-5.0,1.9999999999999996
-5.0,2.0,20.0,-10.0,-0.5938302278518677,0.0447156691300869,0.007750507444143295,0.022411106154322624,0.3410148024559021,-0.0010455287992954254,5.350391905651968,7.988683259149843,-0.24960788576682116,6.68798988206496,66.57236049291537,-1.3867104764823397,20.223748416156692,250.5125000000002,-5.0,1.9999999999999996
-5.0,2.0,20.0,-5.0,-0.5894671678543091,0.04315183324098587,0.002254865597933531,0.011395826004445553,0.34309321641921997,0.0002741852367762476,2.7206214094275514,8.037372614317901,0.06545854815889803,3.400776761784439,66.97810511931584,0.3636586008827668,20.223748416156692,250.5125000000002,-5.0,1.9999999999999996
-5.0,2.0,20.0,0.0,-0.5774954557418823,0.04126684566318989,-0.003405865514650941,0.0003576843300834298,0.3394286334514618,0.0016281615244224668,0.0853929891402441,7.951525336148557,0.38870469763419996,0.10674123642530511,66.26271113457132,2.159470542412222,20.223748416156692,250.5125000000002,-5.0,1.9999999999999996
-5.0,2.0,20.0,5.0,-0.5599032640457153,0.03932550375640392,-0.009114977903664112,-0.010458929464221,0.32997360825538635,0.0029923017136752605,-2.496948216737599,7.7300299613004375,0.7143773608438618,-3.121185270921999,64.41691634417032,3.9687631157992325,20.223748416156692,250.5125000000002,-5.0,1.9999999999999996
-5.0,2.0,20.0,10.0,-0.5405762791633606,0.037718771149516106,-0.014726783148944378,-0.020876822993159294,0.31619030237197876,0.004346366506069899,-4.984099579430352,7.407139388300286,1.0376446398023,-6.2301244742879405,61.72616156916906,5.764692443346111,20.223748416156692,250.5125000000002,-5.0,1.9999999999999996
-5.0,4.0,-20.0,-10.0,-0.19164614379405975,0.023518686306774617,0.0013276917161419988,0.019842639565467834,-0.014225711114704609,0.0005391353042796254,4.737200269669485,-0.3332544494054283,0.12871230666642233,5.921500337086856,-2.777120411711903,0.7150683703690129,20.223748416156692,250.5125000000002,-4.999999999999999,3.999999999999999
-5.0,4.0,-20.0,-5.0,-0.18311743438243866,0.024601479184925557,-0.0033064282033592463,0.007613481022417545,-0.016756854951381683,0.0015182682545855641,1.817630372890843,-0.39254954817809,0.3624689528489037,2.2720379661135537,-3.271246234817417,2.0137164047161313,20.223748416156692,250.5125000000002,-4.999999999999999,3.999999999999999
-5.0,4.0,-20.0,0.0,-0.18201492726802826,0.026477884625196457,-0.008197437971830368,-0.005285006016492844,-0.011721153743565083,0.002538823988288641,-1.2617339464304513,-0.2745821706705778,0.6061148085809492,-1.5771674330380643,-2.2881847555881483,3.3673044921163844,20.223748416156692,250.5125000000002,-4.999999999999999,3.999999999999999
-5.0,4.0,-20.0,5.0,-0.18715713918209076,0.028856756289601326,-0.013192239217460155,-0.01835959404706955,-0.00020779740589205176,0.0035825325176119804,-4.383140336941838,-0.004867904987670625,0.8552881259843131,-5.478925421177298,-0.04056587489725521,4.751600699912851,20.223748416156692,250.5125000000002,-4.999999999999999,3.999999999999999
-5.0,4.0,-20.0,10.0,-0.19459740817546844,0.03172124003350735,-0.01801631785929203,-0.03091099113225937,0.014806247316300869,0.004610758274793625,-7.379640951717185,0.3468542104762756,1.1007651109454697,-9.224551189646482,2.890451753968964,6.1153617274748315,20.223748416156692,250.5125000000002,-4.999999999999999,3.999999999999999
-5.0,4.0,-10.0,-10.0,-0.281380832195282,0.023529642385542393,0.0025663371197879314,0.021673163399100304,0.07243303954601288,0.00032678499701432884,5.174216623754314,1.696831358238176,0.07801613141601817,6.467770779692893,14.140261318651467,0.43342295231121203,20.223748416156692,250.5125000000002,-4.999999999999999,3.999999999999999
-5.0,4.0,-10.0,-5.0,-0.2779393196105957,0.023082456675469876,-0.002630755538120866,0.009291205555200577,0.06961779296398163,0.0014238553121685982,2.2181676644597683,1.6308808098212633,0.33992895685682334,2.7727095805747104,13.590673415177195,1.8884942047601296,20.223748416156692,250.5125000000002,-4.999999999999999,3.999999999999999
-5.0,4.0,-10.0,0.0,-0.2801674008369446,0.02390126430720091,-0.00802657287567854,-0.0037197894416749477,0.07144202291965485,0.002567087300121784,-0.888056626139739,1.673615597879652,0.6128623467799863,-1.1100707826746739,13.946796648997102,3.4047908154443682,20.223748416156692,250.5125000000002,-4.999999999999999,3.999999999999999
-5.0,4.0,-10.0,5.0,-0.285993754863739,0.02583340847223997,-0.01345538254827261,-0.016909480094909668,0.07699589431285858,0.0037227317225188017,-4.036942434059086,1.8037217372695844,0.8887590615975299,-5.046178042573858,15.031014477246538,4.9375503422085,20.223748416156692,250.5125000000002,-4.999999999999999,3.999999999999999
-5.0,4.0,-10.0,10.0,-0.29032135009765625,0.028772877653241158,-0.018652386963367462,-0.029588352888822556,0.0839807540178299,0.004853990860283375,-7.0638763971672915,1.967350504674279,1.158834072273563,-8.829845496459114,16.394587538952326,6.437967068186461,20.223748416156692,250.5125000000002,-4.999999999999999,3.999999999999999
-5.0,4.0,0.0,-10.0,-0.3875963091850281,0.027904654045701027,0.0037715150974690914,0.022805839776992798,0.17044010758399963,0.00019485867233015597,5.4446299840886185,3.9927651947603318,0.046520250093959145,6.805787480110773,33.27304328966943,0.2584458338553286,20.223748416156692,250.5125000000002,-4.999999999999999,3.999999999999999
-5.0,4.0,0.0,-5.0,-0.38528376817703247,0.026179865126609803,-0.001881373580545187,0.01057280320674181,0.16801738739013672,0.0014176358235999942,2.5241342532524507,3.9360100506582816,0.3384441260293929,3.155167816565563,32.80008375548568,1.8802451446077382,20.223748416156692,250.5125000000002,-4.999999999999999,3.999999999999999
-5.0,4.0,0.0,0.0,-0.3834688663482666,0.02559680783480406,-0.007675323635339737,-0.0020235523115843534,0.16517876088619232,0.002679230412468314,-0.4830996664783543,3.86951179935738,0.639635215394406,-0.6038745830979428,32.2459316613115,3.553528974413367,20.223748416156692,250.5125000000002,-4.999999999999999,3.999999999999999
-5.0,4.0,0.0,5.0,-0.3818413019180298,0.02623693843662739,-0.013438365422189236,-0.01464128028601408,0.16221368312835693,0.003940354101359844,-3.49543601245055,3.800051274841996,0.940713882846514,-4.369295015563187,31.667093957016636,5.226188238036189,20.223748416156692,250.5125000000002,-4.999999999999999,3.999999999999999
-5.0,4.0,0.0,10.0,-0.37780797481536865,0.02815178980410099,-0.018962116912007332,-0.02681688591837883,0.1588384062051773,0.005176067352294922,-6.402220772347372,3.7209813398801943,1.2357261026799689,-8.002775965434214,31.008177832334955,6.865145014888715,20.223748416156692,250.5125000000002,-4.999999999999999,3.999999999999999
-5.0,4.0,10.0,-10.0,-0.499212384223938,0.035869434599876404,0.00450093625113368,0.023144038394093513,0.2645660638809204,0.00024786198628135026,5.525370985044939,6.197779305307387,0.05917417712390638,6.906713731306173,51.648160877561565,0.3287454284661465,20.223748416156692,250.5125000000002,-4.999999999999999,3.999999999999999
-5.0,4.0,10.0,-5.0,-0.49461764097213745,0.03377125610888004,-0.0012674215249717236,0.011459100060164928,0.26368239521980286,0.001551722758449614,2.7357273570424314,6.177078300574262,0.3704558279923821,3.4196591963030394,51.47565250478552,2.0580879332910116,20.223748416156692,250.5125000000002,-4.999999999999999,3.999999999999999
-5.0,4.0,10.0,0.0,-0.4847002625465393,0.0321040285128355,-0.007196689490228891,-0.0003603832155931741,0.2579193115234375,0.00289485533721745,-0.0860373167823597,6.042071110520726,0.6911131676244467,-0.10754664597794962,50.35059258767272,3.8395175979135927,20.223748416156692,250.5125000000002,-4.999999999999999,3.999999999999999
-5.0,4.0,10.0,5.0,-0.4718964695930481,0.03110887308895588,-0.013118025846779346,-0.012040046975016594,0.24840524792671204,0.004243345465511084,-2.874421701240891,5.819192689894172,1.0130495601251903,-3.593027126551114,48.49327241578477,5.628053111806612,20.223748416156692,250.5125000000002,-4.999999999999999,3.999999999999999
-5.0,4.0,10.0,10.0,-0.4578852653503418,0.031132385258674622,-0.01885753683745861,-0.023337295278906822,0.23679152131080627,0.005582498386502266,-5.571508826929963,5.547127129324181,1.3327568025773635,-6.964386033662454,46.226059411034846,7.404204458763131,20.223748416156692,250.5125000000002,-4.999999999999999,3.999999999999999
-5.0,4.0,20.0,-10.0,-0.5936512351036072,0.04504764837503433,0.004469010047614574,0.022588687017560005,0.3401486277580261,0.0005160062573850155,5.392787279031639,7.9683920716160825,0.1231905147281651,6.740984098789548,66.40326726346736,0.6843917484898061,20.223748416156692,250.5125000000002,-4.999999999999999,3.999999999999999
-5.0,4.0,20.0,-5.0,-0.5885362029075623,0.043408654754161835,-0.0009832034120336175,0.011891040951013565,0.34152016043663025,0.0018168503884226084,2.838848239617471,8.000521879677297,0.4337519774820222,3.5485602995218386,66.67101566397749,2.409733208233457,20.223748416156692,250.5125000000002,-4.999999999999999,3.999999999999999
-5.0,4.0,20.0,0.0,-0.5760921239852905,0.0414329749840498,-0.006663836073130369,0.0010718109551817179,0.33706116676330566,0.003171439515426755,0.25588244594019216,7.896064572093563,0.7571444352527533,0.3198530574252402,65.80053810077969,4.206357973626408,20.223748416156692,250.5125000000002,-4.999999999999999,3.999999999999999
-5.0,4.0,20.0,5.0,-0.5582824945449829,0.03939040576398373,-0.012452186085283756,-0.00962740182876587,0.3270024061203003,0.004559327848255634,-2.2984306290991623,7.660425965857508,1.0884866925595917,-2.8730382863739528,63.83688304881257,6.047148291997732,20.223748416156692,250.5125000000002,-4.999999999999999,3.999999999999999
-5.0,4.0,20.0,10.0,-0.5385477542877197,0.037739265834093094,-0.018192308023571968,-0.020041577517986298,0.31289446353912354,0.005968290846794844,-4.784694400639743,7.329930386464387,1.4248602821020828,-5.980868000799679,61.08275322053656,7.915890456122682,20.223748416156692,250.5125000000002,-4.999999999999999,3.999999999999999
-5.0,6.0,-20.0,-10.0,-0.19241689145565033,0.023723079946935177,-0.0025234019849449396,0.017708176746964455,-0.012510125525295734,0.001797335222363472,4.22762200483971,-0.2930647867308243,0.42909295771739,5.2845275060496375,-2.442206556090203,2.383849765096611,20.22374841615669,250.5125000000001,-5.000000000000002,6.000000000000001
-5.0,6.0,-20.0,-5.0,-0.18407540023326874,0.024763976347744465,-0.007264521438628435,0.005299780517816544,-0.015715762972831726,0.002761298790574074,1.2652611874219502,-0.36816071226721264,0.6592280896998246,1.5815764842774378,-3.0680059355601057,3.6623782761101364,20.22374841615669,250.5125000000001,-5.000000000000002,6.000000000000001
-5.0,6.0,-20.0,0.0,-0.18178848922252655,0.026608416934609413,-0.012163490056991577,-0.007641735952347517,-0.01205770019441843,0.003756916616111994,-1.8243759100076227,-0.28246617740135915,0.8969203088254497,-2.280469887509528,-2.353884811677993,4.982890604585831,20.22374841615669,250.5125000000001,-5.000000000000002,6.000000000000001
-5.0,6.0,-20.0,5.0,-0.1838214248418808,0.028975080822706223,-0.017030248418450356,-0.02058875560760498,-0.00276026944629848,0.004763962235301733,-4.915326829110088,-0.06466264267000243,1.1373407812658876,-6.144158536387609,-0.5388553555833536,6.318559895921597,20.22374841615669,250.5125000000001,-5.000000000000002,6.000000000000001
-5.0,6.0,-20.0,10.0,-0.18727509677410126,0.03178430361032486,-0.02160876803100109,-0.03289200738072395,0.009743369184434414,0.005748489871621132,-7.852585626012323,0.22825018072777933,1.3723853462231583,-9.815732032515404,1.9020848393981613,7.6243630345731015,20.22374841615669,250.5125000000001,-5.000000000000002,6.000000000000001
-5.0,6.0,-10.0,-10.0,-0.2820360064506531,0.023603768211901188,-0.0012853906955569983,0.020149609073996544,0.07399675250053406,0.0016232397174462676,4.810485682821532,1.7334632211717922,0.38752967325007065,6.013107103526915,14.44552684309827,2.1529426291670593,20.22374841615669,250.5125000000001,-5.000000000000002,6.000000000000001
-5.0,6.0,-10.0,-5.0,-0.27710777521133423,0.023168246385753155,-0.006543521303683519,0.007665509358048439,0.06988491117954254,0.0026940254028886557,1.8300515351443791,1.637138376359423,0.6431673479203108,2.287564418930474,13.642819802995191,3.5731519328906156,20.22374841615669,250.5125000000001,-5.000000000000002,6.000000000000001
-5.0,6.0,-10.0,0.0,-0.27718937397003174,0.023988290813863278,-0.011940021999180317,-0.005364378448575735,0.07013612985610962,0.00380582083016634,-1.2806831948621844,1.6430234770102567,0.9085956232533444,-1.6008539935777306,13.691862308418807,5.04775346251858,20.22374841615669,250.5125000000001,-5.000000000000002,6.000000000000001
-5.0,6.0,-10.0,5.0,-0.2796214818954468,0.025924445253908635,-0.017280925065279007,-0.018447691574692726,0.0737016350030899,0.004929262679070234,-4.404172600831768,1.7265497376680397,1.176804346796725,-5.50521575103971,14.387914480566998,6.537801926648473,20.22374841615669,250.5125000000001,-5.000000000000002,6.000000000000001
-5.0,6.0,-10.0,10.0,-0.2799355983734131,0.028847802554368973,-0.022309299558401108,-0.030944082885980606,0.07853768765926361,0.00603687996044755,-7.387541224467431,1.8398401069321066,1.4412351382103115,-9.234426530584289,15.33200089110089,8.006861878946175,20.22374841615669,250.5125000000001,-5.000000000000002,6.000000000000001
-5.0,6.0,0.0,-10.0,-0.3881934881210327,0.028056470801234246,1.692321166046895e-05,0.02190200611948967,0.17094823718070984,0.00155650672968477,5.228850171532251,4.004668743736748,0.3715979456905088,6.536062714415314,33.37223953113957,2.064433031613938,20.22374841615669,250.5125000000001,-5.000000000000002,6.000000000000001
-5.0,6.0,0.0,-5.0,-0.3838253617286682,0.026343003039360047,-0.0056476169265806675,0.009690029546618462,0.16723166406154633,0.0027496053371578455,2.313382271037787,3.9176035335328385,0.6564364131945916,2.891727838797234,32.646696112773654,3.6468689621921753,20.22374841615669,250.5125000000001,-5.000000000000002,6.000000000000001
-5.0,6.0,0.0,0.0,-0.3798028230667114,0.025723992970883847,-0.011440535075962543,-0.0028801097068935633,0.16307459771633148,0.003985792864114046,-0.6875928192496099,3.8202192379538,0.951561860932416,-0.8594910240620124,31.83516031628167,5.2864547829578665,20.22374841615669,250.5125000000001,-5.000000000000002,6.000000000000001
-5.0,6.0,0.0,5.0,-0.37531906366348267,0.026320405428409577,-0.01717255637049675,-0.015415195375680923,0.1586986631155014,0.005231644958257675,-3.6801992723674064,3.7177076893728365,1.2489946120980666,-4.600249090459258,30.980897411440306,6.93885895610037,20.22374841615669,250.5125000000001,-5.000000000000002,6.000000000000001
-5.0,6.0,0.0,10.0,-0.36773979663848877,0.028232727323770523,-0.02263415977358818,-0.027484603226184845,0.15378063917160034,0.006473740562796593,-6.561630542411751,3.6024970437768262,1.5455305448989156,-8.20203817801469,30.020808698140222,8.586280804993976,20.22374841615669,250.5125000000001,-5.000000000000002,6.000000000000001
-5.0,6.0,10.0,-10.0,-0.49969005584716797,0.03617115889966488,0.000971783883869648,0.022771110758185387,0.263584703207016,0.0016866044607013464,5.436338833270852,6.174789747287181,0.40265727146325825,6.7954235415885655,51.45658122739318,2.236984841462546,20.22374841615669,250.5125000000001,-5.000000000000002,6.000000000000001
-5.0,6.0,10.0,-5.0,-0.4936574697494507,0.03403953102707863,-0.004774278961122036,0.011265363544225693,0.26182109117507935,0.0029648507479578257,2.6894750087838166,6.1334750072415805,0.7078237608668893,3.3618437609797707,51.11229172701317,3.9323542270382736,20.22374841615669,250.5125000000001,-5.000000000000002,6.000000000000001
-5.0,6.0,10.0,0.0,-0.4821704626083374,0.032273152967095375,-0.010718055069446564,-0.00042921683052554727,0.2551259696483612,0.004299090709537268,-0.10247054473795074,5.976633706297222,1.0263580911884262,-0.12808818092243843,49.80528088581019,5.701989395491257,20.22374841615669,250.5125000000001,-5.000000000000002,6.000000000000001
-5.0,6.0,10.0,5.0,-0.46738970279693604,0.031168513123989106,-0.01667809672653675,-0.01201473455876112,0.24473023414611816,0.005659853108227253,-2.8683786551675188,5.733101057347012,1.3512243460413655,-3.5854733189593984,47.77584214455844,7.506801922452031,20.22374841615669,250.5125000000001,-5.000000000000002,6.000000000000001
-5.0,6.0,10.0,10.0,-0.45067375898361206,0.031177912031412125,-0.02247532270848751,-0.023284679278731346,0.23222777247428894,0.007043849676847458,-5.5589473665759686,5.440215805631816,1.6816374897392008,-6.9486842082199605,45.335131713598464,9.342430498551115,20.22374841615669,250.5125000000001,-5.000000000000002,6.000000000000001
-5.0,6.0,20.0,-10.0,-0.5942580103874207,0.0452981704223156,0.0012588418321684003,0.02262544259428978,0.33735883235931396,0.002019620966166258,5.4015622470706255,7.903037747881034,0.48216110331424883,6.751952808838282,65.85864789900862,2.678672796190271,20.22374841615669,250.5125000000001,-5.000000000000002,6.000000000000001
-5.0,6.0,20.0,-5.0,-0.5884331464767456,0.04358058807730675,-0.0041566709987819195,0.01224066037684679,0.33809518814086914,0.0033045781310647726,2.9223158263200557,7.920287770644046,0.788929736992621,3.6528947829000695,66.00239808870039,4.382942983292339,20.22374841615669,250.5125000000001,-5.000000000000002,6.000000000000001
-5.0,6.0,20.0,0.0,-0.5751540660858154,0.041510731105804444,-0.009874267503619194,0.0016459126491099596,0.33294281363487244,0.004670771304517984,0.39294257296218144,7.799587180333898,1.1150925263911782,0.4911782162027268,64.99655983611582,6.19495847995099,20.22374841615669,250.5125000000001,-5.000000000000002,6.000000000000001
-5.0,6.0,20.0,5.0,-0.5563595294952393,0.039386943106651306,-0.015764083713293076,-0.00893096812069416,0.3224027454853058,0.006102254148572683,-2.132165151222633,7.552673364950092,1.4568424681017822,-2.6652064390282915,62.938944707917436,8.093569267232123,20.22374841615669,250.5125000000001,-5.000000000000002,6.000000000000001
-5.0,6.0,20.0,10.0,-0.535264253616333,0.03775443894147873,-0.021667366847395897,-0.019381310790777206,0.30813494324684143,0.007598730735480785,-4.627063370359272,7.2184328801781135,1.814108912803641,-5.78382921294909,60.153607334817615,10.078382848909117,20.22374841615669,250.5125000000001,-5.000000000000002,6.000000000000001
-2.5,-6.0,-20.0,-10.0,0.00735498359426856,0.022141396192014218,0.018711000680923462,0.0320417545735836,-0.07177280634641647,-0.003948502708226442,7.64959762061197,-1.6813645988166905,-0.9426592683139322,9.561997025764962,-14.011371656805755,-5.236995935077401,20.223748416156692,250.5125000000002,-2.4999999999999996,-6.0
-2.5,-6.0,-20.0,-5.0,0.011929281987249851,0.023039813277423382,0.015149637125432491,0.021107710897922516,-0.07379692047834396,-0.0033324130345135927,5.039221391278975,-1.7287819149093808,-0.7955749976540835,6.299026739098719,-14.406515957578174,-4.419861098078242,20.223748416156692,250.5125000000002,-2.4999999999999996,-6.0
-2.5,-6.0,-20.0,0.0,0.007603624369949102,0.024645614561736584,0.011320777237415314,0.009397163055837154,-0.06719820946455002,-0.002747491467744112,2.243463789954213,-1.5741991465713987,-0.6559317513665247,2.804329737442766,-13.118326221428324,-3.6440652853695816,20.223748416156692,250.5125000000002,-2.4999999999999996,-6.0
-2.5,-6.0,-20.0,5.0,-0.008820257149636745,0.02644515422463417,0.0070579745806753635,-0.002975119510665536,-0.050593651831150055,-0.002145871054381132,-0.7102753089740674,-1.1852173468482496,-0.5123018489526531,-0.8878441362175843,-9.876811223735414,-2.8461213830702947,20.223748416156692,250.5125000000002,-2.4999999999999996,-6.0
-2.5,-6.0,-20.0,10.0,-0.03487684577703476,0.028405754019618035,0.002365960506722331,-0.01565193384885788,-0.02568720653653145,-0.0014969760086387396,-3.736717839631348,-0.6017538105526937,-0.35738567585299924,-4.670897299539185,-5.014615087939115,-1.9854759769611068,20.223748416156692,250.5125000000002,-2.4999999999999996,-6.0
-2.5,-6.0,-10.0,-10.0,-0.07657571882009506,0.020712792066037655,0.020088832825422287,0.031243203207850456,0.006511322222650051,-0.004266677424311638,7.458952735257131,0.15253558045106064,-1.0186197949297502,9.323690919071414,1.271129837092172,-5.658998860720835,20.223748416156692,250.5125000000002,-2.4999999999999996,-6.0
-2.5,-6.0,-10.0,-5.0,-0.07999425381422043,0.020048433107435704,0.015826622024178505,0.019532103091478348,0.009269571863114834,-0.0035158174578100443,4.663063284845887,0.21715090673205537,-0.8393606785173563,5.828829106057358,1.8095908894337949,-4.663114880651979,20.223748416156692,250.5125000000002,-2.4999999999999996,-6.0
-2.5,-6.0,-10.0,0.0,-0.0895170196890831,0.02053454437583685,0.011295194737613201,0.0072092837654054165,0.01645316183567047,-0.002774458145722747,1.721132961414913,0.3854351704680053,-0.6623697332575428,2.151416201768641,3.2119597539000444,-3.679831851430793,20.223748416156692,250.5125000000002,-2.4999999999999996,-6.0
-2.5,-6.0,-10.0,5.0,-0.10578610748052597,0.021931585979759693,0.0064746420830488205,-0.005496429745107889,0.02841612696647644,-0.0020362355280667543,-1.3122089117648381,0.665682064684925,-0.48612763744675647,-1.6402611397060476,5.547350539041042,-2.700709096926425,20.223748416156692,250.5125000000002,-2.4999999999999996,-6.0
-2.5,-6.0,-10.0,10.0,-0.12560255825519562,0.0241490557166934,0.0014862519456073642,-0.018152277916669846,0.044318459928035736,-0.00131485506426543,-4.33364601308457,1.0382134040770423,-0.31390641071031444,-5.417057516355712,8.651778367308687,-1.7439245039461913,20.223748416156692,250.5125000000002,-2.4999999999999996,-6.0
-2.5,-6.0,0.0,-10.0,-0.18611560761928558,0.02310914092987776,0.021090444177389145,0.02951563149690628,0.09994068741798401,-0.004789968486875296,7.046515007506409,2.341231203848459,-1.143549472481636,8.808143759383011,19.510260032070494,-6.353052624897978,20.223748416156692,250.5125000000002,-2.4999999999999996,-6.0
-2.5,-6.0,0.0,-5.0,-0.19089184701442719,0.021235362750589848,0.01616516336798668,0.01730535551905632,0.10565164685249329,-0.0038727885112166405,4.131453104367623,2.475017320168286,-0.9245833811160998,5.164316380459528,20.62514433473572,-5.136574339533888,20.223748416156692,250.5125000000002,-2.4999999999999996,-6.0
-2.5,-6.0,0.0,0.0,-0.19559989869594574,0.020588462364971638,0.011007966473698616,0.0047960043884813786,0.11051203310489655,-0.0029697613790631294,1.1449904740490784,2.588877733288027,-0.7089961171413428,1.431238092561348,21.57398111073356,-3.9388673174519044,20.223748416156692,250.5125000000002,-2.4999999999999996,-6.0
-2.5,-6.0,0.0,5.0,-0.200276717543602,0.021272444290220738,0.005772861186414957,-0.007698045112192631,0.11425545811653137,-0.002114397007972002,-1.8378190694382543,2.6765719814759694,-0.5047877850779859,-2.297273836797818,22.304766512299746,-2.8043765837665884,20.223748416156692,250.5125000000002,-2.4999999999999996,-6.0
-2.5,-6.0,0.0,10.0,-0.20437662303447723,0.023152339396178723,0.0006431007059291005,-0.01985577866435051,0.11768737435340881,-0.001342706847935915,-4.740337077278415,2.7569687607093067,-0.3205557013290995,-5.925421346598019,22.97473967257756,-1.780865007383886,20.223748416156692,250.5125000000002,-2.4999999999999996,-6.0
-2.5,-6.0,10.0,-10.0,-0.307051420211792,0.02885010850906372,0.02126247063279152,0.02691676653921604,0.19619330763816833,-0.005413436330854893,6.426066113205562,4.596064983099808,-1.2923951957981228,8.032582641506952,38.30054152583173,-7.17997330998957,20.223748416156692,250.5125000000002,-2.4999999999999996,-6.0
-2.5,-6.0,10.0,-5.0,-0.3069542646408081,0.02673785959661007,0.015958502888679504,0.014617721550166607,0.2019995152950287,-0.004348420072346926,3.4898116372538173,4.7320824039667695,-1.038134904955241,4.362264546567271,39.43402003305641,-5.767416138640228,20.223748416156692,250.5125000000002,-2.4999999999999996,-6.0
-2.5,-6.0,10.0,0.0,-0.30039888620376587,0.025347692084610463,0.010489990003407001,0.0022902966011315584,0.20329365134239197,-0.0033149123191833496,0.5467817747082944,4.762399102544598,-0.7913969046585267,0.6834772183853679,39.686659187871655,-4.396649470325149,20.223748416156692,250.5125000000002,-2.4999999999999996,-6.0
-2.5,-6.0,10.0,5.0,-0.28891539573669434,0.02495976270467043,0.005104186479002237,-0.009656541980803013,0.1995774805545807,-0.0023685263004153967,-2.3053875027365187,4.675343317438118,-0.5654582089256703,-2.8817343784206484,38.96119431198432,-3.1414344940315018,20.223748416156692,250.5125000000002,-2.4999999999999996,-6.0
-2.5,-6.0,10.0,10.0,-0.27559590339660645,0.02556630888313055,-1.711709842311393e-06,-0.021005216985940933,0.19253036379814148,-0.0015487349592149258,-5.014752157441577,4.510256103475551,-0.3697425255462239,-6.268440196801971,37.58546752896293,-2.054125141923466,20.223748416156692,250.5125000000002,-2.4999999999999996,-6.0
-2.5,-6.0,20.0,-10.0,-0.41444796323776245,0.03631476697802544,0.02035507932305336,0.02357170172035694,0.2805827856063843,-0.005964677780866623,5.627470648641539,6.5729903395299285,-1.4239977044781216,7.034338310801925,54.77491949608274,-7.911098358211786,20.223748416156692,250.5125000000002,-2.4999999999999996,-6.0
-2.5,-6.0,20.0,-5.0,-0.40829503536224365,0.034902025138139725,0.015140188857913017,0.011717662215232849,0.28506898880004883,-0.004843641072511673,2.797456075475926,6.678085062962079,-1.156363180371235,3.4968200943449075,55.65070885801733,-6.424239890951306,20.223748416156692,250.5125000000002,-2.4999999999999996,-6.0
-2.5,-6.0,20.0,0.0,-0.3927483558654785,0.033348944162130356,0.009845145978033543,-2.3144881197367795e-05,0.28426483273506165,-0.0037533168215304613,-0.005525572194560691,6.65924673674327,-0.8960608995817289,-0.006906965243200863,55.49372280619392,-4.978116108787383,20.223748416156692,250.5125000000002,-2.4999999999999996,-6.0
-2.5,-6.0,20.0,5.0,-0.3698108196258545,0.031957488631010056,0.004678699653595686,-0.011228353716433048,0.27720171213150024,-0.0027533876709640026,-2.680639341249703,6.493784613349598,-0.6573394015630188,-3.350799176562129,54.114871777913315,-3.6518855642389934,20.223748416156692,250.5125000000002,-2.4999999999999996,-6.0
-2.5,-6.0,20.0,10.0,-0.34403616189956665,0.030930180226564408,-0.0001975276245502755,-0.02168300747871399,0.26489827036857605,-0.0018882194999605417,-5.17656678369381,6.205561643163113,-0.45079052587212387,-6.470708479617262,51.71301369302595,-2.504391810400688,20.223748416156692,250.5125000000002,-2.4999999999999996,-6.0
-2.5,-4.0,-20.0,-10.0,-0.004446497652679682,0.021699310404360295,0.01508321799337864,0.029402529820799828,-0.06912554800510406,-0.0030319849029183388,7.019513292901663,-1.6193493776544885,-0.7238512624466911,8.774391616127078,-13.494578147120738,-4.021395902481617,20.22374841615669,250.5125000000001,-2.5000000000000004,-4.0
-2.5,-4.0,-20.0,-5.0,0.0025824098847806454,0.022719596636593342,0.011466318741440773,0.018288137391209602,-0.0716347023844719,-0.0024261216167360544,4.366080888359273,-1.678129346854419,-0.5792084233114992,5.457601110449092,-13.984411223786825,-3.2178245739527735,20.22374841615669,250.5125000000001,-2.5000000000000004,-4.0
-2.5,-4.0,-20.0,0.0,0.0008422820246778429,0.024364004966914654,0.007535799406468868,0.006386897526681423,-0.0653376430273056,-0.0018239535856992006,1.5247977763201,-1.5306131325840067,-0.43544778352351005,1.905997220400125,-12.755109438200057,-2.419154352908389,20.22374841615669,250.5125000000001,-2.5000000000000004,-4.0
-2.5,-4.0,-20.0,5.0,-0.012415281496942043,0.02620380384206772,0.003158552572131157,-0.006159995216876268,-0.0492062084376812,-0.001181513536721468,-1.470627479084634,-1.1527148110914442,-0.28207266610414383,-1.8382843488557925,-9.605956759095369,-1.5670703672452435,20.22374841615669,250.5125000000001,-2.5000000000000004,-4.0
-2.5,-4.0,-20.0,10.0,-0.03441327065229416,0.028306646396517754,-0.0015943381004035473,-0.01891520991921425,-0.02546236664056778,-0.0004831541737075895,-4.515787188217465,-0.5964866646694698,-0.1153474604236992,-5.644733985271832,-4.970722205578915,-0.6408192245761066,20.22374841615669,250.5125000000001,-2.5000000000000004,-4.0
-2.5,-4.0,-10.0,-10.0,-0.08673115819692612,0.020398550790846348,0.016448011621832848,0.029155470430850983,0.011263041757047176,-0.00333400652743876,6.960530726352057,0.263850344570493,-0.7959554256253675,8.700663407940072,2.1987528714207754,-4.421974586807597,20.22374841615669,250.5125000000001,-2.5000000000000004,-4.0
-2.5,-4.0,-10.0,-5.0,-0.08815725892782211,0.019819588524401188,0.012124420143663883,0.0173416119068861,0.012767954729497433,-0.0025965659879148006,4.140108896841087,0.29910474696859835,-0.6199000419062739,5.175136121051359,2.492539558071653,-3.4438891217015217,20.22374841615669,250.5125000000001,-2.5000000000000004,-4.0
-2.5,-4.0,-10.0,0.0,-0.09574093669652939,0.020338128444850445,0.007505617570132017,0.00487059960141778,0.018922969698905945,-0.001842293655499816,1.162799216765614,0.44329340004704904,-0.43982626267284813,1.4534990209570176,3.6941116670587424,-2.4434792370713785,20.22374841615669,250.5125000000001,-2.5000000000000004,-4.0
-2.5,-4.0,-10.0,5.0,-0.10975085943937302,0.021795003798902035,0.002607211470603943,-0.008012665435671806,0.029948599636554718,-0.0010726810432970524,-1.9129310260059087,0.7015820862569857,-0.25609016939558216,-2.3911637825073857,5.846517385474881,-1.4227231633087898,20.22374841615669,250.5125000000001,-2.5000000000000004,-4.0
-2.5,-4.0,-10.0,10.0,-0.1267847865819931,0.024146982592642308,-0.0024053691886365414,-0.020802566781640053,0.04470130056142807,-0.0003100273315794766,-4.966371769373982,1.0471819078982187,-0.0740154329728954,-6.207964711717477,8.726515899151824,-0.41119684984941884,20.22374841615669,250.5125000000001,-2.5000000000000004,-4.0
-2.5,-4.0,0.0,-10.0,-0.1936795562505722,0.022953094107210636,0.017517918720841408,0.028047852218151093,0.10586118698120117,-0.003789611393585801,6.6960997125959985,2.4799260505409064,-0.9047258080965872,8.370124640744997,20.666050421174223,-5.026254489425484,20.22374841615669,250.5125000000001,-2.5000000000000004,-4.0
-2.5,-4.0,0.0,-5.0,-0.19695733487606049,0.0210721112164855,0.012538446113467216,0.015783241018652916,0.1101977527141571,-0.0028932662680745125,3.7680659048980814,2.5815153358844594,-0.6907337957799088,4.710082381122602,21.512627799037162,-3.837409976555049,20.22374841615669,250.5125000000001,-2.5000000000000004,-4.0
-2.5,-4.0,0.0,0.0,-0.20033322274684906,0.020372816485464573,0.00732038589194417,0.0031886077485978603,0.11369074881076813,-0.0019858095329254866,0.7612431519854526,2.663342984538745,-0.4740890154179973,0.9515539399818157,22.194524871156208,-2.6338278634333183,20.22374841615669,250.5125000000001,-2.5000000000000004,-4.0
-2.5,-4.0,0.0,5.0,-0.20378486812114716,0.02102909342676401,0.0020424136891961098,-0.009432327002286911,0.11617325246334076,-0.0011080029653385282,-2.2518587747068617,2.7214986283033578,-0.2645228689902128,-2.814823468383577,22.679155235861316,-1.4695714943900713,20.22374841615669,250.5125000000001,-2.5000000000000004,-4.0
-2.5,-4.0,0.0,10.0,-0.20680628716945648,0.022933916312754155,-0.0030916747637093067,-0.021724889054894447,0.1184624433517456,-0.0002994058304466307,-5.186565524704128,2.775125687291693,-0.07147967265407282,-6.48320690588016,23.126047394097444,-0.3971092925226268,20.22374841615669,250.5125000000001,-2.5000000000000004,-4.0
-2.5,-4.0,10.0,-10.0,-0.31246864795684814,0.02894192760169506,0.01781620644032955,0.026070335879921913,0.20154958963394165,-0.004289733711630106,6.223990601314351,4.721542352418558,-1.0241242163623048,7.779988251642939,39.346186270154654,-5.689578979790582,20.22374841615669,250.5125000000001,-2.5000000000000004,-4.0
-2.5,-4.0,10.0,-5.0,-0.31133055686950684,0.026727790136933327,0.012488863430917263,0.013772150501608849,0.20651909708976746,-0.003257808042690158,3.2879413474651766,4.837959061407926,-0.7777639203415808,4.109926684331471,40.31632551173272,-4.320910668564338,20.22374841615669,250.5125000000001,-2.5000000000000004,-4.0
-2.5,-4.0,10.0,0.0,-0.30385661125183105,0.02517643676429987,0.006994372699409723,0.0014295256696641445,0.20675039291381836,-0.0022334011737257242,0.3412826890036174,4.843377445197134,-0.5331986506909163,0.42660336125452175,40.36147870997612,-2.962214726060646,20.22374841615669,250.5125000000001,-2.5000000000000004,-4.0
-2.5,-4.0,10.0,5.0,-0.2918524146080017,0.02462840744584799,0.0015868513146415353,-0.010579497553408146,0.20194852352142334,-0.0012742371764034033,-2.5257324509482957,4.730887860136934,-0.30420936064303106,-3.1571655636853695,39.42406550114112,-1.6900520035723947,20.22374841615669,250.5125000000001,-2.5000000000000004,-4.0
-2.5,-4.0,10.0,10.0,-0.27874207496643066,0.02511992969840765,-0.003527202410623431,-0.022032948210835457,0.1940169334411621,-0.00041960820090025663,-5.260111078549574,4.545080791246383,-0.10017659575490838,-6.575138848186968,37.87567326038653,-0.5565366430828244,20.22374841615669,250.5125000000001,-2.5000000000000004,-4.0
-2.5,-4.0,20.0,-10.0,-0.41767263412475586,0.03674353485286236,0.017086030915379524,0.023320335894823074,0.28384220600128174,-0.004681859631091356,5.56745997049683,6.649346195509568,-1.1177397358745864,6.959324963121038,55.41121829591307,-6.209665199303258,20.22374841615669,250.5125000000001,-2.5000000000000004,-4.0
-2.5,-4.0,20.0,-5.0,-0.4113297462463379,0.03511824843764305,0.011880889534950256,0.011541337706148624,0.28836387395858765,-0.0035982015542685986,2.7553606420923153,6.75527172382629,-0.8590289269211182,3.444200802615394,56.293931031885755,-4.772382927339545,20.22374841615669,250.5125000000001,-2.5000000000000004,-4.0
-2.5,-4.0,20.0,0.0,-0.3958134651184082,0.03330724885046482,0.006579341366887093,-0.00016983511159196496,0.28743651509284973,-0.002526839030906558,-0.04054616492822608,6.733547223327802,-0.6032535388816703,-0.0506827061602826,56.112893527731686,-3.351408549342613,20.22374841615669,250.5125000000001,-2.5000000000000004,-4.0
-2.5,-4.0,20.0,5.0,-0.37315458059310913,0.031671136741638184,0.001384344301186502,-0.011415424756705761,0.280078649520874,-0.0015234652673825622,-2.7253003844291332,6.561180343372444,-0.36370967943380106,-3.4066254805364165,54.67650286143704,-2.0206093301877837,20.22374841615669,250.5125000000001,-2.5000000000000004,-4.0
-2.5,-4.0,20.0,10.0,-0.34824514389038086,0.03045810026407242,-0.003529692068696022,-0.021971484646201134,0.26747608184814453,-0.0006293734186328948,-5.245437364702185,6.2659499877855875,-0.15025561083411526,-6.556796705877731,52.216249898213235,-0.8347533935228625,20.22374841615669,250.5125000000001,-2.5000000000000004,-4.0
-2.5,-2.0,-20.0,-10.0,-0.011916420422494411,0.021333872464597226,0.011475724168121815,0.02670014277100563,-0.06700581312179565,-0.002127475803717971,6.37434969867324,-1.5696920300726003,-0.5079101960117903,7.9679371233415495,-13.08076691727167,-2.821723311176613,20.223748416156692,250.5125000000002,-2.5000000000000004,-1.9999999999999996
-2.5,-2.0,-20.0,-5.0,-0.002690842840820551,0.02241531865030527,0.007768530398607254,0.015354260802268982,-0.06993822753429413,-0.0015234812162816525,3.665651849044676,-1.638387376307741,-0.36371348704865114,4.582064811305845,-13.653228135897843,-2.0206304836036173,20.223748416156692,250.5125000000002,-2.5000000000000004,-1.9999999999999996
-2.5,-2.0,-20.0,0.0,-0.0019593448378145695,0.024097935420572758,0.0037176150362938643,0.0032286460045725107,-0.06410592794418335,-0.00089961604680866,0.7708018216561096,-1.50175872041856,-0.21477290687462536,0.9635022770701369,-12.514656003488001,-1.1931828159701408,20.223748416156692,250.5125000000002,-2.5000000000000004,-1.9999999999999996
-2.5,-2.0,-20.0,5.0,-0.011881253682076931,0.026027182241082192,-0.000752909341827035,-0.009472614154219627,-0.048944782465696335,-0.00022308470215648413,-2.261476865403426,-1.1465905922280346,-0.053258887645874387,-2.826846081754282,-9.55492160190029,-0.2958827091437466,20.223748416156692,250.5125000000002,-2.5000000000000004,-1.9999999999999996
-2.5,-2.0,-20.0,10.0,-0.02955358289182186,0.028310513247847557,-0.0055098989978432655,-0.02223893441259861,-0.027048349380493164,0.0005065242876298726,-5.309287897355416,-0.633640224199722,0.12092680432144925,-6.6366098716942705,-5.28033520166435,0.6718155795636069,20.223748416156692,250.5125000000002,-2.5000000000000004,-1.9999999999999996
-2.5,-2.0,-10.0,-10.0,-0.09400733560323715,0.020107965109050274,0.012805205769836903,0.02697710134088993,0.015315591357648373,-0.002410125220194459,6.440470347975689,0.3587862092838251,-0.5753894689954385,8.050587934969611,2.9898850773652095,-3.1966081610857695,20.223748416156692,250.5125000000002,-2.5000000000000004,-1.9999999999999996
-2.5,-2.0,-10.0,-5.0,-0.09330528229475021,0.01956217469006777,0.008397671394050121,0.015040223486721516,0.015463246963918209,-0.0016734992386773229,3.5906790788651124,0.3622452200406382,-0.39952855156178296,4.48834884858139,3.0187101670053185,-2.2196030642321274,20.223748416156692,250.5125000000002,-2.5000000000000004,-1.9999999999999996
-2.5,-2.0,-10.0,0.0,-0.09875377267599106,0.020132669371664524,0.003693283535540104,0.0024235507007688284,0.020366139709949493,-0.000902992149349302,0.5785946469148131,0.47710139906733084,-0.21557891223561546,0.7232433086435164,3.9758449922277572,-1.1976606235311968,20.223748416156692,250.5125000000002,-2.5000000000000004,-1.9999999999999996
-2.5,-2.0,-10.0,5.0,-0.11034869402647018,0.02169634321063757,-0.0012509848456829786,-0.010591356083750725,0.030103005468845367,-0.00011008210276486352,-2.528563537656867,0.7051992292040137,-0.026280826458745396,-3.160704422071084,5.876660243366781,-0.1460045914374744,20.223748416156692,250.5125000000002,-2.5000000000000004,-1.9999999999999996
-2.5,-2.0,-10.0,10.0,-0.1245267316699028,0.024203426328599453,-0.006240588612854481,-0.02343854121863842,0.04328130930662155,0.0006786634330637753,-5.595680121853556,1.0139168992132106,0.16202303063144585,-6.994600152316945,8.449307493443422,0.900127947952477,20.223748416156692,250.5125000000002,-2.5000000000000004,-1.9999999999999996
-2.5,-2.0,0.0,-10.0,-0.19913189113140106,0.022802139756381512,0.013920255936682224,0.026443082839250565,0.11099861562252045,-0.002796212676912546,6.3129796186486775,2.600276515935416,-0.6675633754984772,7.8912245233108465,21.66897096612847,-3.7086854194359846,20.223748416156692,250.5125000000002,-2.5000000000000004,-1.9999999999999996
-2.5,-2.0,0.0,-5.0,-0.20059709250926971,0.02088689723342657,0.008877766318619251,0.01416091900318861,0.11369535326957703,-0.001903398777358234,3.380755322362334,2.6634508495426674,-0.45441440246094605,4.225944152952917,22.195423746188897,-2.524524458116367,20.223748416156692,250.5125000000002,-2.5000000000000004,-1.9999999999999996
-2.5,-2.0,0.0,0.0,-0.20246993005275726,0.02016917721658945,0.0036140764132142067,0.0015257950872182846,0.11555850505828857,-0.00098601751960814,0.3642658969227926,2.7070974285079887,-0.23540025732843514,0.45533237115349073,22.559145237566575,-1.3077792073801953,20.223748416156692,250.5125000000002,-2.5000000000000004,-1.9999999999999996
-2.5,-2.0,0.0,5.0,-0.20491431653499603,0.020833016497194767,-0.0016754989046603441,-0.01116278674453497,0.1166323870420456,-9.070313535630703e-05,-2.6649859864663235,2.732254409859412,-0.021654322543737378,-3.3312324830829043,22.768786748828433,-0.1203017919096521,20.223748416156692,250.5125000000002,-2.5000000000000004,-1.9999999999999996
-2.5,-2.0,0.0,10.0,-0.20723043382167816,0.022770547432005406,-0.006783877033740282,-0.0235187578946352,0.11768922209739685,0.0007453600410372019,-5.614830923737054,2.7570120463419485,0.17794607293815656,-7.0185386546713175,22.975100386182906,0.9885892941008697,20.223748416156692,250.5125000000002,-2.5000000000000004,-1.9999999999999996
-2.5,-2.0,10.0,-10.0,-0.31599438190460205,0.0290308446931839,0.014338187873363495,0.025061026215553284,0.2062271237373352,-0.003175890538841486,5.983029614322079,4.831119233295203,-0.7582070655167865,7.478787017902598,40.25932694412669,-4.212261475093258,20.223748416156692,250.5125000000002,-2.5000000000000004,-1.9999999999999996
-2.5,-2.0,10.0,-5.0,-0.3134838342666626,0.02670206328213215,0.008987214416265488,0.01284791436046362,0.2100813388824463,-0.0021546841599047184,3.0672906783530394,4.921408874053223,-0.514405875774549,3.834113347941299,41.0117406171102,-2.8578104209697166,20.223748416156692,250.5125000000002,-2.5000000000000004,-1.9999999999999996
-2.5,-2.0,10.0,0.0,-0.3050934076309204,0.025017517742812634,0.0034771724604070187,0.0005638750153593719,0.20902371406555176,-0.0011270467657595873,0.13461862601530966,4.896632736453509,-0.26906935567070345,0.1682732825191371,40.805272803779246,-1.4948297537261301,20.223748416156692,250.5125000000002,-2.5000000000000004,-1.9999999999999996
-2.5,-2.0,10.0,5.0,-0.2931288480758667,0.02433032089203596,-0.0019366615451872349,-0.011441250331699848,0.203115314245224,-0.00015174645523075014,-2.7314659412051223,4.758221340839326,-0.03622770782429164,-3.414332426506403,39.65184450699439,-0.20126504346828689,20.223748416156692,250.5125000000002,-2.5000000000000004,-1.9999999999999996
-2.5,-2.0,10.0,10.0,-0.2809762954711914,0.02471092262595892,-0.007049950771033764,-0.02293577417731285,0.19440233707427979,0.0007365628844127059,-5.475650316550167,4.554109336428968,0.17584585373111053,-6.844562895687709,37.95091113690807,0.9769214096172807,20.223748416156692,250.5125000000002,-2.5000000000000004,-1.9999999999999996
-2.5,-2.0,20.0,-10.0,-0.4194942116737366,0.03712682065844536,0.013795466162264347,0.022892555221915245,0.2868216931819916,-0.0034154599998146296,5.465332291748635,6.719144278144022,-0.8154014983129956,6.831665364685794,55.992868984533516,-4.530008323961086,20.223748416156692,250.5125000000002,-2.5000000000000004,-1.9999999999999996
-2.5,-2.0,20.0,-5.0,-0.41264110803604126,0.03527318698644638,0.008598295040428638,0.011288588866591454,0.2911292314529419,-0.002345462329685688,2.69501978537522,6.820053560161884,-0.5599519531677132,3.3687747317190246,56.8337796680157,-3.110844184265073,20.223748416156692,250.5125000000002,-2.5000000000000004,-1.9999999999999996
-2.5,-2.0,20.0,0.0,-0.3971770405769348,0.03321969894051552,0.0032826305832713842,-0.000305703142657876,0.2898389995098114,-0.0012738027144223452,-0.07298308297440241,6.789828319936895,-0.3041056378793818,-0.09122885371800302,56.58190266614079,-1.6894757659965653,20.223748416156692,250.5125000000002,-2.5000000000000004,-1.9999999999999996
-2.5,-2.0,20.0,5.0,-0.3754017949104309,0.031352635596990586,-0.0019487200770527124,-0.011515269055962563,0.28214943408966064,-0.00025394477415829897,-2.7491370539308777,6.609690970767016,-0.06062637224522337,-3.436421317413597,55.08075808972514,-0.3368131791401298,20.223748416156692,250.5125000000002,-2.5000000000000004,-1.9999999999999996
-2.5,-2.0,20.0,10.0,-0.3522639274597168,0.029961735134124756,-0.006909675430506468,-0.022103840485215187,0.2693956196308136,0.0006772353081032634,-5.277035787593507,6.310917476701843,0.16168208234552162,-6.5962947344918845,52.590978972515366,0.8982337908084533,20.223748416156692,250.5125000000002,-2.5000000000000004,-1.9999999999999996
-2.5,0.0,-20.0,-10.0,-0.015005341731011868,0.02111048170655966,0.007859805598855019,0.023902898654341698,-0.06526277959346771,-0.0012154238065704703,5.7065400788859275,-1.5288593663066605,-0.29016835009534137,7.13317509860741,-12.740494719222172,-1.612046389418563,20.223748416156692,250.5125000000002,-2.5000000000000004,0.0
-2.5,0.0,-20.0,-5.0,-0.004278084728866816,0.022248742294609547,0.004033051896840334,0.01228027231991291,-0.06859983503818512,-0.000609403068665415,2.9317727187237024,-1.6070339170126113,-0.1454879211858098,3.664715898404628,-13.391949308438429,-0.8082662288100544,20.223748416156692,250.5125000000002,-2.5000000000000004,0.0
-2.5,0.0,-20.0,0.0,-0.001596799585968256,0.023995691103041172,-0.00013533595483750105,-7.964034739416093e-05,-0.0634530633687973,3.107152588199824e-05,-0.019013210107830504,-1.4864645799111171,0.007417966763020928,-0.02376651263478813,-12.387204832592644,0.04121092646122738,20.223748416156692,250.5125000000002,-2.5000000000000004,0.0
-2.5,0.0,-20.0,5.0,-0.008423528634011745,0.026037085925340653,-0.004657970741391182,-0.012896369211375713,-0.049715593457221985,0.0007265518652275205,-3.078858712537717,-1.1646477698626212,0.17345583890333233,-3.848573390672146,-9.70539808218851,0.9636435494629574,20.223748416156692,250.5125000000002,-2.5000000000000004,0.0
-2.5,0.0,-20.0,10.0,-0.02190299890935421,0.028470130761265755,-0.009356421418488026,-0.025610119104385376,-0.03013741597533226,0.0014661093009635806,-6.114119178916891,-0.7060053368425413,0.3500166070635302,-7.642648973646113,-5.883377807021178,1.944536705908501,20.223748416156692,250.5125000000002,-2.5000000000000004,0.0
-2.5,0.0,-10.0,-10.0,-0.0978872999548912,0.019881800872385502,0.009134812280535698,0.02472393400967121,0.018655851483345032,-0.0014679988380521536,5.9025527562236695,0.43703583350888875,-0.350467712148416,7.378190945279587,3.6419652792407398,-1.9470428452689776,20.223748416156692,250.5125000000002,-2.5000000000000004,0.0
-2.5,0.0,-10.0,-5.0,-0.09539195150136948,0.01938742504745722,0.004634836222976446,0.012637442909181118,0.017381325364112854,-0.0007314971880987287,3.017043058197284,0.4071785211613523,-0.1746364774349045,3.771303822746605,3.393154343011269,-0.9702026524161361,20.223748416156692,250.5125000000002,-2.5000000000000004,0.0
-2.5,0.0,-10.0,0.0,-0.09906195849180222,0.020052041051089764,-0.00013586381101049483,-0.00012024511670460925,0.020864345133304596,4.5009957830188796e-05,-0.028707128272935666,0.48877246230714205,0.010745605879071226,-0.035883910341169584,4.073103852559518,0.059697810439284585,20.223748416156692,250.5125000000002,-2.5000000000000004,0.0
-2.5,0.0,-10.0,5.0,-0.1085246130824089,0.02174088278144598,-0.005088633392006159,-0.013223943300545216,0.02905307710170746,0.0008447804138995707,-3.1570632305621777,0.6806033902273587,0.2016815349254766,-3.9463290382027223,5.6716949185613235,1.1204529718082032,20.223748416156692,250.5125000000002,-2.5000000000000004,0.0
-2.5,0.0,-10.0,10.0,-0.11990993469953537,0.024373808068335057,-0.010016693733632565,-0.02606729231774807,0.04034368693828583,0.0016428082017228007,-6.223263986112625,0.9450995503280039,0.3922014221212815,-7.779079982640781,7.8758295860667,2.1788967895626747,20.223748416156692,250.5125000000002,-2.5000000000000004,0.0
-2.5,0.0,0.0,-10.0,-0.2019156664609909,0.022683932569921017,0.01027622353285551,0.024768417701125145,0.1151215136051178,-0.0017771387938410044,5.913172722103521,2.696860376388269,-0.4242712944337665,7.391465902629402,22.473836469902242,-2.357062746854258,20.223748416156692,250.5125000000002,-2.5000000000000004,0.0
-2.5,0.0,0.0,-5.0,-0.20173762738704681,0.02077352547377348,0.005179585423320532,0.012481683865189552,0.11601768434047699,-0.0008874510531313717,2.97985739130222,2.717854257297089,-0.21186865559603701,3.724821739127775,22.648785477475744,-1.17704808664465,20.223748416156692,250.5125000000002,-2.5000000000000004,0.0
-2.5,0.0,0.0,0.0,-0.2025541514158249,0.020088029218018055,-0.00010277785622747615,-0.00017343350918963552,0.11616253852844238,2.9703713153139688e-05,-0.04140524065823777,2.7212476414495748,0.007091417323535944,-0.05175655082279722,22.677063678746457,0.03939676290853302,20.223748416156692,250.5125000000002,-2.5000000000000004,0.0
-2.5,0.0,0.0,5.0,-0.2045651525259018,0.020778686863482,-0.005375975742936134,-0.012893276289105415,0.11581909656524658,0.0009285229607485235,-3.0781203131849204,2.7132020990211734,0.22167409761890247,-3.8476503914811504,22.610017491843113,1.2315227645494582,20.223748416156692,250.5125000000002,-2.5000000000000004,0.0
-2.5,0.0,0.0,10.0,-0.20636044442653656,0.022739297834336758,-0.010443905368447304,-0.02526336908340454,0.11557744443416595,0.0017802617512643337,-6.031336629373585,2.707541106242564,0.42501686433131725,-7.539170786716981,22.56284255202137,2.361204801840651,20.223748416156692,250.5125000000002,-2.5000000000000004,0.0
-2.5,0.0,10.0,-10.0,-0.3171711564064026,0.02913046268105507,0.010812642052769661,0.02398431859910488,0.2098577320575714,-0.002035429934039712,5.725978147244527,4.916170614348234,-0.4859353112076209,7.157472684055659,40.96808845290195,-2.699640617820116,20.223748416156692,250.5125000000002,-2.5000000000000004,0.0
-2.5,0.0,10.0,-5.0,-0.31344956159591675,0.026732128237485886,0.005450033582746983,0.011901660822331905,0.2124113142490387,-0.0010203678393736482,2.841383610836966,4.975991358658815,-0.24360099813811995,3.5517295135462073,41.46659465549013,-1.3533388785451108,20.223748416156692,250.5125000000002,-2.5000000000000004,0.0
-2.5,0.0,10.0,0.0,-0.3047165274620056,0.02496566915243864,-5.6891280109994113e-05,-0.0002879943640436977,0.21001696586608887,6.347150701913051e-06,-0.06875531728073953,4.9199008584644215,0.0015153086824729837,-0.0859441466009244,40.999173820536846,0.008418381569294354,20.223748416156692,250.5125000000002,-2.5000000000000004,0.0
-2.5,0.0,10.0,5.0,-0.29357635974884033,0.024166797411739827,-0.005463613662868738,-0.01225352380424738,0.203097403049469,0.0009897894924506545,-2.9253868205569824,4.757801749464849,0.23630077213685016,-3.656733525696228,39.64834791220708,1.3127820674269453,20.223748416156692,250.5125000000002,-2.5000000000000004,0.0
-2.5,0.0,10.0,10.0,-0.2827224135398865,0.02445254207879305,-0.01057947427034378,-0.023750104010105133,0.19366323947906494,0.0019045514054596424,-5.670062128082388,4.536795083372359,0.4546895790640792,-7.087577660102985,37.806625694769664,2.526053217022662,20.223748416156692,250.5125000000002,-2.5000000000000004,0.0
-2.5,0.0,20.0,-10.0,-0.419522762298584,0.03745703225314617,0.01046880055218935,0.022383160889148712,0.28905361890792847,-0.0021305414848029613,5.343720297407456,6.771429831598153,-0.5086420918472523,6.679650371759321,56.42858192998462,-2.8257893991514016,20.223748416156692,250.5125000000002,-2.5000000000000004,0.0
-2.5,0.0,20.0,-5.0,-0.41215264797210693,0.03541960020840168,0.005281939171254635,0.011013507843017578,0.29286545515060425,-0.0010648408206179738,2.6293473784983177,6.860726695426879,-0.2542184070795325,3.286684223122897,57.172722461890665,-1.4123244837751807,20.223748416156692,250.5125000000002,-2.5000000000000004,0.0
-2.5,0.0,20.0,0.0,-0.3970952033996582,0.033180685837864876,-4.580316090141423e-05,-0.00041266795597039163,0.2910327911376953,1.0752466550911777e-05,-0.09851969269799127,6.817794329400143,0.00256702679482403,-0.12314961587248908,56.81495274500119,0.01426125997124461,20.223748416156692,250.5125000000002,-2.5000000000000004,0.0
-2.5,0.0,20.0,5.0,-0.3768690824508667,0.031127827365994454,-0.005313265603035688,-0.011537794955074787,0.28301694989204407,0.0010464515071362257,-2.7545148513250655,6.63001357529221,0.24982817157193513,-3.443143564156332,55.25011312743509,1.3879342865107507,20.223748416156692,250.5125000000002,-2.5000000000000004,0.0
-2.5,0.0,20.0,10.0,-0.35594576597213745,0.029599832494854927,-0.010331028141081333,-0.022115398198366165,0.27018776535987854,0.0020122493151575327,-5.279795057683303,6.329474446308482,0.4804012070549219,-6.599743822104128,52.74562038590402,2.668895594749566,20.223748416156692,250.5125000000002,-2.5000000000000004,0.0
-2.5,2.0,-20.0,-10.0,-0.015640070661902428,0.021093051073253155,0.004221455659717321,0.020990559831261635,-0.06360531598329544,-0.00029666308546438813,5.011252931601675,-1.4900312811330103,-0.0708248740711199,6.264066164502093,-12.416927342775086,-0.39347152261733276,20.223748416156692,250.5125000000002,-2.5000000000000004,1.9999999999999996
-2.5,2.0,-20.0,-5.0,-0.004269918892532587,0.02229300619393587,0.0002661404141690582,0.00907487515360117,-0.06737139075994492,0.00030917496769689023,2.1665212878064386,-1.5782561273984936,0.07381194097269442,2.7081516097580485,-13.152134394987447,0.41006633873719117,20.223748416156692,250.5125000000002,-2.5000000000000004,1.9999999999999996
-2.5,2.0,-20.0,0.0,-0.0002100975689245388,0.024104845834076405,-0.00399575661867857,-0.0034969716798514128,-0.06312505900859833,0.0009567021043039858,-0.8348614674051852,-1.478780681961882,0.22840154161694318,-1.0435768342564815,-12.323172349682352,1.268897453427462,20.223748416156692,250.5125000000002,-2.5000000000000004,1.9999999999999996
-2.5,2.0,-20.0,5.0,-0.004197052214294672,0.02622630459547043,-0.008519651368260384,-0.016373982653021812,-0.05112691968679428,0.0016565348487347364,-3.909098624884969,-1.1977097898752018,0.3954785000378589,-4.886373281106211,-9.980914915626682,2.1971027779881047,20.223748416156692,250.5125000000002,-2.5000000000000004,1.9999999999999996
-2.5,2.0,-20.0,10.0,-0.01365839596837759,0.028725987424254418,-0.013099581003189087,-0.028972012922167778,-0.03406268730759621,0.00239012623205781,-6.916732371967827,-0.797959554530006,0.5706149423160886,-8.645915464959783,-6.649662954416717,3.1700830128671584,20.223748416156692,250.5125000000002,-2.5000000000000004,1.9999999999999996
-2.5,2.0,-10.0,-10.0,-0.09967949241399765,0.019789046731889248,0.005433178506791592,0.02239626832306385,0.021422013640403748,-0.0005091871717013419,5.346849545372304,0.5018365200393403,-0.12156253703734338,6.6835619317153805,4.181971000327836,-0.675347427985241,20.223748416156692,250.5125000000002,-2.5000000000000004,1.9999999999999996
-2.5,2.0,-10.0,-5.0,-0.095953069627285,0.0193781434866786,0.0008508051978424191,0.010145138017833233,0.018730461597442627,0.0002181671152357012,2.4220341449709046,0.4387836654656314,0.05208487075107591,3.027542681213631,3.6565305455469286,0.28936039306153283,20.223748416156692,250.5125000000002,-2.5000000000000004,1.9999999999999996
-2.5,2.0,-10.0,0.0,-0.09826331585645676,0.020149137017428875,-0.003960549831390381,-0.0027384988497942686,0.020719297230243683,0.0009867987828329206,-0.6537848680329601,0.4853745401447827,0.2355867748704639,-0.8172310850412001,4.044787834539856,1.3088154159470216,20.223748416156692,250.5125000000002,-2.5000000000000004,1.9999999999999996
-2.5,2.0,-10.0,5.0,-0.10566585510969162,0.021933199030458927,-0.008891476318240166,-0.015887469053268433,0.027204208076000214,0.0017805115785449743,-3.7929491404201863,0.6372914022208026,0.42507650769969657,-4.741186425525233,5.310761685173356,2.361536153887203,20.223748416156692,250.5125000000002,-2.5000000000000004,1.9999999999999996
-2.5,2.0,-10.0,10.0,-0.11395346373319626,0.024629864034354687,-0.013729870319366455,-0.028673231601715088,0.036415956914424896,0.002577968640252948,-6.845401793838297,0.8530877348229113,0.6154601406487729,-8.556752242297872,7.109064456857595,3.4192230036042934,20.223748416156692,250.5125000000002,-2.5000000000000004,1.9999999999999996
-2.5,2.0,0.0,-10.0,-0.2030942291021347,0.02266355895727873,0.006592798046767712,0.02305207960307598,0.11816699802875519,-0.0007350047235377133,5.503416889261994,2.7682045240789246,-0.1754738608773952,6.879271111577493,23.06837103399104,-0.9748547826521955,20.223748416156692,250.5125000000002,-2.5000000000000004,1.9999999999999996
-2.5,2.0,0.0,-5.0,-0.20171670615673065,0.020805197891891003,0.001464764354750514,0.01076006330549717,0.1172877848148346,0.0001400587207172066,2.5688404319538987,2.747607893572895,0.03343739664080679,3.211050539942373,22.896732446440794,0.18576331467114884,20.223748416156692,250.5125000000002,-2.5000000000000004,1.9999999999999996
-2.5,2.0,0.0,0.0,-0.20195041596889496,0.02017426968842745,-0.003813338465988636,-0.0019088726257905364,0.11580458283424377,0.0010430251713842154,-0.45572122034593954,2.712862097358328,0.2490101736138082,-0.5696515254324244,22.607184144652734,1.3833898534100455,20.223748416156692,250.5125000000002,-2.5000000000000004,1.9999999999999996
-2.5,2.0,0.0,5.0,-0.20364300906658173,0.020880476695597172,-0.009057898074388504,-0.014635685831308365,0.11411093175411224,0.0019350002985447645,-3.4941004012153045,2.6731862770325003,0.4619588994616035,-4.3676255015191305,22.27655230860417,2.566438330342242,20.223748416156692,250.5125000000002,-2.5000000000000004,1.9999999999999996
-2.5,2.0,0.0,10.0,-0.20429854094982147,0.022845174309909344,-0.014085082337260246,-0.026981445029377937,0.11248014867305756,0.002797211054712534,-6.441507353269709,2.634983215449533,0.6678017266295215,-8.051884191587137,21.958193462079443,3.7100095923862306,20.223748416156692,250.5125000000002,-2.5000000000000004,1.9999999999999996
-2.5,2.0,10.0,-10.0,-0.31709790229797363,0.029301401351690293,0.007252129260450602,0.022877534851431847,0.21225568652153015,-0.0008714472060091794,5.461746352344266,4.972345591341814,-0.2080479225401921,6.827182940430333,41.43621326118179,-1.155821791889956,20.223748416156692,250.5125000000002,-2.5000000000000004,1.9999999999999996
-2.5,2.0,10.0,-5.0,-0.3126503825187683,0.026883708437085152,0.0018987617222592235,0.01094032358378172,0.21351563930511475,0.00012856470129918307,2.6118754846283605,5.001861505715776,0.030693332691703677,3.2648443557854505,41.68217921429814,0.17051851495390932,20.223748416156692,250.5125000000002,-2.5000000000000004,1.9999999999999996
-2.5,2.0,10.0,0.0,-0.304137647151947,0.02506759123235941,-0.0035909945145249367,-0.0011456335196271539,0.20990067720413208,0.0011441223323345184,-0.2735067277825745,4.917176656229468,0.27314594932734054,-0.3418834097282181,40.976472135245565,1.5174774962630029,20.223748416156692,250.5125000000002,-2.5000000000000004,1.9999999999999996
-2.5,2.0,10.0,5.0,-0.29401856660842896,0.02417056740552187,-0.008990678936243057,-0.013054894283413887,0.20209380984306335,0.0021281884983181953,-3.116704736577559,4.734291367542217,0.5080803435892453,-3.8958809207219485,39.45242806285181,2.8226685754958067,20.223748416156692,250.5125000000002,-2.5000000000000004,1.9999999999999996
-2.5,2.0,10.0,10.0,-0.2837371826171875,0.024384061929881573,-0.014125707559287548,-0.02452956698834896,0.19188347458839417,0.0030658321920782328,-5.8561498821108415,4.4951019431188275,0.7319319105281529,-7.320187352638552,37.45918285932356,4.066288391823071,20.223748416156692,250.5125000000002,-2.5000000000000004,1.9999999999999996
-2.5,2.0,20.0,-10.0,-0.4188157916069031,0.037786224980950356,0.00711863161996007,0.02182752639055252,0.29019609093666077,-0.000830936070997268,5.211068999282368,6.798193617522551,-0.1983763584788752,6.51383624910296,56.651613479354594,-1.1020908804381955,20.223748416156692,250.5125000000002,-2.5000000000000004,1.9999999999999996
-2.5,2.0,20.0,-5.0,-0.4112197756767273,0.035625580822229386,0.0019536770414561033,0.01071805041283369,0.2933511734008789,0.00022521741630043834,2.5588103406548868,6.8721052315686775,0.053768048434918315,3.1985129258186085,57.26754359640565,0.2987113801939906,20.223748416156692,250.5125000000002,-2.5000000000000004,1.9999999999999996
-2.5,2.0,20.0,0.0,-0.39688652753829956,0.03325725731730461,-0.003379928646609187,-0.0005165334441699088,0.2908914089202881,0.001298738643527031,-0.1233163744642815,6.814482280347701,0.31005880200804703,-0.15414546808035187,56.787352336230846,1.7225489000447056,20.223748416156692,250.5125000000002,-2.5000000000000004,1.9999999999999996
-2.5,2.0,20.0,5.0,-0.3782960772514343,0.031063765411376953,-0.008685980923473835,-0.01153147779405117,0.28253135085105896,0.0023452797904610634,-2.7530067023307803,6.618637831771872,0.5599083740430073,-3.441258377913475,55.155315264765605,3.110602078016707,20.223748416156692,250.5125000000002,-2.5000000000000004,1.9999999999999996
-2.5,2.0,20.0,10.0,-0.358934223651886,0.02945229796051979,-0.013778951950371265,-0.022078175097703934,0.26953545212745667,0.0033428820315748453,-5.270908473722874,6.314193221675295,0.7980743493929541,-6.588635592153592,52.61827684729413,4.433746385516411,20.223748416156692,250.5125000000002,-2.5000000000000004,1.9999999999999996
-2.5,4.0,-20.0,-10.0,-0.01642935536801815,0.021253624123632908,0.0005701719201169908,0.017996080219745636,-0.06181890144944191,0.0006206714897416532,4.296355622884726,-1.448182364963621,0.1481781261449324,5.3704445286059075,-12.068186374696841,0.823211811916291,20.22374841615669,250.5125000000001,-2.5000000000000004,4.0
-2.5,4.0,-20.0,-5.0,-0.005012950394302607,0.022491970223486424,-0.0035048387944698334,0.005815865471959114,-0.06604941934347153,0.0012235352769494057,1.3884704900890827,-1.5472873517095806,0.29210486965664906,1.7355881126113535,-12.894061264246506,1.622804831425828,20.22374841615669,250.5125000000001,-2.5000000000000004,4.0
-2.5,4.0,-20.0,0.0,0.00019414113194216043,0.024327644270956517,-0.00782551895827055,-0.0069113438948988914,-0.06285344064235687,0.0018714616307988763,-1.6500032697097289,-1.472417693963578,0.446789778791585,-2.062504087137161,-12.270147449696484,2.4821654377310276,20.22374841615669,250.5125000000001,-2.5000000000000004,4.0
-2.5,4.0,-20.0,5.0,-0.0009640963398851454,0.026465119917988777,-0.012298505753278732,-0.019775390625,-0.0527368038892746,0.002566760638728738,-4.721145364379884,-1.2354232700083325,0.6127843601575851,-5.901431705474856,-10.295193916736105,3.404357556431028,20.22374841615669,250.5125000000001,-2.5000000000000004,4.0
-2.5,4.0,-20.0,10.0,-0.006561061833053827,0.02894411062180996,-0.016704903915524483,-0.032185785472393036,-0.03812294453382492,0.0032852990552783012,-7.683983328744679,-0.8930759796746588,0.7843270810448917,-9.60497916093085,-7.442299830622157,4.35737267247162,20.22374841615669,250.5125000000001,-2.5000000000000004,4.0
-2.5,4.0,-10.0,-10.0,-0.10130762308835983,0.01983263635367155,0.0017197177512571216,0.020015403628349304,0.023741282522678375,0.00045287018292583525,4.778445687778855,0.5561681923299892,0.10811750854029856,5.973057109723569,4.634734936083243,0.6006528252238809,20.22374841615669,250.5125000000001,-2.5000000000000004,4.0
-2.5,4.0,-10.0,-5.0,-0.09664928168058395,0.019506449935138226,-0.0029301438480615616,0.007613402791321278,0.01972966641187668,0.001163101871497929,1.8176116961231112,0.46219124401073985,0.2776770943771947,2.272014620153889,3.851593700089499,1.5426505243177482,20.22374841615669,250.5125000000001,-2.5000000000000004,4.0
-2.5,4.0,-10.0,0.0,-0.09753920882940292,0.020350483370125294,-0.007763121277093887,-0.005360262002795935,0.02024703472852707,0.001916944864206016,-1.2797004411315724,0.4743112211503656,0.45764837373057254,-1.5996255514144655,3.9525935095863804,2.5424909651698475,20.22374841615669,250.5125000000001,-2.5000000000000004,4.0
-2.5,4.0,-10.0,5.0,-0.10238506644964218,0.022174361285865307,-0.01264969352632761,-0.01849800907075405,0.02495894581079483,0.0027004657313227654,-4.416185319962424,0.5846934242407511,0.6447049017066487,-5.52023164995303,4.87244520200626,3.5816938983702706,20.22374841615669,250.5125000000001,-2.5000000000000004,4.0
-2.5,4.0,-10.0,10.0,-0.10698612779378891,0.024877543685138226,-0.017370158806443214,-0.03116399608552456,0.03204643726348877,0.003493945114314556,-7.44004295261435,0.7507264641843041,0.8341389099535885,-9.300053690767937,6.256053868202534,4.634105055297714,20.22374841615669,250.5125000000001,-2.5000000000000004,4.0
-2.5,4.0,0.0,-10.0,-0.204191192984581,0.022754778278172016,0.002898097736760974,0.021309468895196915,0.12016716599464417,0.0003121265035588294,5.087388775257442,2.8150608723356867,0.07451658595881057,6.359235969071802,23.45884060279739,0.4139810331045031,20.22374841615669,250.5125000000001,-2.5000000000000004,4.0
-2.5,4.0,0.0,-5.0,-0.20179663598537445,0.020961455193459988,-0.002243872731924057,0.009016054682433605,0.11771851778030396,0.0011625500628724694,2.1524785818973915,2.757698333065925,0.27754535646194867,2.6905982273717393,22.980819442216045,1.541918647010826,20.22374841615669,250.5125000000001,-2.5000000000000004,4.0
-2.5,4.0,0.0,0.0,-0.20130287110805511,0.020366079297959805,-0.007511473726481199,-0.0036549479700624943,0.11481650173664093,0.002045232569798827,-0.8725764761428177,2.6897151053032737,0.48827557690706763,-1.0907205951785222,22.41429254419395,2.7126420939281535,20.22374841615669,250.5125000000001,-2.5000000000000004,4.0
-2.5,4.0,0.0,5.0,-0.20188753306865692,0.021061363753974438,-0.012728247791528702,-0.016355985775589943,0.11184237897396088,0.0029294092673808336,-3.904802078936926,2.620042690634556,0.6993625180572886,-4.881002598671158,21.833689088621302,3.885347322540492,20.22374841615669,250.5125000000001,-2.5000000000000004,4.0
-2.5,4.0,0.0,10.0,-0.20008669793605804,0.02302407765120268,-0.017712276428937912,-0.02863348089158535,0.10872556269168854,0.0038031251169741154,-6.835911772406174,2.5470275080773277,0.9079520529652775,-8.544889715507718,21.225229233977732,5.044178072029319,20.22374841615669,250.5125000000001,-2.5000000000000004,4.0
-2.5,4.0,10.0,-10.0,-0.31724005937576294,0.029560605188012123,0.0036883775610476732,0.021742694079875946,0.213375985622406,0.00029311852995306253,5.190816268102734,4.998589949674513,0.06997865251532788,6.488520335128417,41.654916247287616,0.38877029175182154,20.22374841615669,250.5125000000001,-2.5000000000000004,4.0
-2.5,4.0,10.0,-5.0,-0.31233644485473633,0.027139146004915238,-0.0016432271804660559,0.009955113753676414,0.21351253986358643,0.0012690930161625147,2.3766680538096243,5.001788897557795,0.3029812519934757,2.9708350672620303,41.68157414631496,1.6832291777415316,20.22374841615669,250.5125000000001,-2.5000000000000004,4.0
-2.5,4.0,10.0,0.0,-0.3039640188217163,0.025270572987496853,-0.007117844186723232,-0.002022824017331004,0.2088826298713684,0.002268977463245392,-0.4829257946644766,4.893327668954718,0.5416920775734821,-0.6036572433305958,40.77773057462265,3.0094004309637894,20.22374841615669,250.5125000000001,-2.5000000000000004,4.0
-2.5,4.0,10.0,5.0,-0.2940256595611572,0.024278958452045918,-0.01252301037311554,-0.01385805569589138,0.20027300715446472,0.0032538932282477617,-3.308450217173692,4.691636867350823,0.776829303756371,-4.135562771467115,39.09697389459019,4.315718354202061,20.22374841615669,250.5125000000001,-2.5000000000000004,4.0
-2.5,4.0,10.0,10.0,-0.28257960081100464,0.02445937426120043,-0.01769283600151539,-0.025289008393883705,0.1891341507434845,0.004217224661260843,-6.037457717654973,4.430695714369705,1.0068135207852644,-7.546822147068716,36.92246428641421,5.593408448807025,20.22374841615669,250.5125000000001,-2.5000000000000004,4.0
-2.5,4.0,20.0,-10.0,-0.4187760353088379,0.038138341282606125,0.0037816022522747517,0.02121792361140251,0.2900850474834442,0.0004547404241748154,5.065533399532504,6.795592290631866,0.1085640069670721,6.3319167494156305,56.62993575526556,0.6031333720392894,20.22374841615669,250.5125000000001,-2.5000000000000004,4.0
-2.5,4.0,20.0,-5.0,-0.41115546226501465,0.035889271770715714,-0.0013532860903069377,0.010377626866102219,0.2925495207309723,0.0014931632904335856,2.477538163530595,6.853325550400542,0.35647543356139083,3.0969227044132435,57.111046253337854,1.9804190753410602,20.22374841615669,250.5125000000001,-2.5000000000000004,4.0
-2.5,4.0,20.0,0.0,-0.39736390113830566,0.03341805574774742,-0.006695052143186331,-0.0006540334434248507,0.28943726420402527,0.0025607822462916374,-0.15614290600515748,6.780417185614187,0.6113570882378497,-0.19517863250644685,56.503476546784896,3.3964282679880538,20.22374841615669,250.5125000000001,-2.5000000000000004,4.0
-2.5,4.0,20.0,5.0,-0.37956535816192627,0.03111628082871437,-0.012051216326653957,-0.011542709544301033,0.2806508243083954,0.0036186135839670897,-2.7556881525550283,6.5745842282286455,0.8639020624872388,-3.444610190693785,54.78820190190538,4.799455902706882,20.22374841615669,250.5125000000001,-2.5000000000000004,4.0
-2.5,4.0,20.0,10.0,-0.3600390553474426,0.029484870036244393,-0.017242396250367165,-0.022054584696888924,0.2672536373138428,0.004652706440538168,-5.265276538882057,6.260738956139841,1.1107797494426084,-6.581595673602571,52.17282463449868,6.170998608014491,20.22374841615669,250.5125000000001,-2.5000000000000004,4.0
-2.5,6.0,-20.0,-10.0,-0.01911296509206295,0.0214530966553092,-0.003075553337112069,0.015018406324088573,-0.059949323534965515,0.0015385220758616924,3.5854704840928693,-1.4043852462476818,0.3673043179874253,4.481838105116086,-11.70321038539735,2.040579544374585,20.223748416156692,250.5125000000002,-2.4999999999999996,6.0
-2.5,6.0,-20.0,-5.0,-0.0077257961966097355,0.022679378402531147,-0.00725026149302721,0.0026468702126294374,-0.06464371830224991,0.002138343174010515,0.6319095926566898,-1.5143571085221794,0.5105046547434821,0.7898869908208622,-12.619642571018163,2.8361369707971225,20.223748416156692,250.5125000000002,-2.4999999999999996,6.0
-2.5,6.0,-20.0,0.0,-0.001173666212707758,0.0244904469075799,-0.011588182300329208,-0.01014868076890707,-0.06254994869232178,0.0027832714840769768,-2.422879935738155,-1.4653080288022087,0.6644738156650569,-3.028599919672694,-12.210900240018406,3.691521198139205,20.223748416156692,250.5125000000002,-2.4999999999999996,6.0
-2.5,6.0,-20.0,5.0,0.0006188838160596788,0.02660120477259159,-0.015955815091729164,-0.022909874096512794,-0.05428221449255943,0.0034678736701607704,-5.46946697237634,-1.2716263782783053,0.8279146547647316,-6.836833715470425,-10.596886485652545,4.599525859804064,20.223748416156692,250.5125000000002,-2.4999999999999996,6.0
-2.5,6.0,-20.0,10.0,-0.001464954111725092,0.029011702288985253,-0.020137304440140724,-0.035058487206697464,-0.0418303906917572,0.004164519719779491,-8.369807580378518,-0.9799273797979806,0.9942308267251014,-10.462259475473148,-8.166061498316505,5.52350459291723,20.223748416156692,250.5125000000002,-2.4999999999999996,6.0
-2.5,6.0,-10.0,-10.0,-0.10382919758558273,0.019916833502352238,-0.0019855047576129436,0.01764085702598095,0.025549285113811493,0.0014152092626318336,4.211550201522166,0.5985228347920344,0.33786481271601976,5.264437751902707,4.98769028993362,1.8770267373112208,20.223748416156692,250.5125000000002,-2.4999999999999996,6.0
-2.5,6.0,-10.0,-5.0,-0.0979846939444542,0.019639854443371296,-0.006693596486002207,0.005139123182743788,0.020410247147083282,0.0021074521355330944,1.2269061102902001,0.4781346690078059,0.5031297772569062,1.53363263786275,3.9844555750650494,2.7951654292050345,20.223748416156692,250.5125000000002,-2.4999999999999996,6.0
-2.5,6.0,-10.0,0.0,-0.09680294245481491,0.020509733942449093,-0.011533104814589024,-0.007859062403440475,0.01955849677324295,0.00284668174572289,-1.876260081935815,0.45818138867079533,0.679612280866612,-2.345325102419769,3.8181782389232946,3.7756237825922887,20.223748416156692,250.5125000000002,-2.4999999999999996,6.0
-2.5,6.0,-10.0,5.0,-0.09827869385480881,0.02234251716464758,-0.016346968710422516,-0.02090746909379959,0.02252691239118576,0.0036193772684782743,-4.991415980846532,0.5277201065870805,0.8640843833150902,-6.239269976058165,4.397667554892338,4.800468796194945,20.223748416156692,250.5125000000002,-2.4999999999999996,6.0
-2.5,6.0,-10.0,10.0,-0.09891682118177414,0.02503237233787775,-0.020908478647470474,-0.03338415548205376,0.027672559022903442,0.00440547801554203,-7.970080282438692,0.648263088323539,1.0517568277341554,-9.962600353048366,5.4021924026961585,5.8430934874119735,20.223748416156692,250.5125000000002,-2.4999999999999996,6.0
-2.5,6.0,0.0,-10.0,-0.20576231181621552,0.022882429075539112,-0.0007853437564335763,0.01956147886812687,0.1210494190454483,0.0013560749357566237,4.6700764111289095,2.8357287146889663,0.32374717739357606,5.837595513911137,23.631072622408055,1.7985954299643114,20.223748416156692,250.5125000000002,-2.4999999999999996,6.0
-2.5,6.0,0.0,-5.0,-0.20196466147899628,0.02112832957237959,-0.005939888767898083,0.007293050643056631,0.11736543476581573,0.002180547919124365,1.7411313328054456,2.7494269373768874,0.5205805485919296,2.176414166006807,22.911891144807395,2.8921141588440533,20.223748416156692,250.5125000000002,-2.4999999999999996,6.0
-2.5,6.0,0.0,0.0,-0.19985215365886688,0.020534363699257374,-0.01120174303650856,-0.0053420355543494225,0.11330482363700867,0.003045175224542618,-1.2753490877639395,2.6543022216372725,0.7270002988916362,-1.5941863597049244,22.119185180310605,4.038890549397979,20.223748416156692,250.5125000000002,-2.4999999999999996,6.0
-2.5,6.0,0.0,5.0,-0.19792281091213226,0.021217308131158352,-0.01638643443584442,-0.017961997538805008,0.10911878943443298,0.00392485037446022,-4.288218777743218,2.556239319043273,0.9370125476986643,-5.360273472179022,21.30199432536061,5.205625264992579,20.223748416156692,250.5125000000002,-2.4999999999999996,6.0
-2.5,6.0,0.0,10.0,-0.19247858226299286,0.023209379178583622,-0.021303726360201836,-0.030123500153422356,0.10456500947475433,0.004811133723706007,-7.191636605571565,2.4495615283205634,1.1486024275227866,-8.989545756964457,20.413012736004696,6.381124597348815,20.223748416156692,250.5125000000002,-2.4999999999999996,6.0
-2.5,6.0,10.0,-10.0,-0.31793826818466187,0.029834410299658776,0.00014416739577427506,0.02056964673101902,0.2130737602710724,0.0014437314821407199,4.910764806249299,4.9915099561161655,0.3446741621225478,6.138456007811623,41.59591630096805,1.9148564562363766,20.223748416156692,250.5125000000002,-2.4999999999999996,6.0
-2.5,6.0,10.0,-5.0,-0.31232619285583496,0.0273885895806551,-0.005170461721718311,0.008945001289248466,0.21235501766204834,0.002394626149907708,2.135515407605634,4.9746725431739796,0.5716892455599537,2.6693942595070426,41.45560452644983,3.1760513642219648,20.223748416156692,250.5125000000002,-2.4999999999999996,6.0
-2.5,6.0,10.0,0.0,-0.30327385663986206,0.02545058646529913,-0.010643388144671917,-0.0029039254877716303,0.20695173740386963,0.0033820895478129387,-0.6932785609688877,4.848094182844331,0.8074346895777045,-0.8665982012111096,40.4007848570361,4.485748275431692,20.223748416156692,250.5125000000002,-2.4999999999999996,6.0
-2.5,6.0,10.0,5.0,-0.2919328212738037,0.024390624028742314,-0.016064118593931198,-0.014632861129939556,0.19759654998779297,0.004373401403427124,-3.4934260364947285,4.628937628469583,1.0440989082794645,-4.366782545618411,38.574480237246526,5.800549490441469,20.223748416156692,250.5125000000002,-2.4999999999999996,6.0
-2.5,6.0,10.0,10.0,-0.2774463891983032,0.02461704531043768,-0.021266451105475426,-0.026004424318671227,0.18545620143413544,0.0053686946630477905,-6.208254979815967,4.344535313519077,1.2817136410532528,-7.760318724769959,36.20446094599231,7.120631339184738,20.223748416156692,250.5125000000002,-2.4999999999999996,6.0
-2.5,6.0,20.0,-10.0,-0.4196498990058899,0.03845260863482952,0.00048537959810346365,0.020527388900518417,0.2885051965713501,0.0017048813169822097,4.900676238879891,6.758582376568003,0.40702065911724233,6.125845298599863,56.32151980473336,2.2612258839846797,20.223748416156692,250.5125000000002,-2.4999999999999996,6.0
-2.5,6.0,20.0,-5.0,-0.41186487674713135,0.036114884664416314,-0.0046248408034443855,0.009964317083358765,0.29033157229423523,0.002724237972870469,2.3788652421277034,6.801367431812686,0.6503802489153143,2.9735815526596294,56.67806193177239,3.6132236050850794,20.223748416156692,250.5125000000002,-2.4999999999999996,6.0
-2.5,6.0,20.0,0.0,-0.3979021906852722,0.0335470793145895,-0.009986935183405876,-0.0008493209606967866,0.28658735752105713,0.0037896602880209684,-0.2027655378597259,6.713654682507566,0.9047374810764195,-0.2534569223246574,55.94712235422972,5.026319339313441,20.223748416156692,250.5125000000002,-2.4999999999999996,6.0
-2.5,6.0,20.0,5.0,-0.37943655252456665,0.03117940401017666,-0.015407569706439972,-0.011595439165830612,0.27728271484375,0.0048668840900063515,-2.7682767386907265,6.4956821996321725,1.1619121814696243,-3.460345923363408,54.130684996934775,6.455067674831246,20.223748416156692,250.5125000000002,-2.4999999999999996,6.0
-2.5,6.0,20.0,10.0,-0.3577786087989807,0.029623597984313965,-0.02071530744433403,-0.022086935117840767,0.26330307126045227,0.005951760336756706,-5.272999827023809,6.168192179086177,1.4209138143777624,-6.5912497837797615,51.40160149238481,7.893965635432013,20.223748416156692,250.5125000000002,-2.4999999999999996,6.0
0.0,-6.0,-20.0,-10.0,0.18579253554344177,0.023326256436407566,0.01700941100716591,0.034292299300432205,-0.11939399689435959,-0.0023303928319364786,8.186889095960051,-2.7969484531578312,-0.5563542851978946,10.233611369950065,-23.30790377631526,-3.0908571399883034,20.223748416156692,250.5125000000002,2.850409357131217e-16,-6.0
0.0,-6.0,-20.0,-5.0,0.19126932322978973,0.02429954254359007,0.013939477503299713,0.023438621312379837,-0.1237233430147171,-0.002061370760202408,5.595699243306233,-2.8983686103641677,-0.4921283828646414,6.994624054132791,-24.153071753034734,-2.73404657147023,20.223748416156692,250.5125000000002,2.850409357131217e-16,-6.0
0.0,-6.0,-20.0,0.0,0.18851330876350403,0.025915608865320683,0.010674050077795982,0.011987542733550072,-0.1195734515786171,-0.001846612780354917,2.8618869219836567,-2.8011523956892974,-0.4408574036841444,3.577358652479571,-23.34293663074415,-2.4492077982452467,20.223748416156692,250.5125000000002,2.850409357131217e-16,-6.0
0.0,-6.0,-20.0,5.0,0.1751735955476761,0.027760937933921814,0.007027571089565754,-1.918232192110736e-05,-0.10550955682992935,-0.0016308665508404374,-0.004579557083509125,-2.471688689925921,-0.38935049134699684,-0.005724446354386406,-20.597405749382677,-2.1630582852610933,20.223748416156692,250.5125000000002,2.850409357131217e-16,-6.0
0.0,-6.0,-20.0,10.0,0.15300841629505157,0.02978496824681759,0.002942363964393735,-0.012388477101922035,-0.08282259851694107,-0.0013700390700250864,-2.9576053566054696,-1.9402193144889517,-0.3270809526407657,-3.697006695756837,-16.16849428740793,-1.8171164035598093,20.223748416156692,250.5125000000002,2.850409357131217e-16,-6.0
0.0,-6.0,-10.0,-10.0,0.105593241751194,0.02059855417639017,0.018410101532936096,0.03367164731025696,-0.04230881854891777,-0.002608978422358632,8.038715625110648,-0.9911351296835705,-0.6228633668006548,10.04839453138831,-8.259459414029756,-3.460352037781415,20.223748416156692,250.5125000000002,2.850409357131217e-16,-6.0
0.0,-6.0,-10.0,-5.0,0.10336136072874069,0.01990934380620718,0.014704347588121891,0.02196919173002243,-0.04152584448456764,-0.0022340163122862577,5.244889957533688,-0.9727930173905674,-0.5333455078943258,6.556112446917109,-8.10660847825473,-2.963030599412921,20.223748416156692,250.5125000000002,2.850409357131217e-16,-6.0
0.0,-6.0,-10.0,0.0,0.09443385154008865,0.02033954591780901,0.01077221892774105,0.0097600556910038,-0.03613494709134102,-0.0018844500882551074,2.3301002015818395,-0.8465047406151537,-0.4498906225055096,2.9126252519772993,-7.054206171792948,-2.499392347252831,20.223748416156692,250.5125000000002,2.850409357131217e-16,-6.0
0.0,-6.0,-10.0,5.0,0.0786295011639595,0.021670553025901318,0.006562233902513981,-0.002768556587398052,-0.02541922777891159,-0.0015425288584083319,-0.660960804591829,-0.5954760847783636,-0.3682608908918427,-0.8262010057397863,-4.962300706486364,-2.045893838288015,20.223748416156692,250.5125000000002,2.850409357131217e-16,-6.0
0.0,-6.0,-10.0,10.0,0.05916861444711685,0.023795918685495854,0.0021506566554307938,-0.015271701849997044,-0.010089312680065632,-0.0012062372406944633,-3.64594185584161,-0.23635432457214603,-0.28797516394177675,-4.557427319802013,-1.9696193714345505,-1.5998620218987596,20.223748416156692,250.5125000000002,2.850409357131217e-16,-6.0
0.0,-6.0,0.0,-10.0,-0.002680054400116205,0.021389554378688336,0.01957579143345356,0.03206603601574898,0.04956284910440445,-0.003151599084958434,7.655394533567741,1.1610695490772025,-0.7524077623794297,9.569243166959676,9.675579575643354,-4.180043124330165,20.223748416156692,250.5125000000002,2.850409357131217e-16,-6.0
0.0,-6.0,0.0,-5.0,-0.006026348564773798,0.019428412553966046,0.015227148309350014,0.019839636981487274,0.054495878517627716,-0.00261701550334692,4.736483437536568,1.2766317158995841,-0.6247821267569326,5.920604296920709,10.638597632496536,-3.471011815316292,20.223748416156692,250.5125000000002,2.850409357131217e-16,-6.0
0.0,-6.0,0.0,0.0,-0.01066883560270071,0.01873182797163725,0.010630493052303791,0.007296163588762283,0.05864650011062622,-0.0020983503200113773,1.7418745125214117,1.3738650353809014,-0.5009568242683836,2.1773431406517645,11.448875294840846,-2.7830934681576864,20.223748416156692,250.5125000000002,2.850409357131217e-16,-6.0
0.0,-6.0,0.0,5.0,-0.016216447576880455,0.01942508400708437,0.005937054753303528,-0.005235742311924696,0.06208962947130203,-0.0016264976002275944,-1.2499728078079826,1.4545244955703902,-0.3883074550133958,-1.5624660097599783,12.121037463086585,-2.1572636389633097,20.223748416156692,250.5125000000002,2.850409357131217e-16,-6.0
0.0,-6.0,0.0,10.0,-0.021547308191657066,0.021345551249682904,0.0013362463796511292,-0.017408283427357674,0.06567774713039398,-0.0012300581438466907,-4.156025949797433,1.5385804816115076,-0.2936621285446558,-5.195032437246791,12.821504013429232,-1.631456269692532,20.223748416156692,250.5125000000002,2.850409357131217e-16,-6.0
0.0,-6.0,10.0,-10.0,-0.1246185228228569,0.02573718236118555,0.02006867341697216,0.029487809166312218,0.1441851556301117,-0.00385385868139565,7.0398727484683326,3.377711262692586,-0.9200641035957414,8.799840935585415,28.147593855771554,-5.111467242198564,20.223748416156692,250.5125000000002,2.850409357131217e-16,-6.0
0.0,-6.0,10.0,-5.0,-0.12281905859708786,0.02344829508394003,0.015295309945940971,0.017223598435521126,0.150681734085083,-0.003149322234094143,4.1119345480338,3.5299014525940766,-0.7518641906185897,5.139918185042251,29.415845438283974,-4.177023281214387,20.223748416156692,250.5125000000002,2.850409357131217e-16,-6.0
0.0,-6.0,10.0,0.0,-0.11602555960416794,0.021965122905671597,0.010286261327564716,0.004809418693184853,0.15244856476783752,-0.0024706798139959574,1.1481929838587772,3.571291593419117,-0.5898461765891906,1.4352412298234716,29.760763278492643,-3.276923203273281,20.223748416156692,250.5125000000002,2.850409357131217e-16,-6.0
0.0,-6.0,10.0,5.0,-0.10538973659276962,0.021656367120444775,0.005328667350113392,-0.00730487797409296,0.14911356568336487,-0.0018809492466971278,-1.7439549710411708,3.4931652154333643,-0.44905483714954353,-2.1799437138014635,29.109710128611372,-2.4947490952752416,20.223748416156692,250.5125000000002,2.850409357131217e-16,-6.0
0.0,-6.0,10.0,10.0,-0.09344246238470078,0.022486887064874173,0.0006771486951038241,-0.0188117865473032,0.14247781038284302,-0.0014204377075657248,-4.491096056592025,3.337714639976456,-0.33911304335938064,-5.613870070740031,27.814288666470468,-1.883961351996559,20.223748416156692,250.5125000000002,2.850409357131217e-16,-6.0
0.0,-6.0,20.0,-10.0,-0.23487018048763275,0.03223206301510334,0.01953277364373207,0.026068441569805145,0.2271985113620758,-0.0045341248624026775,6.223538356724293,5.322399295135251,-1.082469771726797,7.779422945905367,44.35332745946043,-6.013720954037761,20.223748416156692,250.5125000000002,2.850409357131217e-16,-6.0
0.0,-6.0,20.0,-5.0,-0.22601471841335297,0.03050953720986843,0.014747744426131248,0.014306839555501938,0.23316800594329834,-0.003722990630194545,3.415592163372741,5.462241909248065,-0.8888208728050209,4.269490204215926,45.51868257706721,-4.9378937378056715,20.223748416156692,250.5125000000002,2.850409357131217e-16,-6.0
0.0,-6.0,20.0,0.0,-0.2088513821363449,0.028775448103547097,0.009795602411031723,0.002493395935744047,0.2336166501045227,-0.0029398342594504356,0.5952693874334862,5.472751940115572,-0.7018513641143107,0.7440867342918578,45.60626616762977,-3.8991742450795037,20.223748416156692,250.5125000000002,2.850409357131217e-16,-6.0
0.0,-6.0,20.0,5.0,-0.18540190160274506,0.02743002225935459,0.0049414923414587975,-0.008903848007321358,0.22747516632080078,-0.002258182968944311,-2.125690538409191,5.328880271390271,-0.5391150171403021,-2.657113173011489,44.407335594918926,-2.995083428557234,20.223748416156692,250.5125000000002,2.850409357131217e-16,-6.0
0.0,-6.0,20.0,10.0,-0.15999631583690643,0.026670267929434777,0.0004304949543438852,-0.0195778775960207,0.2158566415309906,-0.0017276976723223925,-4.673991417393301,5.0567023078064866,-0.41246779957019347,-5.842489271741627,42.13918589838739,-2.291487775389964,20.223748416156692,250.5125000000002,2.850409357131217e-16,-6.0
0.0,-4.0,-20.0,-10.0,0.17483319342136383,0.022813107011020184,0.013609589077532291,0.030818911269307137,-0.11693471670150757,-0.0017008152790367603,7.357657951412748,-2.739336846961538,-0.40604993967298086,9.197072439265936,-22.82780705801282,-2.255832998183227,20.22374841615669,250.5125000000001,5.106889127670221e-17,-4.0
0.0,-4.0,-20.0,-5.0,0.18335360288619995,0.023953403470218182,0.010484887287020683,0.019787253811955452,-0.12182854115962982,-0.001448123948648572,4.72397756280082,-2.853980590401018,-0.3457228126035917,5.9049719535010246,-23.78317158667515,-1.9206822922421762,20.22374841615669,250.5125000000001,5.106889127670221e-17,-4.0
0.0,-4.0,-20.0,0.0,0.18412038683891296,0.025690692600905896,0.007112888619303703,0.008138126693665981,-0.11811238527297974,-0.001222501159645617,1.942883447569691,-2.7669251543722204,-0.2918579861332038,2.4286043094621137,-23.057709619768506,-1.6214332562955767,20.22374841615669,250.5125000000001,5.106889127670221e-17,-4.0
0.0,-4.0,-20.0,5.0,0.1747712790966034,0.027631968383789063,0.003334169974550605,-0.004056690726429224,-0.10458965599536896,-0.0009706771234050393,-0.9684879040311851,-2.4501389028075713,-0.23173791549178577,-1.2106098800389815,-20.417824190063097,-1.2874328638432542,20.22374841615669,250.5125000000001,5.106889127670221e-17,-4.0
0.0,-4.0,-20.0,10.0,0.1569310575723648,0.029778050382733345,-0.0008471781038679183,-0.016527052968740463,-0.082984559237957,-0.0006612064898945391,-3.9456423890605117,-1.9440134398210533,-0.15785538773211963,-4.9320529863256395,-16.200111998508778,-0.8769743762895534,20.22374841615669,250.5125000000001,5.106889127670221e-17,-4.0
0.0,-4.0,-10.0,-10.0,0.09666595607995987,0.020160473075807095,0.014972856268286705,0.030767733231186867,-0.0378621369600296,-0.0019610521849244833,7.345439787837051,-0.8869662475350765,-0.46817848545852775,9.181799734796314,-7.391385396125638,-2.6009915858807098,20.22374841615669,250.5125000000001,5.106889127670221e-17,-4.0
0.0,-4.0,-10.0,-5.0,0.09685028344392776,0.019607813221514225,0.011196726001799107,0.01897275634109974,-0.03839842975139618,-0.0015999273164197803,4.529525729623462,-0.8995295533315951,-0.38196410763744365,5.661907162029327,-7.496079611096627,-2.12202282020802,20.22374841615669,250.5125000000001,5.106889127670221e-17,-4.0
0.0,-4.0,-10.0,0.0,0.09043673425912857,0.02016237297385931,0.007164125796407461,0.006596405990421772,-0.034127820283174515,-0.0012418763944879174,1.5748154943587847,-0.7994853730806193,-0.2964835989412693,1.9685193679484807,-6.662378109005161,-1.6471311052292739,20.22374841615669,250.5125000000001,5.106889127670221e-17,-4.0
0.0,-4.0,-10.0,5.0,0.07735539227724075,0.02162280598014593,0.0028608303982764482,-0.006134131923317909,-0.024394933134317398,-0.0008747422252781689,-1.46445291743849,-0.5714807466851889,-0.2088345702096275,-1.8305661467981125,-4.762339555709908,-1.1601920567201527,20.22374841615669,250.5125000000001,5.106889127670221e-17,-4.0
0.0,-4.0,-10.0,10.0,0.06079665571451187,0.02389331640034914,-0.001593286171555519,-0.01878715492784977,-0.010174554772675037,-0.0005027361330576241,-4.485215542866408,-0.23835122345541868,-0.120022426312566,-5.60651942858301,-1.9862601954618224,-0.6667912572920334,20.22374841615669,250.5125000000001,5.106889127670221e-17,-4.0
0.0,-4.0,0.0,-10.0,-0.00909396167844534,0.021121607286036015,0.016158349812030792,0.029810810461640358,0.05513564497232437,-0.002435508416965604,7.116985564950414,1.2916190171240276,-0.5814494130967566,8.896231956188018,10.763491809366897,-3.230274517204203,20.22374841615669,250.5125000000001,5.106889127670221e-17,-4.0
0.0,-4.0,0.0,-5.0,-0.010579518042504787,0.01918871992558241,0.011736216023564339,0.017546897754073143,0.05862158536911011,-0.0019131717272102833,4.189118514107239,1.3732813774956056,-0.45674758099406626,5.236398142634049,11.444011479130047,-2.5374865610781456,20.22374841615669,250.5125000000001,5.106889127670221e-17,-4.0
0.0,-4.0,0.0,0.0,-0.013596138916909695,0.01851837256282568,0.007063784636557102,0.004892602562904358,0.061365365982055664,-0.0013898462057113647,1.1680521688612182,1.4375577493468026,-0.3318096767706798,1.4600652110765227,11.979647911223356,-1.8433870931704432,20.22374841615669,250.5125000000001,5.106889127670221e-17,-4.0
0.0,-4.0,0.0,5.0,-0.0177683737128973,0.019261417103111744,0.0023280219174921513,-0.00779444957152009,0.06352066248655319,-0.0009024494211189449,-1.8608345170160123,1.4880481708181992,-0.21544934215948097,-2.3260431462700155,12.400401423484993,-1.1969407897748943,20.22374841615669,250.5125000000001,5.106889127670221e-17,-4.0
0.0,-4.0,0.0,10.0,-0.022038927301764488,0.021243539762794972,-0.002264381619170308,-0.02011103555560112,0.06595126539468765,-0.0004799968155566603,-4.801276702275269,1.5449879770143413,-0.11459367775105243,-6.001595877844085,12.874899808452845,-0.6366315430614023,20.22374841615669,250.5125000000001,5.106889127670221e-17,-4.0
0.0,-4.0,10.0,-10.0,-0.12972567975521088,0.025760938537418843,0.016713904216885567,0.027871567755937576,0.1494148075580597,-0.0030226761009544134,6.654013839938727,3.500222169864661,-0.7216288938435467,8.31751729992341,29.16851808220551,-4.009049410241926,20.22374841615669,250.5125000000001,5.106889127670221e-17,-4.0
0.0,-4.0,10.0,-5.0,-0.1264677792787552,0.023380995852053166,0.011892198584973812,0.01561290305107832,0.15494875609874725,-0.0023342082276940346,3.727399688930846,3.6298615923929667,-0.5572651667241125,4.659249611163557,30.248846603274725,-3.095917592911736,20.22374841615669,250.5125000000001,5.106889127670221e-17,-4.0
0.0,-4.0,10.0,0.0,-0.11840533465147018,0.021781035822927952,0.006847394164651632,0.0031601039227098227,0.15555739402770996,-0.0016579965595155954,0.7544381938427661,3.644119670338474,-0.3958274665492152,0.9430477423034577,30.367663919487285,-2.1990414808289733,20.22374841615669,250.5125000000001,5.106889127670221e-17,-4.0
0.0,-4.0,10.0,5.0,-0.10708659142255783,0.02136564174026251,0.0018889372004196048,-0.009032942354679108,0.15106907486915588,-0.0010600396199151874,-2.156510317960103,3.5389753778753947,-0.2530721760456553,-2.695637897450129,29.49146148229496,-1.4059565335869737,20.22374841615669,250.5125000000001,5.106889127670221e-17,-4.0
0.0,-4.0,10.0,10.0,-0.09536155313253403,0.022108291399776936,-0.0027268757112324238,-0.0206402987241745,0.14349204301834106,-0.0005774848978035152,-4.927632150935198,3.3614742633644585,-0.137867827744336,-6.159540188668997,28.012285528037157,-0.7659323763574223,20.22374841615669,250.5125000000001,5.106889127670221e-17,-4.0
0.0,-4.0,20.0,-10.0,-0.2391480654478073,0.0326430500793457,0.01629360392689705,0.025056349113583565,0.23072078824043274,-0.0035566005390137434,5.9819130104227245,5.40491288143583,-0.8490971665807857,7.477391263028405,45.04094067863192,-4.717206481004365,20.22374841615669,250.5125000000001,5.106889127670221e-17,-4.0
0.0,-4.0,20.0,-5.0,-0.22949205338954926,0.030699009199738503,0.011498737148940563,0.013351485133171082,0.23650991916656494,-0.00276372954249382,3.1875123652106163,5.540530259278539,-0.6598084035543262,3.98439045651327,46.171085493987825,-3.665602241968479,20.22374841615669,250.5125000000001,5.106889127670221e-17,-4.0
0.0,-4.0,20.0,0.0,-0.2117028683423996,0.0287049581605196,0.0065395948477089405,0.0015474583487957716,0.2365766167640686,-0.0019886267837136984,0.36943774960137393,5.542092730985825,-0.4747616013987894,0.4617971870017174,46.18410609154854,-2.637564452215497,20.22374841615669,250.5125000000001,5.106889127670221e-17,-4.0
0.0,-4.0,20.0,5.0,-0.18807415664196014,0.02711569716513157,0.0016907525714486837,-0.009894713759422302,0.22995463013648987,-0.0013039418263360858,-2.362248255066388,5.386964703307633,-0.31130100161182794,-2.9528103188329853,44.89137252756361,-1.7294500089545997,20.22374841615669,250.5125000000001,5.106889127670221e-17,-4.0
0.0,-4.0,20.0,10.0,-0.16335229575634003,0.0261579511064291,-0.0027955980040133,-0.020654059946537018,0.2179606556892395,-0.0007548488792963326,-4.930917483316084,5.105991378433238,-0.18021142312061064,-6.163646854145105,42.54992815361032,-1.0011745728922814,20.22374841615669,250.5125000000001,5.106889127670221e-17,-4.0
0.0,-2.0,-20.0,-10.0,0.16773703694343567,0.022421342444717884,0.010201264172792435,0.027309006080031395,-0.11527039855718613,-0.0010799391893669963,6.519708758499551,-2.700348186053897,-0.25782296766601387,8.149635948124438,-22.502901550449145,-1.4323498203667437,20.223748416156695,250.5125000000003,-1.0647958805175513e-16,-1.9999999999999996
0.0,-2.0,-20.0,-5.0,0.1788601130247116,0.02367477597028017,0.006993950344622135,0.016036929562687874,-0.12052389979362488,-0.000838033389300108,3.8286311051704267,-2.823417792056963,-0.2000707609835025,4.785788881463033,-23.528481600474695,-1.111504227686125,20.223748416156695,250.5125000000003,-1.0647958805175513e-16,-1.9999999999999996
0.0,-2.0,-20.0,0.0,0.18278037011623383,0.025491505053937435,0.003502019913867116,0.004148520994931459,-0.11723410338163376,-0.0005978773697279394,0.9904113165528583,-2.7463503412213557,-0.14273629411852395,1.238014145691073,-22.8862528435113,-0.7929794117695775,20.223748416156695,250.5125000000003,-1.0647958805175513e-16,-1.9999999999999996
0.0,-2.0,-20.0,5.0,0.17729414999485016,0.027506450315117836,-0.00038497892091982067,-0.008220153860747814,-0.10459940880537033,-0.00031454465351998806,-1.9624664832206815,-2.4503673741508303,-0.07509389124172457,-2.453083104025852,-20.419728117923587,-0.4171882846762476,20.223748416156695,250.5125000000003,-1.0647958805175513e-16,-1.9999999999999996
0.0,-2.0,-20.0,10.0,0.16381917893886566,0.029753567774891854,-0.0046018450520932674,-0.020725170150399208,-0.08467091619968414,2.9522063414333388e-05,-4.947894220498699,-1.9835183866212527,0.00704805055326229,-6.184867775623374,-16.52931988851044,0.03915583640701272,20.223748416156695,250.5125000000003,-1.0647958805175513e-16,-1.9999999999999996
0.0,-2.0,-10.0,-10.0,0.09008867293596268,0.01979671896725893,0.011507670395076275,0.027788856998085976,-0.03434525057673454,-0.001317637856118381,6.634267604912568,-0.8045789400861743,-0.31457077001960604,8.29283450614071,-6.704824500718119,-1.7476153889978112,20.223748416156695,250.5125000000003,-1.0647958805175513e-16,-1.9999999999999996
0.0,-2.0,-10.0,-5.0,0.0924588218331337,0.019338966471254826,0.00764278881251812,0.015858009457588196,-0.036126408725976944,-0.0009638609481044114,3.785916003314596,-0.8463047191030283,-0.2301106326211923,4.732395004143245,-7.05253932585857,-1.2783924034510683,20.223748416156695,250.5125000000003,-1.0647958805175513e-16,-1.9999999999999996
0.0,-2.0,-10.0,0.0,0.08847136050462723,0.019999695134460926,0.0035173625219613314,0.003312790533527732,-0.033040180802345276,-0.0005969874910078943,0.7908903529194397,-0.774006105758743,-0.14252384588558287,0.9886129411492995,-6.450050881322858,-0.7917991438087937,20.223748416156695,250.5125000000003,-1.0647958805175513e-16,-1.9999999999999996
0.0,-2.0,-10.0,5.0,0.07818306237459183,0.021578011226952076,-0.0008411933085881174,-0.009565229527652264,-0.02458098530769348,-0.00021183432545512915,-2.2835877126298287,-0.5758392433606236,-0.05057299057216593,-2.8544846407872857,-4.798660361338531,-0.28096105873425514,20.223748416156695,250.5125000000003,-1.0647958805175513e-16,-1.9999999999999996
0.0,-2.0,-10.0,10.0,0.06467757374048233,0.02396922477811575,-0.00528576597571373,-0.02228233404457569,-0.011914924718439579,0.00018451749929226935,-5.3196490565967105,-0.2791214895855954,0.044051414859506303,-6.649561320745888,-2.326012413213295,0.24473008255281278,20.223748416156695,250.5125000000003,-1.0647958805175513e-16,-1.9999999999999996
0.0,-2.0,0.0,-10.0,-0.013692489825189114,0.020909822669923306,0.012693781405687332,0.027422087267041206,0.059726983308792114,-0.001717788982205093,6.5467055815698885,1.3991766581457137,-0.4101022146216351,8.18338197696236,11.659805484547615,-2.2783456367868617,20.223748416156695,250.5125000000003,-1.0647958805175513e-16,-1.9999999999999996
0.0,-2.0,0.0,-5.0,-0.013439527712762356,0.01897986525028944,0.008193044923245907,0.015128249302506447,0.06163544952869415,-0.0012000610586255789,3.6116942223846253,1.4438847823438001,-0.28650067203934043,4.5146177779807815,12.032373186198335,-1.591670400218558,20.223748416156695,250.5125000000003,-1.0647958805175513e-16,-1.9999999999999996
0.0,-2.0,0.0,0.0,-0.015000990591943264,0.018336678979098797,0.0034703502897173166,0.0024114446714520454,0.0628259927034378,-0.0006731729954481125,0.575704472694046,1.4717746928722428,-0.16071225227115227,0.7196305908675575,12.26478910726869,-0.8928458459508459,20.223748416156695,250.5125000000003,-1.0647958805175513e-16,-1.9999999999999996
0.0,-2.0,0.0,5.0,-0.018129399046301842,0.019118319389522076,-0.001266276347450912,-0.010350948199629784,0.06357157975435257,-0.00017706859216559678,-2.4711689410493505,1.4892409692596202,-0.04227307459722456,-3.088961176311688,12.410341410496835,-0.23485041442902535,20.223748416156695,250.5125000000003,-1.0647958805175513e-16,-1.9999999999999996
0.0,-2.0,0.0,10.0,-0.02162536047399044,0.021133259994089604,-0.00581680703908205,-0.022727839648723602,0.0647202804684639,0.00026449369033798575,-5.426008357290836,1.5161506696553424,0.06314480374755738,-6.7825104466135455,12.634588913794522,0.3508044652642076,20.223748416156695,250.5125000000003,-1.0647958805175513e-16,-1.9999999999999996
0.0,-2.0,10.0,-10.0,-0.13278116285800934,0.025802102995216847,0.013308688998222351,0.026092248037457466,0.1537436842918396,-0.0021855125669389963,6.229221875018843,3.6016313311239982,-0.5217658007298166,7.786527343773554,30.013594426033322,-2.8986988929434254,20.223748416156695,250.5125000000003,-1.0647958805175513e-16,-1.9999999999999996
0.0,-2.0,10.0,-5.0,-0.12812800705432892,0.023317295250594616,0.00844436977058649,0.01389678381383419,0.158074289560318,-0.001502337516285479,3.317696106570474,3.7030809853945144,-0.35866567367718855,4.147120133213092,30.859008211620957,-1.9925870759843807,20.223748416156695,250.5125000000003,-1.0647958805175513e-16,-1.9999999999999996
0.0,-2.0,10.0,0.0,-0.11918621510267258,0.021610719275772572,0.0033896993845701218,0.001482897438108921,0.15738534927368164,-0.0008262365590780973,0.3540245802744412,3.6869417278175134,-0.19725440446376763,0.44253072534305155,30.72451439847928,-1.0958578025764867,20.223748416156695,250.5125000000003,-1.0647958805175513e-16,-1.9999999999999996
0.0,-2.0,10.0,5.0,-0.10800787061452866,0.021081130144298077,-0.0015408857725560665,-0.010704662650823593,0.15178322792053223,-0.00022217682271730155,-2.555614167605669,3.555705274891345,-0.05304214194982257,-3.1945177095070862,29.63087729076121,-0.29467856638790313,20.223748416156695,250.5125000000003,-1.0647958805175513e-16,-1.9999999999999996
0.0,-2.0,10.0,10.0,-0.09731673449277878,0.02171618038147688,-0.006110292859375477,-0.022339940071105957,0.14337530732154846,0.00028111907886341214,-5.333401827920979,3.358739588799028,0.0671139226113134,-6.666752284901224,27.989496573325237,0.3728551256184077,20.223748416156695,250.5125000000003,-1.0647958805175513e-16,-1.9999999999999996
0.0,-2.0,20.0,-10.0,-0.24132560193538666,0.03298058745741844,0.013021579012274742,0.023873141035437584,0.2337535321712494,-0.0025740587152540684,5.699435792188981,5.475958567707873,-0.6145266913615465,7.124294740236227,45.63298806423228,-3.4140371742308138,20.223748416156695,250.5125000000003,-1.0647958805175513e-16,-1.9999999999999996
0.0,-2.0,20.0,-5.0,-0.2308836430311203,0.030804224436283112,0.00821987260133028,0.012306122109293938,0.23907041549682617,-0.0017852643504738808,2.9379440564039894,5.600512975633848,-0.4262111769249784,3.6724300705049866,46.6709414636154,-2.3678398718054354,20.223748416156695,250.5125000000003,-1.0647958805175513e-16,-1.9999999999999996
0.0,-2.0,20.0,0.0,-0.21290473639965057,0.02857068379700184,0.0032600611448287964,0.0005970590864308178,0.23858729004859924,-0.0010093182791024446,0.1425409384631939,5.58919517900882,-0.24096304366014984,0.1781761730789924,46.57662649174017,-1.3386835758897213,20.223748416156695,250.5125000000003,-1.0647958805175513e-16,-1.9999999999999996
0.0,-2.0,20.0,5.0,-0.19009922444820404,0.02674948622763157,-0.0015780848916620016,-0.010806645266711712,0.23156002163887024,-0.0003161574131809175,-2.579961335425396,5.424572936519467,-0.0754789189229189,-3.2249516692817446,45.20477447099556,-0.4193273273495494,20.223748416156695,250.5125000000003,-1.0647958805175513e-16,-1.9999999999999996
0.0,-2.0,20.0,10.0,-0.16720913350582123,0.025595802006423474,-0.0060464502312242985,-0.021579716354608536,0.2194029986858368,0.00025675835786387324,-5.151907224699535,5.139780003642139,0.06129808275252806,-6.439884030874419,42.831500030351165,0.3405449041807114,20.223748416156695,250.5125000000003,-1.0647958805175513e-16,-1.9999999999999996
0.0,0.0,-20.0,-10.0,0.16397997736930847,0.022208082613646984,0.006781383417546749,0.023692594841122627,-0.1139584332704544,-0.0004619871615432203,5.65633248037531,-2.669613816028845,-0.11029408154220954,7.070415600469138,-22.246781800240377,-0.6127448974567197,20.223748416156692,250.5125000000002,9.262451887273708e-17,0.0
0.0,0.0,-20.0,-5.0,0.1769258975982666,0.023544651580154896,0.0034691672772169113,0.012137341313064098,-0.1194499209523201,-0.00022658437956124544,2.8976495970515908,-2.7982585417006023,-0.054094395073749225,3.622061996314488,-23.318821180838356,-0.30052441707638455,20.223748416156692,250.5125000000002,9.262451887273708e-17,0.0
0.0,0.0,-20.0,0.0,0.1833866536617279,0.02541377314656973,-0.00013546542322728783,4.39343239122536e-06,-0.11671274900436401,2.692089583433699e-05,0.0010488810745072222,-2.7341369858016353,0.00642705193456748,0.0013111013431340278,-22.784474881680296,0.03570584408093044,20.223748416156692,250.5125000000002,9.262451887273708e-17,0.0
0.0,0.0,-20.0,5.0,0.18143118917942047,0.02747558628499508,-0.0040869018994271755,-0.012496717274188995,-0.10533978790044785,0.0003330918261781335,-2.9834464435012102,-2.4677116478881405,0.07952181379849359,-3.7293080543765127,-20.564263732401173,0.4417878544360755,20.223748416156692,250.5125000000002,9.262451887273708e-17,0.0
0.0,0.0,-20.0,10.0,0.17209722101688385,0.029775723938941956,-0.00827362947165966,-0.024969715625047684,-0.08748848736286163,0.000697832670994103,-5.961230268900334,-2.049523391156649,0.16659946406376705,-7.451537836125417,-17.079361592972077,0.9255525781320392,20.223748416156692,250.5125000000002,9.262451887273708e-17,0.0
0.0,0.0,-10.0,-10.0,0.0858798399567604,0.01954962791234255,0.008009611628949642,0.024709230288863182,-0.031482864171266556,-0.0006671631708741188,5.899042413260117,-0.7375240844203788,-0.15927747629295347,7.373803016575147,-6.14603403683649,-0.8848748682941859,20.223748416156692,250.5125000000002,9.262451887273708e-17,0.0
0.0,0.0,-10.0,-5.0,0.08990687876939774,0.01918237203091383,0.004053050652146339,0.012615839019417763,-0.03445988893508911,-0.0003214968310203403,3.0118853798513556,-0.8072644819677818,-0.07675364306157687,3.7648567248141944,-6.727204016398182,-0.42640912811987147,20.223748416156692,250.5125000000002,9.262451887273708e-17,0.0
0.0,0.0,-10.0,0.0,0.08797020465135574,0.019944640931785107,-0.00014024032861925662,-7.930316496640444e-05,-0.032673921436071396,4.684145096689463e-05,-0.018932711710305025,-0.765426038128871,0.011182853643033022,-0.02366588963788128,-6.378550317740592,0.062126964683516785,20.223748416156692,250.5125000000002,9.262451887273708e-17,0.0
0.0,0.0,-10.0,5.0,0.08033338934183121,0.021619410378038884,-0.004512405022978783,-0.013048924505710602,-0.025754522532224655,0.00043957220623269677,-3.1152795213256987,-0.6033307689838072,0.10494277069511672,-3.8940994016571233,-5.027756408198393,0.5830153927506484,20.223748416156692,250.5125000000002,9.262451887273708e-17,0.0
0.0,0.0,-10.0,10.0,0.06994820386171341,0.02408821986347437,-0.00890759564936161,-0.025767475366592407,-0.014955327846109867,0.0008508977480232716,-6.151686163153132,-0.3503466017864867,0.203141977562901,-7.689607703941414,-2.9195550148873894,1.1285665420161166,20.223748416156692,250.5125000000002,9.262451887273708e-17,0.0
0.0,0.0,0.0,-10.0,-0.01629563234746456,0.020774095443189144,0.009178262203931808,0.024925224483013153,0.06334300339221954,-0.000983587116934359,5.950608524280698,1.483886292147486,-0.23482002685236092,7.438260655350872,12.36571910122905,-1.3045557047353384,20.223748416156692,250.5125000000002,9.262451887273708e-17,0.0
0.0,0.0,0.0,-5.0,-0.01474823709577322,0.018864031073749066,0.00461443979293108,0.012612898834049702,0.06359891593456268,-0.00047483944217674434,3.011183444664129,1.4898813522683365,-0.11336241461766157,3.763979305830161,12.415677935569471,-0.629791192320342,20.223748416156692,250.5125000000002,9.262451887273708e-17,0.0
0.0,0.0,0.0,0.0,-0.015401146374642849,0.01826127537816763,-0.00012309738667681813,-0.00012346587027423084,0.06317359954118729,4.529198486125097e-05,-0.02947604586720083,1.4799178025129285,0.010812936564749097,-0.036845057334001036,12.332648354274404,0.06007186980416165,20.223748416156692,250.5125000000002,9.262451887273708e-17,0.0
0.0,0.0,0.0,5.0,-0.017985811457037926,0.019068456378877163,-0.004828793462365866,-0.012904378585517406,0.06248434633016586,0.0005402810056693852,-3.0807708578054234,1.4637712143045936,0.12898582959741262,-3.850963572256779,12.19809345253828,0.7165879422078478,20.223748416156692,250.5125000000002,9.262451887273708e-17,0.0
0.0,0.0,0.0,10.0,-0.020777961239218712,0.021093540948927403,-0.009326597675681114,-0.025293009355664253,0.06228496879339218,0.0009963233023881912,-6.038412900918936,1.4591005549115006,0.23786064354891442,-7.54801612614867,12.159171290929173,1.3214480197161913,20.223748416156692,250.5125000000002,9.262451887273708e-17,0.0
0.0,0.0,10.0,-10.0,-0.13361625373363495,0.025869053912460804,0.009853966534137726,0.024209870025515556,0.15697215497493744,-0.0013241443084552884,5.779825936722923,3.6772621527568936,-0.31612411012152614,7.2247824209036535,30.643851272974114,-1.7562450562307006,20.223748416156692,250.5125000000002,9.262451887273708e-17,0.0
0.0,0.0,10.0,-5.0,-0.12804247438907623,0.02330939390987158,0.0049681952223181725,0.012120140716433525,0.15997304022312164,-0.0006497636204585433,2.8935431539179546,3.747561510943548,-0.15512353524852526,3.6169289423974433,31.2296792578629,-0.8617974180473625,20.223748416156692,250.5125000000002,9.262451887273708e-17,0.0
0.0,0.0,10.0,0.0,-0.11907132714986801,0.021524154705107212,-6.740681419614702e-05,-0.00020110938930884004,0.15800027549266815,1.8158205421059392e-05,-0.048012536342436976,3.7013471165450738,0.004335061136072617,-0.06001567042804622,30.844559304542283,0.024083672978181203,20.223748416156692,250.5125000000002,9.262451887273708e-17,0.0
0.0,0.0,10.0,5.0,-0.10899149626493454,0.02088624903291464,-0.004954317584633827,-0.012330506928265095,0.1514205038547516,0.0006214358727447689,-2.9437656493742623,3.5472080259416674,0.14836061372963824,-3.679707061717828,29.56006688284723,0.8242256318313236,20.223748416156692,250.5125000000002,9.262451887273708e-17,0.0
0.0,0.0,10.0,10.0,-0.09972970932722092,0.021423149046599865,-0.009489685297012329,-0.02395666390657425,0.1422676146030426,0.0011437650537118316,-5.719375909851589,3.3327905501858006,0.2730606531961401,-7.149219887314486,27.773254584881673,1.5170036288674449,20.223748416156692,250.5125000000002,9.262451887273708e-17,0.0
0.0,0.0,20.0,-10.0,-0.24132530391216278,0.033252069850564,0.009714355692267418,0.022588863968849182,0.23594629764556885,-0.0015645356616005301,5.392829524101507,5.527326745012147,-0.37351476015014806,6.741036905126884,46.06105620843456,-2.075082000834156,20.223748416156692,250.5125000000002,9.262451887273708e-17,0.0
0.0,0.0,20.0,-5.0,-0.23047207295894623,0.03088698734819889,0.004915993195027113,0.011214757338166237,0.24058037996292114,-0.0007793547119945288,2.677393363486535,5.635885715366349,-0.18606190671596864,3.346741704358169,46.96571429471958,-1.0336772595331591,20.223748416156692,250.5125000000002,9.262451887273708e-17,0.0
0.0,0.0,20.0,0.0,-0.2131078690290451,0.028468679760694504,-3.3845630241557956e-05,-0.0003411746583878994,0.23949745297431946,-5.154161499376642e-06,-0.08145149632875698,5.610516843861593,-0.0012304963341298,-0.10181437041094622,46.754307032179945,-0.0068360907451655555,20.223748416156692,250.5125000000002,9.262451887273708e-17,0.0
0.0,0.0,20.0,5.0,-0.19219748675823212,0.02645593707740307,-0.004859650041908026,-0.011649731546640396,0.2321867048740387,0.0006938970182090998,-2.7812384154961,5.439253747538591,0.1656598725657242,-3.476548019370125,45.32711456282159,0.9203326253651344,20.223748416156692,250.5125000000002,9.262451887273708e-17,0.0
0.0,0.0,20.0,10.0,-0.1718193143606186,0.025148646098673344,-0.009331176057457924,-0.022394321858882904,0.21998664736747742,0.0012909405631944537,-5.346384849603758,5.153452678313936,0.30819710068890005,-6.682981062004697,42.94543898594947,1.7122061149383336,20.223748416156692,250.5125000000002,9.262451887273708e-17,0.0
0.0,2.0,-20.0,-10.0,0.1614898294210434,0.022186258000433445,0.0033557219430804253,0.01994388923048973,-0.11252132058143616,0.0001484071690356359,4.76137245396297,-2.6359477170865384,0.03543049193918691,5.9517155674537126,-21.966230975721157,0.19683606632881617,20.223748416156695,250.5125000000003,-1.0647958805175513e-16,1.9999999999999996
0.0,2.0,-20.0,-5.0,0.1754867136478424,0.02358187281817198,-6.688579742331058e-05,0.008098693564534187,-0.1182498037815094,0.00037988455733284354,1.9334692449208604,-2.7701443487610944,0.0906930361509084,2.4168365561510754,-23.08453623967579,0.50385020083838,20.223748416156695,250.5125000000003,-1.0647958805175513e-16,1.9999999999999996
0.0,2.0,-20.0,0.0,0.18398714065551758,0.02547618479758501,-0.0037588293198496103,-0.004250122234225273,-0.11624988913536072,0.0006444405880756676,-1.014667435129896,-2.7232939348249356,0.15385272294775149,-1.26833429391237,-22.694116123541132,0.8547373497097305,20.223748416156695,250.5125000000003,-1.0647958805175513e-16,1.9999999999999996
0.0,2.0,-20.0,5.0,0.18528339266777039,0.027547599871754647,-0.007723881863057613,-0.016827406361699104,-0.10639408230781555,0.000966830353718251,-4.017348281284449,-2.4924097666257956,0.23081954380350897,-5.021685351605561,-20.7700813885483,1.2823307989083832,20.223748416156695,250.5125000000003,-1.0647958805175513e-16,1.9999999999999996
0.0,2.0,-20.0,10.0,0.17975495755672455,0.029839424540400505,-0.011821269989013672,-0.029202967882156372,-0.09072352200746536,0.0013436063891276717,-6.9718701924745075,-2.125307981508729,0.32077045636519796,-8.714837740593135,-17.710899845906074,1.7820580909177663,20.223748416156695,250.5125000000003,-1.0647958805175513e-16,1.9999999999999996
0.0,2.0,-10.0,-10.0,0.08262092620134354,0.01944557682901621,0.004489752929657698,0.021527405828237534,-0.028944697231054306,-1.5092901776370127e-05,5.139418692676682,-0.6780644609724401,-0.003603255410109038,6.424273365845853,-5.650537174770335,-0.020018085611716877,20.223748416156695,250.5125000000003,-1.0647958805175513e-16,1.9999999999999996
0.0,2.0,-10.0,-5.0,0.08779902011156082,0.019174809691607952,0.00045536260586231947,0.009270758368074894,-0.033104535192251205,0.000317558238748461,2.2132861354652933,-0.775513685000441,0.07581334979510365,2.7666076693316164,-6.462614041670342,0.4211852766394647,20.223748416156695,250.5125000000003,-1.0647958805175513e-16,1.9999999999999996
0.0,2.0,-10.0,0.0,0.08767060190439224,0.02002816939085722,-0.003776510013267398,-0.0035432896111160517,-0.03271318972110748,0.0006803765427321196,-0.8459193367855895,-0.7663459450919242,0.16243201571410482,-1.057399170981987,-6.386216209099369,0.9024000873005823,20.223748416156695,250.5125000000003,-1.0647958805175513e-16,1.9999999999999996
0.0,2.0,-10.0,5.0,0.08275235444307327,0.021765726742446423,-0.00813121348619461,-0.016558198258280754,-0.027481403201818466,0.0010755984112620354,-3.9530779660422164,-0.6437850325418167,0.2567866571922207,-4.94134745755277,-5.364875271181806,1.4265925399567816,20.223748416156695,250.5125000000003,-1.0647958805175513e-16,1.9999999999999996
0.0,2.0,-10.0,10.0,0.07572967559099197,0.02426483215123415,-0.01245161797851324,-0.029232241213321686,-0.018667377531528473,0.0014994143275544047,-6.9788588610855005,-0.4373058450963745,0.357967796240094,-8.723573576356875,-3.644215375803121,1.9887099791116334,20.223748416156695,250.5125000000003,-1.0647958805175513e-16,1.9999999999999996
0.0,2.0,0.0,-10.0,-0.018038978800177574,0.02073663764923811,0.005629075225442648,0.022350654006004333,0.06610595434904099,-0.00024076456611510366,5.335959655730246,1.5486117524373393,-0.0574797503005712,6.6699495696628075,12.905097936977828,-0.31933194611428445,20.223748416156695,250.5125000000003,-1.0647958805175513e-16,1.9999999999999996
0.0,2.0,0.0,-5.0,-0.015681764110922813,0.018874890294969082,0.0010303533636033535,0.010034674778580666,0.06473159044981003,0.00024891478824429214,2.3956623265921397,1.5164156196164302,0.05942552139321603,2.9945779082401747,12.63679683013692,0.3301417855178668,20.223748416156695,250.5125000000003,-1.0647958805175513e-16,1.9999999999999996
0.0,2.0,0.0,0.0,-0.01582559011876583,0.01832017594307661,-0.0036945315077900887,-0.002693203277885914,0.06275197118520737,0.0007530133589170873,-0.6429710751022801,1.4700406494839626,0.17977321389915835,-0.8037138438778502,12.25033874569969,0.9987400772175463,20.223748416156695,250.5125000000003,-1.0647958805175513e-16,1.9999999999999996
0.0,2.0,0.0,5.0,-0.01789148710668087,0.019139125135838986,-0.008359082043170929,-0.015463394112884998,0.06069745868444443,0.0012435304233804345,-3.6917061623720144,1.4219112149187831,0.2968784791732981,-4.614632702965018,11.849260124323195,1.6493248842961006,20.223748416156695,250.5125000000003,-1.0647958805175513e-16,1.9999999999999996
0.0,2.0,0.0,10.0,-0.019397368654608727,0.02116618410974741,-0.01281207799911499,-0.027839411050081253,0.05912471562623978,0.001716665574349463,-6.6463367990313635,1.385067810909515,0.409834014013592,-8.307920998789204,11.542231757579291,2.2768556334088443,20.223748416156695,250.5125000000003,-1.0647958805175513e-16,1.9999999999999996
0.0,2.0,10.0,-10.0,-0.1334291249513626,0.02599365369707346,0.006369337905198336,0.022265702486038208,0.15911750495433807,-0.00044859948684461415,5.315678464714071,3.727519564875161,-0.10709792933759793,6.644598080892589,31.062663040626344,-0.5949884963199885,20.223748416156695,250.5125000000003,-1.0647958805175513e-16,1.9999999999999996
0.0,2.0,10.0,-5.0,-0.127578005194664,0.023398335215747357,0.001488761859945953,0.010308134369552135,0.16082549095153809,0.0002065481967292726,2.460947635223568,3.7675311979316426,0.04931098859188429,3.07618454402946,31.396093316097023,0.2739499366215794,20.223748416156695,250.5125000000003,-1.0647958805175513e-16,1.9999999999999996
0.0,2.0,10.0,0.0,-0.1193058118224144,0.021558758926689625,-0.003510574111714959,-0.001893718377687037,0.1577165424823761,0.0008578888373449445,-0.45210331921107916,3.6947003283908235,0.204811019129203,-0.5651291490138489,30.789169403256864,1.1378389951622387,20.223748416156695,250.5125000000003,-1.0647958805175513e-16,1.9999999999999996
0.0,2.0,10.0,5.0,-0.11064737290143967,0.020828086075484753,-0.008359500207006931,-0.013943754136562347,0.15032236278057098,0.0014579317066818476,-3.328909726853207,3.5214827461229845,0.34806430118664033,-4.1611371585665085,29.345689551024872,1.9336905621480018,20.223748416156695,250.5125000000003,-1.0647958805175513e-16,1.9999999999999996
0.0,2.0,10.0,10.0,-0.1021915003657341,0.021305273410975933,-0.0128913139924407,-0.02554994635283947,0.14042317867279053,0.002002987777814269,-6.099753631737067,3.2895824127898172,0.47819012233228186,-7.624692039671333,27.41318677324848,2.656611790734899,20.223748416156695,250.5125000000003,-1.0647958805175513e-16,1.9999999999999996
0.0,2.0,20.0,-10.0,-0.24049894511699677,0.03351494309782982,0.006386767141520977,0.021239833906292915,0.23721301555633545,-0.0005390176083892584,5.07076422855205,5.557001140654007,-0.12868420813639836,6.3384552856900624,46.308342838783396,-0.7149122674244353,20.223748416156695,250.5125000000003,-1.0647958805175513e-16,1.9999999999999996
0.0,2.0,20.0,-5.0,-0.22982345521450043,0.031020602335333824,0.0016063421498984098,0.010090266354382038,0.24109971523284912,0.00023423328821081668,2.4089341711473327,5.6480517707600795,0.0559204833821054,3.011167713934166,47.06709808966733,0.3106693521228078,20.223748416156695,250.5125000000003,-1.0647958805175513e-16,1.9999999999999996
0.0,2.0,20.0,0.0,-0.21376441419124603,0.02847343695640564,-0.0033269452396780252,-0.0012799424584954977,0.23944994807243347,0.0010001708287745714,-0.3055714306325626,5.6094039842094885,0.23877919589045077,-0.3819642882907032,46.74503320174574,1.326551088280282,20.223748416156695,250.5125000000003,-1.0647958805175513e-16,1.9999999999999996
0.0,2.0,20.0,5.0,-0.19515638053417206,0.026320077602863312,-0.008150878362357616,-0.012463663704693317,0.23191925883293152,0.0017026044661179185,-2.9755552867923547,5.432988501291416,0.40647708735640237,-3.7194441084904435,45.274904177428475,2.258206040868902,20.223748416156695,250.5125000000003,-1.0647958805175513e-16,1.9999999999999996
0.0,2.0,20.0,10.0,-0.1768062561750412,0.02493241534858942,-0.012661454267799854,-0.023165332153439522,0.2195993959903717,0.002325942739844322,-5.530454623347364,5.144380847498714,0.5552918772763346,-6.913068279184205,42.86984039582262,3.084954873757414,20.223748416156695,250.5125000000003,-1.0647958805175513e-16,1.9999999999999996
0.0,4.0,-20.0,-10.0,0.15799781680107117,0.022300164339244366,-6.147356907604262e-05,0.016112182289361954,-0.11067383736371994,0.0007498402846977115,3.84659682167289,-2.5926681933044615,0.17901567919727976,4.808246027091113,-21.60556827753718,0.9945315510959987,20.22374841615669,250.5125000000001,5.106889127670221e-17,4.0
0.0,4.0,-20.0,-5.0,0.1726372092962265,0.023729744491279126,-0.00358554907143116,0.00400928920134902,-0.11670459061861038,0.0009812951320782304,0.9571713391834583,-2.7339458657704143,0.23427284202633464,1.196464173979323,-22.782882214753453,1.3015157890351925,20.22374841615669,250.5125000000001,5.106889127670221e-17,4.0
0.0,4.0,-20.0,0.0,0.1829984039068222,0.0256206869456172,-0.007331958506256342,-0.008500264957547188,-0.11557842791080475,0.0012573737185448408,-2.0293397617941964,-2.707564145369614,0.30018340548461725,-2.5366747022427454,-22.563034544746788,1.6676855860256514,20.22374841615669,250.5125000000001,5.106889127670221e-17,4.0
0.0,4.0,-20.0,5.0,0.18736262619495392,0.02766581450879574,-0.011262335814535618,-0.021083515137434006,-0.10730650275945663,0.0015933215618133545,-5.033444933830716,-2.5137843167474814,0.38038706026934105,-6.291806167288395,-20.948202639562346,2.1132614459407835,20.22374841615669,250.5125000000001,5.106889127670221e-17,4.0
0.0,4.0,-20.0,10.0,0.1851571649312973,0.029898017768859864,-0.015219264663755894,-0.03328472748398781,-0.09365849196910858,0.0019773042295128107,-7.946343000022372,-2.194063194566432,0.4720584727834243,-9.932928750027965,-18.28385995472027,2.6225470710190235,20.22374841615669,250.5125000000001,5.106889127670221e-17,4.0
0.0,4.0,-10.0,-10.0,0.07867229729890823,0.01945814595848322,0.0009694115724414587,0.018291162326931953,-0.026521045714616776,0.0006324386922642589,4.366803056711542,-0.6212874995152273,0.15098740939474525,5.458503820889428,-5.177395829293562,0.838818941081918,20.22374841615669,250.5125000000001,5.106889127670221e-17,4.0
0.0,4.0,-10.0,-5.0,0.08489928394556046,0.019284953487217427,-0.0031252040062099695,0.005896023008972406,-0.03182500973343849,0.0009503510664217174,1.4076071732255462,-0.7455392570903943,0.22688530491520295,1.7595089665319328,-6.212827142419952,1.2604739161955718,20.22374841615669,250.5125000000001,5.106889127670221e-17,4.0
0.0,4.0,-10.0,0.0,0.0867706909775734,0.020208905574977398,-0.007375360932201147,-0.0069983284920454025,-0.03282371535897255,0.001307596219703555,-1.670769834344439,-0.7689351415331359,0.3121734456830281,-2.088462292930549,-6.407792846109467,1.734296920461267,20.22374841615669,250.5125000000001,5.106889127670221e-17,4.0
0.0,4.0,-10.0,5.0,0.08494696766138077,0.021975985852181912,-0.0116931376978755,-0.020011529326438904,-0.029276909306645393,0.0017073845956474543,-4.77752074309122,-0.6858469297322969,0.4076182878918278,-5.971900928864025,-5.715391081102474,2.2645460438434877,20.22374841615669,250.5125000000001,5.106889127670221e-17,4.0
0.0,4.0,-10.0,10.0,0.08151835948228836,0.024471412536799908,-0.015915358439087868,-0.03258533030748367,-0.02237379550933838,0.0021447569597512484,-7.779370028396792,-0.5241331588595968,0.5120358717693396,-9.72421253549599,-4.367776323829974,2.8446437320518867,20.22374841615669,250.5125000000001,5.106889127670221e-17,4.0
0.0,4.0,0.0,-10.0,-0.020263781771063805,0.02078539052337408,0.002072602044790983,0.019747165963053703,0.06815914809703827,0.0004996125353500247,4.714407053393477,1.5967102936276083,0.11927670355456507,5.893008816741846,13.305919113563403,0.6626483530809171,20.22374841615669,250.5125000000001,5.106889127670221e-17,4.0
0.0,4.0,0.0,-5.0,-0.017201324924826622,0.018993168261945248,-0.0025386912748217583,0.007444466929882765,0.06531281769275665,0.0009642845834605396,1.7772802167489608,1.5300315691648068,0.23021177065359308,2.221600270936201,12.75026307637339,1.2789542814088504,20.22374841615669,250.5125000000001,5.106889127670221e-17,4.0
0.0,4.0,0.0,0.0,-0.016624530777335167,0.01848480397194624,-0.007243048399686813,-0.005258222576230764,0.06196657568216324,0.0014517111703753471,-1.2553397104209933,1.4516418120675374,0.34657922022392756,-1.5691746380262417,12.097015100562812,1.925440112355153,20.22374841615669,250.5125000000001,5.106889127670221e-17,4.0
0.0,4.0,0.0,5.0,-0.017450502142310143,0.019309274044930935,-0.011873012408614159,-0.01799743063747883,0.058670297265052795,0.0019429039675742388,-4.29667801947056,1.3744225124400018,0.4638458088586254,-5.370847524338201,11.453520937000016,2.5769211603256967,20.22374841615669,250.5125000000001,5.106889127670221e-17,4.0
0.0,4.0,0.0,10.0,-0.01661490462720394,0.021349954542815686,-0.01628771424293518,-0.03033117577433586,0.05573213845491409,0.002439405070617795,-7.241216753623404,1.3055925967582218,0.582379694003743,-9.051520942029255,10.879938306318516,3.2354427444652387,20.22374841615669,250.5125000000001,5.106889127670221e-17,4.0
0.0,4.0,10.0,-10.0,-0.1336396485567093,0.026181802277565003,0.0028787259943783283,0.0202945489436388,0.16030722856521606,0.0004248697077855468,4.845088397207881,3.7553902761310582,0.10143271955606037,6.056360496509852,31.29491896775882,0.5635151086447798,20.22374841615669,250.5125000000001,5.106889127670221e-17,4.0
0.0,4.0,10.0,-5.0,-0.12786082923412323,0.02357760736078024,-0.001980574568733573,0.008483679965138435,0.1609104722738266,0.0010537669295445085,2.025380287035206,3.7695219879554673,0.2515746439044554,2.5317253587940076,31.41268323296223,1.3976369105803077,20.22374841615669,250.5125000000001,5.106889127670221e-17,4.0
0.0,4.0,10.0,0.0,-0.12032368034124374,0.021699619603455067,-0.006945957895368338,-0.003589990781620145,0.15689605474472046,0.0016874982975423336,-0.8570687000936279,3.67547941303189,0.4028706646517095,-1.0713358751170348,30.62899510859909,2.2381703591761637,20.22374841615669,250.5125000000001,5.106889127670221e-17,4.0
0.0,4.0,10.0,5.0,-0.1123579666018486,0.020904525307118893,-0.01177789643406868,-0.015553300268948078,0.14881430566310883,0.0022894237190485,-3.7131702153444888,3.4861546883338494,0.5465733842254852,-4.641462769180611,29.051289069448746,3.0365188012526954,20.22374841615669,250.5125000000001,5.106889127670221e-17,4.0
0.0,4.0,10.0,10.0,-0.10310196131467819,0.021386119661033154,-0.01633443497121334,-0.027131225913763046,0.1380692720413208,0.0028647177387028933,-6.4772658038306545,3.2344393094259787,0.6839181651985188,-8.096582254788318,26.95366091188316,3.799545362213993,20.22374841615669,250.5125000000001,5.106889127670221e-17,4.0
0.0,4.0,20.0,-10.0,-0.24039624631404877,0.033805517603755,0.0030608561355620623,0.019843660295009613,0.23760467767715454,0.00047979329247027636,4.737443957019878,5.566176298463275,0.11454508897250203,5.921804946274848,46.38480248719396,0.636361605402789,20.22374841615669,250.5125000000001,5.106889127670221e-17,4.0
0.0,4.0,20.0,-5.0,-0.2302974909543991,0.03122583230316639,-0.0016938939224928617,0.008935065940022469,0.24079981446266174,0.0012336068321019411,2.133143458103785,5.641026233320211,0.2945093367451716,2.6664293226297313,47.008551944335096,1.63616298191762,20.22374841615669,250.5125000000001,5.106889127670221e-17,4.0
0.0,4.0,20.0,0.0,-0.21560518443584442,0.028590407346487046,-0.006615753751248121,-0.002233929233625531,0.23863986134529114,0.0019888582173734903,-0.5333247188731012,5.590426725073004,0.4748168535033272,-0.6666558985913764,46.58688937560837,2.6378714083518178,20.22374841615669,250.5125000000001,5.106889127670221e-17,4.0
0.0,4.0,20.0,5.0,-0.19860641658306122,0.02635212627530098,-0.01145896315574646,-0.013280056416988373,0.23083874583244324,0.0026974077336490154,-3.1704595869022434,5.407676180371236,0.643974840196589,-3.9630744836278042,45.0639681697603,3.577638001092161,20.22374841615669,250.5125000000001,5.106889127670221e-17,4.0
0.0,4.0,20.0,10.0,-0.18055228888988495,0.024979976129829884,-0.016045134514570236,-0.02393883839249611,0.21812793612480164,0.0033532031811773777,-5.715120274918576,5.109910124498025,0.8005384042642374,-7.14390034364822,42.58258437081688,4.447435579245763,20.22374841615669,250.5125000000001,5.106889127670221e-17,4.0
0.0,6.0,-20.0,-10.0,0.15232686698436737,0.022451593664586544,-0.0034594673197716475,0.012312914244830608,-0.10843351483345032,0.0013549856375902891,2.939565600059498,-2.5401859345761904,0.3234871200786062,3.674457000074373,-21.168216121468255,1.7971506671033677,20.223748416156692,250.5125000000002,2.850409357131217e-16,6.0
0.0,6.0,-20.0,-5.0,0.16763590276241302,0.023893396494090557,-0.007067805156111717,1.7597461919649504e-05,-0.11480703949928284,0.0015921334270387888,0.004201190122726329,-2.6894934409748283,0.3801034068594253,0.005251487653407911,-22.412445341456905,2.1116855936634735,20.223748416156692,250.5125000000002,2.850409357131217e-16,6.0
0.0,6.0,-20.0,0.0,0.17989076673984528,0.0257652766379714,-0.010832707397639751,-0.012574481777846813,-0.11458054929971695,0.0018811733461916447,-3.002011817653328,-2.6841876347382576,0.4491083383071065,-3.75251477206666,-22.36823028948548,2.4950463239283693,20.223748416156692,250.5125000000002,2.850409357131217e-16,6.0
0.0,6.0,-20.0,5.0,0.18705537915229797,0.027770767112374306,-0.014680452644824982,-0.025075601413846016,-0.10779036581516266,0.002227399731054902,-5.986509274024358,-2.525119392717798,0.5317658757949747,-7.483136592530447,-21.04266160598165,2.9542548655276373,20.223748416156692,250.5125000000002,2.850409357131217e-16,6.0
0.0,6.0,-20.0,10.0,0.18745902180671692,0.02991912153840065,-0.01844814606010914,-0.03701626509428024,-0.09584879875183105,0.0026117651723325253,-8.837204365287635,-2.245373774053082,0.6235286710654565,-11.046505456609543,-18.71144811710902,3.464048172585869,20.223748416156692,250.5125000000002,2.850409357131217e-16,6.0
0.0,6.0,-10.0,-10.0,0.07340244203805923,0.019521194634139538,-0.002538291970267892,0.015089085325598717,-0.02422688901424408,0.0012833861401304603,3.602344276710486,-0.5675441103891682,0.30639356971924886,4.502930345888108,-4.729534253243068,1.7021864984402715,20.223748416156692,250.5125000000002,2.850409357131217e-16,6.0
0.0,6.0,-10.0,-5.0,0.08107108622789383,0.01943881356447935,-0.0066820597276091576,0.00260285590775311,-0.03054342418909073,0.0015907540218904614,0.6214016873832243,-0.7155165691907296,0.3797740898641193,0.7767521092290304,-5.962638076589414,2.109856054800663,20.223748416156692,250.5125000000002,2.850409357131217e-16,6.0
0.0,6.0,-10.0,0.0,0.08546627312898636,0.02041598142415285,-0.010937423445284367,-0.010317723266780376,-0.03280426934361458,0.001947259297594428,-2.463236873325463,-0.7684795951573525,0.4648855934335592,-3.0790460916568287,-6.4039966263112715,2.582697741297551,20.223748416156692,250.5125000000002,2.850409357131217e-16,6.0
0.0,6.0,-10.0,5.0,0.08710310608148575,0.022201323074400425,-0.015195576474070549,-0.023261724039912224,-0.03080456517636776,0.0023541704285889864,-5.553467069301735,-0.7216341119434599,0.5620309108757796,-6.941833836627169,-6.013617599528834,3.1223939493098865,20.223748416156692,250.5125000000002,2.850409357131217e-16,6.0
0.0,6.0,-10.0,10.0,0.0870666578412056,0.024682526600658894,-0.019281156361103058,-0.03565835952758789,-0.025556806474924088,0.002801955444738269,-8.51302014597059,-0.5986990317523232,0.6689343947725462,-10.641275182463236,-4.989158597936027,3.7163021931808125,20.223748416156692,250.5125000000002,2.850409357131217e-16,6.0
0.0,6.0,0.0,-10.0,-0.02333848737180233,0.02087706805497408,-0.0014763484941795468,0.01717260666191578,0.06953124701976776,0.0012403265573084354,4.0997608529527,1.6288533666407636,0.29611359327340636,5.124701066190875,13.573778055339698,1.645075518185591,20.223748416156692,250.5125000000002,2.850409357131217e-16,6.0
0.0,6.0,0.0,-5.0,-0.0191261675208807,0.019163369325101376,-0.006094052456319332,0.004907587077468634,0.06551112234592438,0.001681971363723278,1.171629548080377,1.534677094964754,0.4015511732457558,1.4645369351004711,12.78897579137295,2.23083985136531,20.223748416156692,250.5125000000002,2.850409357131217e-16,6.0
0.0,6.0,0.0,0.0,-0.017002364620566368,0.01870002144306898,-0.010783746838569641,-0.0077451374381780624,0.06107249855995178,0.0021588911768049,-1.8490618165849488,1.4306969765731221,0.5154102523106591,-2.3113272707311863,11.922474804776018,2.8633902906147726,20.223748416156692,250.5125000000002,2.850409357131217e-16,6.0
0.0,6.0,0.0,5.0,-0.01545738335698843,0.019546321717202664,-0.01538185216486454,-0.02041427232325077,0.056683316826820374,0.00265756668522954,-4.873670966795579,1.3278750979323337,0.634463251544588,-6.092088708494474,11.065625816102783,3.524795841914378,20.223748416156692,250.5125000000002,2.850409357131217e-16,6.0
0.0,6.0,0.0,10.0,-0.01145841833204031,0.021633600008785725,-0.01973879709839821,-0.03265285864472389,0.05249220132827759,0.0031790081411600113,-7.79549163642829,1.2296931598485705,0.7589513569451176,-9.744364545535362,10.247442998738089,4.216396427472875,20.223748416156692,250.5125000000002,2.850409357131217e-16,6.0
0.0,6.0,10.0,-10.0,-0.13460691273212433,0.0264004004496336,-0.0006073460099287331,0.018322918564081192,0.16055035591125488,0.0012929424410685897,4.374384490355527,3.7610858276002457,0.3086750258345901,5.467980612944409,31.342381896668716,1.7148612546366118,20.223748416156692,250.5125000000002,2.850409357131217e-16,6.0
0.0,6.0,10.0,-5.0,-0.12870807945728302,0.023800489616692067,-0.005445986986160278,0.006671746261417866,0.1603502333164215,0.0018960123416036367,1.5928021110537125,3.7563977143230223,0.4526509765148603,1.9910026388171407,31.303314286025188,2.5147276473047793,20.223748416156692,250.5125000000002,2.850409357131217e-16,6.0
0.0,6.0,10.0,0.0,-0.12115263193845749,0.02190194570749998,-0.010392053984105587,-0.005262716673314571,0.155693918466568,0.002517536049708724,-1.256412624024403,3.6473179200663917,0.6010325599189823,-1.5705157800305036,30.394316000553268,3.3390697773276794,20.223748416156692,250.5125000000002,2.850409357131217e-16,6.0
0.0,6.0,10.0,5.0,-0.11235877126455307,0.021094384727180004,-0.015224488452076912,-0.017121145501732826,0.14699944853782654,0.003128953743726015,-4.087475097265214,3.443639470137813,0.7470014495630812,-5.109343871581517,28.696995584481776,4.150008053128229,20.223748416156692,250.5125000000002,2.850409357131217e-16,6.0
0.0,6.0,10.0,10.0,-0.10049214214086533,0.021667261731922627,-0.019807307049632072,-0.028649229556322098,0.13532429933547974,0.0037393425591289997,-6.839671583624422,3.170135011360175,0.8927247063601454,-8.549589479530527,26.417791761334794,4.959581702000808,20.223748416156692,250.5125000000002,2.850409357131217e-16,6.0
0.0,6.0,20.0,-10.0,-0.24133919179439545,0.0341043939191103,-0.0002527731121517718,0.018405398353934288,0.23701262474060059,0.001480390434153378,4.394075584448388,5.552306743978495,0.3534260621299635,5.492594480560485,46.26922286648747,1.9634781229442417,20.223748416156692,250.5125000000002,2.850409357131217e-16,6.0
0.0,6.0,20.0,-5.0,-0.23177538812160492,0.03146154632151127,-0.00498573761433363,0.007748899050056934,0.23964780569076538,0.0022132080048322678,1.849959857833352,5.614039037678955,0.5283777656059483,2.31244982229169,46.78365864732463,2.935432031144157,20.223748416156692,250.5125000000002,2.850409357131217e-16,6.0
0.0,6.0,20.0,0.0,-0.21778862178325653,0.028770337005257607,-0.009909098967909813,-0.003206871449947357,0.23703423142433167,0.0029607585165649652,-0.7656033990520058,5.5528129066182546,0.7068467880405753,-0.9570042488150072,46.27344088848546,3.926926600225418,20.223748416156692,250.5125000000002,2.850409357131217e-16,6.0
0.0,6.0,20.0,5.0,-0.20083700120449066,0.026517082129716874,-0.014790736138820648,-0.014104163274168968,0.2288302779197693,0.0036816985812038183,-3.367205549715904,5.36062539584527,0.8789628745801026,-4.20900693714488,44.67187829871059,4.88312708100057,20.223748416156692,250.5125000000002,2.850409357131217e-16,6.0
0.0,6.0,20.0,10.0,-0.18084697425365448,0.025275583502948284,-0.01947062648832798,-0.024722931906580925,0.215419739484787,0.0043776677921414375,-5.902313515722732,5.046467350152862,1.0451174591482275,-7.377891894653415,42.053894584607185,5.806208106379041,20.223748416156692,250.5125000000002,2.850409357131217e-16,6.0
2.5,-6.0,-20.0,-10.0,0.36450135707855225,0.0277308208245039,0.015190450474619865,0.03668568283319473,-0.16904106736183167,-0.0007991286111064255,8.75828168107542,-3.959990989297049,-0.19078269599887804,10.947852101344274,-32.999924910808744,-1.0599038666604335,20.223748416156692,250.5125000000002,2.5000000000000004,-6.0
2.5,-6.0,-20.0,-5.0,0.37058672308921814,0.028875315685868264,0.012579314410686493,0.025901038199663162,-0.1755061000585556,-0.000867391936480999,6.183572741889446,-4.11144218174449,-0.2070797739307747,7.729465927361807,-34.262018181204084,-1.1504431885043038,20.223748416156692,250.5125000000002,2.5000000000000004,-6.0
2.5,-6.0,-20.0,0.0,0.3700372576713562,0.030605856453180313,0.00983310304582119,0.014639795757830143,-0.1738685965538025,-0.001011063577607274,3.4950815985486052,-4.073081686126672,-0.24137971345453132,4.3688519981857565,-33.94234738438894,-1.3409984080807296,20.223748416156692,250.5125000000002,2.5000000000000004,-6.0
2.5,-6.0,-20.0,5.0,0.36147332191467285,0.03263617878139019,0.0067734490148723125,0.002916704397648573,-0.16281649470329285,-0.0011766221141442657,0.6963293776263896,-3.8141728634136096,-0.280904895643196,0.870411722032987,-31.78477386178008,-1.560582753573311,20.223748416156692,250.5125000000002,2.5000000000000004,-6.0
2.5,-6.0,-20.0,10.0,0.3457590937614441,0.03491746274113655,0.0033074335660785437,-0.00918211042881012,-0.14326076209545135,-0.0013143591349944472,-2.192122467173824,-3.3560562286529354,-0.31378801334344775,-2.74015308396728,-27.967135238774464,-1.7432667407969318,20.223748416156692,250.5125000000002,2.5000000000000004,-6.0
2.5,-6.0,-10.0,-10.0,0.28898483514785767,0.02391288721293211,0.016574302688241005,0.03618409112095833,-0.09386495500802994,-0.0010200953111052513,8.638532471972944,-2.198899840397599,-0.2435359351719615,10.79816558996618,-18.324165336646658,-1.3529774176220084,20.223748416156692,250.5125000000002,2.5000000000000004,-6.0
2.5,-6.0,-10.0,-5.0,0.28656741976737976,0.023201617536246777,0.01340953167527914,0.02450389228761196,-0.09480917453765869,-0.0010201262775808573,5.850020344815477,-2.2210193222939396,-0.24354332805918838,7.312525431019346,-18.5084943524495,-1.3530184892177133,20.223748416156692,250.5125000000002,2.5000000000000004,-6.0
2.5,-6.0,-10.0,0.0,0.2778819501399994,0.023570158642828465,0.010065389797091484,0.012385349720716476,-0.090980663895607,-0.001062840805388987,2.956858730581172,-2.1313318405383925,-0.2537409266187884,3.6960734132264648,-17.761098671153274,-1.4096718145488243,20.223748416156692,250.5125000000002,2.5000000000000004,-6.0
2.5,-6.0,-10.0,5.0,0.2634578049182892,0.024848657784163952,0.006468143314123154,1.0654219295247458e-05,-0.08157523721456528,-0.001119208405725658,0.0025435714009742487,-1.9109983707567824,-0.2671980380395997,0.0031794642512178108,-15.924986422973188,-1.4844335446644426,20.223748416156692,250.5125000000002,2.5000000000000004,-6.0
2.5,-6.0,-10.0,10.0,0.24611979722976685,0.026926379774808884,0.002653214382007718,-0.0123452078551054,-0.0672188252210617,-0.001174674485810101,-2.9472753253103954,-1.574682095545266,-0.28043992194655754,-3.684094156637994,-13.12235079621055,-1.557999566369764,20.223748416156692,250.5125000000002,2.5000000000000004,-6.0
2.5,-6.0,0.0,-10.0,0.18303753435611725,0.023023610127270222,0.01783781312406063,0.03462904691696167,-0.0038646466564387083,-0.001557639567181468,8.267283687343454,-0.09053401149885182,-0.3718683975160911,10.334104609179317,-0.7544500958237652,-2.0659355417560614,20.223748416156692,250.5125000000002,2.5000000000000004,-6.0
2.5,-6.0,0.0,-5.0,0.1793355941772461,0.02095861279696226,0.014067684300243855,0.022416984662413597,0.00019395652634557337,-0.0014135236851871014,5.351795331341474,0.0045436656821373714,-0.3374624006327186,6.689744164176843,0.037863880684478095,-1.8747911146262144,20.223748416156692,250.5125000000002,2.5000000000000004,-6.0
2.5,-6.0,0.0,0.0,0.17357578873634338,0.02020420425862074,0.010057955980300903,0.00984204187989235,0.003928407095372677,-0.001293413108214736,2.3496734541640167,0.09202767672229532,-0.308787392161877,2.9370918177050207,0.7668973060191278,-1.7154855120104278,20.223748416156692,250.5125000000002,2.5000000000000004,-6.0
2.5,-6.0,0.0,5.0,0.1667773574590683,0.020869177890121937,0.005939285736531019,-0.002730325562879443,0.007547385059297085,-0.0012148193782195449,-0.6518335904900077,0.1768066026440628,-0.29002404983037144,-0.8147919881125096,1.4733883553671903,-1.6112447212798413,20.223748416156692,250.5125000000002,2.5000000000000004,-6.0
2.5,-6.0,0.0,10.0,0.16048569977283478,0.022770785850584507,0.0018940699519589543,-0.01491347886621952,0.011676161549985409,-0.0011960744159296155,-3.5604202693735507,0.2735281742426989,-0.2855489072909013,-4.450525336716939,2.2794014520224906,-1.586382818282785,20.223748416156692,250.5125000000002,2.5000000000000004,-6.0
2.5,-6.0,10.0,-10.0,0.060401447117328644,0.025630462107360363,0.018593858927488327,0.03200147673487663,0.08981779217720032,-0.0023253257386386395,7.639981753340137,2.1040901672665244,-0.5551445753879791,9.54997719167517,17.53408472722104,-3.0841365299332173,20.223748416156692,250.5125000000002,2.5000000000000004,-6.0
2.5,-6.0,10.0,-5.0,0.06258250027894974,0.023236301851570607,0.014365592040121555,0.019824502989649773,0.09649544954299927,-0.001990973949432373,4.732870372350495,2.2605223491668833,-0.47532196001634036,5.916087965438118,18.837686243057362,-2.6406775556463353,20.223748416156692,250.5125000000002,2.5000000000000004,-6.0
2.5,-6.0,10.0,0.0,0.06822506338357925,0.021751630243957043,0.009867331013083458,0.007344949524849653,0.09876912832260132,-0.0016870363615453243,1.753521589455237,2.3137860182876397,-0.40276038278510706,2.191901986819046,19.281550152397,-2.237557682139484,20.223748416156692,250.5125000000002,2.5000000000000004,-6.0
2.5,-6.0,10.0,5.0,0.07667774707078934,0.02154639282554388,0.005397767759859562,-0.004944012500345707,0.0964067131280899,-0.0014693302800878882,-1.1803256957126906,2.2584435915670427,-0.35078557850636305,-1.4754071196408634,18.82036326305869,-1.9488087694797946,20.223748416156692,250.5125000000002,2.5000000000000004,-6.0
2.5,-6.0,10.0,10.0,0.08616531640291214,0.0225564512732625,0.001245015300810337,-0.016616929322481155,0.09095340967178345,-0.0013715331442654133,-3.9670993270738544,2.1306933774569297,-0.3274376455530585,-4.958874158842318,17.755778145474416,-1.8190980308503248,20.223748416156692,250.5125000000002,2.5000000000000004,-6.0
2.5,-6.0,20.0,-10.0,-0.052622877061367035,0.030827587594389916,0.01841951720416546,0.028468407690525055,0.17255498468875885,-0.0031312843784689903,6.796502458438748,4.042308743017696,-0.7475578616017365,8.495628073048435,33.685906191814134,-4.153099231120758,20.223748416156692,250.5125000000002,2.5000000000000004,-6.0
2.5,-6.0,20.0,-5.0,-0.04192136973142624,0.02898789768397808,0.014087331481277943,0.016855578869581223,0.17951367795467377,-0.0026401951909065247,4.024074141092369,4.205324530011756,-0.6303160085671586,5.030092676365461,35.04437108343131,-3.501755603150881,20.223748416156692,250.5125000000002,2.5000000000000004,-6.0
2.5,-6.0,20.0,0.0,-0.024637332186102867,0.027267878999114037,0.009532882831990719,0.005012501962482929,0.18101070821285248,-0.002185432706028223,1.19667676117631,4.24039427031577,-0.5217467348627576,1.4958459514703875,35.33661891929808,-2.898592971459764,20.223748416156692,250.5125000000002,2.5000000000000004,-6.0
2.5,-6.0,20.0,5.0,-0.002738079521805048,0.026086924721598626,0.0050587765872478485,-0.006581191439181566,0.1761731654405594,-0.0018412850331515074,-1.5711831965487986,4.127068993283444,-0.43958546577460106,-1.963978995685998,34.39224161069537,-2.442141476525561,20.223748416156692,250.5125000000002,2.5000000000000004,-6.0
2.5,-6.0,20.0,10.0,0.020060578361153603,0.025627453935444355,0.0009706030832603574,-0.017505019903182983,0.1659819483757019,-0.0016531676519662142,-4.179120662466812,3.8883274355268203,-0.3946746208267668,-5.223900828083515,32.40272862939017,-2.1926367823709265,20.223748416156692,250.5125000000002,2.5000000000000004,-6.0
2.5,-4.0,-20.0,-10.0,0.3547305464744568,0.027208350722789765,0.012067018076777458,0.032311294227838516,-0.16706402599811554,-0.0004308218485675752,7.713947089774581,-3.913676409603667,-0.1028537241973383,9.642433862218226,-32.61397008003056,-0.5714095788741017,20.223748416156685,250.51250000000002,2.5000000000000004,-4.000000000000001
2.5,-4.0,-20.0,-5.0,0.3644428253173828,0.028540922452807427,0.009402397088706493,0.021334202960133553,-0.17414994537830353,-0.0005231001414358616,5.093293746655085,-4.0796726218517065,-0.12488409734492308,6.366617183318857,-33.99727184876422,-0.6938005408051282,20.223748416156685,250.51250000000002,2.5000000000000004,-4.000000000000001
2.5,-4.0,-20.0,0.0,0.36828774213790894,0.03045831074297428,0.006554159801453352,0.009881359525024891,-0.1730518788099289,-0.0006653608870692551,2.359060086346197,-4.053949087421435,-0.15884720191850574,2.948825107932746,-33.782909061845295,-0.8824844551028096,20.223748416156685,250.51250000000002,2.5000000000000004,-4.000000000000001
2.5,-4.0,-20.0,5.0,0.3644736111164093,0.03264252295076847,0.0033610700629651546,-0.002007590141147375,-0.16259583830833435,-0.0008033290505409241,-0.47928888324817526,-3.8090037210897707,-0.1917855022412725,-0.5991111040602191,-31.741697675748092,-1.0654750124515138,20.223748416156685,250.51250000000002,2.5000000000000004,-4.000000000000001
2.5,-4.0,-20.0,10.0,0.353290855884552,0.0350386799621582,-0.0002192044339608401,-0.014192703180015087,-0.1440165787935257,-0.0008962616557255387,-3.3883434262805037,-3.37376214686941,-0.21397208487253666,-4.23542928285063,-28.114684557245088,-1.1887338048474259,20.223748416156685,250.51250000000002,2.5000000000000004,-4.000000000000001
2.5,-4.0,-10.0,-10.0,0.28151369094848633,0.023395213422477246,0.01338871754705906,0.03239572048187256,-0.09001044929027557,-0.0006325209978967905,7.73410287963599,-2.1086033926247665,-0.1510070589107956,9.667628599544987,-17.57169493853972,-0.8389281050599755,20.223748416156685,250.51250000000002,2.5000000000000004,-4.000000000000001
2.5,-4.0,-10.0,-5.0,0.28205758333206177,0.022868552369177342,0.010150579735636711,0.02061375230550766,-0.0923091322183609,-0.0006513588014058769,4.921294501085114,-2.1624528140969135,-0.1555043662155418,6.151618126356393,-18.02044011747428,-0.8639131456418989,20.223748416156685,250.51250000000002,2.5000000000000004,-4.000000000000001
2.5,-4.0,-10.0,0.0,0.27656134963035583,0.023446439889371395,0.006703459192067385,0.00832523126155138,-0.08968563377857208,-0.0006935441051609814,1.987552495078149,-2.1009941972996065,-0.16557561866486575,2.484440618847686,-17.50828497749672,-0.919864548138143,20.223748416156685,250.51250000000002,2.5000000000000004,-4.000000000000001
2.5,-4.0,-10.0,5.0,0.26535284519195557,0.02491064288944006,0.0030062738806009293,-0.004239567089825869,-0.08128836005926132,-0.0007322870660573244,-1.0121475167122729,-1.9042779272115022,-0.17482505164480827,-1.265184395890341,-15.86898272676252,-0.9712502869156014,20.223748416156685,250.51250000000002,2.5000000000000004,-4.000000000000001
2.5,-4.0,-10.0,10.0,0.25098714232444763,0.0271301550167799,-0.0008662366890348494,-0.016727441921830177,-0.06795096397399902,-0.0007571433088742197,-3.993482929603686,-1.591833329324102,-0.18075919159562837,-4.9918536620046075,-13.265277744367518,-1.0042177310868243,20.223748416156685,250.51250000000002,2.5000000000000004,-4.000000000000001
2.5,-4.0,0.0,-10.0,0.1779635101556778,0.022654703942239285,0.014627235010266304,0.031528059393167496,0.0011086345184594393,-0.0011007143184542656,7.526958848730522,0.025971101413633898,-0.2627827890037908,9.408698560913152,0.21642584511361584,-1.4599043833543934,20.223748416156685,250.51250000000002,2.5000000000000004,-4.000000000000001
2.5,-4.0,0.0,-5.0,0.17664436995983124,0.020680633497536183,0.010774985887110233,0.01928207091987133,0.0036654353607445955,-0.0009667250560596585,4.603371001122496,0.08586724650365508,-0.2307944052076564,5.75421375140312,0.715560387530459,-1.2821911400425354,20.223748416156685,250.51250000000002,2.5000000000000004,-4.000000000000001
2.5,-4.0,0.0,0.0,0.17291812598705292,0.020039298695623875,0.006683866027742624,0.006581783294677734,0.005959286354482174,-0.0008452687179669738,1.571324495190382,0.13960347408288246,-0.20179811186334556,1.9641556189879774,1.1633622840240205,-1.1211006214630308,20.223748416156685,250.51250000000002,2.5000000000000004,-4.000000000000001
2.5,-4.0,0.0,5.0,0.1676662713289261,0.020811882925331593,0.002524679759517312,-0.006148571148514748,0.008291094563901424,-0.0007577905198559165,-1.4679001151397126,0.19422889524343334,-0.18091370571795123,-1.834875143924641,1.6185741270286114,-1.0050761428775068,20.223748416156685,250.51250000000002,2.5000000000000004,-4.000000000000001
2.5,-4.0,0.0,10.0,0.16241592168807983,0.02278778062492609,-0.0015059825964272022,-0.018457520753145218,0.011290236376225948,-0.0007213869248516858,-4.406519203291694,0.26448741134122494,-0.17222276923734828,-5.5081490041146175,2.2040617611768747,-0.9567931624297126,20.223748416156685,250.51250000000002,2.5000000000000004,-4.000000000000001
2.5,-4.0,10.0,-10.0,0.05604482442140579,0.025563613635599614,0.01538404542952776,0.02958470769226551,0.09467081725597382,-0.0017535798251628876,7.0630061487280065,2.2177781360110633,-0.41864686365141535,8.828757685910007,18.48148446675886,-2.3258159091745294,20.223748416156685,250.51250000000002,2.5000000000000004,-4.000000000000001
2.5,-4.0,10.0,-5.0,0.06013254076242447,0.02313381539016962,0.011093094013631344,0.017412709072232246,0.10025525093078613,-0.0014253237750381231,4.157082521229074,2.3486002337279936,-0.34027953535110866,5.196353151536343,19.571668614399947,-1.8904418630617148,20.223748416156685,250.51250000000002,2.5000000000000004,-4.000000000000001
2.5,-4.0,10.0,0.0,0.06732205301523209,0.021603063804209233,0.0065563516691327095,0.004871406126767397,0.10132566094398499,-0.001121416687965393,1.1629917653472222,2.3736758799793725,-0.2677252398358658,1.4537397066840276,19.78063233316144,-1.4873624435325878,20.223748416156685,250.51250000000002,2.5000000000000004,-4.000000000000001
2.5,-4.0,10.0,5.0,0.07649601250886917,0.02134243318170309,0.002104631159454584,-0.007503119297325611,0.09778958559036255,-0.0009006295586004853,-1.791282789841632,2.290839047744711,-0.2150148710708556,-2.2391034873020397,19.090325397872594,-1.1945270615047532,20.223748416156685,250.51250000000002,2.5000000000000004,-4.000000000000001
2.5,-4.0,10.0,10.0,0.08574367314577103,0.02228249528735876,-0.0019796404521912336,-0.01925559714436531,0.09134218096733093,-0.0007919431081973016,-4.597050693985308,2.139800814195777,-0.18906724044133955,-5.746313367481635,17.831673451631477,-1.0503735580074418,20.223748416156685,250.51250000000002,2.5000000000000004,-4.000000000000001
2.5,-4.0,20.0,-10.0,-0.05732061713933945,0.031158734236955643,0.015258458442986012,0.026683729141950607,0.1761649250984192,-0.0024177839513868093,6.370431134929276,4.126875953324967,-0.577217902322064,7.963038918661595,34.39063294437472,-3.206766124011467,20.223748416156685,250.51250000000002,2.5000000000000004,-4.000000000000001
2.5,-4.0,20.0,-5.0,-0.04529242962598801,0.02913750534236431,0.010902581736445427,0.015111859887838364,0.18265114724636078,-0.0019307935144752264,3.6077814395449592,4.278823534237055,-0.4609545785111113,4.509726799431199,35.65686278530879,-2.560858769506174,20.223748416156685,250.51250000000002,2.5000000000000004,-4.000000000000001
2.5,-4.0,20.0,0.0,-0.026906928047537804,0.027202628676891327,0.006345817353576422,0.003254698123782873,0.18354661762714386,-0.0014774742303416133,0.7770214632386516,4.299801008494793,-0.3527298522614161,0.9712768290483145,35.83167507078994,-1.9596102903412007,20.223748416156685,250.51250000000002,2.5000000000000004,-4.000000000000001
2.5,-4.0,20.0,5.0,-0.004599472973495722,0.025807636913955212,0.0019106123363599181,-0.008387438952922821,0.17810092866420746,-0.0011330008273944259,-2.0024038605614565,4.172229173080485,-0.27049081889333176,-2.5030048257018205,34.76857644233738,-1.5027267716296209,20.223748416156685,250.51250000000002,2.5000000000000004,-4.000000000000001
2.5,-4.0,20.0,10.0,0.017622778192162514,0.025154066396057606,-0.002099406672641635,-0.019372010603547096,0.16743823885917664,-0.0009373084176331758,-4.624843058424001,3.9224427974466227,-0.22377152364863143,-5.7810538230300015,32.68702331205519,-1.2431751313812855,20.223748416156685,250.51250000000002,2.5000000000000004,-4.000000000000001
2.5,-2.0,-20.0,-10.0,0.3478146195411682,0.02681049530684948,0.008914513513445854,0.02793756127357483,-0.16588304936885834,-7.195301441242918e-05,6.66976902757474,-3.8860106069474525,-0.017177948435412982,8.337211284468426,-32.383421724562105,-0.09543304686340545,20.223748416156695,250.5125000000003,2.5,-1.9999999999999993
2.5,-2.0,-20.0,-5.0,0.36058300733566284,0.02829156269609928,0.006179215852171183,0.016712982207536697,-0.17327359318733215,-0.0001844170328695327,3.9900308403680613,-4.05914301426074,-0.044027429665232605,4.987538550460076,-33.82619178550617,-0.24459683147351446,20.223748416156695,250.5125000000003,2.5,-1.9999999999999993
2.5,-2.0,-20.0,0.0,0.36825358867645264,0.03032955912232399,0.003222527215257287,0.005031233187764883,-0.17255273461341858,-0.00032024772372096777,1.201148624164304,-4.042256032287625,-0.07645543316788252,1.50143578020538,-33.68546693573021,-0.4247524064882362,20.223748416156695,250.5125000000003,2.5,-1.9999999999999993
2.5,-2.0,-20.0,5.0,0.368759423494339,0.032589422662854195,-8.05105737526901e-05,-0.007017163559794426,-0.16285839676856995,-0.0004303360765334219,-1.6752664885181718,-3.8151544698570623,-0.10273775175306775,-2.094083110647715,-31.792953915475522,-0.570765287517043,20.223748416156695,250.5125000000003,2.5,-1.9999999999999993
2.5,-2.0,-20.0,10.0,0.3618614375591278,0.03502356832206249,-0.003718148684129119,-0.01923614740371704,-0.14569582045078278,-0.00048600180889479816,-4.5924072937794085,-3.4131004090761734,-0.11602730032767263,-5.740509117224261,-28.442503408968115,-0.6445961129315145,20.223748416156695,250.5125000000003,2.5,-1.9999999999999993
2.5,-2.0,-10.0,-10.0,0.2753969728946686,0.022968339857757092,0.010158595629036427,0.028562672436237335,-0.08704301714897156,-0.000251191173447296,6.8190070741848166,-2.039087713835535,-0.05996898198281967,8.52375884273102,-16.992397615296127,-0.3331610110156648,20.223748416156695,250.5125000000003,2.5,-1.9999999999999993
2.5,-2.0,-10.0,-5.0,0.27838602662086487,0.02260172100096941,0.006834681145846844,0.016629310324788094,-0.09047520905733109,-0.00028612319147214293,3.970055147909773,-2.1194909510060005,-0.06830859651149301,4.962568934887217,-17.662424591716672,-0.3794922028416278,20.223748416156695,250.5125000000003,2.5,-1.9999999999999993
2.5,-2.0,-10.0,0.0,0.2757736146450043,0.023342513603270054,0.0032951890025287867,0.004167729523032904,-0.08896716684103012,-0.00032681302400305867,0.9949971300582587,-2.0841632422945504,-0.07802282253481471,1.2437464125728235,-17.368027019121254,-0.43346012519341504,20.223748416156695,250.5125000000003,2.5,-1.9999999999999993
2.5,-2.0,-10.0,5.0,0.2677876651287079,0.02493527264624834,-0.0004638898535631597,-0.008534269407391548,-0.08177705854177475,-0.000350897666066885,-2.0374579301679763,-1.9157262788898213,-0.08377275174676334,-2.5468224127099703,-15.964385657415178,-0.4654041763709074,20.223748416156695,250.5125000000003,2.5,-1.9999999999999993
2.5,-2.0,-10.0,10.0,0.25663676857948303,0.02724268113553524,-0.004342124797403812,-0.02107241190969944,-0.06989381462335587,-0.00035129504976794124,-5.030794166867743,-1.6373469502747735,-0.08386762250070688,-6.288492708584679,-13.644557918956448,-0.4659312361150382,20.223748416156695,250.5125000000003,2.5,-1.9999999999999993
2.5,-2.0,0.0,-10.0,0.17392438650131226,0.022389304948151112,0.011355576105415821,0.028316758573055267,0.005167766474187374,-0.0006414219387806952,6.760297988876987,0.12106116573891258,-0.15313205540717553,8.450372486096233,1.0088430478242716,-0.8507336411509752,20.223748416156695,250.5125000000003,2.5,-1.9999999999999993
2.5,-2.0,0.0,-5.0,0.17449849843978882,0.020481557709276677,0.007418895605951548,0.016025012359023094,0.006238534115254879,-0.0005165704060345888,3.8257860108860577,0.14614518985467365,-0.12332519868117829,4.782232513607572,1.2178765821222806,-0.6851399926732127,20.223748416156695,250.5125000000003,2.5,-1.9999999999999993
2.5,-2.0,0.0,0.0,0.17240428924560547,0.019917930600345135,0.0032760342583060265,0.003248930908739567,0.007050774060189724,-0.00039705014205537736,0.7756446074746675,0.16517289071628907,-0.09479112059720038,0.9695557593433344,1.3764407559690757,-0.5266173366511132,20.223748416156695,250.5125000000003,2.5,-1.9999999999999993
2.5,-2.0,0.0,5.0,0.16843494772911072,0.020748983261287213,-0.0008779010968282819,-0.009548465721309185,0.007971464656293392,-0.00030603850609622896,-2.279585548116025,0.18674117895181572,-0.07306314710928535,-2.849481935145031,1.556176491265131,-0.40590637282936304,20.223748416156695,250.5125000000003,2.5,-1.9999999999999993
2.5,-2.0,0.0,10.0,0.16422714293003082,0.022754657206237316,-0.004858806263655424,-0.02189655229449272,0.00964148249477148,-0.000255757913691923,-5.227548134010431,0.2258633620730505,-0.061059238299121785,-6.534435167513038,1.8821946839420876,-0.3392179905506766,20.223748416156695,250.5125000000003,2.5,-1.9999999999999993
2.5,-2.0,10.0,-10.0,0.053318507969379425,0.02557629266113043,0.012110223062336445,0.02702026627957821,0.09862294793128967,-0.0011693534906953573,6.45077547691379,2.310361566221404,-0.27916959601994346,8.063469346142238,19.253013051845034,-1.5509422001107969,20.223748416156695,250.5125000000003,2.5,-1.9999999999999993
2.5,-2.0,10.0,-5.0,0.05891067534685135,0.023082611275017262,0.00776669941842556,0.014887993223965168,0.10297317802906036,-0.0008458499796688557,3.554335867600205,2.4122709557998943,-0.2019368813593001,4.442919834500256,20.10225796499912,-1.1218715631072227,20.223748416156695,250.5125000000003,2.5,-1.9999999999999993
2.5,-2.0,10.0,0.0,0.06703076511621475,0.021479698953330517,0.0032268804498016834,0.0023667882196605206,0.10276350378990173,-0.0005456742946989834,0.5650432622854545,2.40735908372813,-0.13027341485849261,0.7063040778568181,20.061325697734418,-0.7237411936582923,20.223748416156695,250.5125000000003,2.5,-1.9999999999999993
2.5,-2.0,10.0,5.0,0.076146699488163,0.021124364000856877,-0.001169531955383718,-0.009993093088269234,0.09806710481643677,-0.0003262721875216812,-2.3857351798581217,2.2973402705053236,-0.07789370409182857,-2.982168974822652,19.14450225421103,-0.4327428005101587,20.223748416156695,250.5125000000003,2.5,-1.9999999999999993
2.5,-2.0,10.0,10.0,0.0846324935555458,0.021964817431867123,-0.00517271226271987,-0.02174854464828968,0.09065264463424683,-0.000207657489227131,-5.192213023518055,2.1236475935114756,-0.04957581932182117,-6.490266279397568,17.6970632792623,-0.275421218454562,20.223748416156695,250.5125000000003,2.5,-1.9999999999999993
2.5,-2.0,20.0,-10.0,-0.05984615534543991,0.03145391133904457,0.012053809128701687,0.024744605645537376,0.1791665405035019,-0.0016857966547831893,5.907487869754138,4.197192416318074,-0.4024644171607496,7.384359837192672,34.97660346931728,-2.235913428670831,20.223748416156695,250.5125000000003,2.5,-1.9999999999999993
2.5,-2.0,20.0,-5.0,-0.046791933476924896,0.029226653401851654,0.007684081792831421,0.013277734629809856,0.18494248390197754,-0.0011989608174189925,3.169905287117084,4.332500860411688,-0.2862380022003129,3.962381608896355,36.10417383676407,-1.5902111233350718,20.223748416156695,250.5125000000003,2.5,-1.9999999999999993
2.5,-2.0,20.0,0.0,-0.02797391079366207,0.027076399077773095,0.0031442176550626755,0.0014940622495487332,0.18513551354408264,-0.000746705278288573,0.3566900496334438,4.3370228127119965,-0.17826723274398484,0.44586256204180474,36.14185677259997,-0.9903735152443602,20.223748416156695,250.5125000000003,2.5,-1.9999999999999993
2.5,-2.0,20.0,5.0,-0.006299129221588373,0.025461425197422505,-0.0012354670325294137,-0.010102156549692154,0.17916719615459442,-0.00040197756607085466,-2.411772817499985,4.197207775736108,-0.09596748598436981,-3.0147160218749813,34.97673146446757,-0.5331526999131656,20.223748416156695,250.5125000000003,2.5,-1.9999999999999993
2.5,-2.0,20.0,10.0,0.01440367940813303,0.024610878092348576,-0.005171953700482845,-0.021073371171951294,0.16818679869174957,-0.0001958183420356363,-5.031023179614922,3.9399787148316814,-0.04674936011596988,-6.288778974518653,32.83315595693068,-0.2597186673109438,20.223748416156695,250.5125000000003,2.5,-1.9999999999999993
2.5,0.0,-20.0,-10.0,0.3427717983722687,0.026589213063120842,0.005749431438744068,0.023471951484680176,-0.16481032967567444,0.0002743848890531808,5.60365643572957,-3.8608808536552717,0.06550621282654509,7.004570544661962,-32.174007113793934,0.36392340459191713,20.223748416156695,250.5125000000003,2.4999999999999996,0.0
2.5,0.0,-20.0,-5.0,0.35782313346862793,0.028176099185943604,0.002929960610345006,0.011970281600952148,-0.17230288684368134,0.00014766557433176786,2.8577660265892777,-4.036403046783589,0.035253444796867046,3.5722075332365972,-33.63669205652992,0.1958524710937058,20.223748416156695,250.5125000000003,2.4999999999999996,0.0
2.5,0.0,-20.0,0.0,0.3686651587486267,0.030269412447810173,-0.00012540248280856758,5.865810817340389e-05,-0.17198723554611206,2.22447906708112e-05,0.014003943625571735,-4.029008534233224,0.005310686011144282,0.01750492953196467,-33.575071118610204,0.029503811173023788,20.223748416156695,250.5125000000003,2.4999999999999996,0.0
2.5,0.0,-20.0,5.0,0.3730456233024597,0.03253609699487686,-0.0034971856512129307,-0.01211491134017706,-0.1633264571428299,-6.151052366476506e-05,-2.892294700932122,-3.826119348944988,-0.01468492477176971,-3.6153683761651525,-31.8843279078749,-0.0815829153987206,20.223748416156695,250.5125000000003,2.4999999999999996,0.0
2.5,0.0,-20.0,10.0,0.3700871467590332,0.03494168457865715,-0.0071294731460511684,-0.02431011013686657,-0.14790381491184235,-8.706712105777115e-05,-5.803757101775689,-3.46482534377206,-0.020786266262277628,-7.254696377219611,-28.873544531433836,-0.11547925701265348,20.223748416156695,250.5125000000003,2.4999999999999996,0.0
2.5,0.0,-10.0,-10.0,0.27025076746940613,0.022680060130655766,0.006893405225127935,0.024631980806589127,-0.08442887663841248,0.00012600772606674582,5.880599994495564,-1.977848317822896,0.0300828844839098,7.3507499931194555,-16.482069315190802,0.1671271360217211,20.223748416156695,250.5125000000003,2.4999999999999996,0.0
2.5,0.0,-10.0,-5.0,0.27505525946617126,0.022452973884642125,0.0034852339886128902,0.012527993880212307,-0.08884932845830917,7.57269372115843e-05,2.9909133707716045,-2.081402735980606,0.018078928773380833,3.7386417134645056,-17.345022799838386,0.10043849318544906,20.223748416156695,250.5125000000003,2.4999999999999996,0.0
2.5,0.0,-10.0,0.0,0.27499258518218994,0.02331367985635996,-0.00012014708772767335,-8.027425064938143e-05,-0.08850941807031631,3.459817526163533e-05,-0.01916454716466044,-2.073439924962979,0.0082599134373596,-0.02395568395582555,-17.27866604135816,0.045888407985331114,20.223748416156695,250.5125000000003,2.4999999999999996,0.0
2.5,0.0,-10.0,5.0,0.270251989364624,0.024986374315917492,-0.003898958908393979,-0.012863493524491787,-0.08279146999120712,2.127810694219079e-05,-3.0710100232412025,-1.9394900912100161,0.005079901472383864,-3.838762529051503,-16.162417426750135,0.028221674846577022,20.223748416156695,250.5125000000003,2.4999999999999996,0.0
2.5,0.0,-10.0,10.0,0.26253730058670044,0.027338290711045266,-0.007742511108517647,-0.02539653703570366,-0.07270257920026779,4.1363084164913744e-05,-6.063128934901354,-1.7031456498997581,0.009874957049635407,-7.578911168626693,-14.192880415831318,0.05486087249797448,20.223748416156695,250.5125000000003,2.4999999999999996,0.0
2.5,0.0,0.0,-10.0,0.1708449423313141,0.022234534037411213,0.008030101656913757,0.02498742751777172,0.008542089723050594,-0.00017631633090786636,5.965458778051643,0.20010875972902845,-0.042093480938768746,7.456823472564553,1.6675729977419038,-0.23385267188204859,20.223748416156695,250.5125000000003,2.4999999999999996,0.0
2.5,0.0,0.0,-5.0,0.17268331348896027,0.02038478956848383,0.004027301445603371,0.012662914581596851,0.008137240074574947,-6.572069833055139e-05,3.0231241248335374,0.1906246681706618,-0.015690055187827255,3.7789051560419216,1.5885389014221816,-0.08716697326570697,20.223748416156695,250.5125000000003,2.4999999999999996,0.0
2.5,0.0,0.0,0.0,0.17171289026737213,0.019876265091001988,-0.00012795966176781803,-0.00013071123976260424,0.007417804561555386,4.445451850187965e-05,-0.031205793876831048,0.17377102311623496,0.010613001175590638,-0.039007242346038806,1.448091859301958,0.058961117642170206,20.223748416156695,250.5125000000003,2.4999999999999996,0.0
2.5,0.0,0.0,5.0,0.16879482567310333,0.02073549957305193,-0.0042420849204063416,-0.012928180396556854,0.006838208995759487,0.00013369007501751184,-3.0864532643876075,0.16019329757410128,0.031916956276686725,-3.8580665804845093,1.334944146450844,0.17731642375937068,20.223748416156695,250.5125000000003,2.4999999999999996,0.0
2.5,0.0,0.0,10.0,0.16583028435707092,0.02275440761178732,-0.00816290732473135,-0.025274116545915604,0.007042265497148037,0.00019745403551496565,-6.0339024615118815,0.16497356735952853,0.047139862980561574,-7.542378076889852,1.3747797279960712,0.26188812766978653,20.223748416156695,250.5125000000003,2.4999999999999996,0.0
2.5,0.0,10.0,-10.0,0.052288271486759186,0.025644966525137425,0.008785412646830082,0.024335190653800964,0.10163430869579315,-0.0005687761586159468,5.809744784573286,2.3809063260189216,-0.13578871717581947,7.262180980716607,19.840886050157682,-0.754381762087886,20.223748416156695,250.5125000000003,2.4999999999999996,0.0
2.5,0.0,10.0,-5.0,0.05871925503015518,0.02308803902298212,0.004415492061525583,0.012284815311431885,0.10468746721744537,-0.0002575176768004894,2.9328573053069444,2.4524302487161127,-0.061479361350036996,3.6660716316336805,20.43691873930094,-0.34155200750020553,20.223748416156695,250.5125000000003,2.4999999999999996,0.0
2.5,0.0,10.0,0.0,0.0668720081448555,0.021409832996428013,-9.156290616374463e-05,-0.00014505090075545013,0.10321925580501556,3.0041921490919776e-05,-0.03462922177805125,2.418035624650234,0.007172160645191828,-0.04328652722256406,20.150296872085285,0.03984533691773238,20.223748416156695,250.5125000000003,2.4999999999999996,0.0
2.5,0.0,10.0,5.0,0.07512754946947098,0.020953440231382847,-0.004414037335664034,-0.012424699030816555,0.09745089709758759,0.0002429102169116959,-2.966252922407436,2.282904861097059,0.057991999565528994,-3.7078161530092952,19.024207175808826,0.32217777536404996,20.223748416156695,250.5125000000003,2.4999999999999996,0.0
2.5,0.0,10.0,10.0,0.08268017321825027,0.021713183385431767,-0.008352184668183327,-0.024153105914592743,0.08909951150417328,0.0003727920993696898,-5.766274162994239,2.087263575732499,0.0889997939960621,-7.207842703742799,17.393863131104162,0.49444329997812275,20.223748416156695,250.5125000000003,2.4999999999999996,0.0
2.5,0.0,20.0,-10.0,-0.06017785519361496,0.031698016573786736,0.00881750788539648,0.022693142294883728,0.18133588135242462,-0.0009288936853408813,5.417724766117154,4.2480118435053145,-0.2217626038195568,6.772155957646443,35.400098695877624,-1.2320144656642043,20.223748416156695,250.5125000000003,2.4999999999999996,0.0
2.5,0.0,20.0,-5.0,-0.0467025563120842,0.02928764944255352,0.004450863692909479,0.01138603687286377,0.18627329170703888,-0.0004479358030948788,2.718284367693964,4.3636766391663775,-0.10693948253278407,3.397855459617455,36.36397199305315,-0.5941082362932448,20.223748416156695,250.5125000000003,2.4999999999999996,0.0
2.5,0.0,20.0,0.0,-0.0284437146037817,0.02695707802951336,-5.408017386798747e-05,-0.00025436520809307694,0.18578298389911652,-3.049632596230367e-06,-0.06072674597537341,4.352190587098341,-0.0007280644447322922,-0.07590843246921676,36.268254892486176,-0.004044802470734956,20.223748416156695,250.5125000000003,2.4999999999999996,0.0
2.5,0.0,20.0,5.0,-0.008499673567712307,0.02515451529353857,-0.004375062417238951,-0.011738124303519726,0.1794232726097107,0.0003385814488865435,-2.8023411619499705,4.203206675711467,0.08083239760912338,-3.502926452437463,35.02672229759556,0.449068875606241,20.223748416156695,250.5125000000003,2.4999999999999996,0.0
2.5,0.0,20.0,10.0,0.010118999518454075,0.024158646476566792,-0.008266271091997623,-0.0226585790514946,0.16820497810840607,0.0005573284579440951,-5.409473192259582,3.9404045896044453,0.13305571129064644,-6.7618414903244775,32.83670491337038,0.7391983960591468,20.223748416156695,250.5125000000003,2.4999999999999996,0.0
2.5,2.0,-20.0,-10.0,0.33768561482429504,0.026525043075084687,0.002590383170172572,0.01888607256114483,-0.16328635811805725,0.0006037314888089895,4.508830981607531,-3.8251799809011304,0.14413389721451983,5.636038727009414,-31.876499840842754,0.800743873413999,20.223748416156695,250.5125000000003,2.5,1.9999999999999993
2.5,2.0,-20.0,-5.0,0.3544013500213623,0.028175691266655922,-0.0003157304017804563,0.007111066952347755,-0.17086222767829895,0.000470127968583256,1.6976848353847183,-4.002653867352826,0.11223760489141654,2.1221060442308977,-33.35544889460688,0.6235422493967585,20.223748416156695,250.5125000000003,2.5,1.9999999999999993
2.5,2.0,-20.0,0.0,0.367996484041214,0.03027499293267727,-0.0034463026095181704,-0.005002393387258053,-0.1711113303899765,0.0003592653083615005,-1.1942634559744867,-4.00848939897273,0.0857704293845477,-1.4928293199681084,-33.404078324772755,0.4765023854697094,20.223748416156695,250.5125000000003,2.5,1.9999999999999993
2.5,2.0,-20.0,5.0,0.37593355774879456,0.03250388627231121,-0.00684019410982728,-0.017252322286367416,-0.1637057065963745,0.0003013958048541099,-4.118792034585732,-3.8350037250446602,0.07195475598503007,-5.148490043232164,-31.95836437537217,0.39974864436127816,20.223748416156695,250.5125000000003,2.5,1.9999999999999993
2.5,2.0,-20.0,10.0,0.3764294981956482,0.03483564419031143,-0.01041179709136486,-0.029362382367253304,-0.15008866786956787,0.00030200404580682516,-7.009928553576054,-3.51600816082688,0.0720999664644988,-8.762410691970068,-29.30006800689067,0.4005553692472156,20.223748416156695,250.5125000000003,2.5,1.9999999999999993
2.5,2.0,-10.0,-10.0,0.2647925317287445,0.02252661542326212,0.0036129143554717302,0.020601786673069,-0.08173821866512299,0.0004945521359331906,4.918437844992155,-1.9148164079101428,0.11806859183117425,6.148047306240194,-15.956803399251191,0.6559366212843014,20.223748416156695,250.5125000000003,2.5,1.9999999999999993
2.5,2.0,-10.0,-5.0,0.27101588249206543,0.02242210054129362,0.0001356822467641905,0.008339354768395424,-0.08712663501501083,0.00042960463906638324,1.9909243186810308,-2.0410465632514048,0.10256312953334393,2.4886553983512885,-17.008721360428375,0.5697951640741329,20.223748416156695,250.5125000000003,2.5,1.9999999999999993
2.5,2.0,-10.0,0.0,0.27346301078796387,0.023373001379072667,-0.0035055808257311583,-0.004378084093332291,-0.08807627111673355,0.00038775659049861133,-1.045216846233654,-2.0632929348853684,0.09257239285205116,-1.3065210577920674,-17.194107790711403,0.5142910714002842,20.223748416156695,250.5125000000003,2.5,1.9999999999999993
2.5,2.0,-10.0,5.0,0.27218496799468994,0.025095141616761685,-0.007272601127624512,-0.017201144248247147,-0.08401652425527573,0.00038541704998351634,-4.106573871010034,-1.968188465651344,0.09201385466349794,-5.133217338762543,-16.401570547094533,0.5111880814638774,20.223748416156695,250.5125000000003,2.5,1.9999999999999993
2.5,2.0,-10.0,10.0,0.2680817246437073,0.02746357036113739,-0.011056983843445778,-0.029693834483623505,-0.07583987712860107,0.00042694053263403475,-7.089058905658041,-1.77664063973171,0.10192710499295402,-8.861323632072551,-14.805338664430918,0.5662616944053,20.223748416156695,250.5125000000003,2.5,1.9999999999999993
2.5,2.0,0.0,-10.0,0.1677660495042801,0.02217117988795042,0.004674015566706657,0.0215703547000885,0.011439680121839046,0.0002868274168577045,5.149672238161048,0.2679883114199495,0.0684767221620842,6.43709029770131,2.2332359284995795,0.38042623423380106,20.223748416156695,250.5125000000003,2.5,1.9999999999999993
2.5,2.0,0.0,-5.0,0.1703980267047882,0.020384947893321514,0.0006358470418490469,0.009241167455911636,0.009578756056725979,0.0003766768204513937,2.2062216480710104,0.22439391956817567,0.08992722614011336,2.757777060088763,1.8699493297347973,0.49959570077840754,20.223748416156695,250.5125000000003,2.5,1.9999999999999993
2.5,2.0,0.0,0.0,0.17033812403678894,0.01992712647944689,-0.0035007905680686235,-0.0035272263921797276,0.007332093082368374,0.00047298456775024533,-0.8420844293970915,0.17176312828596058,0.11291958484169239,-1.0526055367463645,1.431359402383005,0.627331026898291,20.223748416156695,250.5125000000003,2.5,1.9999999999999993
2.5,2.0,0.0,5.0,0.16865725815296173,0.02080929571121931,-0.0075643472373485565,-0.016296692192554474,0.00525494571775198,0.0005612813401967287,-3.890646423051604,0.12310344472092237,0.1339994161244396,-4.8633080288145045,1.0258620393410198,0.7444412006913311,20.223748416156695,250.5125000000003,2.5,1.9999999999999993
2.5,2.0,0.0,10.0,0.16750338673591614,0.02285058715671301,-0.011436383239924908,-0.028632858768105507,0.003954022191464901,0.0006442572339437902,-6.835763247634222,0.09262774125867257,0.15380894927338176,-8.544704059542777,0.7718978438222714,0.8544941626298986,20.223748416156695,250.5125000000003,2.5,1.9999999999999993
2.5,2.0,10.0,-10.0,0.051983870565891266,0.025751964313089848,0.005433984100818634,0.021572519093751907,0.10379952192306519,3.617647962528281e-05,5.150188962068275,2.431629058688084,0.008636715315578622,6.437736202585343,20.26357548906737,0.04798175175321456,20.223748416156695,250.5125000000003,2.5,1.9999999999999993
2.5,2.0,10.0,-5.0,0.058550603687763214,0.02315139876037836,0.0010686484165489674,0.009642197750508785,0.10560691356658936,0.00032532840850763023,2.301962983967541,2.473969388965143,0.07766838778826322,2.8774537299594263,20.616411574709527,0.431491043268129,20.223748416156695,250.5125000000003,2.5,1.9999999999999993
2.5,2.0,10.0,0.0,0.06603652983903885,0.021415612784326077,-0.0033845892176032066,-0.0026537557132542133,0.10300536453723907,0.0005939740221947432,-0.6335534261451168,2.4130249635942955,0.1418044151250129,-0.7919417826813959,20.1085413632858,0.7878023062500716,20.223748416156695,250.5125000000003,2.5,1.9999999999999993
2.5,2.0,10.0,5.0,0.07319600135087967,0.020886282560527325,-0.007640983909368515,-0.014831628650426865,0.09629634022712708,0.000800944457296282,-3.540879478792431,2.255857973172078,0.19121620823558863,-4.426099348490538,18.798816443100648,1.0623122679754924,20.223748416156695,250.5125000000003,2.5,1.9999999999999993
2.5,2.0,10.0,10.0,0.08040443807840347,0.02162425884336233,-0.011552323587238789,-0.02653922140598297,0.08700515329837799,0.0009492446552030742,-6.3359315874504,2.0382007074440662,0.22662116205729205,-7.919914484313,16.98500589536722,1.2590064558738447,20.223748416156695,250.5125000000003,2.5,1.9999999999999993
2.5,2.0,20.0,-10.0,-0.05953466147184372,0.03191662219643593,0.005566723644733429,0.020566582679748535,0.18271328508853912,-0.00016175916243810207,4.910033299513167,4.2802791881734725,-0.03861812564780216,6.137541624391458,35.66899323477894,-0.21454514248778978,20.223748416156695,250.5125000000003,2.5,1.9999999999999993
2.5,2.0,20.0,-5.0,-0.0463976189494133,0.029370008160471917,0.0012212422443553805,0.00945870392024517,0.18682917952537537,0.0003037224232684821,2.2581559582268613,4.3766989821155065,0.07251020917177056,2.8226949477835768,36.47249151762922,0.40283449539872535,20.223748416156695,250.5125000000003,2.5,1.9999999999999993
2.5,2.0,20.0,0.0,-0.029562970623373985,0.026910636698007584,-0.003240850055590272,-0.001995048252865672,0.18575137853622437,0.0007350216619670391,-0.4762946527500497,4.351450193333561,0.17547790473112274,-0.5953683159375621,36.26208494444635,0.9748772485062374,20.223748416156695,250.5125000000003,2.5,1.9999999999999993
2.5,2.0,20.0,5.0,-0.011854699812829494,0.024982419920265675,-0.007519306614995003,-0.013335135765373707,0.17908510565757751,0.0010732129449024796,-3.1836091430972946,4.195284706782703,0.25621715474046824,-3.9795114288716182,34.96070588985586,1.4234286374470457,20.223748416156695,250.5125000000003,2.5,1.9999999999999993
2.5,2.0,20.0,10.0,0.005070188548415899,0.023936852005422116,-0.011413367465138435,-0.024201804772019386,0.1675526648759842,0.0013104730751365423,-5.777900450906839,3.925123364971258,0.3128602615820917,-7.222375563633548,32.70936137476048,1.7381125643449538,20.223748416156695,250.5125000000003,2.5,1.9999999999999993
2.5,4.0,-20.0,-10.0,0.3308936655521393,0.026554528747797013,-0.0005483687855303288,0.014233510009944439,-0.1610884666442871,0.0009209052659571171,3.398085584076995,-3.7736917208740377,0.21985546125749245,4.2476069800962435,-31.44743100728365,1.2214192292082913,20.223748416156685,250.51250000000002,2.5000000000000004,4.000000000000001
2.5,4.0,-20.0,-5.0,0.34907516837120056,0.028242530425190926,-0.0035336019936949015,0.002217915840446949,-0.16885465383529663,0.0007894454174675047,0.5295017068069079,-3.955624027487809,0.18847094572159187,0.6618771335086349,-32.96353356239841,1.0470608095643992,20.223748416156685,250.51250000000002,2.5000000000000004,4.000000000000001
2.5,4.0,-20.0,0.0,0.36530762910842896,0.030326904852986336,-0.006710803136229515,-0.010049010626971722,-0.1698305904865265,0.0006982705090194941,-2.3990848442788586,-3.9784865212315483,0.16670399281888096,-2.9988560553485732,-33.154054343596236,0.9261332934382275,20.223748416156685,250.51250000000002,2.5000000000000004,4.000000000000001
2.5,4.0,-20.0,5.0,0.3764731287956238,0.03250242782115936,-0.010084190405905247,-0.022311434149742126,-0.16373857855796814,0.0006670274888165295,-5.3265963695077225,-3.8357737904124556,0.15924508377391977,-6.658245461884653,-31.964781586770467,0.8846949098551098,20.223748416156685,250.51250000000002,2.5000000000000004,4.000000000000001
2.5,4.0,-20.0,10.0,0.3796371519565582,0.034737518181204796,-0.013549765571951866,-0.034258149564266205,-0.15173546969890594,0.000691219640430063,-8.17873624216048,-3.554586480918631,0.16502067964509406,-10.223420302700601,-29.621554007655263,0.9167815535838559,20.223748416156685,250.51250000000002,2.5000000000000004,4.000000000000001
2.5,4.0,-10.0,-10.0,0.2578883469104767,0.022466655013263226,0.00033716930192895234,0.01653308793902397,-0.07881394773721695,0.0008556108805350959,3.94708316828548,-1.8463118326285373,0.20426718333667596,4.93385396035685,-15.385931938571145,1.1348176852037553,20.223748416156685,250.51250000000002,2.5000000000000004,4.000000000000001
2.5,4.0,-10.0,-5.0,0.2656378746032715,0.022480513093173504,-0.0031910017132759094,0.004144423641264439,-0.08520295470952988,0.0007799866143614054,0.9894331208429417,-1.9959820307393887,0.18621276608389162,1.2367914010536771,-16.63318358949491,1.0345153671327312,20.223748416156685,250.51250000000002,2.5000000000000004,4.000000000000001
2.5,4.0,-10.0,0.0,0.27092885971069336,0.023510729086697102,-0.006847183220088482,-0.008644972927868366,-0.08750534802675247,0.0007417762535624206,-2.0638871129047707,-2.049918372554502,0.17709048520568976,-2.5798588911309634,-17.08265310462085,0.9838360289204986,20.223748416156685,250.51250000000002,2.5000000000000004,4.000000000000001
2.5,4.0,-10.0,5.0,0.27337223291397095,0.025270593476593495,-0.01058426033705473,-0.021471137180924416,-0.08511283993721008,0.0007549564470537007,-5.12598520514362,-1.9938709834539083,0.18023710367624082,-6.407481506429526,-16.61559152878257,1.0013172426457824,20.223748416156685,250.51250000000002,2.5000000000000004,4.000000000000001
2.5,4.0,-10.0,10.0,0.2727114260196686,0.027639884625673294,-0.014290097169578075,-0.0338764451444149,-0.07871587574481964,0.0008205612539313734,-8.087608734920947,-1.844014377860552,0.19589949112258548,-10.109510918651184,-15.366786482171268,1.088330506236586,20.223748416156685,250.51250000000002,2.5000000000000004,4.000000000000001
2.5,4.0,0.0,-10.0,0.16373354196548462,0.022166711402237416,0.0013126191915944219,0.018133848905563354,0.013969055376946926,0.0007438976317644119,4.329246300229058,0.32724197903515817,0.17759693966994528,5.411557875286323,2.7270164919596516,0.9866496648330293,20.223748416156685,250.51250000000002,2.5000000000000004,4.000000000000001
2.5,4.0,0.0,-5.0,0.16715800762176514,0.020465017420351506,-0.002734786132350564,0.005828200839459896,0.010743408463895321,0.0008110980270430446,1.391415416143823,0.2516773076231131,0.19364025535813853,1.7392692701797787,2.097310896859276,1.0757791964341028,20.223748416156685,250.51250000000002,2.5000000000000004,4.000000000000001
2.5,4.0,0.0,0.0,0.16834425926208496,0.020071105224192143,-0.006842234171926975,-0.006895077880471945,0.00708379503339529,0.0008962254505604506,-1.646119947247737,0.1659464468609148,0.21396344130889922,-2.0576499340596714,1.3828870571742902,1.1886857850494401,20.223748416156685,250.51250000000002,2.5000000000000004,4.000000000000001
2.5,4.0,0.0,5.0,0.16854378581047058,0.02099092596501112,-0.010864348150789738,-0.019629374146461487,0.003617427544668317,0.000990970409475267,-4.686285622094758,0.08474260547976141,0.2365827023926002,-5.857857027618447,0.7061883789980118,1.3143483466255568,20.223748416156685,250.51250000000002,2.5000000000000004,4.000000000000001
2.5,4.0,0.0,10.0,0.16984859108924866,0.023076989811956883,-0.01470071543008089,-0.031943053007125854,0.0008847780991345644,0.0011013213079422712,-7.626033765324578,0.020726994657461317,0.2629277007105615,-9.532542206655723,0.1727249554788443,1.4607094483920082,20.223748416156685,250.51250000000002,2.5000000000000004,4.000000000000001
2.5,4.0,10.0,-10.0,0.05125991255044937,0.025885128540098667,0.002076693344861269,0.018789757043123245,0.10526984930038452,0.0006357795791700482,4.485836767735938,2.4660732517848887,0.1517850074309754,5.607295959669923,20.55061043154074,0.8432500412831966,20.223748416156685,250.51250000000002,2.5000000000000004,4.000000000000001
2.5,4.0,10.0,-5.0,0.05758107453584671,0.02327342436939478,-0.002263264963403344,0.007004396058619022,0.10600948333740234,0.000897665333468467,1.6722183955559624,2.48340007163807,0.21430719666854495,2.090272994444953,20.69500059698392,1.190595537047472,20.223748416156685,250.51250000000002,2.5000000000000004,4.000000000000001
2.5,4.0,10.0,0.0,0.06434420496225357,0.021515981418192387,-0.006663674488663673,-0.005145083647221327,0.1024826318025589,0.001148515148088336,-1.2283291021173297,2.4007793184889334,0.2741946831868118,-1.5354113776466622,20.006494320741112,1.5233037954822877,20.223748416156685,250.51250000000002,2.5000000000000004,4.000000000000001
2.5,4.0,10.0,5.0,0.07103348523378372,0.020968000528514386,-0.010881124064326286,-0.017226431518793106,0.09496374428272247,0.001357183326035738,-4.1126109138366305,2.2246403050954746,0.324011792729242,-5.140763642295788,18.538669209128955,1.8000655151624556,20.223748416156685,250.51250000000002,2.5000000000000004,4.000000000000001
2.5,4.0,10.0,10.0,0.07915026694536209,0.021762590048015118,-0.014804483391344547,-0.028923295438289642,0.08469215035438538,0.0015343441627919674,-6.905101637205761,1.9840158223189455,0.36630688965359587,-8.631377046507202,16.533465185991215,2.03503827585331,20.223748416156685,250.51250000000002,2.5000000000000004,4.000000000000001
2.5,4.0,20.0,-10.0,-0.059366993606090546,0.032143721480965615,0.002313347067683935,0.018402257934212685,0.1834554374217987,0.0005999144050292671,4.393325845629466,4.297665002155007,0.14322261269256925,5.491657307036832,35.813875017958395,0.7956811816253847,20.223748416156685,250.51250000000002,2.5000000000000004,4.000000000000001
2.5,4.0,20.0,-5.0,-0.04713749140501022,0.029511602719426155,-0.0020014250185340643,0.007516496814787388,0.18688629567623138,0.0010434177238494158,1.7944765171236476,4.37803699687288,0.24910389096617291,2.2430956464045595,36.48364164060734,1.3839105053676273,20.223748416156685,250.51250000000002,2.5000000000000004,4.000000000000001
2.5,4.0,20.0,0.0,-0.03198914974927902,0.026981089388132096,-0.0064277793280780315,-0.0037324405275285244,0.18533803522586823,0.0014602920273318887,-0.8910769262928225,4.341767127496112,0.3486278003916217,-1.1138461578660281,36.181392729134274,1.9368211132867872,20.223748416156685,250.51250000000002,2.5000000000000004,4.000000000000001
2.5,4.0,20.0,5.0,-0.016015401110053062,0.025009066921770573,-0.01069419551640749,-0.014923789538443089,0.17835044860839844,0.0018004145240411162,-3.562881822892011,4.178074478875503,0.4298281053115192,-4.453602278615014,34.81728732396253,2.3879339183973287,20.223748416156685,250.51250000000002,2.5000000000000004,4.000000000000001
2.5,4.0,20.0,10.0,0.0006506232894025743,0.024031573099195958,-0.014641132205724716,-0.02574837952852249,0.16627097129821777,0.0020657675340771675,-6.147127253086959,3.8950981462583902,0.49317806167962264,-7.683909066358698,32.45915121881992,2.7398781204423477,20.223748416156685,250.51250000000002,2.5000000000000004,4.000000000000001
2.5,6.0,-20.0,-10.0,0.3218854069709778,0.026621438686847687,-0.0036638411693274975,0.00962898600846529,-0.15833991765975952,0.001244730781763792,2.2988088336457166,-3.7093036441644136,0.2971650508281719,2.873511042057146,-30.910863701370115,1.6509169490453994,20.223748416156692,250.5125000000002,2.5000000000000004,6.0
2.5,6.0,-20.0,-5.0,0.34168586134910583,0.028345488135814667,-0.006714603863656521,-0.002571218879893422,-0.16640792787075043,0.0011245066998526454,-0.6138487135757842,-3.8983065192391035,0.26846294436843476,-0.7673108919697302,-32.485887660325865,1.4914608020468598,20.223748416156692,250.5125000000002,2.5000000000000004,6.0
2.5,6.0,-20.0,0.0,0.36047640442848206,0.030423989643454552,-0.00990863237529993,-0.014922701753675938,-0.1681678146123886,0.0010566661367192864,-3.562622126883562,-3.9395339898640565,0.2522667960228706,-4.453277658604453,-32.82944991553381,1.4014822001270588,20.223748416156692,250.5125000000002,2.5000000000000004,6.0
2.5,6.0,-20.0,5.0,0.3742673695087433,0.032555293415784836,-0.01322119776159525,-0.027112621814012527,-0.16326984763145447,0.0010501182405278087,-6.472824290590226,-3.824793202828816,0.2507035616809024,-8.091030363237783,-31.873276690240136,1.3927975648939022,20.223748416156692,250.5125000000002,2.5000000000000004,6.0
2.5,6.0,-20.0,10.0,0.378995805978775,0.03468680952966213,-0.01653805933892727,-0.03880322352051735,-0.15253929793834686,0.001091806567274034,-9.26381998317098,-3.573417127428425,0.26065616662807756,-11.579774978963727,-29.778476061903547,1.4480898146004308,20.223748416156692,250.5125000000002,2.5000000000000004,6.0
2.5,6.0,-10.0,-10.0,0.24943922460079193,0.02246526734262705,-0.0029272844549268484,0.012525959871709347,-0.07577674090862274,0.0012240019859746099,2.990427774810595,-1.7751615975905632,0.29221629102842583,3.738034718513244,-14.793013313254695,1.62342383904681,20.223748416156692,250.5125000000002,2.5000000000000004,6.0
2.5,6.0,-10.0,-5.0,0.259254515171051,0.022608495441377163,-0.006494580302387476,5.5156800954137e-05,-0.08313924074172974,0.0011451684404164553,0.013168047098369162,-1.9476370407052095,0.2733956955101256,0.016460058872961453,-16.230308672543412,1.5188649750562533,20.223748416156692,250.5125000000002,2.5000000000000004,6.0
2.5,6.0,-10.0,0.0,0.26780053973197937,0.023724419188797474,-0.010153676383197308,-0.012761309742927551,-0.08671440184116364,0.0011170369107276201,-3.046614829447309,-2.0313895037013125,0.2666796187710164,-3.8082685368091362,-16.928245864177605,1.4815534376167578,20.223748416156692,250.5125000000002,2.5000000000000004,6.0
2.5,6.0,-10.0,5.0,0.27386805415153503,0.025526019868552685,-0.013842999935150146,-0.02553359977900982,-0.08580569922924042,0.0011490966426208615,-6.09585107665116,-2.0101020484614325,0.27433350826838454,-7.619813845813949,-16.750850403845273,1.5240750459354697,20.223748416156692,250.5125000000002,2.5000000000000004,6.0
2.5,6.0,-10.0,10.0,0.2758597433567047,0.027886059259176255,-0.017437603324651718,-0.03777558356523514,-0.08085154742002487,0.0012365635484457016,-9.018482851625334,-1.894045064023975,0.29521521851129384,-11.273103564531668,-15.78370886686646,1.6400845472849657,20.223748416156692,250.5125000000002,2.5000000000000004,6.0
2.5,6.0,0.0,-10.0,0.1586693525314331,0.02220727236300707,-0.0020436386112123728,0.014757584780454636,0.01610153168439865,0.001204692991450429,3.5232023628199034,0.3771978098530192,0.2876064923287517,4.404002953524879,3.1433150821084936,1.5978138462708427,20.223748416156692,250.5125000000002,2.5000000000000004,6.0
2.5,6.0,0.0,-5.0,0.16340133547782898,0.02062140138179064,-0.0060898014344275,0.002500406699255109,0.011722228489816189,0.0012534181587398052,0.59694312598453,0.2746073478984348,0.2992390614162143,0.7461789074806625,2.28839456582029,1.6624392300900794,20.223748416156692,250.5125000000002,2.5000000000000004,6.0
2.5,6.0,0.0,0.0,0.16656525433063507,0.020315486130416394,-0.010173987597227097,-0.010162530466914177,0.006883545778691769,0.00133492739405483,-2.4261863906539762,0.16125536642339014,0.3186984468594123,-3.0327329883174703,1.3437947201949179,1.7705469269967349,20.223748416156692,250.5125000000002,2.5000000000000004,6.0
2.5,6.0,0.0,5.0,0.16933855414390564,0.021299908992946148,-0.014163765124976635,-0.022838709875941277,0.0022341676522046328,0.0014441265957430005,-5.452477339330296,0.052338073282344556,0.34476849091671347,-6.815596674162871,0.43615061068620464,1.9153805050928525,20.223748416156692,250.5125000000002,2.5000000000000004,6.0
2.5,6.0,0.0,10.0,0.17325738072395325,0.02345197380810976,-0.017952898517251015,-0.035082004964351654,-0.0017073273193091154,0.0015850197523832321,-8.37542217250644,-0.03999620273204316,0.3784050994651162,-10.46927771563305,-0.333301689433693,2.1022505525839787,20.223748416156692,250.5125000000002,2.5000000000000004,6.0
2.5,6.0,10.0,-10.0,0.04978445917367935,0.026050491382479668,-0.0012816772796213627,0.01603916473686695,0.10610230267047882,0.0012345798313617706,3.829164727105599,2.485574476522943,0.29474162904382706,4.786455908881998,20.713120637691194,1.637453494687928,20.223748416156692,250.5125000000002,2.5000000000000004,6.0
2.5,6.0,10.0,-5.0,0.05599413067102432,0.023468501058518887,-0.005592386703938246,0.0044128550216555595,0.10606333613395691,0.0014706756919622421,1.0535180024627022,2.484661638382963,0.35110678000140494,1.3168975030783778,20.70551365319136,1.9505932222300273,20.223748416156692,250.5125000000002,2.5000000000000004,6.0
2.5,6.0,10.0,0.0,0.06267432123422623,0.021738159594237805,-0.009956544265151024,-0.00758803216740489,0.10186736285686493,0.0017104680882766843,-1.811554753645179,2.386365900974674,0.40835443602708577,-2.2644434420564736,19.886382508122285,2.268635755706032,20.223748416156692,250.5125000000002,2.5000000000000004,6.0
2.5,6.0,10.0,5.0,0.07010636478662491,0.021240188864171505,-0.014161728322505951,-0.019571227952837944,0.09365653991699219,0.0019303224980831146,-4.672403892136159,2.1940174653900133,0.46084212880539743,-5.840504865170199,18.28347887825011,2.5602340489188746,20.223748416156692,250.5125000000002,2.5000000000000004,6.0
2.5,6.0,10.0,10.0,0.08037248998880386,0.02216609672933817,-0.018108470365405083,-0.031241152435541153,0.08241687715053558,0.0021433294750750065,-7.458463137131609,1.9307148018861535,0.5116950763438658,-9.323078921414512,16.089290015717946,2.842750424132588,20.223748416156692,250.5125000000002,2.5000000000000004,6.0
2.5,6.0,20.0,-10.0,-0.060156337916851044,0.0324092117446661,-0.0009442971786484122,0.016228502616286278,0.1835663914680481,0.0013540973886847496,3.8743669518642854,4.300264234579597,0.3232750609449928,4.842958689830357,35.835535288163314,1.7959725608055155,20.223748416156692,250.5125000000002,2.5000000000000004,6.0
2.5,6.0,20.0,-5.0,-0.04896979779005051,0.029738977675437928,-0.005230635404586792,0.00557609973475337,0.1865234673023224,0.0017748058307915926,1.3312291986166918,4.3695373043794286,0.42371432653892876,1.6640364982708646,36.412810869828576,2.3539684807718264,20.223748416156692,250.5125000000002,2.5000000000000004,6.0
2.5,6.0,20.0,0.0,-0.03503438085317612,0.02719867055594921,-0.009638063609600067,-0.005462066736072302,0.18461225926876068,0.0021813891362398863,-1.3040051415389589,4.324764949887745,0.520781379430657,-1.6300064269236985,36.03970791573121,2.8932298857258725,20.223748416156692,250.5125000000002,2.5000000000000004,6.0
2.5,6.0,20.0,5.0,-0.019458701834082603,0.025275169995725155,-0.013921777717769146,-0.016503894701600075,0.1772083044052124,0.002531461650505662,-3.940113621127166,4.151318372660125,0.604357135746352,-4.925142026408958,34.59431977216771,3.3575396430352886,20.223748416156692,250.5125000000002,2.5000000000000004,6.0
2.5,6.0,20.0,10.0,-0.0012014121748507023,0.024478250307142735,-0.017948627471923828,-0.02728940173983574,0.16432416439056396,0.0028336341492831707,-6.515028449443127,3.849491845182995,0.6764973184056527,-8.14378556180391,32.07909870985829,3.7583184355869594,20.223748416156692,250.5125000000002,2.5000000000000004,6.0
5.0,-6.0,-20.0,-10.0,0.541318953037262,0.035172347103357315,0.013244244270026684,0.03913039341568947,-0.2203984409570694,0.0006327945156954229,9.34192800456216,-5.163099440072389,0.15107235811583167,11.6774100057027,-43.02582866726991,0.839290878421287,20.22374841615669,250.5125000000001,4.999999999999999,-6.000000000000001
5.0,-6.0,-20.0,-5.0,0.5488418340682983,0.03667807032644749,0.011055359616875648,0.0284102875739336,-0.22880606353282928,0.0002449746534693986,6.782626954069387,-5.360058144611054,0.058484859872021865,8.478283692586734,-44.667151205092125,0.32491588817789924,20.22374841615669,250.5125000000001,4.999999999999999,-6.000000000000001
5.0,-6.0,-20.0,0.0,0.5519911050796509,0.03870579053938389,0.008779622614383698,0.01727614551782608,-0.22975598275661469,-0.00024085429322440177,4.124479555044791,-5.382311148720987,-0.05750117160820321,5.155599443805988,-44.852592906008226,-0.31945095337890667,20.22374841615669,250.5125000000001,4.999999999999999,-6.000000000000001
5.0,-6.0,-20.0,5.0,0.550046443939209,0.04108858307182789,0.006268298719078302,0.005745246075093746,-0.22208143770694733,-0.0007814212003722787,1.3716109273897372,-5.202525669855163,-0.1865552568707223,1.7145136592371715,-43.35438058212636,-1.036418093726235,20.22374841615669,250.5125000000001,4.999999999999999,-6.000000000000001
5.0,-6.0,-20.0,10.0,0.5427924394607544,0.04379330960392952,0.0034230200108140707,-0.006138756405562162,-0.2063283771276474,-0.0013266060268506408,-1.4655569589881174,-4.83349121614842,-0.3167118168632545,-1.8319461987351469,-40.2790934679035,-1.7595100936847472,20.22374841615669,250.5125000000001,4.999999999999999,-6.000000000000001
5.0,-6.0,-10.0,-10.0,0.4715045690536499,0.030608426903486252,0.014586002565920353,0.03873671591281891,-0.14802385866641998,0.0004832965205423534,9.247942062489878,-3.467637513583026,0.11538144408105513,11.559927578112347,-28.896979279858552,0.6410080226725285,20.22374841615669,250.5125000000001,4.999999999999999,-6.000000000000001
5.0,-6.0,-10.0,-5.0,0.46873024106025696,0.02996872750401497,0.011940216645598412,0.027088560163974762,-0.15021328628063202,0.00011980519047938287,6.467079850458077,-3.5189274974864015,0.02860210098430799,8.083849813072597,-29.324395812386683,0.15890056102393327,20.22374841615669,250.5125000000001,4.999999999999999,-6.000000000000001
5.0,-6.0,-10.0,0.0,0.4609748423099518,0.03031563212454319,0.009161918424069881,0.015034645795822144,-0.14765022695064545,-0.00030669994885101914,3.589347469794379,-3.4588847397696916,-0.07322105890252353,4.486684337242973,-28.824039498080765,-0.40678366056957516,20.22374841615669,250.5125000000001,4.999999999999999,-6.000000000000001
5.0,-6.0,-10.0,5.0,0.44934698939323425,0.031568635379076004,0.006174067966639996,0.0027887076139450073,-0.13965818285942078,-0.0007611995679326355,0.6657716286798941,-3.2716614627208602,-0.1817275764439234,0.8322145358498677,-27.263845522673837,-1.0095976469106855,20.22374841615669,250.5125000000001,4.999999999999999,-6.000000000000001
5.0,-6.0,-10.0,10.0,0.43592575192451477,0.033651068930625916,0.002980707911774516,-0.009417573921382427,-0.1267847865819931,-0.0012190587585791945,-2.2483366475922413,-2.970086620252879,-0.2910361527674178,-2.8104208094903016,-24.75072183544066,-1.6168675153745433,20.22374841615669,250.5125000000001,4.999999999999999,-6.000000000000001
5.0,-6.0,0.0,-10.0,0.3697555959224701,0.028209222604632378,0.015889352187514305,0.03723058104515076,-0.06077275797724724,-1.9216566215618514e-05,8.888369815171886,-1.4236751917183446,-0.004587732512017898,11.110462268964858,-11.863959930986205,-0.02548740284454388,20.22374841615669,250.5125000000001,4.999999999999999,-6.000000000000001
5.0,-6.0,0.0,-5.0,0.36438682675361633,0.02604348969936371,0.01270283479243517,0.025035373866558075,-0.057093847543001175,-0.00026945327408611774,5.976905413246064,-1.3374922753571885,-0.06432884689824717,7.471131766557581,-11.145768961309905,-0.3573824827680398,20.22374841615669,250.5125000000001,4.999999999999999,-6.000000000000001
5.0,-6.0,0.0,0.0,0.35701611638069153,0.025175920811593533,0.009302754886448383,0.012424780987203121,-0.05317598581314087,-0.0005561081343330443,2.9662724885450573,-1.2457116365473933,-0.1327643731690078,3.7078406106813215,-10.38093030456161,-0.7375798509389322,20.22374841615669,250.5125000000001,4.999999999999999,-6.000000000000001
5.0,-6.0,0.0,5.0,0.3491421937942505,0.025717557531893254,0.0057927691377699375,-0.00016941700596362352,-0.04894303157925606,-0.0008786006947048008,-0.04044634705425853,-1.1465495756003297,-0.20975573507522138,-0.05055793381782316,-9.554579796669415,-1.1653096393067854,20.22374841615669,250.5125000000001,4.999999999999999,-6.000000000000001
5.0,-6.0,0.0,10.0,0.3424055874347687,0.027505647515058518,0.002335343277081847,-0.012331221252679825,-0.044107481837272644,-0.0012435453245416284,-2.943936186051044,-1.0332709877080501,-0.2968820366528658,-3.6799202325638047,-8.610591564233752,-1.6493446480714764,20.22374841615669,250.5125000000001,4.999999999999999,-6.000000000000001
5.0,-6.0,10.0,-10.0,0.24791066348552704,0.028874538962841034,0.01683124527335167,0.034523576498031616,0.03195548802614212,-0.0008243434713222086,8.242103846962381,0.7485958685485984,-0.19680245169820346,10.302629808702976,6.2382989045716535,-1.093346953878908,20.22374841615669,250.5125000000001,4.999999999999999,-6.000000000000001
5.0,-6.0,10.0,-5.0,0.24863804876804352,0.02640156274020672,0.013178080320358276,0.022446880117058754,0.038973018527030945,-0.0008766793180257082,5.358932524724423,0.9129899887723777,-0.20929702865704028,6.698665655905529,7.608249906436481,-1.1627612703168904,20.22374841615669,250.5125000000001,4.999999999999999,-6.000000000000001
5.0,-6.0,10.0,0.0,0.2518175542354584,0.02490883053570986,0.009255386888980865,0.009909731335937977,0.04233838617801666,-0.0009681632509455085,2.3658335274433377,0.9918277870752551,-0.2311377575715699,2.957291909304172,8.26523155896046,-1.2840986531753884,20.22374841615669,250.5125000000001,4.999999999999999,-6.000000000000001
5.0,-6.0,10.0,5.0,0.2570804953575134,0.0247163019451499,0.00534390052780509,-0.00253003416582942,0.041734471917152405,-0.0011368109844624996,-0.6040163403208777,0.9776803667551298,-0.2714004497431394,-0.7550204254010972,8.147336389626082,-1.5077802763507746,20.22374841615669,250.5125000000001,4.999999999999999,-6.000000000000001
5.0,-6.0,10.0,10.0,0.26332908868789673,0.025759377640783787,0.0017369480337947607,-0.014333696104586124,0.03817123919725418,-0.0014055026695132256,-3.4220038532663266,0.8942073404439425,-0.33554747608409974,-4.277504816582908,7.451727837032855,-1.8641526449116652,20.22374841615669,250.5125000000001,4.999999999999999,-6.000000000000001
5.0,-6.0,20.0,-10.0,0.1326131671667099,0.032346278553009034,0.016984278336167336,0.030825108289718628,0.11559559404850006,-0.0017393791349604726,7.359137418228018,2.7079662828599615,-0.41525661341608666,9.198921772785022,22.566385690499683,-2.3069811856449256,20.22374841615669,250.5125000000001,4.999999999999999,-6.000000000000001
5.0,-6.0,20.0,-5.0,0.14341706037521362,0.03053581727027893,0.013142089359462261,0.019404850900173187,0.12331022322177887,-0.0015904911560937762,4.632683298706545,2.888690780691961,-0.379711333701118,5.790854123383181,24.07242317243301,-2.1095074094506554,20.22374841615669,250.5125000000001,4.999999999999999,-6.000000000000001
5.0,-6.0,20.0,0.0,0.15913155674934387,0.02895076771557331,0.00906515121459961,0.007560810539871454,0.12612654268741608,-0.0014910096069797873,1.8050559055021798,2.9546664627020203,-0.3559612665926035,2.2563198818777246,24.622220522516837,-1.9775625921811306,20.22374841615669,250.5125000000001,4.999999999999999,-6.000000000000001
5.0,-6.0,20.0,5.0,0.1776728630065918,0.027947386850714684,0.005062171258032322,-0.004212630447000265,0.12331248819828033,-0.0015037383418530226,-1.005716705366009,2.888743840499715,-0.35900010454937303,-1.2571458817075112,24.07286533749763,-1.9944450252742945,20.22374841615669,250.5125000000001,4.999999999999999,-6.000000000000001
5.0,-6.0,20.0,10.0,0.19604149460792542,0.027697621037364006,0.0014625516487285495,-0.015370971523225307,0.11539757251739502,-0.0016635891515761614,-3.669641340037518,2.703327389535984,-0.3971626330995148,-4.587051675046897,22.527728246133204,-2.206459072775082,20.22374841615669,250.5125000000001,4.999999999999999,-6.000000000000001
5.0,-4.0,-20.0,-10.0,0.5325623750686646,0.03471782443404198,0.010449244640767574,0.0338355228304863,-0.21887730062007904,0.0007674251683056355,8.077839006657808,-5.12746489207794,0.1832138663938328,10.09729875832226,-42.728874100649506,1.017854813299071,20.22374841615669,250.5125000000001,5.0,-4.0
5.0,-4.0,-20.0,-5.0,0.5442429780960083,0.03638806765258312,0.008210474625229836,0.022895488888025284,-0.22797352075576782,0.0003460321167949587,5.4660326705385485,-5.340554825406906,0.08261115823764306,6.832540838173186,-44.504623545057555,0.458950879098017,20.22374841615669,250.5125000000001,5.0,-4.0
5.0,-4.0,-20.0,0.0,0.5525395274162292,0.03862258245527744,0.005846938583999872,0.011580434627830982,-0.22956353425979614,-0.00015094905393198133,2.764694579108398,-5.3778028104503,-0.03603733750409812,3.4558682238854974,-44.815023420419166,-0.20020743057832288,20.22374841615669,250.5125000000001,5.0,-4.0
5.0,-4.0,-20.0,5.0,0.5560376048088074,0.04120156367599964,0.0032186880707740784,-7.371674291789532e-05,-0.22256357967853546,-0.0006760968244634569,-0.017599018178888953,-5.213820427353139,-0.1614102825686969,-0.02199877272361119,-43.44850356127616,-0.8967237920483161,20.22374841615669,250.5125000000001,5.0,-4.0
5.0,-4.0,-20.0,10.0,0.5535565614700317,0.04403771472454071,0.00026296169380657375,-0.01200053095817566,-0.20773327350616455,-0.0011831149458885193,-2.864987710111962,-4.866402609140962,-0.2824549839864486,-3.581234637639952,-40.55335507617468,-1.5691943554802699,20.22374841615669,250.5125000000001,5.0,-4.0
5.0,-4.0,-10.0,-10.0,0.4654179811477661,0.030088842039108277,0.01170087419450283,0.03403102234005928,-0.14475752413272858,0.0006366389570757747,8.12451224921779,-3.391119685558661,0.15199017394792616,10.155640311522237,-28.259330712988845,0.8443898552662564,20.22374841615669,250.5125000000001,5.0,-4.0
5.0,-4.0,-10.0,-5.0,0.4661712646484375,0.029643191148638726,0.008983571082353592,0.022253260016441345,-0.1483452022075653,0.0002448401937726885,5.312707969274933,-3.4751653738081423,0.05845275917748406,6.640884961593666,-28.959711448401187,0.3247375509860226,20.22374841615669,250.5125000000001,5.0,-4.0
5.0,-4.0,-10.0,0.0,0.4622688591480255,0.030242914457917214,0.00611094618216157,0.010041743516921997,-0.14709144830703735,-0.0001927295234054327,2.3973499059621255,-3.44579467575014,-0.04601194045969462,2.9966873824526568,-28.71495563125117,-0.2556218914427479,20.22374841615669,250.5125000000001,5.0,-4.0
5.0,-4.0,-10.0,5.0,0.4543474614620209,0.031716840465664864,0.003028646344318986,-0.0023501019459217787,-0.14016395807266235,-0.0006389147602021694,-0.5610596077825265,-3.2835098574234283,-0.15253349557348417,-0.7013245097281582,-27.362582145195237,-0.8474083087415787,20.22374841615669,250.5125000000001,5.0,-4.0
5.0,-4.0,-10.0,10.0,0.44397997856140137,0.033942299087643624,-0.00022977312619332224,-0.014644362963736057,-0.12824100255966187,-0.0010705012828111649,-3.4961719660361426,-3.004200236784271,-0.2555697768375511,-4.370214957545178,-25.03500197320226,-1.4198320935419506,20.22374841615669,250.5125000000001,5.0,-4.0
5.0,-4.0,0.0,-10.0,0.3659602403640747,0.02778759238600731,0.012940148822963238,0.033229079097509384,-0.05634431913495064,0.00019991962471976876,7.9330575925763265,-1.3199336679227653,0.04772849383319337,9.916321990720409,-10.999447232689713,0.2651582990732965,20.22374841615669,250.5125000000001,5.0,-4.0
5.0,-4.0,0.0,-5.0,0.36360058188438416,0.025766649407446385,0.009670807980000973,0.020989321172237396,-0.05424190312623978,-6.443004531320184e-05,5.0109572161125975,-1.2706820358774702,-0.01538192673537688,6.263696520140747,-10.589016965645586,-0.08545514852987156,20.22374841615669,250.5125000000001,5.0,-4.0
5.0,-4.0,0.0,0.0,0.35871100425720215,0.025073637378513813,0.006192837841808796,0.008261156268417835,-0.051852039992809296,-0.0003557861491572112,1.9722553329364987,-1.2146966080655375,-0.08493982043928085,2.4653191661706235,-10.122471733879479,-0.471887891329338,20.22374841615669,250.5125000000001,5.0,-4.0
5.0,-4.0,0.0,5.0,0.35253411531448364,0.025748583612143994,0.0026459607761353254,-0.004460302647203207,-0.04892849922180176,-0.000674472248647362,-1.0648455732628417,-1.146209137590381,-0.16102243391737653,-1.331056966578552,-9.551742813253174,-0.8945690773187585,20.22374841615669,250.5125000000001,5.0,-4.0
5.0,-4.0,0.0,10.0,0.3468106985092163,0.02760785085439682,-0.0007980344234965742,-0.016707735136151314,-0.04518504813313484,-0.0010253788204863667,-3.9887781628752377,-1.0585142785164943,-0.24479731181403777,-4.985972703594047,-8.820952320970786,-1.359985065633543,20.22374841615669,250.5125000000001,5.0,-4.0
5.0,-4.0,10.0,-10.0,0.24440991878509521,0.02873515908896923,0.013830909505486488,0.03125320002436638,0.03647070378065109,-0.0004907408147118986,7.461339359362194,0.8543702462287575,-0.11715868305327536,9.326674199202742,7.119752051906312,-0.6508815725181964,20.22374841615669,250.5125000000001,5.0,-4.0
5.0,-4.0,10.0,-5.0,0.2476041316986084,0.026304334526062012,0.010110738687217236,0.01917603425681591,0.04226712882518768,-0.0005451124743558466,4.57805597651785,0.990158497597096,-0.13013928676166184,5.722569970647312,8.251320813309134,-0.7229960375647879,20.22374841615669,250.5125000000001,5.0,-4.0
5.0,-4.0,10.0,0.0,0.2525577247142792,0.0248301319155097,0.006151775363832712,0.006569814868271351,0.04436192661523819,-0.0006360214320011437,1.5684671720699996,1.0392316636771652,-0.15184274699192982,1.9605839650874994,8.660263863976377,-0.8435708166218323,20.22374841615669,250.5125000000001,5.0,-4.0
5.0,-4.0,10.0,5.0,0.2584458887577057,0.02460435138374567,0.0022698272950947285,-0.005940611008554697,0.042551733553409576,-0.0008038646774366498,-1.418252041462373,0.9968257067957792,-0.19191337695605043,-1.7728150518279662,8.306880889964827,-1.0661854275336136,20.22374841615669,250.5125000000001,5.0,-4.0
5.0,-4.0,10.0,10.0,0.2644060254096985,0.025578159031569958,-0.0012531756656244397,-0.01778850518167019,0.03793372958898544,-0.001067030825652182,-4.246799487819967,0.8886433912610942,-0.25474124540476634,-5.308499359774959,7.405361593842452,-1.4152291411375908,20.22374841615669,250.5125000000001,5.0,-4.0
5.0,-4.0,20.0,-10.0,0.12791717052459717,0.03259021801233292,0.013968812301754951,0.0282310638576746,0.11921752989292145,-0.0012620144989341497,6.739839368567362,2.7928145007017235,-0.30129133802752195,8.424799210709203,23.273454172514363,-1.6738407668195663,20.22374841615669,250.5125000000001,5.0,-4.0
5.0,-4.0,20.0,-5.0,0.14057710766792297,0.03067486559331417,0.01009810995310545,0.016837598755955696,0.1262052059173584,-0.0011079361429437995,4.01978159730884,2.956509243788428,-0.26450691591777586,5.0247269966360495,24.637577031570235,-1.4694828662098658,20.22374841615669,250.5125000000001,5.0,-4.0
5.0,-4.0,20.0,0.0,0.15768855810165405,0.028935838614702225,0.006026321556419134,0.004962323699146509,0.12825791537761688,-0.0010048882104456425,1.1846972822453656,3.0045964399540135,-0.2399054161017587,1.480871602806707,25.038303666283447,-1.3328078672319927,20.22374841615669,250.5125000000001,5.0,-4.0
5.0,-4.0,20.0,5.0,0.1766229122877121,0.02774011728644371,0.0020868557039648294,-0.006852380000054836,0.12473267316818237,-0.0010180382523685694,-1.6359263230598422,2.922013387194597,-0.2430448362347467,-2.044907903824803,24.35011155995498,-1.3502490901930373,20.22374841615669,250.5125000000001,5.0,-4.0
5.0,-4.0,20.0,10.0,0.19443970918655396,0.02729441982984543,-0.001401502056978643,-0.01803770661354065,0.11621229350566864,-0.001177015365101397,-4.306293442057448,2.7224132118317512,-0.28099877975241555,-5.38286680257181,22.686776765264597,-1.5611043319578641,20.22374841615669,250.5125000000001,5.0,-4.0
5.0,-2.0,-20.0,-10.0,0.5255485773086548,0.034328198184370995,0.007615611422806978,0.02857924811542034,-0.21804557740688324,0.0008889391901902854,6.822964325519076,-5.107980772146338,0.21222393107506454,8.528705406898846,-42.56650643455282,1.179021839305914,20.223748416156695,250.5125000000003,4.999999999999999,-1.9999999999999996
5.0,-2.0,-20.0,-5.0,0.5407657623291016,0.036141786848306656,0.005322248209267855,0.01738571934401989,-0.2274479866027832,0.00043730062316171825,4.150639036361855,-5.328243553697224,0.10440045655888947,5.188298795452319,-44.40202961414354,0.5800025364382748,20.223748416156695,250.5125000000003,4.999999999999999,-1.9999999999999996
5.0,-2.0,-20.0,0.0,0.553504467010498,0.038517922286987305,0.0028723012655973434,0.005868786945939064,-0.22939568758010864,-6.29957503406331e-05,1.401104878774217,-5.373870799433577,-0.015039505430569096,1.7513810984677713,-44.782256661946484,-0.08355280794760608,20.223748416156695,250.5125000000003,4.999999999999999,-1.9999999999999996
5.0,-2.0,-20.0,5.0,0.5617336630821228,0.04119244416534901,0.0001475897734053433,-0.005905758589506149,-0.2230542153120041,-0.0005657714209519327,-1.4099314302669388,-5.225314159130196,-0.1350713708759338,-1.7624142878336735,-43.5442846594183,-0.7503965048662988,20.223748416156695,250.5125000000003,4.999999999999999,-1.9999999999999996
5.0,-2.0,-20.0,10.0,0.5634384155273438,0.04404612643003464,-0.002873070538043976,-0.017845770344138145,-0.20938359200954437,-0.001033629640005529,-4.260470881799124,-4.905063311565812,-0.24676709936786675,-5.325588602248905,-40.87552759638177,-1.3709283298214818,20.223748416156695,250.5125000000003,4.999999999999999,-1.9999999999999996
5.0,-2.0,-10.0,-10.0,0.4595445394515991,0.029605087016820908,0.008766556158661842,0.029314223676919937,-0.14218315482139587,0.0007777950377203524,6.998431224297787,-3.330811977880865,0.18568955255573477,8.748039030372233,-27.75676648234054,1.0316086253096375,20.223748416156695,250.5125000000003,4.999999999999999,-1.9999999999999996
5.0,-2.0,-10.0,-5.0,0.46313783526420593,0.02935316984832287,0.00597336096689105,0.017369529232382774,-0.14686623215675354,0.00035928047145716846,4.146773834811412,-3.4405187156554335,0.08577404939793605,5.183467293514265,-28.670989297128614,0.47652249665520025,20.223748416156695,250.5125000000003,4.999999999999999,-1.9999999999999996
5.0,-2.0,-10.0,0.0,0.4626047611236572,0.030154854183197022,0.0030180413741618395,0.005002216435968876,-0.14669878780841827,-8.482213888783008e-05,1.1942212109046186,-3.436596129736137,-0.02025030278293509,1.4927765136307733,-28.63830108113448,-0.11250168212741717,20.223748416156695,250.5125000000003,4.999999999999999,-1.9999999999999996
5.0,-2.0,-10.0,5.0,0.4582720398902893,0.03177429934322834,-0.00012780388351529837,-0.007493581157177687,-0.1408979594707489,-0.0005186693160794675,-1.789005669404516,-3.3007047259125923,-0.12382628913327294,-2.236257086755645,-27.50587271593827,-0.687923828518183,20.223748416156695,250.5125000000003,4.999999999999999,-1.9999999999999996
5.0,-2.0,-10.0,10.0,0.4511895477771759,0.034078437958955765,-0.0034085395745933056,-0.019814856350421906,-0.13028179109096527,-0.0009231196017935872,-4.730567349015275,-3.0520081708037843,-0.2203841082798334,-5.913209186269094,-25.43340142336487,-1.2243561571101855,20.223748416156695,250.5125000000003,4.999999999999999,-1.9999999999999996
5.0,-2.0,0.0,-10.0,0.3622107207775116,0.02745836426794529,0.009925506077706814,0.02915334142744541,-0.052585016936063766,0.00041707203490659595,6.960022451458809,-1.2318674774640215,0.09957111551174541,8.700028064323512,-10.26556231220018,0.5531728639541411,20.223748416156695,250.5125000000003,4.999999999999999,-1.9999999999999996
5.0,-2.0,0.0,-5.0,0.3621143400669098,0.0255669123801589,0.006573700346052647,0.01685379631817341,-0.05195142328739166,0.0001369955571135506,4.023648577599069,-1.2170247816695916,0.03270610182484219,5.029560721998836,-10.14187318057993,0.1817005656935677,20.223748416156695,250.5125000000003,4.999999999999999,-1.9999999999999996
5.0,-2.0,0.0,0.0,0.35912811756134033,0.024993029547035694,0.0030458588153123856,0.004055170342326164,-0.051034994423389435,-0.00016025670629460365,0.9681249299440311,-1.1955563296512866,-0.038259431653252476,1.2101561624300388,-9.962969413760723,-0.21255239807362486,20.223748416156695,250.5125000000003,4.999999999999999,-1.9999999999999996
5.0,-2.0,0.0,5.0,0.3544851541519165,0.02573754557698965,-0.0004963327082805336,-0.008708757348358631,-0.04951952025294304,-0.00047586605069227517,-2.0791149041948516,-1.1600545184456437,-0.11360750550491842,-2.5988936302435643,-9.667120987047031,-0.6311528083606579,20.223748416156695,250.5125000000003,4.999999999999999,-1.9999999999999996
5.0,-2.0,0.0,10.0,0.3501068353652954,0.027633242433071137,-0.003895512782037258,-0.0209678802639246,-0.04712708666920662,-0.0008126056054607034,-5.005838447699445,-1.1040088747334633,-0.19400017223628988,-6.257298059624307,-9.200073956112195,-1.0777787346460548,20.223748416156695,250.5125000000003,4.999999999999999,-1.9999999999999996
5.0,-2.0,10.0,-10.0,0.24181202054023743,0.02872019273519516,0.010758901946246624,0.027867568656802177,0.04027669131755829,-0.0001445953967049718,6.653059101359717,0.9435300970670666,-0.03452047546415273,8.316323876699647,7.862750808892222,-0.19178041924529296,20.223748416156695,250.5125000000003,4.999999999999999,-1.9999999999999996
5.0,-2.0,10.0,-5.0,0.24680855870246887,0.026286622633337975,0.0069828517735004425,0.015809115022420883,0.044789835810661316,-0.00020478440274018794,3.7742430234826676,1.0492559529493453,-0.04888990321495317,4.717803779353335,8.74379960791121,-0.2716105734164065,20.223748416156695,250.5125000000003,4.999999999999999,-1.9999999999999996
5.0,-2.0,10.0,0.0,0.25277987122535706,0.0247698269161582,0.003024750854820013,0.003214101539924741,0.04557228088378906,-0.0003002852317877114,0.7673294992554388,1.0675856729846163,-0.07168961953419284,0.9591618740692985,8.896547274871804,-0.39827566407884907,20.223748416156695,250.5125000000003,4.999999999999999,-1.9999999999999996
5.0,-2.0,10.0,5.0,0.2587200105190277,0.024455743965804577,-0.0007885508821345866,-0.009264618158340454,0.04251475632190704,-0.000471069710329175,-2.211820231540876,0.9959594705264255,-0.11246243482082222,-2.7647752894260953,8.29966225438688,-0.6247913045601234,20.223748416156695,250.5125000000003,4.999999999999999,-1.9999999999999996
5.0,-2.0,10.0,10.0,0.26435378193855286,0.02534571023017168,-0.00421499740332365,-0.021087119355797768,0.03675223886966705,-0.0007288858760148287,-5.0343053992011875,0.8609655454248272,-0.17401305693345223,-6.292881749001484,7.174712878540227,-0.9667392051858457,20.223748416156695,250.5125000000003,4.999999999999999,-1.9999999999999996
5.0,-2.0,20.0,-10.0,0.12500934302806854,0.03286462662100792,0.010899790562689304,0.025513799861073494,0.12227806448936462,-0.0007607772713527083,6.091124075675413,2.8645112168518003,-0.18162675802882752,7.613905094594267,23.87092680709834,-1.0090375446045974,20.223748416156695,250.5125000000003,4.999999999999999,-1.9999999999999996
5.0,-2.0,20.0,-5.0,0.1390051543712616,0.030792394776940346,0.007014582399278879,0.014194933697581291,0.12837070226669312,-0.000604554486926645,3.3888759365033163,3.0072386089335614,-0.1443303784786194,4.236094920629146,25.060321741113015,-0.80183543599233,20.223748416156695,250.5125000000003,4.999999999999999,-1.9999999999999996
5.0,-2.0,20.0,0.0,0.15675139427185059,0.028863899533748627,0.0029742661863565445,0.002374975010752678,0.1295793652534485,-0.0005023969570174813,0.5669977637942654,3.035552997924037,-0.11994145196318436,0.7087472047428317,25.29627498270031,-0.6663413997954686,20.223748416156695,250.5125000000003,4.999999999999999,-1.9999999999999996
5.0,-2.0,20.0,5.0,0.17525169253349304,0.027453247581720353,-0.0008791615255177021,-0.009381920099258423,0.12535712122917175,-0.0005188820650801063,-2.2398247106988007,2.9366418365613374,-0.12387708049194639,-2.799780888373501,24.472015304677814,-0.6882060027330354,20.223748416156695,250.5125000000003,4.999999999999999,-1.9999999999999996
5.0,-2.0,20.0,10.0,0.1920734941959381,0.02682045114517212,-0.004259748850017786,-0.02052423730492592,0.11625276505947113,-0.0006757865194231272,-4.899923831951297,2.723361306817676,-0.16133620083597797,-6.124904789939122,22.694677556813968,-0.8963122268665442,20.223748416156695,250.5125000000003,4.999999999999999,-1.9999999999999996
5.0,0.0,-20.0,-10.0,0.5190900564193726,0.034068578978180886,0.004769002087414265,0.023260077461600304,-0.21707689762115479,0.0009905103361234069,5.553073967809491,-5.08528827923402,0.23647286521094374,6.941342459761863,-42.37740232695017,1.3137381400607986,20.223748416156692,250.5125000000002,5.0,0.0
5.0,0.0,-20.0,-5.0,0.5371075868606567,0.035988329102396965,0.0024169867392629385,0.011804369278252125,-0.22651903331279755,0.0005163251771591604,2.8181563820536852,-5.306481701886697,0.1232666531287593,3.5226954775671064,-44.22068084905581,0.6848147396042183,20.223748416156692,250.5125000000002,5.0,0.0
5.0,0.0,-20.0,0.0,0.5535869002342224,0.038430849214196205,-0.00010893687431234866,9.147397213382646e-05,-0.2287546694278717,2.1970441594021395e-05,0.021838350892298984,-5.358854175683794,0.005245188348080641,0.027297938615373732,-44.65711813069829,0.029139935267114673,20.223748416156692,250.5125000000002,5.0,0.0
5.0,0.0,-20.0,5.0,0.5659218430519104,0.04110935715317726,-0.002897036261856556,-0.011781410314142704,-0.22321949899196625,-0.00045259619946591556,-2.8126751954095575,-5.229186128785515,-0.10805209816402611,-3.515843994261947,-43.57655107321263,-0.6002894342445895,20.223748416156692,250.5125000000002,5.0,0.0
5.0,0.0,-20.0,10.0,0.5712588429450989,0.04389340442895889,-0.005930374842137098,-0.0236972663551569,-0.21092228591442108,-0.0008817391353659332,-5.6574477502198235,-4.941109073070354,-0.21050500141638565,-7.071809687774779,-41.17590894225295,-1.1694722300910314,20.223748416156692,250.5125000000002,5.0,0.0
5.0,0.0,-10.0,-10.0,0.453294962644577,0.029233707239031792,0.005797961261123419,0.024521660059690475,-0.13960817456245422,0.0009053094545379281,5.854262194515163,-3.2704899580180795,0.21613214199762604,7.317827743143955,-27.254082983483997,1.2007341222090335,20.223748416156692,250.5125000000002,5.0,0.0
5.0,0.0,-10.0,-5.0,0.4590221345424652,0.029154187192320824,0.0029348048847168684,0.012406876310706139,-0.14516189694404602,0.0004639089456759393,2.9619979545018427,-3.400592606631186,0.11075288523522257,3.7024974431273034,-28.33827172192655,0.6152938068623476,20.223748416156692,250.5125000000002,5.0,0.0
5.0,0.0,-10.0,0.0,0.4615166485309601,0.030097706367373467,-7.996113708941266e-05,-8.830187289277092e-05,-0.1460438072681427,1.8153898054151796e-05,-0.021081048955196927,-3.4212524201977645,0.004334032802135042,-0.026351311193996158,-28.510436834981373,0.024077960011861344,20.223748416156692,250.5125000000002,5.0,0.0
5.0,0.0,-10.0,5.0,0.46084660291671753,0.03180280712723732,-0.003253838513046503,-0.012645884416997433,-0.14158755540847778,-0.00040006160270422697,-3.0190583703724574,-3.316859342907626,-0.09551007193181292,-3.7738229629655717,-27.640494524230217,-0.530611510732294,20.223748416156692,250.5125000000002,5.0,0.0
5.0,0.0,-10.0,10.0,0.45734015107154846,0.0341475067037344,-0.006520451977849007,-0.024956747889518738,-0.13262678682804108,-0.0007768481154926121,-5.958134372306433,-3.1069425257134293,-0.18546348584632302,-7.447667965383041,-25.89118771427858,-1.030352699146239,20.223748416156692,250.5125000000002,5.0,0.0
5.0,0.0,0.0,-10.0,0.35830679535865784,0.027241684620380402,0.006855539511889219,0.024975363165140152,-0.04911716654896736,0.0006311094621196389,5.96257855365654,-1.1506288973991108,0.15067007110017158,7.453223192070675,-9.58857414499259,0.8370559505565087,20.223748416156692,250.5125000000002,5.0,0.0
5.0,0.0,0.0,-5.0,0.3596692681312561,0.0254548947635293,0.003440353088080883,0.012635006569325924,-0.049862924963235855,0.00033253920264542103,3.0164614102879446,-1.168099188179838,0.07938988133358367,3.770576762859931,-9.73415990149865,0.441054896297687,20.223748416156692,250.5125000000002,5.0,0.0
5.0,0.0,0.0,0.0,0.3581233620643616,0.02495460504025221,-0.00010019436740549281,-0.00017346318054478616,-0.05043226107954979,2.72836368822027e-05,-0.041412324350463166,-1.1814365737375065,0.006513652156483527,-0.051765405438078956,-9.845304781145888,0.03618695642490848,20.223748416156692,250.5125000000002,5.0,0.0
5.0,0.0,0.0,5.0,0.355085551738739,0.025738948148787022,-0.003605383448302746,-0.01291939802467823,-0.050469011068344116,-0.00028574003954418004,-3.0843565748673187,-1.1822974865722011,-0.06821712342846482,-3.855445718584148,-9.852479054768343,-0.3789840190470268,20.223748416156692,250.5125000000002,5.0,0.0
5.0,0.0,0.0,10.0,0.352578729391098,0.027675736819505692,-0.006949707865715027,-0.025163177400827408,-0.04966982454061508,-0.000606716494075954,-6.007417026129416,-1.1635755777605372,-0.144846532633259,-7.5092712826617705,-9.696463148004478,-0.8047029590736611,20.223748416156692,250.5125000000002,5.0,0.0
5.0,0.0,10.0,-10.0,0.24018318951129913,0.028781779234409333,0.007631692104041576,0.02436743676662445,0.043438620865345,0.00021050593932159245,5.817443170358059,1.017602112308344,0.050255853775458346,7.271803962947574,8.480017602569534,0.27919918764143525,20.223748416156692,250.5125000000002,5.0,0.0
5.0,0.0,10.0,-5.0,0.24613769352436066,0.026314016555547715,0.0038269537035375834,0.012369728647172451,0.04666023701429367,0.00013661464618053287,2.953129380281726,1.0930723582072477,0.03261516375338963,3.6914117253521574,9.10893631839373,0.18119535418549795,20.223748416156692,250.5125000000002,5.0,0.0
5.0,0.0,10.0,0.0,0.25227904319763184,0.024725579780638218,-9.253546159015968e-05,-0.00013567725545726717,0.046143628656864166,2.934134863608051e-05,-0.032391372580224946,1.0809701840294343,0.007004906993986907,-0.040489215725281184,9.008084866911954,0.03891614996659393,20.223748416156692,250.5125000000002,5.0,0.0
5.0,0.0,10.0,5.0,0.25782522559165955,0.024322218385636807,-0.003817507065832615,-0.012516582384705544,0.041840411722660065,-0.0001475909521104768,-2.988189008450068,0.9801621345395244,-0.03523562960621878,-3.735236260562585,8.16801778782937,-0.19575349781232657,20.223748416156692,250.5125000000002,5.0,0.0
5.0,0.0,10.0,10.0,0.26338204741477966,0.02517350868612528,-0.007163363043218851,-0.024295231327414513,0.03484615683555603,-0.0003981696499977261,-5.800204958427213,0.8163132736559552,-0.09505839014613783,-7.250256198034016,6.802610613799627,-0.5281021674785434,20.223748416156692,250.5125000000002,5.0,0.0
5.0,0.0,20.0,-10.0,0.12401533871889114,0.03311297682404518,0.007797570899128914,0.022689666599035263,0.12463743984699249,-0.00023995725496206433,5.416894984007957,2.919782431725147,-0.05728701411750103,6.771118730009946,24.331520264376227,-0.3182611895416724,20.223748416156692,250.5125000000002,5.0,0.0
5.0,0.0,20.0,-5.0,0.13857822120189667,0.030872883399128914,0.003918406553566456,0.011499025858938694,0.1297704130411148,-9.029245120473206e-05,2.7452591788594747,3.04002852289256,-0.02155627646135146,3.431573973574343,25.333571024104668,-0.11975709145195255,20.223748416156692,250.5125000000002,5.0,0.0
5.0,0.0,20.0,0.0,0.15596124529838562,0.028764557217359543,-6.819096597610041e-05,-0.00018830726912710816,0.13016070425510406,3.1459744604944717e-06,-0.0449561784936161,3.0491715655550333,0.0007510649484639947,-0.056195223117020125,25.409763046291946,0.004172583047022192,20.223748416156692,250.5125000000002,5.0,0.0
5.0,0.0,20.0,5.0,0.1731969565153122,0.02717358445107937,-0.0038312117103487253,-0.0118178091943264,0.12530243396759033,-2.039710852841381e-05,-2.821365006281391,2.9353607214662207,-0.004869573309663728,-3.526706257851739,24.461339345551842,-0.027053185053687378,20.223748416156692,250.5125000000002,5.0,0.0
5.0,0.0,20.0,10.0,0.18886081874370575,0.026429960628151894,-0.007134425453841686,-0.022888755425810814,0.11558651924133301,-0.00017316665616817772,-5.464425134458839,2.707753694551263,-0.041341532591524115,-6.830531418073549,22.564614121260526,-0.22967518106402285,20.223748416156692,250.5125000000002,5.0,0.0
5.0,2.0,-20.0,-10.0,0.5115698575973511,0.03392090474545956,0.0019319691928103566,0.01784590817987919,-0.21539904177188873,0.001069443067535758,4.260503788485127,-5.045982481251742,0.2553171402026174,5.325629735606409,-42.04985401043118,1.4184285566812078,20.223748416156695,250.5125000000003,4.999999999999999,1.9999999999999996
5.0,2.0,-20.0,-5.0,0.5318878293037415,0.03590667446434498,-0.0004788834776263684,0.006143936887383461,-0.22483429312705994,0.0005838217912241817,1.4667937389941204,-5.267014630015062,0.1393806876197677,1.8334921737426504,-43.891788583458855,0.7743371534431539,20.223748416156695,250.5125000000003,4.999999999999999,1.9999999999999996
5.0,2.0,-20.0,0.0,0.5516970157623291,0.03835983214259148,-0.003062852192670107,-0.005741014610975981,-0.22748015820980072,0.00010501562064746395,-1.3706007143637122,-5.328997212413941,0.025071262561077792,-1.7132508929546404,-44.40831010344951,0.13928479200598773,20.223748416156695,250.5125000000003,4.999999999999999,1.9999999999999996
5.0,2.0,-20.0,5.0,0.5676891803741455,0.04098919791460037,-0.005876943934708834,-0.01767727918922901,-0.22293198108673096,-0.0003365742159076035,-4.220245570955826,-5.2224506748998865,-0.08035319399421359,-5.275306963694782,-43.52042229083239,-0.4464066333011866,20.223748416156695,250.5125000000003,4.999999999999999,1.9999999999999996
5.0,2.0,-20.0,10.0,0.5759829878807068,0.0436582007753849,-0.008875145576894283,-0.02951798215508461,-0.2120465189218521,-0.0007277124677784741,-7.047076199908236,-4.96744558791126,-0.1737329193138905,-8.808845249885294,-41.395379899260504,-0.9651828850771694,20.223748416156695,250.5125000000003,4.999999999999999,1.9999999999999996
5.0,2.0,-10.0,-10.0,0.44562387466430664,0.02897356462955475,0.0028160784859210253,0.019651029258966446,-0.13657361268997192,0.0010178345255553722,4.6914555292767055,-3.1994016842687656,0.2429961988187805,5.864319411595882,-26.661680702239714,1.3499788823265584,20.223748416156695,250.5125000000003,4.999999999999999,1.9999999999999996
5.0,2.0,-10.0,-5.0,0.4531457722187042,0.029039034743905068,-0.00010282785660820082,0.007390158716589212,-0.142949640750885,0.0005599914584308863,1.7643147601215479,-3.3487678357180792,0.13369147179934968,2.2053934501519348,-27.906398630983997,0.7427303988852759,20.223748416156695,250.5125000000003,4.999999999999999,1.9999999999999996
5.0,2.0,-10.0,0.0,0.4587413966655731,0.030085280661582947,-0.003151667769998312,-0.005199084989726543,-0.14500334858894348,0.00011872596223838627,-1.2412212968998952,-3.396878420088399,0.028344447747327316,-1.551526621124869,-28.307320167403326,0.15746915415181842,20.223748416156695,250.5125000000003,4.999999999999999,1.9999999999999996
5.0,2.0,-10.0,5.0,0.46201586723327637,0.03185127687931061,-0.006325277034193277,-0.017790235579013824,-0.1421200931072235,-0.000279605679679662,-4.247212600134784,-3.329334681128132,-0.06675261609270608,-5.30901575016848,-27.74445567606777,-0.37084786718170043,20.223748416156695,250.5125000000003,4.999999999999999,1.9999999999999996
5.0,2.0,-10.0,10.0,0.4621801972389221,0.0342222155380249,-0.009553125128149986,-0.030066849663853645,-0.13497263193130493,-0.0006269325385801494,-7.178111957624586,-3.1618967780509837,-0.14967287900522003,-8.972639947030732,-26.349139817091533,-0.8315159944734446,20.223748416156695,250.5125000000003,4.999999999999999,1.9999999999999996
5.0,2.0,0.0,-10.0,0.3535328805446625,0.027105720837712288,0.0037542979698628187,0.02072267420589924,-0.04571746662259102,0.0008373309974558651,4.947298342671088,-1.0709868241155396,0.19990307306965502,6.18412292833886,-8.92489020096283,1.11057262816475,20.223748416156695,250.5125000000003,4.999999999999999,1.9999999999999996
5.0,2.0,0.0,-5.0,0.35585153102874756,0.025407823857963086,0.0003058395523112267,0.008378710597753525,-0.047800928354263306,0.0005188001086935401,2.000320066904605,-1.1197944293485764,0.12385751435432335,2.500400083630756,-9.331620244571472,0.6880973019684631,20.223748416156695,250.5125000000003,4.999999999999999,1.9999999999999996
5.0,2.0,0.0,0.0,0.3557230830192566,0.024969146710932255,-0.0032172107603400946,-0.004395002499222755,-0.0498952753841877,0.00020585923630278558,-1.0492559195979743,-1.1688570358287476,0.04914650727338945,-1.3115698994974678,-9.740475298572896,0.27303615151883026,20.223748416156695,250.5125000000003,4.999999999999999,1.9999999999999996
5.0,2.0,0.0,5.0,0.3547267019748688,0.025804481593072415,-0.006674302276223898,-0.0171036534011364,-0.05158614367246628,-0.00010166848369408399,-4.083299060937534,-1.2084676658973503,-0.024272172398407774,-5.104123826171918,-10.07056388247792,-0.13484540221337651,20.223748416156695,250.5125000000003,4.999999999999999,1.9999999999999996
5.0,2.0,0.0,10.0,0.3546806871891022,0.027810879175662995,-0.00997346080839634,-0.029338616877794266,-0.05250144377350807,-0.0004020513442810625,-7.004254818350318,-1.229909675281199,-0.09598509967715192,-8.755318522937896,-10.249247294009994,-0.5332505537619551,20.223748416156695,250.5125000000003,4.999999999999999,1.9999999999999996
5.0,2.0,10.0,-10.0,0.23887328803539276,0.02886474144935608,0.004475675523281097,0.02079281583428383,0.046039000153541565,0.0005639811861328781,4.9640438436817895,1.0785191350811085,0.13464397305723047,6.205054804602237,8.987659459009238,0.7480220725401693,20.223748416156695,250.5125000000003,4.999999999999999,1.9999999999999996
5.0,2.0,10.0,-5.0,0.2450115829706192,0.026357563336491585,0.000675155664794147,0.008901944383978844,0.04803533852100372,0.000468690472189337,2.125236070394402,1.1252857703734453,0.11189441928435784,2.6565450879930026,9.377381419778711,0.6216356626908769,20.223748416156695,250.5125000000003,4.999999999999999,1.9999999999999996
5.0,2.0,10.0,0.0,0.25077253580093384,0.02471211285620928,-0.003182420739904046,-0.00346455629914999,0.04630086570978165,0.0003454661928117275,-0.8271226708759446,1.0846536517361551,0.08247605044429084,-1.0339033385949308,9.038780431134628,0.4582002802460602,20.223748416156695,250.5125000000003,4.999999999999999,1.9999999999999996
5.0,2.0,10.0,5.0,0.25595906376838684,0.024269909721910954,-0.006826664786785841,-0.01573158986866474,0.040793709456920624,0.0001638179091969505,-3.755734791346108,0.9556418708811513,0.03910962758074915,-4.694668489182635,7.963682257342928,0.21727570878193972,20.223748416156695,250.5125000000003,4.999999999999999,1.9999999999999996
5.0,2.0,10.0,10.0,0.26210418343544006,0.025164312807023526,-0.010130822658538818,-0.02748730033636093,0.0324927419424057,-7.320135046029463e-05,-6.562274446213532,0.7611816898556448,-0.017475974201746906,-8.202843057766916,6.343180748797041,-0.09708874556526058,20.223748416156695,250.5125000000003,4.999999999999999,1.9999999999999996
5.0,2.0,20.0,-10.0,0.1240665391087532,0.03331630316853523,0.004681830294430256,0.01979321613907814,0.1263459324836731,0.00028530677082017064,4.7254009993129,2.9598059334228375,0.06811368554110894,5.9067512491411245,24.665049445190313,0.3784093641172719,20.223748416156695,250.5125000000003,4.999999999999999,1.9999999999999996
5.0,2.0,20.0,-5.0,0.13832178711891174,0.030932577450871468,0.0008294099243357778,0.008776498958468437,0.1305878907442093,0.00041869282722473145,2.0952874286526604,3.0591789245596077,0.09995806089676927,2.6191092858158256,25.4931577046634,0.5553225605376071,20.223748416156695,250.5125000000003,4.999999999999999,1.9999999999999996
5.0,2.0,20.0,0.0,0.15448340773582458,0.028691532214283944,-0.0030940589495003223,-0.002727965358644724,0.13026192784309387,0.0004973720642738044,-0.6512701190778353,3.051542850252888,0.11874181704657617,-0.8140876488472941,25.429523752107404,0.6596767613698676,20.223748416156695,250.5125000000003,4.999999999999999,1.9999999999999996
5.0,2.0,20.0,5.0,0.1700976938009262,0.02700205159664154,-0.006785259116441011,-0.014202019199728966,0.12481003999710083,0.000466819474240765,-3.3905675180378174,2.9238257985226217,0.11144774020432499,-4.238209397547272,24.365214987688518,0.6191541122462499,20.223748416156695,250.5125000000003,4.999999999999999,1.9999999999999996
5.0,2.0,20.0,10.0,0.1850648820400238,0.02626871143758297,-0.010063530877232552,-0.02521064132452011,0.11435852944850922,0.0003243961837142706,-6.018748487922835,2.6789865518064655,0.0774458299210034,-7.523435609903544,22.324887931720546,0.43025461067224113,20.223748416156695,250.5125000000003,4.999999999999999,1.9999999999999996
5.0,4.0,-20.0,-10.0,0.5019045472145081,0.03383777302980423,-0.0008853773470036685,0.012383961118757725,-0.21288245916366577,0.0011347085237503052,2.9565272179539446,-4.987028496827036,0.2708985116103665,3.6956590224424306,-41.55857080689197,1.5049917311687027,20.22374841615669,250.5125000000001,5.0,4.0
5.0,4.0,-20.0,-5.0,0.5244584083557129,0.03587083158373833,-0.0033507097978144884,0.0004677714896388352,-0.22244250774383545,0.0006502813193947077,0.11167502284913576,-5.210984171182071,0.15524712987069803,0.1395937785614197,-43.42486809318393,0.8624840548372112,20.22374841615669,250.5125000000001,5.0,4.0
5.0,4.0,-20.0,0.0,0.5474677681922913,0.0383195692050457,-0.0059714168310165405,-0.011550884693861008,-0.2256852388381958,0.00019551899458747357,-2.7576398747829267,-5.286949060157209,0.046677894381409554,-3.4470498434786583,-44.05790883464341,0.25932163545227527,20.22374841615669,250.5125000000001,5.0,4.0
5.0,4.0,-20.0,5.0,0.5666089057922363,0.04089019832491875,-0.008776399306952953,-0.02349504828453064,-0.2221943587064743,-0.00021022568398620933,-5.609170529059695,-5.205170980533851,-0.05018894606159431,-7.011463161324619,-43.376424837782096,-0.2788274781199684,20.22374841615669,250.5125000000001,5.0,4.0
5.0,4.0,-20.0,10.0,0.5768004655838013,0.04343083513259888,-0.011699759401381016,-0.035181354731321335,-0.21252790093421936,-0.0005652803811244667,-8.399140778155022,-4.978722542447421,-0.13495414080705018,-10.498925972693778,-41.489354520395175,-0.7497452267058343,20.22374841615669,250.5125000000001,5.0,4.0
5.0,4.0,-10.0,-10.0,0.43590250611305237,0.02879079257428646,-0.0001642522111069411,0.014764944091439247,-0.1330236792564392,0.0011223906185477972,3.524959313041462,-3.11624020978929,0.26795775447699427,4.406199141301828,-25.968668414910752,1.488654191538857,20.22374841615669,250.5125000000001,5.0,4.0
5.0,4.0,-10.0,-5.0,0.44546231627464294,0.028994402040839196,-0.0031239965464919806,0.002392672933638096,-0.14030472934246063,0.0006571336998604238,0.5712229378084771,-3.2868075942908836,0.1568830563049291,0.7140286722605964,-27.390063285757364,0.8715725350273839,20.22374841615669,250.5125000000001,5.0,4.0
5.0,4.0,-10.0,0.0,0.45458078384399414,0.030140841503739357,-0.006188502535223961,-0.01026076078414917,-0.14367595314979553,0.00022784517204854637,-2.449637740650029,-3.3657825801230206,0.054395394670659354,-3.0620471758125363,-28.04818816769184,0.3021966370592186,20.22374841615669,250.5125000000001,5.0,4.0
5.0,4.0,-10.0,5.0,0.4619441330432892,0.03197184589982033,-0.009343857876956463,-0.02285841479897499,-0.14244472980499268,-0.0001457428006688133,-5.457181661373798,-3.336939687521099,-0.03479440486497644,-6.8214770767172475,-27.80783072934249,-0.1933022492498691,20.22374841615669,250.5125000000001,5.0,4.0
5.0,4.0,-10.0,10.0,0.46525630354881287,0.03436034371435642,-0.01251309271901846,-0.03505838289856911,-0.13697826862335205,-0.00046207779087126255,-8.36978267802154,-3.208881237817256,-0.11031571824411225,-10.462228347526924,-26.74067698181047,-0.6128651013561791,20.22374841615669,250.5125000000001,5.0,4.0
5.0,4.0,0.0,-10.0,0.3473632335662842,0.02701263700902462,0.000644780055154115,0.016470158472657204,-0.04238862544298172,0.0010375247802585363,3.932059487385607,-0.993004702482117,0.2476970189683344,4.915074359232009,-8.275039187350975,1.37609454982408,20.22374841615669,250.5125000000001,5.0,4.0
5.0,4.0,0.0,-5.0,0.35071036219596863,0.025416697499454022,-0.0028106141835451126,0.004156532231718302,-0.04577048495411873,0.0007012611604295671,0.99232390650551,-1.0722288425102044,0.16741797618886273,1.2404048831318875,-8.935240354251704,0.930099867715904,20.22374841615669,250.5125000000001,5.0,4.0
5.0,4.0,0.0,0.0,0.3524802029132843,0.025064359543025494,-0.006304300855845213,-0.00856438372284174,-0.04937565699219704,0.0003851121582556516,-2.0446473740320776,-1.1566843479590494,0.09194106529640307,-2.555809217540097,-9.63903623299208,0.5107836960911282,20.22374841615669,250.5125000000001,5.0,4.0
5.0,4.0,0.0,5.0,0.35411542654037476,0.025985376102030278,-0.009721116162836552,-0.021239088848233223,-0.05269825458526611,8.945375884650275e-05,-5.070586354573655,-1.2345202060434648,0.021356048379171908,-6.338232943217069,-10.287668383695541,0.11864471321762171,20.22374841615669,250.5125000000001,5.0,4.0
5.0,4.0,0.0,10.0,0.35675743222236633,0.028085947160720826,-0.012987879104912281,-0.03346385806798935,-0.05524639040231705,-0.0001842267665779218,-7.989108351277098,-1.2942133624610581,-0.043982005792821126,-9.986385439096372,-10.785111353842153,-0.24434447662678402,20.22374841615669,250.5125000000001,5.0,4.0
5.0,4.0,10.0,-10.0,0.23710723221302032,0.028943717603683472,0.0013120208168402314,0.01721249334514141,0.04814361780881882,0.0009113631094805896,4.109283336385877,1.127822343354006,0.21757738196845974,5.136604170482347,9.39851952795005,1.2087632331581097,20.22374841615669,250.5125000000001,5.0,4.0
5.0,4.0,10.0,-5.0,0.24303917586803436,0.026425136377215386,-0.002460107207298279,0.005460689309984446,0.049070216715335846,0.0007913440931588411,1.3036762970214075,1.1495290408906806,0.18892423254199392,1.6295953712767595,9.579408674089006,1.049579069677744,20.22374841615669,250.5125000000001,5.0,4.0
5.0,4.0,10.0,0.0,0.2484622746706009,0.02477561787992716,-0.006254856009036303,-0.006753594148904085,0.04626432806253433,0.0006537896115332842,-1.6123423457786505,1.0837977132584364,0.15608469396644803,-2.015427932223313,9.03164761048697,0.867137188702489,20.22374841615669,250.5125000000001,5.0,4.0
5.0,4.0,10.0,5.0,0.25389179587364197,0.02437307604879141,-0.009846992790699005,-0.01892283372581005,0.03962887078523636,0.00047408833052031696,-4.517607283701354,0.9283541193551805,0.11318309541319581,-5.647009104626692,7.736284327959838,0.6287949745177545,20.22374841615669,250.5125000000001,5.0,4.0
5.0,4.0,10.0,10.0,0.26146894693374634,0.02539221116632223,-0.013151202350854874,-0.030679645016789436,0.03000202775001526,0.0002597981074359268,-7.324409747371849,0.7028337042879226,0.062023787739757634,-9.15551218421481,5.856947535732688,0.3445765985542091,20.22374841615669,250.5125000000001,5.0,4.0
5.0,4.0,20.0,-10.0,0.12398696690797806,0.0334992484498024,0.0015615550801157951,0.01687355525791645,0.1275462508201599,0.000804965675342828,4.028365795506003,2.9879248389110593,0.19217622744833723,5.0354572443825045,24.89937365759216,1.067645708046318,20.22374841615669,250.5125000000001,5.0,4.0
5.0,4.0,20.0,-5.0,0.1372527778148651,0.03102056880772114,-0.0022522578947246075,0.006059262435883284,0.13107797503471375,0.0009161285706795752,1.4465786948636588,3.070659740462404,0.2187150806099359,1.8082233685795734,25.588831170520034,1.2150837811663107,20.22374841615669,250.5125000000001,5.0,4.0
5.0,4.0,20.0,0.0,0.15187178552150726,0.028719747563004494,-0.006120419129729271,-0.0052431789226830006,0.1301659643650055,0.0009794237557798624,-1.2517482124548003,3.0492947899769876,0.23382607261967214,-1.5646852655685004,25.410789916474897,1.2990337367759563,20.22374841615669,250.5125000000001,5.0,4.0
5.0,4.0,20.0,5.0,0.16627489030361176,0.027038728942275048,-0.009775430895388126,-0.016565188765525818,0.1241057813167572,0.0009473977843299508,-3.9547468686444702,2.907327689087914,0.22618024303694992,-4.943433585805588,24.227730742399284,1.2565569057608328,20.22374841615669,250.5125000000001,5.0,4.0
5.0,4.0,20.0,10.0,0.1816108673810959,0.02644244035065174,-0.01308497879654169,-0.027534058317542076,0.11272668838500977,0.0008253942942246795,-6.573437372412418,2.640758705708032,0.197053323489758,-8.216796715515523,22.006322547566935,1.094740686054211,20.22374841615669,250.5125000000001,5.0,4.0
5.0,6.0,-20.0,-10.0,0.4900941848754883,0.033800922458171845,-0.0036869309842586517,0.006977658718824387,-0.2097693532705307,0.0012076764833182096,1.6658351654989185,-4.914100234612774,0.2883187664409722,2.0822939568736483,-40.950835288439784,1.6017709246720677,20.22374841615669,250.5125000000001,4.999999999999999,6.000000000000001
5.0,6.0,-20.0,-5.0,0.5151100158691406,0.03589632933318615,-0.006198153831064701,-0.005106109194457531,-0.21962960064411163,0.0007357044378295541,-1.2190244031364452,-5.145088427961326,0.17564090955663275,-1.5237805039205565,-42.87573689967772,0.9757828308701819,20.22374841615669,250.5125000000001,4.999999999999999,6.000000000000001
5.0,6.0,-20.0,0.0,0.5411192178726196,0.03836287756741047,-0.008832436986267567,-0.017197931185364723,-0.22357268631458282,0.00030989033984951675,-4.105806789478219,-5.237459968018331,0.07398272778475914,-5.132258486847774,-43.64549973348609,0.41101515435977304,20.22374841615669,250.5125000000001,4.999999999999999,6.000000000000001
5.0,6.0,-20.0,5.0,0.562511682510376,0.040890619282722473,-0.011594545096158981,-0.02906498871743679,-0.22102667391300201,-6.13886077189818e-05,-6.938929265731273,-5.177816555170506,-0.014655818752414968,-8.673661582164092,-43.14847129308755,-0.08142121529119427,20.22374841615669,250.5125000000001,4.999999999999999,6.000000000000001
5.0,6.0,-20.0,10.0,0.5731461048126221,0.04329992470622063,-0.014406105503439903,-0.040493931621313095,-0.2122199535369873,-0.0003861389122903347,-9.667456951155843,-4.971508503058955,-0.09218619092467129,-12.084321188944804,-41.429237525491295,-0.5121455051370627,20.22374841615669,250.5125000000001,4.999999999999999,6.000000000000001
5.0,6.0,-10.0,-10.0,0.4245009124279022,0.02868010674893856,-0.0031434146221727133,0.00996177364140749,-0.1292351335287094,0.001237550750374794,2.3782580248339693,-3.0274889543784567,0.29545090153266224,2.9728225310424614,-25.229074619820473,1.641393897403679,20.22374841615669,250.5125000000001,4.999999999999999,6.000000000000001
5.0,6.0,-10.0,-5.0,0.4367463290691376,0.02904537891328335,-0.006134311202913523,-0.002483786316588521,-0.1375056505203247,0.0007747489144094288,-0.5929752022115662,-3.2212357951595845,0.1849623259122055,-0.7412190027644577,-26.843631626329874,1.0275684772900304,20.22374841615669,250.5125000000001,4.999999999999999,6.000000000000001
5.0,6.0,-10.0,0.0,0.44970881938934326,0.030316639815568924,-0.009202981367707253,-0.015164828859269619,-0.14221635460853577,0.00036395262577570975,-3.6204271676962163,-3.33158972295768,0.08688947210289956,-4.525533959620271,-27.763247691314003,0.4827192894605531,20.22374841615669,250.5125000000001,4.999999999999999,6.000000000000001
5.0,6.0,-10.0,5.0,0.4606817960739136,0.032224640374183655,-0.01232280395925045,-0.027717890217900276,-0.14247819781303406,1.73757962329546e-05,-6.617325108470793,-3.3377237159962023,0.004148270008579063,-8.271656385588491,-27.814364299968354,0.023045944492105903,20.22374841615669,250.5125000000001,4.999999999999999,6.000000000000001
5.0,6.0,-10.0,10.0,0.46581122279167175,0.034609904636740685,-0.015403122641146183,-0.03976438194513321,-0.13829448819160461,-0.0002705708902794868,-9.493285419624769,-3.239715269520688,-0.06459566481403638,-11.866606774530961,-26.997627246005734,-0.3588648045224243,20.22374841615669,250.5125000000001,4.999999999999999,6.000000000000001
5.0,6.0,0.0,-10.0,0.3400633931159973,0.026970666025877,-0.002465737983584404,0.012306015007197857,-0.039310477674007416,0.00124548829626292,2.937918487019594,-0.9208953765112179,0.2973458986371393,3.6723981087744924,-7.674128137593483,1.6519216590952182,20.22374841615669,250.5125000000001,4.999999999999999,6.000000000000001
5.0,6.0,0.0,-5.0,0.34502843022346497,0.02551777021318674,-0.0059159197844564915,4.689989873440936e-05,-0.043885666877031326,0.0008971825591288507,0.011196807370263654,-1.028074704594393,0.21419193988910928,0.013996009212829568,-8.567289204953276,1.1899552216061626,20.22374841615669,250.5125000000001,4.999999999999999,6.000000000000001
5.0,6.0,0.0,0.0,0.349350243806839,0.025294845116436482,-0.009384442120790482,-0.012611977756023407,-0.048864834010601044,0.0005845669656991959,-3.0109635479583416,-1.1447177031915028,0.13955858939096802,-3.763704434947927,-9.539314193262523,0.775325496616489,20.22374841615669,250.5125000000001,4.999999999999999,6.000000000000001
5.0,6.0,0.0,5.0,0.3538600504398346,0.026333920781612397,-0.01277067605406046,-0.025239884853363037,-0.05361717939376831,0.0003069865342695266,-6.025730041574689,-1.256047128573604,0.07328947785038366,-7.532162551968361,-10.467059404780032,0.40716376583546476,20.22374841615669,250.5125000000001,4.999999999999999,6.000000000000001
5.0,6.0,0.0,10.0,0.3585973083972931,0.028525650625228882,-0.01599666103720665,-0.037412360310554504,-0.057466115802526474,6.260874943109229e-05,-8.931767508419792,-1.346213108562566,0.014947113447789259,-11.164709385524741,-11.218442571354716,0.08303951915438476,20.22374841615669,250.5125000000001,4.999999999999999,6.000000000000001
5.0,6.0,10.0,-10.0,0.2346976399421692,0.02905205835878849,-0.001854956615716219,0.013694798573851585,0.04974319785833359,0.0012616801541298628,3.269474471028593,1.165294436269624,0.3012115170797189,4.086843088785741,9.710786968913535,1.6733973171095493,20.22374841615669,250.5125000000001,4.999999999999999,6.000000000000001
5.0,6.0,10.0,-5.0,0.2405535727739334,0.026576511685848236,-0.005591399036347866,0.002097884425893426,0.0498395711183548,0.001118747633881867,0.5008455974462706,1.1675520961817938,0.2670880341010882,0.6260569968078382,9.729600801514948,1.4838224116727123,20.22374841615669,250.5125000000001,4.999999999999999,6.000000000000001
5.0,6.0,10.0,0.0,0.24620862305164337,0.024993975770771504,-0.009340002201497555,-0.00996755063533783,0.046167902648448944,0.0009727620636112988,-2.3796372151939207,1.0815388315743777,0.2322356708067856,-2.9745465189924007,9.012823596453147,1.2901981711488089,20.22374841615669,250.5125000000001,4.999999999999999,6.000000000000001
5.0,6.0,10.0,5.0,0.25270000100135803,0.02470692911475897,-0.012910901568830013,-0.02204914204776287,0.03854050487279892,0.0008034104248508811,-5.263977169469909,0.9028578344962772,0.19180492941484997,-6.579971461837387,7.523815287468977,1.0655829411936109,20.22374841615669,250.5125000000001,4.999999999999999,6.000000000000001
5.0,6.0,10.0,10.0,0.2621340751647949,0.02589638450473547,-0.016231849789619446,-0.03379838541150093,0.027732230722904205,0.0006190055282786489,-8.068972878204894,0.649660969903482,0.14778039714996855,-10.086216097756118,5.4138414158623505,0.8210022063887141,20.22374841615669,250.5125000000001,4.999999999999999,6.000000000000001
5.0,6.0,20.0,-10.0,0.12322904914617538,0.0337315202999115,-0.0015694604953750968,0.013975651934742928,0.12827788293361664,0.0013233369681984186,3.3365249565530815,3.005064204048688,0.3159313669902536,4.170656195691352,25.042201700405737,1.7551742610569643,20.22374841615669,250.5125000000001,4.999999999999999,6.000000000000001
5.0,6.0,20.0,-5.0,0.13524484634399414,0.03122030583500862,-0.005345625337213278,0.0033760080114006996,0.13134726881980896,0.0014116130769252777,0.8059827932290853,3.076968272342223,0.3370062650493813,1.0074784915363566,25.641402269518526,1.8722570280521182,20.22374841615669,250.5125000000001,4.999999999999999,6.000000000000001
5.0,6.0,20.0,0.0,0.14863985776901245,0.02894309175491333,-0.009178613312542439,-0.007722864393144846,0.12998081743717194,0.0014636942651122808,-1.843744385172177,3.0449574997707707,0.3494400452382602,-2.3046804814652213,25.37464583142309,1.9413335846570012,20.22374841615669,250.5125000000001,4.999999999999999,6.000000000000001
5.0,6.0,20.0,5.0,0.16281770169734955,0.027374014382362366,-0.012834141962230206,-0.01890101283788681,0.12327225506305695,0.0014386485563591123,-4.512397799559219,2.887801330756714,0.34346067249059137,-5.640497249449023,24.065011089639285,1.908114847169952,20.22374841615669,250.5125000000001,4.999999999999999,6.000000000000001
5.0,6.0,20.0,10.0,0.17962777614593506,0.027002669994831086,-0.01620831899344921,-0.02983725816011429,0.1108495444059372,0.001346997101791203,-7.123299646498359,2.5967843427987556,0.3215799497237328,-8.904124558122948,21.639869523322965,1.7865552762429602,20.22374841615669,250.5125000000001,4.999999999999999,6.000000000000001
7.5,-6.0,-20.0,-10.0,0.7145773768424988,0.04532918718934059,0.011159075424075127,0.04148035869002342,-0.2723793089389801,0.001954990904778242,9.902954983586783,-6.380813999242788,0.4667314250586967,12.378693729483478,-53.1734499936899,2.5929523614372036,20.223748416156695,250.5125000000003,7.499999999999998,-6.0
7.5,-6.0,-20.0,-5.0,0.7251792550086975,0.04745684576511383,0.009359519928693771,0.030849570408463478,-0.28275176882743835,0.001266006613150239,7.364977465623555,-6.6238013888527885,0.30224440903799,9.206221832029444,-55.19834490710657,1.679135605766611,20.223748416156695,250.5125000000003,7.499999999999998,-6.0
7.5,-6.0,-20.0,0.0,0.7339785695075989,0.05004826945543289,0.0075098066590726376,0.019825855270028114,-0.2865476906299591,0.0004548724682535976,4.733193213621276,-6.7127254377165055,0.10859553096082067,5.9164915170265955,-55.93937864763755,0.6033085053378926,20.223748416156695,250.5125000000003,7.499999999999998,-6.0
7.5,-6.0,-20.0,5.0,0.7402024865150452,0.05299031001806259,0.005502562504261732,0.008423414081335068,-0.2825598120689392,-0.00045086393947713077,2.0109925056080824,-6.619304570145627,-0.1076385411642664,2.5137406320101032,-55.16087141788023,-0.5979918953570356,20.223748416156695,250.5125000000003,7.499999999999998,-6.0
7.5,-6.0,-20.0,10.0,0.7421548366546631,0.056229140733480454,0.003258167067542672,-0.0033124983310699463,-0.2708624005317688,-0.001402627327479422,-0.7908205929685392,-6.345278589310196,-0.3348610214915552,-0.988525741210674,-52.877321577584965,-1.8603390082864177,20.223748416156695,250.5125000000003,7.499999999999998,-6.0
7.5,-6.0,-10.0,-10.0,0.650920569896698,0.04035810207307339,0.01245076023042202,0.04119998216629028,-0.20342424511909485,0.0018813428469002247,9.836018337408465,-4.765458419354844,0.4491488046371907,12.29502292176058,-39.7121534946237,2.4952711368732814,20.223748416156695,250.5125000000003,7.499999999999998,-6.0
7.5,-6.0,-10.0,-5.0,0.6491456031799316,0.03999941435933113,0.01029252540320158,0.029627464711666107,-0.20667338371276855,0.0011747076641768217,7.073213891662944,-4.8415734117334965,0.28044784289715785,8.84151736457868,-40.34644509777914,1.558043571650877,20.223748416156695,250.5125000000003,7.499999999999998,-6.0
7.5,-6.0,-10.0,0.0,0.6440899968147278,0.04048150603950024,0.008046820759773254,0.017651528120040894,-0.20543444156646729,0.000381279707653448,4.214097801577677,-4.812549696891992,0.09102611212364838,5.267622251972096,-40.104580807433265,0.5057006229091576,20.223748416156695,250.5125000000003,7.499999999999998,-6.0
7.5,-6.0,-10.0,5.0,0.6369473338127136,0.04181363445997238,0.005651670042425394,0.0055204215459525585,-0.19915775954723358,-0.0004661011043936014,1.317936676211511,-4.665510846352525,-0.1112762377274253,1.6474208452643888,-38.87925705293771,-0.6182013207079183,20.223748416156695,250.5125000000003,7.499999999999998,-6.0
7.5,-6.0,-10.0,10.0,0.6287388801574707,0.04397824791550636,0.0030929252970963717,-0.006544566713273525,-0.18826593458652496,-0.0013338899007067084,-1.562439467627266,-4.410356703193432,-0.31845075734450257,-1.9530493345340825,-36.752972526611934,-1.7691708741361254,20.223748416156695,250.5125000000003,7.499999999999998,-6.0
7.5,-6.0,0.0,-10.0,0.5552570819854736,0.036827830721735955,0.013758763670921326,0.03980598598718643,-0.1199502944946289,0.0014401706866919994,9.503217902578145,-2.809980395743232,0.3438240634698832,11.87902237822268,-23.416503297860267,1.9101336859437954,20.223748416156695,250.5125000000003,7.499999999999998,-6.0
7.5,-6.0,0.0,-5.0,0.5485387444496155,0.03465165396511555,0.011145761236548424,0.02764499932527542,-0.11622729897499084,0.0008042145636864007,6.599923252479832,-2.722764733058124,0.19199690824387167,8.24990406559979,-22.689706108817703,1.0666494902437313,20.223748416156695,250.5125000000003,7.499999999999998,-6.0
7.5,-6.0,0.0,0.0,0.5402714610099792,0.03366408323228359,0.008360661566257477,0.015021683648228645,-0.11181794852018356,0.00011415303742978722,3.5862529072553193,-2.6194703777739465,0.02725271493804051,4.482816134069149,-21.82891981478289,0.15140397187800284,20.223748416156695,250.5125000000003,7.499999999999998,-6.0
7.5,-6.0,0.0,5.0,0.532106339931488,0.03402149130880833,0.005484331399202347,0.002445052145048976,-0.10690845549106598,-0.0006130858673714101,0.5837278675887129,-2.50445957915122,-0.14636714670243617,0.7296598344858911,-20.870496492926836,-0.8131508150135343,20.223748416156695,250.5125000000003,7.499999999999998,-6.0
7.5,-6.0,0.0,10.0,0.5254970788955688,0.03563787428021431,0.0026459675282239914,-0.009654813446104527,-0.10152874141931534,-0.0013698362745344639,-2.3049748351066515,-2.3784332851765924,-0.32703253756727246,-2.8812185438833144,-19.820277376471605,-1.8168474309292915,20.223748416156695,250.5125000000003,7.499999999999998,-6.0
7.5,-6.0,10.0,-10.0,0.43644797801971436,0.03568055120587349,0.014815196394920349,0.037062305957078934,-0.02903420478105545,0.0006308396114036441,8.848196087782327,-0.6801612833423551,0.15060564736862306,11.060245109727909,-5.6680106945196265,0.8366980409367948,20.223748416156695,250.5125000000003,7.499999999999998,-6.0
7.5,-6.0,10.0,-5.0,0.434743195772171,0.03313398373603821,0.011762529611587524,0.02506847120821476,-0.021137773990631104,0.0001823116617742926,5.984807020051155,-0.4951778632438808,0.0435247967122316,7.481008775063945,-4.126482193699007,0.24180442617906442,20.223748416156695,250.5125000000003,7.499999999999998,-6.0
7.5,-6.0,10.0,0.0,0.4349389970302582,0.03156336036801338,0.008469964377582073,0.012492932379245758,-0.016081660985946655,-0.0003165491798426956,2.9825428436909833,-0.3767323147632817,-0.07557244867382223,3.728178554613729,-3.1394359563606806,-0.41984693707679016,20.223748416156695,250.5125000000003,7.499999999999998,-6.0
7.5,-6.0,10.0,5.0,0.4366166591644287,0.031241152559518814,0.005181576125323772,-3.176054451614618e-05,-0.014447291381657124,-0.00088196259457618,-0.0075824619779203285,-0.3384452345455849,-0.21055834971349854,-0.00947807747240041,-2.820376954546541,-1.1697686095194364,20.223748416156695,250.5125000000003,7.499999999999998,-6.0
7.5,-6.0,10.0,10.0,0.4391893744468689,0.03215412621676922,0.002164423931390047,-0.011896203272044659,-0.015805546194314957,-0.0015223342925310135,-2.8400806839452506,-0.3702639925742558,-0.36343967229316515,-3.5501008549315634,-3.0855332714521317,-2.019109290517584,20.223748416156695,250.5125000000003,7.499999999999998,-6.0
7.5,-6.0,20.0,-10.0,0.32017019391059875,0.037205208216905594,0.015232882462441921,0.033190466463565826,0.05571557581424713,-0.000368135777534917,7.9238392736462036,1.3052045969140205,-0.08788815111313934,9.904799092057754,10.876704974283504,-0.48826750618410747,20.223748416156695,250.5125000000003,7.499999999999998,-6.0
7.5,-6.0,20.0,-5.0,0.3292868733406067,0.03546444897830486,0.011932121589779854,0.021955708041787148,0.06456030905246735,-0.0005846470012329519,5.241670883209753,1.512403146193866,-0.13957769694724062,6.552088604012192,12.60335955161555,-0.7754316497068923,20.223748416156695,250.5125000000003,7.499999999999998,-6.0
7.5,-6.0,20.0,0.0,0.3420559763908386,0.03400814173102379,0.008421270176768303,0.010132226161658764,0.06929965317249298,-0.0008625118643976748,2.4189515889253843,1.6234280012979052,-0.20591471326871638,3.0236894861567305,13.528566677482544,-1.1439706292706466,20.223748416156695,250.5125000000003,7.499999999999998,-6.0
7.5,-6.0,20.0,5.0,0.35599052906036377,0.0330867694067955,0.004985594656318426,-0.0017571975477039814,0.06914454698562622,-0.0012470702640712261,-0.419510552987742,1.6197944516997955,-0.29772357512032066,-0.5243881912346775,13.498287097498297,-1.6540198617795592,20.223748416156695,250.5125000000003,7.499999999999998,-6.0
7.5,-6.0,20.0,10.0,0.3687053620815277,0.03288312641263008,0.001936473068781197,-0.013077286072075367,0.06405512988567352,-0.0017587834736332297,-3.122050516655637,1.5005687145986015,-0.41988917442643336,-3.9025631458195464,12.50473928832168,-2.3327176357024073,20.223748416156695,250.5125000000003,7.499999999999998,-6.0
7.5,-4.0,-20.0,-10.0,0.7063732147216797,0.0450220593559742,0.008744638413190842,0.03529912233352661,-0.27115723490715027,0.0018844807054847479,8.427256428549443,-6.3521854403379745,0.44989793201430894,10.534070535686803,-52.934878669483126,2.4994329556350494,20.22374841615669,250.5125000000001,7.499999999999999,-4.0
7.5,-4.0,-20.0,-5.0,0.7215460538864136,0.04724908632516861,0.006903872825205326,0.024421870708465576,-0.28232184052467346,0.0011519736144691706,5.830438643219324,-6.613729799554613,0.2750203519602569,7.288048304024155,-55.114414996288446,1.5278908442236496,20.22374841615669,250.5125000000001,7.499999999999999,-4.0
7.5,-4.0,-20.0,0.0,0.7360438704490662,0.05001065519928932,0.004988770000636578,0.013219636864960194,-0.2868441939353943,0.0003153718716930598,3.1560351189670746,-6.719671385444735,0.07529137999515481,3.9450438987088434,-55.997261545372794,0.41828544441752674,20.22374841615669,250.5125000000001,7.499999999999999,-4.0
7.5,-4.0,-20.0,5.0,0.7481972575187683,0.05315312383055687,0.0028946243692189455,0.0017261336324736476,-0.2835918664932251,-0.0005897347582504153,0.41209440317961726,-6.643481690442007,-0.14079233998077548,0.5151180039745216,-55.36234742035006,-0.7821796665598637,20.22374841615669,250.5125000000001,7.499999999999999,-4.0
7.5,-4.0,-20.0,10.0,0.7550504207611084,0.056547511492967606,0.0005634892731904984,-0.010008296929299831,-0.2727809250354767,-0.0015122337499633431,-2.389364920729667,-6.390222340944028,-0.36102828479517063,-2.986706150912084,-53.25185284120024,-2.0057126933065033,20.22374841615669,250.5125000000001,7.499999999999999,-4.0
7.5,-4.0,-10.0,-10.0,0.6461175084114075,0.039934590582847596,0.009910612367093563,0.03560535982251167,-0.20064452290534973,0.0018309198785573244,8.500367080517721,-4.70034007213323,0.4371109052214686,10.625458850647151,-39.16950060111025,2.428393917897048,20.22374841615669,250.5125000000001,7.499999999999999,-4.0
7.5,-4.0,-10.0,-5.0,0.6482869386672974,0.03972448607265949,0.00768860150128603,0.023869194090366364,-0.2053636759519577,0.0010841118637472391,5.698493504788449,-4.810891926977355,0.25881914532343225,7.123116880985561,-40.09076605814463,1.4378841406857348,20.22374841615669,250.5125000000001,7.499999999999999,-4.0
7.5,-4.0,-10.0,0.0,0.6475791931152344,0.04043934879183769,0.0053677926771342754,0.01174937840551138,-0.20553511381149292,0.00026501037064008415,2.805027948393569,-4.814908065715587,0.06326815518265032,3.506284935491961,-40.124233880963224,0.35148975101472396,20.22374841615669,250.5125000000001,7.499999999999999,-4.0
7.5,-4.0,-10.0,5.0,0.6445227265357971,0.04199854296922684,0.002896186662837863,-0.00047712362720631063,-0.2004035860300064,-0.0005860575474798679,-0.11390773732547646,-4.694695835083385,-0.1399144485189871,-0.14238467165684557,-39.12246529236155,-0.7773024917721505,20.22374841615669,250.5125000000001,7.499999999999999,-4.0
7.5,-4.0,-10.0,10.0,0.6394073367118835,0.04432291177392006,0.00027597861480899155,-0.012580572627484798,-0.19044412672519684,-0.001432877848856151,-3.0034659374266757,-4.46138348252413,-0.3420829829423326,-3.7543324217833445,-37.178195687701084,-1.900461016346292,20.22374841615669,250.5125000000001,7.499999999999999,-4.0
7.5,-4.0,0.0,-10.0,0.5528349280357361,0.03642793757200241,0.011117922142148018,0.034894563257694244,-0.11591430753469467,0.001448091003112495,8.330672637022756,-2.7154325308740996,0.34571494723860974,10.413340796278446,-22.628604423950833,1.920638595770054,20.22374841615669,250.5125000000001,7.499999999999999,-4.0
7.5,-4.0,0.0,-5.0,0.5496167540550232,0.03440448654174805,0.008428149856626987,0.022668229416012764,-0.11388631165027618,0.0007891077548265457,5.411777104964692,-2.6679242800450944,0.18839033267872882,6.764721381205865,-22.23270233370912,1.0466129593262712,20.22374841615669,250.5125000000001,7.499999999999999,-4.0
7.5,-4.0,0.0,0.0,0.5441433787345886,0.033600669478178025,0.005578408483415842,0.009952782653272152,-0.11113957315683365,8.529582555638626e-05,2.3761115305997325,-2.6035786162739027,0.020363389986208593,2.9701394132496657,-21.69648846894919,0.11312994436782552,20.22374841615669,250.5125000000001,7.499999999999999,-4.0
7.5,-4.0,0.0,5.0,0.5377380847930908,0.034089774017333985,0.0026728182565420866,-0.0026984335854649544,-0.1075979620218277,-0.0006430406938306987,-0.6442197504305865,-2.5206121016801575,-0.15351851441803963,-0.8052746880382332,-21.005100847334646,-0.8528806356557757,20.22374841615669,250.5125000000001,7.499999999999999,-4.0
7.5,-4.0,0.0,10.0,0.5320764780044556,0.03578115639567375,-0.00015791584155522287,-0.014837604947388172,-0.10329419374465942,-0.0013862992636859417,-3.5423062504416,-2.419791136315992,-0.33096288546230074,-4.427882813051999,-20.1649261359666,-1.8386826970127819,20.22374841615669,250.5125000000001,7.499999999999999,-4.0
7.5,-4.0,10.0,-10.0,0.4339691698551178,0.035503901665210724,0.01208522543311119,0.03289559856057167,-0.0246281661093235,0.0007470814161933959,7.853442978588169,-0.5769445105731331,0.1783570313102632,9.81680372323521,-4.807870921442777,0.9908723961681288,20.22374841615669,250.5125000000001,7.499999999999999,-4.0
7.5,-4.0,10.0,-5.0,0.4352700412273407,0.03306264815211296,0.008968074806034565,0.020895138382911682,-0.0181371308863163,0.0002959095872938633,4.988472166504154,-0.4248841775695676,0.07064498511406712,6.235590208130192,-3.5407014797463967,0.39247213952259513,20.22374841615669,250.5125000000001,7.499999999999999,-4.0
7.5,-4.0,10.0,0.0,0.4373481571674347,0.031543878962397576,0.00564591633155942,0.008268398232758045,-0.014505346305668354,-0.0002031195763265714,1.973984268006462,-0.33980524119696665,-0.048492445199878255,2.4674803350080774,-2.8317103433080555,-0.269402473332657,20.22374841615669,250.5125000000001,7.499999999999999,-4.0
7.5,-4.0,10.0,5.0,0.43942347168922424,0.031184086700081826,0.002391642425209284,-0.004289704840630293,-0.014157270081341267,-0.0007670343038626015,-1.024117323745642,-0.33165113560927895,-0.18312055203720018,-1.2801466546820526,-2.763759463410658,-1.0173364002066676,20.22374841615669,250.5125000000001,7.499999999999999,-4.0
7.5,-4.0,10.0,10.0,0.44160640239715576,0.03202967358112335,-0.000543975445907563,-0.01615990698337555,-0.01663995534181595,-0.0014012990286573768,-3.857990539358744,-0.3898110337581486,-0.3345439055394543,-4.82248817419843,-3.248425281317905,-1.8585772529969682,20.22374841615669,250.5125000000001,7.499999999999999,-4.0
7.5,-4.0,20.0,-10.0,0.31583619117736816,0.03737086628854275,0.012438573874533176,0.02974006161093712,0.059500277042388916,-0.00010671313793864101,7.1000950966473235,1.3938657902827443,-0.025476525144364687,8.875118870809155,11.615548252356204,-0.14153625080202603,20.22374841615669,250.5125000000001,7.499999999999999,-4.0
7.5,-4.0,20.0,-5.0,0.32733479142189026,0.03561413859307766,0.009110365994274616,0.01852438412606716,0.06736533343791962,-0.00031162024242803454,4.422482058797476,1.5781142273205189,-0.07439572198013414,5.528102573496845,13.150951894337657,-0.41330956655630074,20.22374841615669,250.5125000000001,7.499999999999999,-4.0
7.5,-4.0,20.0,0.0,0.3416464626789093,0.034056812648773194,0.005611046217381954,0.00667222635820508,0.07113952934741974,-0.0005807800916954875,1.5929167285985377,1.6665293209230154,-0.13865451710298518,1.9911459107481722,13.88774434102513,-0.770302872794362,20.22374841615669,250.5125000000001,7.499999999999999,-4.0
7.5,-4.0,20.0,5.0,0.35578081011772156,0.032948468004465103,0.0022490425035357475,-0.005234949290752411,0.07012110948562622,-0.0009627515682950616,-1.249783483192232,1.6426716067062033,-0.22984578104664843,-1.56222935399029,13.688930055885029,-1.2769210058147136,20.22374841615669,250.5125000000001,7.499999999999999,-4.0
7.5,-4.0,20.0,10.0,0.3678954243659973,0.03254949127614498,-0.0006811125786043704,-0.016546592116355896,0.06425002217292786,-0.0014740286860615015,-3.9503071341438236,1.5051343016092331,-0.3519072684897839,-4.9378839176797795,12.54278584674361,-1.9550403804987992,20.22374841615669,250.5125000000001,7.499999999999999,-4.0
7.5,-2.0,-20.0,-10.0,0.6990488171577454,0.04467972007870674,0.006291978992521763,0.029190687462687492,-0.27057546377182007,0.0017969926120713353,6.968938384625672,-6.338556749454186,0.4290111634801394,8.71117298078209,-52.82130624545156,2.383395352667441,20.223748416156695,250.5125000000003,7.4999999999999964,-1.9999999999999996
7.5,-2.0,-20.0,-5.0,0.7182340025901794,0.046997424339056015,0.004416944459080696,0.01805410161614418,-0.28211185336112976,0.001024466473609209,4.310207558951951,-6.608810596851519,0.244579499568936,5.3877594486899385,-55.07342164042933,1.3587749976052,20.223748416156695,250.5125000000003,7.4999999999999964,-1.9999999999999996
7.5,-2.0,-20.0,0.0,0.7377021908760071,0.049884524320364,0.0024449704214930534,0.006671402137726545,-0.2869984209537506,0.00017331188428215683,1.5927199555099436,-6.723284339459576,0.04137620412090587,1.9908999443874296,-56.027369495496465,0.22986780067169926,20.223748416156695,250.5125000000003,7.4999999999999964,-1.9999999999999996
7.5,-2.0,-20.0,5.0,0.7549076080322266,0.05314253655552864,0.000281076121609658,-0.004906408954411745,-0.2843274474143982,-0.0007173977210186422,-1.1713482848520462,-6.660713561165529,-0.1712703930471087,-1.4641853560650577,-55.50594634304608,-0.9515021835950483,20.223748416156695,250.5125000000003,7.4999999999999964,-1.9999999999999996
7.5,-2.0,-20.0,10.0,0.7658177018165588,0.05657607701897621,-0.0021048623602837324,-0.016627440229058266,-0.2744556665420532,-0.001600707764737308,-3.9696086842240113,-6.429455181690649,-0.3821504306298088,-4.962010855280014,-53.57879318075541,-2.123057947943382,20.223748416156695,250.5125000000003,7.4999999999999964,-1.9999999999999996
7.5,-2.0,-10.0,-10.0,0.6404882073402405,0.03943178815126419,0.007328204344958067,0.030026689171791077,-0.19836527109146118,0.0017610794166103005,7.16852410550435,-4.646945847959187,0.42043730420796976,8.960655131880436,-38.72454873299323,2.3357628011553877,20.223748416156695,250.5125000000003,7.4999999999999964,-1.9999999999999996
7.5,-2.0,-10.0,-5.0,0.6458903551101685,0.039391426493525505,0.005047603510320187,0.018108408898115158,-0.20421196520328522,0.0009759237291291356,4.323172793236892,-4.783911712889753,0.2329904818133701,5.403965991546115,-39.865930940747944,1.2943915656298337,20.223748416156695,250.5125000000003,7.4999999999999964,-1.9999999999999996
7.5,-2.0,-10.0,0.0,0.6489431262016296,0.040308091913461686,0.002663242630660534,0.005855878349393606,-0.20546762645244598,0.00014033100160304457,1.3980231009273514,-4.813327092891126,0.033502400547245854,1.7475288761591892,-40.11105910742605,0.1861244474846992,20.223748416156695,250.5125000000003,7.4999999999999964,-1.9999999999999996
7.5,-2.0,-10.0,5.0,0.6497017741203308,0.04203348246693611,0.00013439076428767294,-0.006436624098569155,-0.2013944834470749,-0.0007023242069408298,-1.5366694191516452,-4.717908802820451,-0.16767176622537536,-1.9208367739395564,-39.31590669017043,-0.9315098123631964,20.223748416156695,250.5125000000003,7.4999999999999964,-1.9999999999999996
7.5,-2.0,-10.0,10.0,0.6477980017662048,0.044461537276506424,-0.0025206038262695074,-0.01854611560702324,-0.19258961081504822,-0.001519061392173171,-4.427670198062207,-4.511644036341542,-0.3626583052574632,-5.534587747577758,-37.59703363617952,-2.014768362541462,20.223748416156695,250.5125000000003,7.4999999999999964,-1.9999999999999996
7.5,-2.0,0.0,-10.0,0.5494319796562195,0.036037860562205315,0.008417882025241852,0.02994084544479847,-0.1122647300362587,0.0014468258013948798,7.148029910399051,-2.6299367739311297,0.34541289498905425,8.935037387998813,-21.916139782759416,1.918960527716968,20.223748416156695,250.5125000000003,7.4999999999999964,-1.9999999999999996
7.5,-2.0,0.0,-5.0,0.5488581657409668,0.03416945238888264,0.005656107794493437,0.01764489710330963,-0.11178126186132431,0.0007636200753040612,4.212514723169995,-2.618610948519403,0.18230544453122222,5.2656434039624935,-21.821757904328358,1.0128080251734568,20.223748416156695,250.5125000000003,7.4999999999999964,-1.9999999999999996
7.5,-2.0,0.0,0.0,0.5454905033111572,0.03350082052230835,0.0027639756444841623,0.0048811063170433044,-0.11055250465869904,4.9840000428957865e-05,1.1653075733746414,-2.5898258282739506,0.011898722581408732,1.4566344667183018,-21.581881902282923,0.06610401434115962,20.223748416156695,250.5125000000003,7.4999999999999964,-1.9999999999999996
7.5,-2.0,0.0,5.0,0.540756106376648,0.03407101345539093,-0.0001422580680809915,-0.007780343294143677,-0.1084093526005745,-0.0006735323695465922,-1.857466806748884,-2.539619905113867,-0.16079804867291694,-2.321833508436105,-21.163499209282225,-0.8933224926273163,20.223748416156695,250.5125000000003,7.4999999999999964,-1.9999999999999996
7.5,-2.0,0.0,10.0,0.536641538143158,0.03582913627207279,-0.0029450615402311087,-0.019910726696252823,-0.1054539829492569,-0.0013982215896248817,-4.753455283184774,-2.470386804708692,-0.3338092026302711,-5.941819103980968,-20.586556705905767,-1.8544955701681727,20.223748416156695,250.5125000000003,7.4999999999999964,-1.9999999999999996
7.5,-2.0,10.0,-10.0,0.4315642714500427,0.03544052516400814,0.009282848797738552,0.028650496155023575,-0.020674027502536774,0.0008722892962396145,6.83997396938769,-0.4843140421450656,0.208248961824988,8.549967461734612,-4.03595035120888,1.1569386768054888,20.223748416156695,250.5125000000003,7.4999999999999964,-1.9999999999999996
7.5,-2.0,10.0,-5.0,0.435045063495636,0.03305248556017876,0.0061120083555579185,0.01665821298956871,-0.015613806433975697,0.0004134289047215134,3.9769553242165174,-0.3657722573108467,0.09870136039482798,4.971194155270647,-3.048102144257056,0.5483408910823776,20.223748416156695,250.5125000000003,7.4999999999999964,-1.9999999999999996
7.5,-2.0,10.0,0.0,0.4381706416606903,0.031509416301846505,0.0027921844739466906,0.00405168766155839,-0.013413996435701847,-8.863587572705e-05,0.9672934802662883,-0.3142390535321244,-0.021160788261623226,1.2091168503328604,-2.6186587794343703,-0.1175599347867957,20.223748416156695,250.5125000000003,7.4999999999999964,-1.9999999999999996
7.5,-2.0,10.0,5.0,0.4403263032436371,0.03106549580872059,-0.0003959628229495138,-0.008453124202787876,-0.014419053681194782,-0.0006514812703244388,-2.018085452838908,-0.3377837323370714,-0.15553360425074006,-2.5226068160486346,-2.8148644361422615,-0.864075579170778,20.223748416156695,250.5125000000003,7.4999999999999964,-1.9999999999999996
7.5,-2.0,10.0,10.0,0.4426119029521942,0.03186297615349293,-0.003241575788706541,-0.020277418196201324,-0.018221721053123474,-0.0012782565318048,-4.840998629759723,-0.4268658043042271,-0.30516893517083404,-6.0512482871996545,-3.5572150358685595,-1.6953829731713002,20.223748416156695,250.5125000000003,7.4999999999999964,-1.9999999999999996
7.5,-2.0,20.0,-10.0,0.3127109706401825,0.037616009016633034,0.00958213396370411,0.026206469163298607,0.062857486307621,0.0001793074916349724,6.25649084527612,1.472512468554403,0.04280758590229038,7.820613556595149,12.27093723795336,0.237819921679391,20.223748416156695,250.5125000000003,7.4999999999999964,-1.9999999999999996
7.5,-2.0,20.0,-5.0,0.3259318768978119,0.035763029133081436,0.0062410905957221985,0.015044436790049076,0.06961342692375183,-2.0429881260497496e-05,3.5916849562129163,1.630778530060264,-0.004877397419694676,4.489606195266146,13.589821083835535,-0.027096652331637088,20.223748416156695,250.5125000000003,7.4999999999999964,-1.9999999999999996
7.5,-2.0,20.0,0.0,0.3410126864910126,0.03403896850824356,0.0027796817012131214,0.00324162351898849,0.07233455777168274,-0.0002866838767658919,0.7739000528459766,1.69452430383392,-0.06844245362843475,0.9673750660574708,14.121035865282668,-0.3802358534913041,20.223748416156695,250.5125000000003,7.4999999999999964,-1.9999999999999996
7.5,-2.0,20.0,5.0,0.35484564304351807,0.03271945764601231,-0.0004869602562393993,-0.008593106642365456,0.07038339972496033,-0.0006693210452795029,-2.0515046382415365,1.6488160720752048,-0.1597926438028693,-2.5643807978019204,13.74013393396004,-0.8877369100159406,20.223748416156695,250.5125000000003,7.4999999999999964,-1.9999999999999996
7.5,-2.0,20.0,10.0,0.3665291368961334,0.032163558651804924,-0.003302191849797964,-0.019838983193039894,0.06360924988985062,-0.0011797547340393066,-4.73632735312053,1.4901234376412151,-0.28165277234390407,-5.920409191400663,12.417695313676793,-1.5647376241328004,20.223748416156695,250.5125000000003,7.4999999999999964,-1.9999999999999996
7.5,0.0,-20.0,-10.0,0.6915197968482971,0.044391539071798325,0.003826121101155877,0.02304736152291298,-0.2697690427303314,0.0016854156274348497,5.502290502293831,-6.319665363427622,0.40237345129648777,6.877863127867289,-52.663878028563516,2.2354080627582653,20.223748416156692,250.5125000000002,7.499999999999999,0.0
7.5,0.0,-20.0,-5.0,0.7140624523162842,0.04678061616897583,0.0019207102013751864,0.01166036818176508,-0.28135690093040466,0.000881277781445533,2.7837777888801085,-6.59112492514063,0.21039485851382866,3.4797222361001356,-54.926041042838584,1.168860325076826,20.223748416156692,250.5125000000002,7.499999999999999,0.0
7.5,0.0,-20.0,0.0,0.7377619743347168,0.0497375057387352,-9.807662718230858e-05,0.00011228888615733013,-0.2864561378955841,2.878253690141719e-05,0.02680767042259424,-6.710580704434653,0.006871497167567014,0.0335095880282428,-55.921505870288776,0.038174984264261184,20.223748416156692,250.5125000000002,7.499999999999999,0.0
7.5,0.0,-20.0,5.0,0.7592053413391113,0.053025134031772614,-0.0023082054685801268,-0.011534628458321095,-0.28440040349960327,-0.000835235754493624,-2.7537588869169025,-6.6624226454995,-0.19940285809104769,-3.442198608646128,-55.52018871249584,-1.107793656061376,20.223748416156692,250.5125000000002,7.499999999999999,0.0
7.5,0.0,-20.0,10.0,0.773384690284729,0.056398291264772415,-0.004710338544100523,-0.023223964497447014,-0.27556276321411133,-0.0016734766541048884,-5.544452416076864,-6.455390257196569,-0.39952315975681296,-6.9305655200960805,-53.79491880997141,-2.2195731097600717,20.223748416156692,250.5125000000002,7.499999999999999,0.0
7.5,0.0,-10.0,-10.0,0.6335052251815796,0.03897235741198063,0.004716274328529835,0.02439345233142376,-0.19583919644355774,0.001670175464823842,5.8236540849985365,-4.587769501050671,0.39873503906849395,7.279567606248171,-38.2314125087556,2.215194661491633,20.223748416156692,250.5125000000002,7.499999999999999,0.0
7.5,0.0,-10.0,-5.0,0.6413971185684204,0.0390936472761631,0.002386789070442319,0.012308044359087944,-0.20252124965190887,0.0008532374631613493,2.938402971268238,-4.744304660867395,0.20370055744066792,3.673003714085297,-39.535872173894965,1.1316697635592663,20.223748416156692,250.5125000000002,7.499999999999999,0.0
7.5,0.0,-10.0,0.0,0.647800624370575,0.04016263422846794,-4.4723241444444284e-05,-4.889881529379636e-05,-0.2047259658575058,1.240043366124155e-05,-0.011674025536371674,-4.7959527984731105,0.002960459846596373,-0.014592531920464592,-39.966273320609254,0.016446999147757626,20.223748416156692,250.5125000000002,7.499999999999999,0.0
7.5,0.0,-10.0,5.0,0.6523549556732178,0.04200120655179024,-0.00260777841322124,-0.012383643537759781,-0.20184125006198883,-0.0008113325457088649,-2.956451399170656,-4.72837484989995,-0.19369624397211824,-3.6955642489633203,-39.403123749166255,-1.0760902442895457,20.223748416156692,250.5125000000002,7.499999999999999,0.0
7.5,0.0,-10.0,10.0,0.653889000415802,0.04449758318543434,-0.005269690416753292,-0.02448413521051407,-0.19449752569198608,-0.0015927465865388513,-5.845303571593487,-4.556339244665371,-0.3802497915850795,-7.306629464491858,-37.969493705544764,-2.1124988421393303,20.223748416156692,250.5125000000002,7.499999999999999,0.0
7.5,0.0,0.0,-10.0,0.5448901057243347,0.03572341998398304,0.005665241274982691,0.02490830235183239,-0.10856029391288757,0.001435109879821539,5.946568561546486,-2.543155887499691,0.34261585447166026,7.433210701933107,-21.192965729164094,1.9034214137314458,20.223748416156692,250.5125000000002,7.499999999999999,0.0
7.5,0.0,0.0,-5.0,0.5460020899772644,0.03398371686518192,0.002850455930456519,0.012572884559631348,-0.10945511609315872,0.0007287895423360169,3.0016305003121517,-2.564118176878236,0.17399005838390236,3.7520381253901895,-21.367651473985305,0.9666114354661242,20.223748416156692,250.5125000000002,7.499999999999999,0.0
7.5,0.0,0.0,0.0,0.5442800521850586,0.033402303357720375,-5.5562431953148916e-05,-0.0001864541118266061,-0.10968504101037979,9.437276276003104e-06,-0.04451375866158145,-2.5695044455206446,0.0022530403564568944,-0.05564219832697681,-21.412537046005372,0.012516890869204968,20.223748416156692,250.5125000000002,7.499999999999999,0.0
7.5,0.0,0.0,5.0,0.5415010452270508,0.03403738898515701,-0.002939439844340086,-0.01281778421252966,-0.10909733921289444,-0.0007042300421744585,-3.060097454666896,-2.5557368217191803,-0.1681267623035384,-3.8251218183336197,-21.29780684765984,-0.9340375683529911,20.223748416156692,250.5125000000002,7.499999999999999,0.0
7.5,0.0,0.0,10.0,0.539726734161377,0.035889459897875786,-0.005706246010959148,-0.024930424988269806,-0.10782457888126373,-0.0014074085047468543,-5.951850084649869,-2.5259208750770314,-0.336002472162263,-7.439812605812336,-21.049340625641932,-1.8666804009014608,20.223748416156692,250.5125000000002,7.499999999999999,0.0
7.5,0.0,10.0,-10.0,0.429355263710022,0.035452429329156876,0.00642060162499547,0.024312060326337814,-0.01706007868051529,0.0010008481331169605,5.804222686914126,-0.39965292994117313,0.23894089445393202,7.2552783586426575,-3.3304410828431097,1.3274494136329555,20.223748416156692,250.5125000000002,7.499999999999999,0.0
7.5,0.0,10.0,-5.0,0.433977872133255,0.03306305607140064,0.003221933962777257,0.012371163815259933,-0.013383832760155201,0.0005285066436044872,2.953472010032602,-0.3135324330331356,0.12617483708983865,3.6918400125407524,-2.61277027527613,0.7009713171657702,20.223748416156692,250.5125000000002,7.499999999999999,0.0
7.5,0.0,10.0,0.0,0.4373715817928314,0.031454311807751656,-6.231666338862851e-05,-0.00014366171672008932,-0.012585301883518696,1.9870967662427574e-05,-0.034297570186778856,-0.2948258836395056,0.0047439632745667985,-0.04287196273347357,-2.456882363662547,0.026355351525371103,20.223748416156692,250.5125000000002,7.499999999999999,0.0
7.5,0.0,10.0,5.0,0.43957796692848206,0.030943729107379914,-0.0031681780237704515,-0.012542777694761753,-0.015019026584923267,-0.0005427877185866237,-2.994442835187833,-0.35183882161015073,-0.12958427825986737,-3.743053543984791,-2.93199018008459,-0.7199126569992632,20.223748416156692,250.5125000000002,7.499999999999999,0.0
7.5,0.0,10.0,10.0,0.4426991939544678,0.03176967625796795,-0.0059379772283136845,-0.024315867573022842,-0.020372118800878525,-0.0011608070926740766,-5.805131622943706,-0.47724146648747123,-0.27712924252374965,-7.256414528679632,-3.9770122207289273,-1.5396069029097201,20.223748416156692,250.5125000000002,7.499999999999999,0.0
7.5,0.0,20.0,-10.0,0.3110402822494507,0.037856202696561814,0.006684411317110062,0.022586598992347717,0.06569168716669083,0.0004804169002454728,5.392288787207198,1.5389070437835732,0.11469396810277512,6.740360984008998,12.82422536486311,0.6371887116820839,20.223748416156692,250.5125000000002,7.499999999999999,0.0
7.5,0.0,20.0,-5.0,0.3250625431537628,0.03586031508922577,0.003351622261106968,0.011528346687555313,0.07131657004356384,0.0002765963436104357,2.752259186936591,1.6706767128699023,0.06603417197686,3.440323983670739,13.92230594058252,0.3668565109825555,20.223748416156692,250.5125000000002,7.499999999999999,0.0
7.5,0.0,20.0,0.0,0.3399951756000519,0.033958695952892304,-4.9663398385746405e-05,-0.0001510365545982495,0.07299819588661194,5.655566383211408e-06,-0.036058227274255686,1.710070827505877,0.0013502009401162591,-0.045072784092819604,14.250590229215643,0.007501116333979217,20.223748416156692,250.5125000000002,7.499999999999999,0.0
7.5,0.0,20.0,5.0,0.3531127870082855,0.0324765500921011,-0.003217066638171673,-0.011852066963911057,0.07008475065231323,-0.00038129030144773424,-2.8295436518078225,1.6418198571606772,-0.09102864126927859,-3.5369295647597783,13.681832143005645,-0.5057146737182144,20.223748416156692,250.5125000000002,7.499999999999999,0.0
7.5,0.0,20.0,10.0,0.36474213004112244,0.03187203233420849,-0.005945967044681311,-0.023014917969703674,0.06224166601896286,-0.0008898801170289516,-5.4945449799047825,1.4580861351658856,-0.21244856645480628,-6.868181224880978,12.150717793049047,-1.1802698136378127,20.223748416156692,250.5125000000002,7.499999999999999,0.0
7.5,2.0,-20.0,-10.0,0.68250572681427,0.04416334268927574,0.0013659967808052897,0.016826452687382698,-0.268169105052948,0.0015480185393244028,4.017120602592109,-6.282184892647623,0.3695714885988772,5.021400753240136,-52.35154077206353,2.0531749366604286,20.223748416156695,250.5125000000003,7.4999999999999964,1.9999999999999996
7.5,2.0,-20.0,-5.0,0.7079603672027588,0.046605132644176483,-0.0005687756929546595,0.005215652287006378,-0.2797209322452545,0.0007248561596497893,1.2451765471518985,-6.552800384524122,0.17305100884563746,1.5564706839398732,-54.606669871034356,0.9613944935868747,20.223748416156695,250.5125000000003,7.4999999999999964,1.9999999999999996
7.5,2.0,-20.0,0.0,0.735388457775116,0.04959056538820267,-0.002622980857267976,-0.006474205292761326,-0.2851061224937439,-0.00011565598106244579,-1.5456414937929384,-6.678954964547103,-0.027611525314978402,-1.932051867241173,-55.65795803789253,-0.15339736286099112,20.223748416156695,250.5125000000003,7.4999999999999964,1.9999999999999996
7.5,2.0,-20.0,5.0,0.7603901028633118,0.052851352964639664,-0.004852782469242811,-0.018164511770009995,-0.2837879955768585,-0.0009437738917768002,-4.336566703809756,-6.648076250900299,-0.22531508068174033,-5.420708379762194,-55.40063542416917,-1.2517504482318906,20.223748416156695,250.5125000000003,7.4999999999999964,1.9999999999999996
7.5,2.0,-20.0,10.0,0.7769292593002319,0.0561038182425499,-0.007232907228171825,-0.029780423268675804,-0.2759791314601898,-0.001734802732244134,-7.109730974741731,-6.465144185803583,-0.41416405029662756,-8.887163718427164,-53.87620154836319,-2.30091139053682,20.223748416156695,250.5125000000003,7.4999999999999964,1.9999999999999996
7.5,2.0,-10.0,-10.0,0.6243854761123657,0.03858449694991112,0.0020902727264910936,0.01870013400912285,-0.19260743260383606,0.0015596385346725583,4.464440306875255,-4.5120615332499225,0.3723456278415532,5.580550383594068,-37.60051277708269,2.068586821341962,20.223748416156695,250.5125000000003,7.4999999999999964,1.9999999999999996
7.5,2.0,-10.0,-5.0,0.6344070434570312,0.03884884913742542,-0.0002773006272036582,0.006482038181275129,-0.20003096759319305,0.0007215289515443146,1.5475115051620134,-4.68596679855247,0.17225667646447929,1.9343893814525168,-39.049723321270584,0.9569815359137738,20.223748416156695,250.5125000000003,7.4999999999999964,1.9999999999999996
7.5,2.0,-10.0,0.0,0.6441952586174011,0.04003850196778774,-0.0027399363461881876,-0.005952724255621433,-0.20327845215797424,-0.00011294507567072287,-1.4211439388373068,-4.7620430433083545,-0.026964328065320783,-1.7764299235466336,-39.68369202756962,-0.14980182258511546,20.223748416156695,250.5125000000003,7.4999999999999964,1.9999999999999996
7.5,2.0,-10.0,5.0,0.6527385115623474,0.04197068524837494,-0.005315946880728006,-0.01831643469631672,-0.20181988179683685,-0.0009096399880945683,-4.372836542058578,-4.727874272503113,-0.21716600670421637,-5.466045677573223,-39.39895227085928,-1.2064778150234243,20.223748416156695,250.5125000000003,7.4999999999999964,1.9999999999999996
7.5,2.0,-10.0,10.0,0.6576741337776184,0.0445194878923893,-0.007959607057273388,-0.030393311753869057,-0.19612005352973938,-0.0016533889574930072,-7.256050998736297,-4.594348917212184,-0.394727454956911,-9.070063748420372,-38.2862409767682,-2.192930305316172,20.223748416156695,250.5125000000003,7.4999999999999964,1.9999999999999996
7.5,2.0,0.0,-10.0,0.538711428642273,0.03547241737425327,0.0028796622063964605,0.01982252486050129,-0.1045905128121376,0.001412054873071611,4.732398116937867,-2.450158974774322,0.3371117387600058,5.915497646172334,-20.417991456452686,1.8728429931111432,20.223748416156695,250.5125000000003,7.4999999999999964,1.9999999999999996
7.5,2.0,0.0,-5.0,0.5409175753593445,0.03383532365143299,3.7581146898446605e-05,0.007490768563002348,-0.10677233338356018,0.0006864223396405578,1.7883341951360887,-2.501270754520734,0.16387537967032276,2.235417743920111,-20.843922954339455,0.9104187759462375,20.223748416156695,250.5125000000003,7.4999999999999964,1.9999999999999996
7.5,2.0,0.0,0.0,0.5409231185913086,0.033329181497097016,-0.0028592702001333237,-0.005229047033935785,-0.10850931704044342,-3.336117879371159e-05,-1.2483743877696645,-2.5419616927475412,-0.007964594864339378,-1.5604679847120806,-21.18301410622951,-0.044247749246329876,20.223748416156695,250.5125000000003,7.4999999999999964,1.9999999999999996
7.5,2.0,0.0,5.0,0.5407123565673828,0.0340564308065176,-0.005711530335247517,-0.017824687063694,-0.10967585444450378,-0.0007330275257118046,-4.255437492895597,-2.5692892391293274,-0.17500182780723936,-5.319296866119496,-21.410743659411064,-0.9722323767068853,20.223748416156695,250.5125000000003,7.4999999999999964,1.9999999999999996
7.5,2.0,0.0,10.0,0.5418791770935059,0.03604158585250378,-0.008445837534964085,-0.029934430494904518,-0.11030691117048264,-0.0014121701242402196,-7.146498415445102,-2.5840725044482955,-0.3371392536410382,-8.933123019306377,-21.533937537069132,-1.8729958535613231,20.223748416156695,250.5125000000003,7.4999999999999964,1.9999999999999996
7.5,2.0,10.0,-10.0,0.42694076895713806,0.03547588189423084,0.003523704130202532,0.019916493445634842,-0.013750140555202961,0.0011250488460063934,4.754832027777523,-0.3221136351654758,0.2685923754805236,5.943540034721904,-2.684280293045632,1.4921798637806867,20.223748416156695,250.5125000000003,7.4999999999999964,1.9999999999999996
7.5,2.0,10.0,-5.0,0.43181514739990234,0.03305688140273094,0.00032866993569768965,0.008075662888586521,-0.011355684138834476,0.0006348192691802979,1.9279709379063126,-0.2660206041578836,0.15155574454851464,2.4099636723828906,-2.2168383679823633,0.8419763586028591,20.223748416156695,250.5125000000003,7.4999999999999964,1.9999999999999996
7.5,2.0,10.0,0.0,0.43511050939559937,0.03139689390838146,-0.0028988344129174948,-0.004304160363972187,-0.011905846185982227,0.00011776676547015086,-1.0275684124401432,-0.2789088140074757,0.028115450633603663,-1.284460515550179,-2.3242401167289644,0.1561969479644648,20.223748416156695,250.5125000000003,7.4999999999999964,1.9999999999999996
7.5,2.0,10.0,5.0,0.4377397298812866,0.030893350144028664,-0.005929199513047934,-0.016591887921094894,-0.015837952494621277,-0.0004437035240698606,-3.9611209826601246,-0.3710231492644747,-0.10592907495709417,-4.951401228325156,-3.091859577203956,-0.5884948608727454,20.223748416156695,250.5125000000003,7.4999999999999964,1.9999999999999996
7.5,2.0,10.0,10.0,0.4424857497215271,0.03184567963063717,-0.008655891753733158,-0.028342898935079575,-0.022928189486265182,-0.0010496651520952582,-6.766538697408846,-0.5371205067710456,-0.2505953920677933,-8.458173371761058,-4.476004223092047,-1.3921966225988516,20.223748416156695,250.5125000000003,7.4999999999999964,1.9999999999999996
7.5,2.0,20.0,-10.0,0.31028881669044495,0.03804006253659725,0.003766933921724558,0.018909696489572525,0.06800602376461029,0.0007826898363418877,4.514470920777373,1.5931231713612846,0.1868581290081473,5.643088650971716,13.276026428010706,1.0381007167119294,20.223748416156695,250.5125000000003,7.4999999999999964,1.9999999999999996
7.5,2.0,20.0,-5.0,0.32412809133529663,0.03589790326833725,0.00046385801397264004,0.008002696558833122,0.07260431349277496,0.0005657816072925925,1.9105510721750345,1.7008436571218994,0.1350738027467321,2.388188840218793,14.173697142682496,0.7504100152596228,20.223748416156695,250.5125000000003,7.4999999999999964,1.9999999999999996
7.5,2.0,20.0,0.0,0.33817166090011597,0.03386232641816139,-0.002867830917239189,-0.003505412023514509,0.07333537936210632,0.000284298526821658,-0.8368765016522676,1.7179697573075898,0.06787297896949138,-1.0460956270653345,14.316414644229916,0.37707210538606317,20.223748416156695,250.5125000000003,7.4999999999999964,1.9999999999999996
7.5,2.0,20.0,5.0,0.3505156934261322,0.0323214047896862,-0.005954265128821135,-0.015053030103445053,0.06942903995513916,-0.00010777120769489557,-3.593736510211187,1.6264590428158594,-0.02572912703828718,-4.492170637763984,13.553825356798828,-0.142939594657151,20.223748416156695,250.5125000000003,7.4999999999999964,1.9999999999999996
7.5,2.0,20.0,10.0,0.3627239763736725,0.031808583189845085,-0.008645500056445599,-0.026150383055210114,0.060311853885650635,-0.0006103075575083494,-6.243100936867769,1.4128779571874852,-0.14570385741629596,-7.8038761710847115,11.773982976562378,-0.8094658745349775,20.223748416156695,250.5125000000003,7.4999999999999964,1.9999999999999996
7.5,4.0,-20.0,-10.0,0.6712812781333923,0.04397584137797356,-0.0010850303806364536,0.010561572387814522,-0.2656886875629425,0.0013945088721811771,2.521453025370674,-6.224078119758569,0.3329228343616998,3.1518162817133426,-51.86731766465474,1.849571302009443,20.22374841615669,250.5125000000001,7.499999999999999,4.0
7.5,4.0,-20.0,-5.0,0.6995694041252136,0.046472109978199005,-0.0030486464966088533,-0.0012384974397718906,-0.27732932567596436,0.0005664968048222363,-0.2956769126564556,-6.496774114623322,0.1352445478695831,-0.3695961408205695,-54.139784288527686,0.7513585992754616,20.22374841615669,250.5125000000001,7.499999999999999,4.0
7.5,4.0,-20.0,0.0,0.7304270267486572,0.049478527282476426,-0.005124977789819241,-0.013035637326538563,-0.2831781804561615,-0.00025100578204728663,-3.1121073612635617,-6.633790595817863,-0.059924721934290236,-3.890134201579452,-55.2815882984822,-0.332915121857168,20.22374841615669,250.5125000000001,7.499999999999999,4.0
7.5,4.0,-20.0,5.0,0.758201539516449,0.052694279824495316,-0.00734754279255867,-0.024716336280107498,-0.28265130519866943,-0.00103816669434309,-5.900738886329022,-6.621447907116743,-0.24785026851784214,-7.375923607911278,-55.1787325593062,-1.376945936210234,20.22374841615669,250.5125000000001,7.499999999999999,4.0
7.5,4.0,-20.0,10.0,0.7757803201675415,0.05580045295238495,-0.009672327898442745,-0.036173734813928604,-0.2756693661212921,-0.0017832510638982058,-8.636060023673302,-6.457887558937837,-0.42573052808399386,-10.795075029591628,-53.81572965781531,-2.3651696004666327,20.22374841615669,250.5125000000001,7.499999999999999,4.0
7.5,4.0,-10.0,-10.0,0.612836480140686,0.03825843719124794,-0.0005438344087451696,0.013004414737224579,-0.18868818879127502,0.001439566956833005,3.104653329856602,-4.420248517485064,0.34367992996176777,3.8808166623207523,-36.83540431237553,1.909332944232043,20.22374841615669,250.5125000000001,7.499999999999999,4.0
7.5,4.0,-10.0,-5.0,0.6252179741859436,0.03866891575336456,-0.0029413134325295687,0.0006887320196256042,-0.1969548761844635,0.0005929007893428206,0.16442678900333565,-4.613905645301766,0.14154819321770198,0.20553348625416956,-38.44921371084805,0.7863788512094554,20.22374841615669,250.5125000000001,7.499999999999999,4.0
7.5,4.0,-10.0,0.0,0.6387538313865662,0.039986807976961136,-0.005422530230134726,-0.01180269755423069,-0.2014492303133011,-0.0002249690005555749,-2.817757277314669,-4.719191314226294,-0.05370874205434959,-3.522196596643336,-39.32659428521912,-0.29838190030194217,20.22374841615669,250.5125000000001,7.499999999999999,4.0
7.5,4.0,-10.0,5.0,0.6512638926506042,0.042021051173210144,-0.007993258535861969,-0.02417449653148651,-0.20156347751617432,-0.000989335123449564,-5.771380924913848,-4.721867692818734,-0.2361922968028405,-7.214226156142311,-39.34889744015612,-1.3121794266824471,20.22374841615669,250.5125000000001,7.499999999999999,4.0
7.5,4.0,-10.0,10.0,0.6588026881217957,0.044604629402160645,-0.010594001971185207,-0.03618304431438446,-0.1973942220211029,-0.0016954768216237426,-8.6382825590333,-4.624197851695334,-0.4047754448249981,-10.797853198791625,-38.534982097461125,-2.2487524712499893,20.22374841615669,250.5125000000001,7.499999999999999,4.0
7.5,4.0,0.0,-10.0,0.5307021141052246,0.03525667836248875,7.866071246098727e-05,0.014758448116481304,-0.10047110915184021,0.001383744296617806,3.523408474292363,-2.3536569730380354,0.33035291668046424,4.4042605928654535,-19.613808108650296,1.8352939815581346,20.22374841615669,250.5125000000001,7.499999999999999,4.0
7.5,4.0,0.0,-5.0,0.5340707302093506,0.03372931492805481,-0.002769512590020895,0.0024637130554765463,-0.10392405092716217,0.0006449287757277489,0.5881829437199954,-2.4345463008815114,0.15396927209281136,0.7352286796499942,-20.287885840679262,0.8553848449600631,20.22374841615669,250.5125000000001,7.499999999999999,4.0
7.5,4.0,0.0,0.0,0.5363642573356628,0.033332402010560036,-0.005647209007292986,-0.010205800645053387,-0.10724803805351257,-6.94926711730659e-05,-2.4365166442915225,-2.5124147104598284,-0.016590569996242272,-3.045645805364403,-20.936789253831904,-0.09216983331245707,20.22374841615669,250.5125000000001,7.499999999999999,4.0
7.5,4.0,0.0,5.0,0.5392475724220276,0.03419963096559048,-0.00847075879573822,-0.02277505397796631,-0.11026131361722946,-0.0007508059497922659,-5.4372802313014885,-2.5830043267395593,-0.17924622054896033,-6.796600289126861,-21.525036056162996,-0.995812336383113,20.22374841615669,250.5125000000001,7.499999999999999,4.0
7.5,4.0,0.0,10.0,0.5432049632072449,0.03633188841223717,-0.01117648370563984,-0.03488277643918991,-0.1127331554889679,-0.0014034705236554146,-8.327858670684606,-2.640910205422277,-0.3350623248080375,-10.409823338355757,-22.007585045185643,-1.8614573600446527,20.22374841615669,250.5125000000001,7.499999999999999,4.0
7.5,4.0,10.0,-10.0,0.42387595772743225,0.035481009756326676,0.0006140604964457452,0.015536819584667683,-0.010802184231579304,0.001244409242644906,3.7092356429424735,-0.25305420090739056,0.2970882870893723,4.636544553678092,-2.108785007561588,1.650490483829846,20.22374841615669,250.5125000000001,7.499999999999999,4.0
7.5,4.0,10.0,-5.0,0.4286002516746521,0.03304919054090977,-0.0025535891763865948,0.003828934859484434,-0.009544872678816319,0.0007350398227572441,0.9141138299192247,-0.22360016055266957,0.1754822404093459,1.142642287399031,-1.8633346712722465,0.9749013356074772,20.22374841615669,250.5125000000001,7.499999999999999,4.0
7.5,4.0,10.0,0.0,0.43198665976524353,0.031402120490670205,-0.00572264613583684,-0.008407335728406906,-0.011368685401976109,0.00021082916646264493,-2.007153985154397,-0.2663251744359458,0.05033302050999011,-2.508942481442996,-2.2193764536328815,0.2796278917221673,20.22374841615669,250.5125000000001,7.499999999999999,4.0
7.5,4.0,10.0,5.0,0.43565359711647034,0.031000647817850113,-0.008702276274561882,-0.020606443285942078,-0.016815345734357834,-0.00034566744579933584,-4.919549557357097,-0.3939197653516877,-0.08252409726306327,-6.149436946696372,-3.2826647112640646,-0.45846720701701815,20.22374841615669,250.5125000000001,7.499999999999999,4.0
7.5,4.0,10.0,10.0,0.4424472153186798,0.03214955342292786,-0.011420555412769318,-0.03236491233110428,-0.025661315768957138,-0.0009341861004941165,-7.726747790629513,-0.6011472880791883,-0.22302610661153094,-9.658434738286891,-5.0095607339932355,-1.2390339256196163,20.22374841615669,250.5125000000001,7.499999999999999,4.0
7.5,4.0,20.0,-10.0,0.30960485339164734,0.038182178636193276,0.0008409625152125955,0.015230480581521988,0.06985531747341156,0.001079941401258111,3.636100755644638,1.6364451080817937,0.257823495729387,4.545125944555798,13.637042567348281,1.43235275405215,20.22374841615669,250.5125000000001,7.499999999999999,4.0
7.5,4.0,20.0,-5.0,0.32251402735710144,0.035930853461027146,-0.0024194412399083376,0.004505097400397062,0.07362982630729675,0.0008443262777291238,1.075539801528672,1.7248675323156244,0.2015731151770852,1.3444247519108399,14.373896102630205,1.1198506398726955,20.22374841615669,250.5125000000001,7.499999999999999,4.0
7.5,4.0,20.0,0.0,0.335399329662323,0.03384332371234894,-0.005689084995537996,-0.006815789267420769,0.07352952659130096,0.0005507409223355353,-1.627190709638573,1.7225178904340916,0.13148301349717154,-2.033988387048216,14.354315753617431,0.7304611860953973,20.22374841615669,250.5125000000001,7.499999999999999,4.0
7.5,4.0,20.0,5.0,0.347364604473114,0.03236687382042408,-0.008729428052902222,-0.018220750615000725,0.06858906149864197,0.00015706648991908878,-4.349993076383673,1.606781533848096,0.03749780446023052,-5.437491345479591,13.3898461154008,0.20832113589016957,20.22374841615669,250.5125000000001,7.499999999999999,4.0
7.5,4.0,20.0,10.0,0.36082926392555237,0.03206391086161137,-0.011435132473707199,-0.02928120456635952,0.05804178863763809,-0.0003316838701721281,-6.990548294260425,1.359698939404757,-0.07918568061674999,-8.738185367825531,11.330824495039643,-0.4399204478708333,20.22374841615669,250.5125000000001,7.499999999999999,4.0
7.5,6.0,-20.0,-10.0,0.6580089926719666,0.04383824033021927,-0.003536521689966321,0.004344466608017683,-0.26261603832244873,0.001245538704097271,1.0371910611574027,-6.1520976034525505,0.29735793292349005,1.2964888264467533,-51.26748002877126,1.6519885162416112,20.223748416156695,250.5125000000003,7.499999999999998,6.0
7.5,6.0,-20.0,-5.0,0.6892642378807068,0.04641921830654144,-0.005525620654225349,-0.007599887903779745,-0.27454084157943726,0.0004253371444065124,-1.8143851733263312,-6.43145050972435,0.10154431463289414,-2.267981466657914,-53.59542091436958,0.5641350812938563,20.223748416156695,250.5125000000003,7.499999999999998,6.0
7.5,6.0,-20.0,0.0,0.7231117486953735,0.04946826783299446,-0.007607489358633757,-0.019442960619926453,-0.2809615731239319,-0.00036251323763281107,-4.6417815527012625,-6.581863894221442,-0.08654583486269267,-5.802226940876578,-54.84886578517869,-0.4808101936816259,20.223748416156695,250.5125000000003,7.499999999999998,6.0
7.5,6.0,-20.0,5.0,0.7524411082267761,0.05264146638393402,-0.009795605204999447,-0.031019197776913643,-0.28109505772590637,-0.0011087011080235243,-7.4054740342839,-6.58499093210211,-0.2646895424665275,-9.256842542854875,-54.87492443418425,-1.4704974581473749,20.223748416156695,250.5125000000003,7.499999999999998,6.0
7.5,6.0,-20.0,10.0,0.7693250179290771,0.05558817846059799,-0.012035678140819073,-0.04219452291727066,-0.27456244826316833,-0.0018129236996173859,-10.073453417464078,-6.43195667236411,-0.43281452603028203,-12.591816771830098,-53.59963893636758,-2.404525144612678,20.223748416156695,250.5125000000003,7.499999999999998,6.0
7.5,6.0,-10.0,-10.0,0.5994468331336975,0.03801315103948116,-0.003193902550265193,0.007399117108434439,-0.18447226285934448,0.0013296412071213126,1.7664534723692302,-4.321485365059786,0.3174364309827262,2.208066840461538,-36.01237804216488,1.7635357276818122,20.223748416156695,250.5125000000003,7.499999999999998,6.0
7.5,6.0,-10.0,-5.0,0.6148046255111694,0.0386076701182127,-0.005616476759314537,-0.004982203245162964,-0.19375024735927582,0.0004863205540459603,-1.1894432935025556,-4.53883334796102,0.11610339703905315,-1.4868041168781945,-37.823611233008506,0.6450188724391841,20.223748416156695,250.5125000000003,7.499999999999998,6.0
7.5,6.0,-10.0,0.0,0.6322683095932007,0.04008914728939533,-0.008105172775685787,-0.017499232664704323,-0.19961246848106384,-0.0003078934096265584,-4.177739026339659,-4.676162951836848,-0.07350598383345686,-5.222173782924574,-38.968024598640405,-0.4083665768525381,20.223748416156695,250.5125000000003,7.499999999999998,6.0
7.5,6.0,-10.0,5.0,0.647969663143158,0.04223367211699486,-0.01064987014979124,-0.029826335608959198,-0.2011871337890625,-0.0010384619235992432,-7.120692013975147,-4.713051386867171,-0.24792075108177988,-8.900865017468934,-39.275428223893094,-1.3773375060098882,20.223748416156695,250.5125000000003,7.499999999999998,6.0
7.5,6.0,-10.0,10.0,0.6563960909843445,0.04481250060081482,-0.013175980187952518,-0.041680172085762024,-0.19811363518238068,-0.0017105103470385075,-9.95065811648165,-4.6410509731332406,-0.4083645248167978,-12.438322645602062,-38.67542477611034,-2.2686918045377653,20.223748416156695,250.5125000000003,7.499999999999998,6.0
7.5,6.0,0.0,-10.0,0.5213921070098877,0.03509718564629555,-0.0027346452698111534,0.009805499576032162,-0.09654205292463303,0.0013659608084708452,2.340949402551344,-2.2616140896191936,0.3261073149515465,2.92618675318918,-18.84678408015995,1.8117073052863693,20.223748416156695,250.5125000000003,7.499999999999998,6.0
7.5,6.0,0.0,-5.0,0.5265271067619324,0.03372658242762089,-0.0055791279301047325,-0.0024327882565557957,-0.10125676542520523,0.0006210733554325998,-0.580800006318774,-2.3720619193139068,0.1482740669220273,-0.7260000078984675,-19.767182660949224,0.8237448162334849,20.223748416156695,250.5125000000003,7.499999999999998,6.0
7.5,6.0,0.0,0.0,0.5316702127456665,0.033495720599889756,-0.00843862071633339,-0.015046808868646622,-0.10615316033363342,-8.255749708041549e-05,-3.5922512624916196,-2.4867658786536335,-0.0197096457929518,-4.490314078114524,-20.72304898878028,-0.10949803218306554,20.223748416156695,250.5125000000003,7.499999999999998,6.0
7.5,6.0,0.0,5.0,0.537497341632843,0.034533875187039376,-0.011236347258090973,-0.027579084038734436,-0.1108599528670311,-0.0007421817863360047,-6.584186741611555,-2.597028173560049,-0.17718730145627215,-8.230233427014443,-21.641901446333744,-0.9843738969792897,20.223748416156695,250.5125000000003,7.499999999999998,6.0
7.5,6.0,0.0,10.0,0.542983889579773,0.03677653533697128,-0.013900675810873508,-0.039643511176109314,-0.11474571377038956,-0.0013679396361112595,-9.464428924110356,-2.6880568117721184,-0.3265797371210301,-11.830536155137946,-22.40047343143432,-1.8143318728946116,20.223748416156695,250.5125000000003,7.499999999999998,6.0
7.5,6.0,10.0,-10.0,0.42018574476242065,0.035511991133093834,-0.002302431734278798,0.011250174604356289,-0.008352440781891346,0.0013703459408134222,2.685848825391839,-0.19566600442795823,0.3271542144856157,3.3573110317397985,-1.630550036899652,1.8175234138089762,20.223748416156695,250.5125000000003,7.499999999999998,6.0
7.5,6.0,10.0,-5.0,0.42491310834884644,0.03312427562952042,-0.005434585735201836,-0.0003106799558736384,-0.008049898780882359,0.0008437230717390776,-0.07417123946084256,-0.1885785929688538,0.2014291067366112,-0.0927140493260532,-1.5714882747404484,1.1190505929811734,20.223748416156695,250.5125000000003,7.499999999999998,6.0
7.5,6.0,10.0,0.0,0.4289074242115021,0.031574007247686386,-0.00855925865471363,-0.012410014867782593,-0.011016652919352055,0.00031604678952135146,-2.962747248635817,-0.2580783887235298,0.07545250880604916,-3.7034340607947716,-2.1506532393627484,0.4191806044780509,20.223748416156695,250.5125000000003,7.499999999999998,6.0
7.5,6.0,10.0,5.0,0.4340071976184845,0.03134720598638058,-0.011514933779835701,-0.02453542873263359,-0.01784975454211235,-0.00023028931173030287,-5.857549305635837,-0.41815203992192235,-0.05497890469821019,-7.321936632044796,-3.4846003326826867,-0.30543835943450104,20.223748416156695,250.5125000000003,7.499999999999998,6.0
7.5,6.0,10.0,10.0,0.4423905909061432,0.032694902395009995,-0.01423774566501379,-0.036298252642154694,-0.028163745999336243,-0.0007964604301378131,-8.665787212311951,-0.6597697359748492,-0.19014569871016887,-10.83223401538994,-5.498081133123744,-1.0563649928342715,20.223748416156695,250.5125000000003,7.499999999999998,6.0
7.5,6.0,20.0,-10.0,0.3085145652294159,0.03837194119870663,-0.00209793564863503,0.01160569116473198,0.07123418152332306,0.0013800060842186213,2.770724284633392,1.6687466623628466,0.3294604617866953,3.46340535579174,13.906222186357056,1.8303358988149738,20.223748416156695,250.5125000000003,7.499999999999998,6.0
7.5,6.0,20.0,-5.0,0.32017695903778076,0.03607557540118694,-0.0053158910013735294,0.0010741738369688392,0.07444003224372864,0.0011244891211390495,0.25644655658697474,1.7438475840735672,0.2684587476542572,0.3205581957337184,14.532063200613061,1.4914374869680955,20.223748416156695,250.5125000000003,7.499999999999998,6.0
7.5,6.0,20.0,0.0,0.33211153745651245,0.03402939823746681,-0.008543886244297028,-0.010061157867312431,0.07364602386951447,0.0008213923429138958,-2.401984857154058,1.7252469797566041,0.19609790398691934,-3.0024810714425727,14.377058164638369,1.0894327999273297,20.223748416156695,250.5125000000003,7.499999999999998,6.0
7.5,6.0,20.0,5.0,0.34427428245544434,0.032716969152092934,-0.01157460082322359,-0.021336860954761505,0.06768737733364105,0.0004326571070123464,-5.093928312073002,1.585658494196718,0.10329187088497031,-6.367410390091253,13.21382078497265,0.5738437271387239,20.223748416156695,250.5125000000003,7.499999999999998,6.0
7.5,6.0,20.0,10.0,0.35919639468193054,0.0326677562046051,-0.014325547032058239,-0.032372232526540756,0.055775366723537445,-3.368121906532906e-05,-7.728495402467213,1.3066052711154246,-0.008041000770721403,-9.660619253084016,10.888377259295206,-0.04467222650400779,20.223748416156695,250.5125000000003,7.499999999999998,6.0
10.0,-6.0,-20.0,-10.0,0.8844069838523865,0.057990435634851456,0.008915310725569725,0.04362960532307625,-0.3242698013782501,0.0031717403326183558,10.416062712832778,-7.596411402268252,0.7572162518715285,13.020078391040972,-63.30342835223544,4.206756954841825,20.22374841615669,250.5125000000001,10.000000000000002,-6.000000000000001
10.0,-6.0,-20.0,-5.0,0.8995601534843445,0.06097266835451126,0.0074926139786839485,0.03313053026795387,-0.33676451444625854,0.0021895559038966894,7.90953020145451,-7.8891151335885,0.5227311005762985,9.886912751818137,-65.7426261132375,2.904061669868325,20.22374841615669,250.5125000000001,10.000000000000002,-6.000000000000001
10.0,-6.0,-20.0,0.0,0.9154589176177979,0.06439506647467613,0.006044398061931133,0.022251222282648087,-0.3436807692050934,0.0010634431382641196,5.3122214839440325,-8.051136747342536,0.253884726613194,6.640276854930041,-67.09280622785447,1.4104707034066333,20.22374841615669,250.5125000000001,10.000000000000002,-6.000000000000001
10.0,-6.0,-20.0,5.0,0.9303306341171265,0.06808495533943176,0.004505849443376064,0.010970941744744778,-0.34344130754470825,-0.00019494285515975207,2.6191852157703495,-8.045527068983269,-0.04654034776905666,3.2739815197129367,-67.04605890819391,-0.25855748760587033,20.22374841615669,250.5125000000001,10.000000000000002,-6.000000000000001
10.0,-6.0,-20.0,10.0,0.9404788613319397,0.0718811490881443,0.0028296001255512238,-0.0006623186636716127,-0.33545660972595215,-0.001538422773592174,-0.15812090633408232,-7.858475887231956,-0.3672806107212427,-0.1976511329176029,-65.48729906026631,-2.040447837340237,20.22374841615669,250.5125000000001,10.000000000000002,-6.000000000000001
10.0,-6.0,-10.0,-10.0,0.8263939619064331,0.052807681386470795,0.010162526741623878,0.04344077780842781,-0.258773535490036,0.003166334703564644,10.370982331749289,-6.0620823377530435,0.7559257205726815,12.963727914686611,-50.5173528146087,4.199587336514897,20.22374841615669,250.5125000000001,10.000000000000002,-6.000000000000001
10.0,-6.0,-10.0,-5.0,0.8275466561317444,0.05296424788713455,0.008468931540846825,0.03201484680175781,-0.2632622718811035,0.0021318502258509398,7.643173701882366,-6.167236404391236,0.50895453860742,9.553967127352957,-51.393636703260306,2.8275252144856666,20.22374841615669,250.5125000000001,10.000000000000002,-6.000000000000001
10.0,-6.0,-10.0,0.0,0.8272529244422913,0.05382581812620163,0.006724317092448473,0.020183240994811058,-0.2637552320957184,0.0009890792425721884,4.818514914206115,-6.178784592286774,0.23613120820838676,6.023143642757644,-51.48987160238978,1.3118400456021486,20.22374841615669,250.5125000000001,10.000000000000002,-6.000000000000001
10.0,-6.0,-10.0,5.0,0.8259596824645996,0.05541403231501579,0.004892843775451183,0.00818302109837532,-0.25957316160202026,-0.0002392757887719199,1.953601466480131,-6.080814544356344,-0.05712432196109351,2.442001833100164,-50.67345453630287,-0.31735734422829726,20.22374841615669,250.5125000000001,10.000000000000002,-6.000000000000001
10.0,-6.0,-10.0,10.0,0.8232062458992004,0.057735543822050095,0.002957552671432495,-0.003760044928640127,-0.25086846947669983,-0.0015127764781937003,-0.8976671571922201,-5.876896627137507,-0.36115785487130503,-1.1220839464902752,-48.97413855947923,-2.0064325270628056,20.22374841615669,250.5125000000001,10.000000000000002,-6.000000000000001
10.0,-6.0,0.0,-10.0,0.7378976941108704,0.04854426172852516,0.0114632248878479,0.042228616774082184,-0.17966043949127197,0.002800797810778022,10.081592930715257,-4.208762596107612,0.6686580230786205,12.601991163394072,-35.0730216342301,3.7147667948812253,20.22374841615669,250.5125000000001,10.000000000000002,-6.000000000000001
10.0,-6.0,0.0,-5.0,0.7315081357955933,0.04652094480872154,0.009403702802956104,0.030162284150719643,-0.1759641319513321,0.0017933263443410397,7.200895835516721,-4.122172131552029,0.42813588454240836,9.001119794395901,-34.35143442960024,2.3785326919022687,20.22374841615669,250.5125000000001,10.000000000000002,-6.000000000000001
10.0,-6.0,0.0,0.0,0.7239916324615479,0.045512694989442826,0.007222294341772795,0.017599469050765038,-0.17132039368152618,0.0007123808609321713,4.201669302022529,-4.013386958859506,0.17007267583432992,5.252086627528161,-33.44489132382922,0.9448481990796106,20.22374841615669,250.5125000000001,10.000000000000002,-6.000000000000001
10.0,-6.0,0.0,5.0,0.7166390419006348,0.04572042835235596,0.004986083135008812,0.005094682332128286,-0.16606003046035767,-0.0004160830285400152,1.2162963721641054,-3.890156602583606,-0.09933500170183547,1.5203704652051317,-32.417971688196715,-0.5518611205657526,20.22374841615669,250.5125000000001,10.000000000000002,-6.000000000000001
10.0,-6.0,0.0,10.0,0.7104937434196472,0.047166340177059174,0.0027836384251713753,-0.006915670353919268,-0.16044098138809204,-0.0015684091486036777,-1.6510361616679998,-3.758523597410012,-0.3744395102881188,-2.0637952020849997,-31.321029978416767,-2.0802195016006597,20.22374841615669,250.5125000000001,10.000000000000002,-6.000000000000001
10.0,-6.0,10.0,-10.0,0.6243687272071838,0.04596526933193207,0.012589597143232822,0.039541929960250854,-0.09164725989103317,0.0020171506330370903,9.44017758589648,-2.1469476561303438,0.4815713399046452,11.8002219823706,-17.891230467752866,2.6753963328035844,20.22374841615669,250.5125000000001,10.000000000000002,-6.000000000000001
10.0,-6.0,10.0,-5.0,0.6206204295158386,0.04337428150057793,0.010143891908228397,0.027629634365439415,-0.08260216563940048,0.0011725014774128795,6.5962550463604535,-1.9350554083303542,0.2799211413714556,8.245318807950566,-16.125461736086287,1.555117452063642,20.22374841615669,250.5125000000001,10.000000000000002,-6.000000000000001
10.0,-6.0,10.0,0.0,0.6182525753974915,0.0416738317656517,0.007510761264711618,0.015070563182234764,-0.07574199140071869,0.0002652182593010366,3.597922329607677,-1.774347548434756,0.06331778619154287,4.497402912009597,-14.786229570289635,0.3517654788419048,20.22374841615669,250.5125000000001,10.000000000000002,-6.000000000000001
10.0,-6.0,10.0,5.0,0.6165299415588379,0.041116880376935006,0.004891052842140198,0.0025530285201966763,-0.07190141826868057,-0.0007011978304944932,0.6095059759789789,-1.6843774882951494,-0.16740285690069948,0.7618824699737237,-14.036479069126246,-0.9300158716705527,20.22374841615669,250.5125000000001,10.000000000000002,-6.000000000000001
10.0,-6.0,10.0,10.0,0.6152670383453369,0.04179159191727638,0.002496741246432066,-0.009294643998146057,-0.0711379274725914,-0.0017174009699374437,-2.2189885528700435,-1.6664917950721367,-0.4100095811888257,-2.7737356910875546,-13.88743162560114,-2.277831006604587,20.22374841615669,250.5125000000001,10.000000000000002,-6.000000000000001
10.0,-6.0,20.0,-10.0,0.509019136428833,0.045641884331703186,0.013208769261837006,0.03554737567901611,-0.006539949215948582,0.0009611875284463167,8.48652403814942,-0.1532062023140319,0.22947238465607234,10.608155047686775,-1.2767183526169326,1.274846581422624,20.22374841615669,250.5125000000001,10.000000000000002,-6.000000000000001
10.0,-6.0,20.0,-5.0,0.5153594017028809,0.043926656370162964,0.010493652895092964,0.024463241919875145,0.00398073997348547,0.0003631320141721517,5.840315540554447,0.09325363754356157,0.08669356059138703,7.300394425693058,0.7771136461963465,0.4816308921743723,20.22374841615669,250.5125000000001,10.000000000000002,-6.000000000000001
10.0,-6.0,20.0,0.0,0.5244147181510925,0.04250382644414902,0.007618675008416176,0.012698333710432053,0.011060996912419796,-0.0003046591009479016,3.031580031423784,0.2591172002722158,-0.0727338301139793,3.78947503927973,2.159310002268465,-0.40407683396655164,20.22374841615669,250.5125000000001,10.000000000000002,-6.000000000000001
10.0,-6.0,20.0,5.0,0.5331377983093262,0.04152547021687031,0.004827357362955809,0.0007992116152308881,0.013758799992501736,-0.0010695967357605696,0.19080251227178313,0.32231649293377235,-0.2553538267106605,0.23850314033972891,2.685970774448103,-1.4186323706147803,20.22374841615669,250.5125000000001,10.000000000000002,-6.000000000000001
10.0,-6.0,20.0,10.0,0.5396156907081604,0.041214637582302094,0.002375497715547681,-0.010572179220616817,0.011576770804822445,-0.001934899017214775,-2.523985283795547,0.27119982609980403,-0.46193471971766575,-3.154981604744434,2.2599985508317,-2.566303998431476,20.22374841615669,250.5125000000001,10.000000000000002,-6.000000000000001
10.0,-4.0,-20.0,-10.0,0.8760737776756287,0.05787440774321556,0.006936277728527784,0.036619946360588074,-0.3231920301914215,0.002920935396105051,8.742587859961953,-7.571163311641672,0.6973394794811788,10.92823482495244,-63.093027597013936,3.874108219339882,20.22374841615669,250.5125000000001,10.0,-4.0
10.0,-4.0,-20.0,-5.0,0.896059513092041,0.06088308257341385,0.005485921632498503,0.0258659478276968,-0.3366243243217468,0.0018869092455133796,6.1751953221921605,-7.885831010750665,0.45047771780543716,7.7189941527402,-65.71525842292222,2.5026539878079843,20.22374841615669,250.5125000000001,10.0,-4.0
10.0,-4.0,-20.0,0.0,0.917908251285553,0.06440406305074692,0.00399806397035718,0.014799159951508045,-0.34430405497550964,0.0007222978747449815,3.533127953156609,-8.065737968650032,0.1724402479687408,4.416409941445761,-67.2144830720836,0.9580013776041155,20.22374841615669,250.5125000000001,10.0,-4.0
10.0,-4.0,-20.0,5.0,0.9387467503547668,0.06825214636802673,0.0024072895757853985,0.0034226065035909414,-0.3447394073009491,-0.0005497821839526296,0.8171076432794773,-8.075936622224667,-0.13125412581763382,1.0213845540993467,-67.29947185187223,-0.7291895878757434,20.22374841615669,250.5125000000001,10.0,-4.0
10.0,-4.0,-20.0,10.0,0.9534932971000671,0.0722011179971695,0.0006784049328416586,-0.008201146498322487,-0.3374759554862976,-0.0018732806202024221,-1.9579286956894453,-7.905781498466215,-0.44722404143414185,-2.4474108696118066,-65.88151248721846,-2.4845780079674546,20.22374841615669,250.5125000000001,10.0,-4.0
10.0,-4.0,-10.0,-10.0,0.8226974606513977,0.05255754304409027,0.008012129925191402,0.03702421858906746,-0.2564014792442322,0.002940925769507885,8.83910317000696,-6.00651405777181,0.7021119494926537,11.048878962508699,-50.054283814765085,3.9006219416258534,20.22374841615669,250.5125000000001,10.0,-4.0
10.0,-4.0,-10.0,-5.0,0.827972412109375,0.05279204261779785,0.006266841199249029,0.025420645251870155,-0.2624709904193878,0.0018567180959507823,6.068884492157146,-6.1486996812901875,0.44326993068731263,7.586105615196432,-51.239164010751566,2.4626107260406256,20.22374841615669,250.5125000000001,10.0,-4.0
10.0,-4.0,-10.0,0.0,0.8322310447692871,0.05381824088573456,0.004471874330192804,0.013450123369693756,-0.26442837715148926,0.0006739356322214007,3.211061101209839,-6.194553827520226,0.16089432296372114,4.013826376512299,-51.62128189600188,0.8938573497984508,20.22374841615669,250.5125000000001,10.0,-4.0
10.0,-4.0,-10.0,5.0,0.8351154327392578,0.0556075276184082,0.0025895186699926853,0.0013773204991593957,-0.26141995191574097,-0.0005718739703297615,0.32881930947302185,-6.12407783602618,-0.13652828382659943,0.4110241368412773,-51.03398196688483,-0.7584904657033301,20.22374841615669,250.5125000000001,10.0,-4.0
10.0,-4.0,-10.0,10.0,0.8352648019790649,0.05810847890853882,0.0006071586394682527,-0.010578759014606476,-0.25361156463623047,-0.00183210545219481,-2.5255561333672154,-5.941156941415305,-0.43739394718958374,-3.1569451667090194,-49.50964117846088,-2.429966373275465,20.22374841615669,250.5125000000001,10.0,-4.0
10.0,-4.0,0.0,-10.0,0.7371471524238586,0.04824437213420868,0.009170493111014366,0.036452244967222214,-0.17595233023166656,0.0026275194250047207,8.70255109553575,-4.121895662027415,0.6272898163385401,10.878188869419688,-34.34913051689513,3.484943424103,20.22374841615669,250.5125000000001,10.0,-4.0
10.0,-4.0,0.0,-5.0,0.7343647480010986,0.04633704957842827,0.007045885547995567,0.024306247010827065,-0.17409572005271912,0.0015872836811468005,5.802834825197726,-4.078402328164752,0.3789455862241435,7.253543531497158,-33.9866860680396,2.105253256800797,20.22374841615669,250.5125000000001,10.0,-4.0
10.0,-4.0,0.0,0.0,0.7296557426452637,0.04547034961462021,0.004820587113499641,0.011678231880068779,-0.17122694849967957,0.0004818652232643217,2.7880425398545117,-4.011197892711967,0.11503973844108227,3.4850531748181397,-33.42664910593306,0.6391096580060126,20.22374841615669,250.5125000000001,10.0,-4.0
10.0,-4.0,0.0,5.0,0.7239663004875183,0.04579271388530731,0.0025669513270258904,-0.0008552310755476356,-0.16739031672477722,-0.0006541977636516094,-0.20417650929691017,-3.921320163619405,-0.1561821355552355,-0.2552206366211377,-32.67766803016171,-0.8676785308624194,20.22374841615669,250.5125000000001,10.0,-4.0
10.0,-4.0,0.0,10.0,0.7186048626899719,0.04733714473724365,0.00036595031269825995,-0.012872532941401005,-0.16284964978694916,-0.0017940845573320985,-3.0731680792840326,-3.8149495612573774,-0.4283168991082306,-3.8414600991050407,-31.79124634381148,-2.3795383283790588,20.22374841615669,250.5125000000001,10.0,-4.0
10.0,-4.0,10.0,-10.0,0.6233788728713989,0.04579315346956253,0.01017775945365429,0.03447846695780754,-0.08719298988580704,0.0019415299175307155,8.23133446694068,-2.04260100617199,0.4635177703325391,10.28916808367585,-17.02167505143325,2.5750987240696617,20.22374841615669,250.5125000000001,10.0,-4.0
10.0,-4.0,10.0,-5.0,0.6228520274162292,0.04333315057039261,0.007675232365727425,0.022559352219104767,-0.07979459315538406,0.0010908466065302491,5.385783935817426,-1.869284634919977,0.2604269871240439,6.7322299197717825,-15.577371957666475,1.4468165951335772,20.22374841615669,250.5125000000001,10.0,-4.0
10.0,-4.0,10.0,0.0,0.6222318410873413,0.041682716583013535,0.0050238738767802715,0.009985117241740227,-0.0745638906955719,0.00018126257054973394,2.3838310389194413,-1.7467491177712782,0.04327433833871275,2.9797887986493015,-14.556242648093987,0.24041299077062636,20.22374841615669,250.5125000000001,10.0,-4.0
10.0,-4.0,10.0,5.0,0.6205711364746094,0.04108006147027016,0.0024385072756558657,-0.0025207495782524347,-0.0721181258559227,-0.0007819895981810987,-0.601799752622031,-1.6894541250330979,-0.18669095526126847,-0.7522496907775388,-14.078784375275816,-1.0371719736737137,20.22374841615669,250.5125000000001,10.0,-4.0
10.0,-4.0,10.0,10.0,0.6187587380409241,0.04171289888501167,0.00011007626017089933,-0.014345644973218441,-0.07255229353904724,-0.0017884826520457864,-3.424856507194777,-1.6996250269319664,-0.4269795091332011,-4.281070633993471,-14.16354189109972,-2.3721083840733392,20.22374841615669,250.5125000000001,10.0,-4.0
10.0,-4.0,20.0,-10.0,0.505555272102356,0.04573393625497818,0.01070166751742363,0.031212477013468742,-0.0023887089919298887,0.0010274620726704597,7.451617212388272,-0.055958390654548315,0.2452946641333053,9.31452151548534,-0.466319922121236,1.3627481340739183,20.22374841615669,250.5125000000001,10.0,-4.0
10.0,-4.0,20.0,-5.0,0.5146334767341614,0.04407852900505066,0.007962572388350964,0.02015313319861889,0.006844400428235531,0.0004457753093447536,4.811327026739322,0.16033833935121852,0.10642368968466294,6.014158783424152,1.336152827926821,0.5912427204703496,20.22374841615669,250.5125000000001,10.0,-4.0
10.0,-4.0,20.0,0.0,0.5252106189727783,0.042593740050792694,0.005103209055960178,0.008385945111513138,0.012670843861997128,-0.00020793483417946845,2.002047223234783,0.2968298077111404,-0.04964203221545706,2.5025590290434785,2.4735817309261705,-0.2757890678636503,20.22374841615669,250.5125000000001,10.0,-4.0
10.0,-4.0,20.0,5.0,0.533850908279419,0.04143802461504936,0.0023823657538741827,-0.0034956741146743298,0.014288022182881832,-0.0009643305675126612,-0.8345516887546928,0.33471416136990073,-0.2302227488131969,-1.043189610943366,2.7892846780825065,-1.2790152711844271,20.22374841615669,250.5125000000001,10.0,-4.0
10.0,-4.0,20.0,10.0,0.5396268963813782,0.0409578943002224,3.489555456326343e-05,-0.014831241220235825,0.011128074489533901,-0.0018245725659653544,-3.540786984323665,0.26068857346040775,-0.4355955578896204,-4.425983730404582,2.1724047788367313,-2.419975321609002,20.22374841615669,250.5125000000001,10.0,-4.0
10.0,-2.0,-20.0,-10.0,0.8681725263595581,0.05763554957985878,0.004924772772938013,0.029713289812207222,-0.32285258173942566,0.0026514092460274696,7.093703639918781,-7.563211322032208,0.6329932342844206,8.867129549898475,-63.02676101693507,3.516629079357892,20.223748416156692,250.5125000000002,10.0,-1.9999999999999996
10.0,-2.0,-20.0,-5.0,0.8925867080688477,0.06065880519628525,0.0034623744431883097,0.018699361011385918,-0.33675718307495117,0.001570098102092743,4.464255762622672,-7.888943387368667,0.3748427283628847,5.58031970327834,-65.7411948947389,2.082459602016026,20.223748416156692,250.5125000000002,10.0,-1.9999999999999996
10.0,-2.0,-20.0,0.0,0.9197646975517273,0.0642554090666771,0.0019489388214424253,0.007448685355484486,-0.34478113055229187,0.0003803383151534945,1.7782873169803657,-8.076914039735929,0.09080136557267003,2.222859146225457,-67.30761699779941,0.5044520309592779,20.223748416156692,250.5125000000002,10.0,-1.9999999999999996
10.0,-2.0,-20.0,5.0,0.9457319378852844,0.0682154150056839,0.00032171388738788664,-0.00401289900764823,-0.3456612229347229,-0.0008863944676704705,-0.9580331386087644,-8.097531265825232,-0.21161640806043086,-1.1975414232609554,-67.47942721521028,-1.175646711446838,20.223748416156692,250.5125000000002,10.0,-1.9999999999999996
10.0,-2.0,-20.0,10.0,0.964241087436676,0.07223606494545937,-0.0014371222350746393,-0.015617052093148232,-0.33908015489578247,-0.0021728533320128918,-3.7283902246480136,-7.94336180546344,-0.5187435550800936,-4.660487780810017,-66.19468171219535,-2.8819086393338536,20.223748416156692,250.5125000000002,10.0,-1.9999999999999996
10.0,-2.0,-10.0,-10.0,0.8173820376396179,0.0521074571955204,0.00583281647413969,0.030648082494735718,-0.25445792078971863,0.002691619796678424,7.31687456096225,-5.960983855631219,0.6425930373125802,9.146093201202813,-49.67486546359349,3.5699613184032235,20.223748416156692,250.5125000000002,10.0,-1.9999999999999996
10.0,-2.0,-10.0,-5.0,0.826174795627594,0.05244480085849762,0.004050910007208586,0.018853915855288506,-0.2617202401161194,0.0015596913872286677,4.501153940700161,-6.131112449485793,0.3723582457768952,5.626442425875201,-51.092603745714946,2.068656920982751,20.223748416156692,250.5125000000002,10.0,-1.9999999999999996
10.0,-2.0,-10.0,0.0,0.8344286680221558,0.0536326059448719,0.0022172543685883284,0.00675623957067728,-0.26474204659461975,0.0003494613920338452,1.6129739095731768,-6.201901912738808,0.08342985796420041,2.016217386966471,-51.682515939490074,0.46349921091222446,20.223748416156692,250.5125000000002,10.0,-1.9999999999999996
10.0,-2.0,-10.0,5.0,0.8411465287208557,0.055600091938972473,0.00029252422973513603,-0.005369780119508505,-0.262708842754364,-0.0008950948249548674,-1.2819727812055217,-6.154271659259737,-0.21369351754669058,-1.602465976506902,-51.285597160497815,-1.1871862085927254,20.223748416156692,250.5125000000002,10.0,-1.9999999999999996
10.0,-2.0,-10.0,10.0,0.8442162871360779,0.058250855778455735,-0.0017257430590689182,-0.017326252534985542,-0.2558926045894623,-0.0021253402810543776,-4.136442024776552,-5.994593054911264,-0.5074003647212263,-5.17055253097069,-49.95494212426054,-2.818890915117924,20.223748416156692,250.5125000000002,10.0,-1.9999999999999996
10.0,-2.0,0.0,-10.0,0.7344047427177429,0.047835953657627106,0.006833811290562153,0.03065411001443863,-0.17242246866226196,0.002438073279336095,7.318313561447436,-4.039204395186396,0.5820617442673688,9.147891951809296,-33.66003662655331,3.2336763570409377,20.223748416156692,250.5125000000002,10.0,-1.9999999999999996
10.0,-2.0,0.0,-5.0,0.734432578086853,0.04605928820848465,0.00465585058555007,0.018433764576911926,-0.17221380770206451,0.001365157077088952,4.400847691490691,-4.0343162603970475,0.3259154333973568,5.501059614363363,-33.6193021699754,1.810641296651982,20.223748416156692,250.5125000000002,10.0,-1.9999999999999996
10.0,-2.0,0.0,0.0,0.7318726778030396,0.04531274003267288,0.002401642734184861,0.005778111983090639,-0.17089754343032837,0.00024439094704575837,1.379457282090287,-4.003481181460568,0.05834550672707596,1.724321602612859,-33.362343178838074,0.32414170403931086,20.223748416156692,250.5125000000002,10.0,-1.9999999999999996
10.0,-2.0,0.0,5.0,0.727839469909668,0.045733872925043106,0.00014181178994476795,-0.006744088139384985,-0.16843727231025696,-0.0008862247923389077,-1.6100728961568513,-3.9458463615983836,-0.21157590004113316,-2.0125911201960642,-32.88205301331987,-1.1754216668951842,20.223748416156692,250.5125000000002,10.0,-1.9999999999999996
10.0,-2.0,0.0,10.0,0.7240293622016907,0.047399699811935425,-0.002052613301202655,-0.01874726451933384,-0.1652236133813858,-0.0020031025633215904,-4.47569217006334,-3.8705625231819853,-0.47821752604207757,-5.594615212579175,-32.254687693183214,-2.6567640335670974,20.223748416156692,250.5125000000002,10.0,-1.9999999999999996
10.0,-2.0,10.0,-10.0,0.6215465664863586,0.0456704349565506,0.007701364811509848,0.029361646622419357,-0.08297079056501389,0.0018692731391638517,7.00975290302239,-1.9436908920423381,0.4462673017728699,8.762191128777987,-16.19742410035282,2.479262787627055,20.223748416156692,250.5125000000002,10.0,-1.9999999999999996
10.0,-2.0,10.0,-5.0,0.6234123110771179,0.04329220963001251,0.005153942853212357,0.017453623935580254,-0.07722145318984985,0.0010086046531796455,4.166850470752435,-1.8090057261509933,0.24079267374022184,5.2085630884405445,-15.075047717924946,1.3377370763345657,20.223748416156692,250.5125000000002,10.0,-1.9999999999999996
10.0,-2.0,10.0,0.0,0.6237486600875854,0.04162671056866646,0.0025066074449568987,0.0049217515625059605,-0.07358381897211075,9.831906936597079e-05,1.1750111547520685,-1.7237897549706196,0.023472538538909266,1.4687639434400857,-14.364914624755164,0.13040299188282925,20.223748416156692,250.5125000000002,10.0,-1.9999999999999996
10.0,-2.0,10.0,5.0,0.6221094727516174,0.04095980164885521,-2.713560388656333e-05,-0.007512873038649559,-0.07259144634008408,-0.0008573226514272392,-1.7936113825612483,-1.7005422285429797,-0.2046758488020301,-2.2420142282015605,-14.171185237858165,-1.1370880489001671,20.223748416156692,250.5125000000002,10.0,-1.9999999999999996
10.0,-2.0,10.0,10.0,0.6206986308097839,0.041606690858602524,-0.0022899694740772247,-0.01928609237074852,-0.07449613511562347,-0.0018501481972634792,-4.604331075920866,-1.745161861548529,-0.4417014435044202,-5.755413844901083,-14.54301551290441,-2.45389690835789,20.223748416156692,250.5125000000002,10.0,-1.9999999999999996
10.0,-2.0,20.0,-10.0,0.5026276707649231,0.045913253103494645,0.008128480985760689,0.026828473433852196,0.0014558837283402681,0.0011162473820149899,6.4049871573963015,0.03410583318993771,0.26649112793953994,8.006233946745377,0.2842152765828143,1.4805062663307773,20.223748416156692,250.5125000000002,10.0,-1.9999999999999996
10.0,-2.0,20.0,-5.0,0.513769805431366,0.044220034157037735,0.005378874018788338,0.01581980288028717,0.00928307231515646,0.0005438831285573542,3.7767946257026894,0.21746717111248456,0.12984579469731625,4.720993282128362,1.8122264259373715,0.7213655260962013,20.223748416156692,250.5125000000002,10.0,-1.9999999999999996
10.0,-2.0,20.0,0.0,0.5251774191856384,0.042596694205999375,0.002555884188041091,0.00411241827532649,0.013763449154794216,-0.00010023624781752005,0.9817922105874349,0.3224254051707415,-0.023930242678911345,1.2272402632342936,2.686878376422846,-0.13294579266061857,20.223748416156692,250.5125000000002,10.0,-1.9999999999999996
10.0,-2.0,20.0,5.0,0.533589243888855,0.041254282121658326,-8.039637032197788e-05,-0.007683268748223782,0.014178886078298092,-0.0008496145019307733,-1.8342913837618091,0.3321575164225904,-0.20283561742793116,-2.2928642297022614,2.767979303521587,-1.126864541266284,20.223748416156692,250.5125000000002,10.0,-1.9999999999999996
10.0,-2.0,20.0,10.0,0.5394049286842346,0.04067765188694,-0.0023308605886995792,-0.018943874165415764,0.009802526794373989,-0.001703895628452301,-4.522630444851125,0.22963601912767326,-0.4067853374023925,-5.653288056063906,1.9136334927306107,-2.2599185411244025,20.223748416156692,250.5125000000002,10.0,-1.9999999999999996
10.0,0.0,-20.0,-10.0,0.8599486947059631,0.0573770628619194,0.0028996882028877735,0.022792110219597816,-0.3223881721496582,0.002357818651944399,5.441352211351815,-7.552331966976521,0.5629018819280964,6.801690264189769,-62.93609972480434,3.1272326773783132,20.223748416156695,250.5125000000003,10.0,0.0
10.0,0.0,-20.0,-5.0,0.8883104920387268,0.060411259655952454,0.0014347111573442817,0.011527585797011852,-0.336392343044281,0.0012369632022455335,2.75207753313616,-7.880396569388065,0.29531063122501544,3.4400969164201998,-65.66997141156722,1.6406146179167524,20.223748416156695,250.5125000000003,10.0,0.0
10.0,0.0,-20.0,0.0,0.9201340079307556,0.06406097871541977,-9.398061956744641e-05,0.00011139737762277946,-0.3445529043674469,3.694091356010176e-05,0.026594833090325423,-8.071567565949339,0.008819215059638428,0.033243541362906776,-67.26306304957782,0.04899563922021349,20.223748416156695,250.5125000000003,10.0,0.0
10.0,0.0,-20.0,5.0,0.9503507614135742,0.06807792199134827,-0.0017400557408109307,-0.011415473185479641,-0.3458474278450012,-0.0012079240987077355,-2.7253119462377304,-8.101893340546916,-0.2883778817459784,-3.4066399327971633,-67.51577783789097,-1.6020993430332133,20.223748416156695,250.5125000000003,10.0,0.0
10.0,0.0,-20.0,10.0,0.9717491865158081,0.07208161440968514,-0.003500327467918396,-0.022981766611337662,-0.33998289704322815,-0.0024466929025948048,-5.486630477236264,-7.964509629630287,-0.5841195794405015,-6.85828809654533,-66.37091358025239,-3.2451087746694527,20.223748416156695,250.5125000000003,10.0,0.0
10.0,0.0,-10.0,-10.0,0.8101929426193237,0.051616717253923416,0.003632368054240942,0.024227771908044815,-0.25218838453292847,0.0024172060657292604,5.784099803738721,-5.907817230106226,0.5770799388175749,7.230124754673401,-49.231810250885225,3.205999660097638,20.223748416156695,250.5125000000003,10.0,0.0
10.0,0.0,-10.0,-5.0,0.8218567371368408,0.052064262454509735,0.0018262539524585009,0.01226201094686985,-0.2602948248386383,0.0012447956250980496,2.927413027513333,-6.0977203765243235,0.29718053142285383,3.6592662843916663,-50.814336471036036,1.6510029523491878,20.223748416156695,250.5125000000003,10.0,0.0
10.0,0.0,-10.0,0.0,0.8336585164070129,0.053394444410800934,-3.684540934045799e-05,6.342180859064683e-05,-0.26417282223701477,2.216819666500669e-05,0.015141221900809904,-6.188567145263762,0.005292400079791497,0.01892652737601238,-51.57139287719802,0.029402222665508317,20.223748416156695,250.5125000000003,10.0,0.0
10.0,0.0,-10.0,5.0,0.8440389037132263,0.055511124556064606,-0.0019931565038859844,-0.012101816013455391,-0.26316192746162415,-0.0012049289653077722,-2.889168343419422,-6.164885715276659,-0.2876628283528454,-3.6114604292742776,-51.374047627305494,-1.5981268241824744,20.223748416156695,250.5125000000003,10.0,0.0
10.0,0.0,-10.0,10.0,0.8501102328300476,0.05827864644408226,-0.004028282128274441,-0.02405565418303013,-0.25757279992103577,-0.0023951136972755194,-5.7430086913056035,-6.033953658089712,-0.5718056418445637,-7.178760864132005,-50.2829471507476,-3.176698010247576,20.223748416156695,250.5125000000003,10.0,0.0
10.0,0.0,0.0,-10.0,0.7297267317771912,0.04743951198935509,0.004454450216144323,0.024790143594145775,-0.16861014068126678,0.0022323387674987316,5.918359527313413,-3.9498960117941455,0.5329450135148543,7.397949409141766,-32.91580009828455,2.9608056306380797,20.223748416156695,250.5125000000003,10.0,0.0
10.0,0.0,0.0,-5.0,0.7315998673439026,0.04577673238992691,0.0022412429098039865,0.012533528730273247,-0.16981464624404907,0.0011312059359624982,2.992234752088579,-3.9781130081111784,0.2700623093622638,3.7402934401107233,-33.150941734259824,1.5003461631236876,20.223748416156695,250.5125000000003,10.0,0.0
10.0,0.0,0.0,0.0,0.7307433485984802,0.045120328788757325,-2.59483240370173e-05,-0.00010841408220585436,-0.16991862654685974,5.2164205044391565e-06,-0.025882605878470195,-3.980548872180312,0.0012453599501622548,-0.03235325734808774,-33.1712406015026,0.006918666389790304,20.223748416156695,250.5125000000003,10.0,0.0
10.0,0.0,0.0,5.0,0.7287331819534302,0.04564367619633675,-0.002282659988850355,-0.012600359506905079,-0.16897150874137878,-0.0011101526906713843,-3.0081898256078046,-3.958361494674706,-0.2650360910034901,-3.7602372820097556,-32.98634578895589,-1.4724227277971673,20.223748416156695,250.5125000000003,10.0,0.0
10.0,0.0,0.0,10.0,0.72738116979599,0.04746884119987488,-0.0044656237587332726,-0.024594565853476524,-0.16746123135089874,-0.0021989792585372925,-5.8716676079856995,-3.922981424310868,-0.5249808173036209,-7.339584509982124,-32.69151186925723,-2.916560096131227,20.223748416156695,250.5125000000003,10.0,0.0
10.0,0.0,10.0,-10.0,0.6191388368606567,0.045599598561525345,0.005165953189134598,0.02417091093957424,-0.0788578987121582,0.0017956834053620696,5.770524906392844,-1.847341437253347,0.42869860554873496,7.213156132991055,-15.394511977111225,2.381658919715194,20.223748416156695,250.5125000000003,10.0,0.0
10.0,0.0,10.0,-5.0,0.6222540140151978,0.043240543578863144,0.002596774837002158,0.012319005094468594,-0.07465189695358276,0.0009225861867889762,2.941019719832848,-1.7488107705646732,0.2202567616284289,3.67627464979106,-14.573423088038943,1.2236486757134937,20.223748416156695,250.5125000000003,10.0,0.0
10.0,0.0,10.0,0.0,0.6228688955307007,0.041522186373472214,-2.381427475484088e-05,-0.0001156945145339705,-0.07253486663103104,1.260980025108438e-05,-0.027620724734798326,-1.699216780582175,0.0030104436938859897,-0.034525905918497905,-14.160139838184792,0.016724687188255496,20.223748416156695,250.5125000000003,10.0,0.0
10.0,0.0,10.0,5.0,0.6215786933898926,0.04082844977557659,-0.002498538699001074,-0.012448427267372608,-0.07311873137950897,-0.0009335143840871751,-2.9719177639342527,-1.7128945168803718,-0.2228657421028877,-3.7148972049178157,-14.274120974003099,-1.2381430116827095,20.223748416156695,250.5125000000003,10.0,0.0
10.0,0.0,10.0,10.0,0.6216955780982971,0.04158582550764084,-0.004707829561084509,-0.024175357073545456,-0.07684970647096634,-0.0019116121111437678,-5.771586369358895,-1.8002971106645074,-0.4563752407302372,-7.214482961698618,-15.00247592220423,-2.5354180040568735,20.223748416156695,250.5125000000003,10.0,0.0
10.0,0.0,20.0,-10.0,0.5006000995635986,0.046099241946935654,0.005504591856151819,0.022383369505405426,0.004919036291539669,0.001216872246004641,5.3437701021214075,0.11523436106107178,0.29051414822645777,6.679712627651759,0.9602863421755983,1.6139674901469876,20.223748416156695,250.5125000000003,10.0,0.0
10.0,0.0,20.0,-5.0,0.5127831101417542,0.044295381878614426,0.0027640145272016525,0.011469847522675991,0.011353000067174435,0.0006456889095716178,2.7382931891807267,0.2659577265403066,0.15415074523998426,3.4228664864759084,2.2163143878358884,0.8563930291110237,20.223748416156695,250.5125000000003,10.0,0.0
10.0,0.0,20.0,0.0,0.5242328643798828,0.04251232755661011,-4.994363735022489e-06,-0.00011838656791951507,0.014503865502774715,5.199004590394907e-06,-0.02826342128642849,0.3397705516022592,0.0012412021024910942,-0.035329276608035615,2.8314212633521603,0.006895567236061635,20.223748416156695,250.5125000000003,10.0,0.0
10.0,0.0,20.0,5.0,0.5324324369430542,0.04104726587712765,-0.002556168008595705,-0.01178477518260479,0.013618244789540768,-0.0007399862515740097,-2.813478518764468,0.31902381769271504,-0.17666314297260488,-3.516848148455585,2.658531814105959,-0.9814619054033604,20.223748416156695,250.5125000000003,10.0,0.0
10.0,0.0,20.0,10.0,0.5391740202903748,0.04050503869831562,-0.004734096582978964,-0.02296338602900505,0.007729849778115749,-0.0015881250146776438,-5.4822423261893505,0.18108105886741302,-0.3791464448556803,-6.852802907736688,1.5090088238951087,-2.1063691380871123,20.223748416156695,250.5125000000003,10.0,0.0
10.0,2.0,-20.0,-10.0,0.8504995107650757,0.05712515128135681,0.0008729714318178594,0.015791652724146843,-0.3212137818336487,0.0020376546308398247,3.7700741021141204,-7.5248204566560055,0.4864664317899737,4.712592627642651,-62.70683713880005,2.702591287722076,20.223748416156692,250.5125000000002,10.0,1.9999999999999996
10.0,2.0,-20.0,-5.0,0.8824270963668823,0.060178913300037384,-0.000592957076150924,0.004303736612200737,-0.3351818919181824,0.0008885751012712717,1.0274672466149328,-7.852040291075674,0.21213700906453029,1.284334058268666,-65.4336690922973,1.1785389392473904,20.223748416156692,250.5125000000002,10.0,1.9999999999999996
10.0,2.0,-20.0,0.0,0.9182686805725098,0.06386793417215347,-0.0021296043414622545,-0.007247616536915302,-0.3435044586658478,-0.0003071078099310398,-1.7302844664319081,-8.047006460202098,-0.07331843100928824,-2.1628555830398852,-67.05838716835082,-0.407324616718268,20.223748416156692,250.5125000000002,10.0,1.9999999999999996
10.0,2.0,-20.0,5.0,0.9518159627914429,0.06789331150531769,-0.0037753928918391466,-0.018804585561156273,-0.345285564661026,-0.0015178461326286197,-4.489376904590873,-8.088731017447063,-0.3623681761230214,-5.611721130738592,-67.40609181205886,-2.0131565340167854,20.223748416156692,250.5125000000002,10.0,1.9999999999999996
10.0,2.0,-20.0,10.0,0.97501540184021,0.07180700463533402,-0.0055076079443097115,-0.030283041298389435,-0.3401036262512207,-0.0027042566798627377,-7.229725205249438,-7.96733785701465,-0.6456099467429512,-9.037156506561798,-66.39448214178876,-3.586721926349729,20.223748416156692,250.5125000000002,10.0,1.9999999999999996
10.0,2.0,-10.0,-10.0,0.8006769418716431,0.05114525941491127,0.0014175539836287498,0.017743920907378197,-0.24913141131401062,0.002119637792930007,4.236155508953034,-5.836203943522289,0.506038961759114,5.295194386191292,-48.63503286268575,2.811327565328411,20.223748416156692,250.5125000000002,10.0,1.9999999999999996
10.0,2.0,-10.0,-5.0,0.8148337006568909,0.05170620245218277,-0.0004067346453666687,0.005643351469188929,-0.2579456567764282,0.0009182939538732171,1.3472847709337086,-6.042688279863549,0.21923204075604025,1.6841059636671356,-50.35573566552958,1.2179557819780014,20.223748416156692,250.5125000000002,10.0,1.9999999999999996
10.0,2.0,-10.0,0.0,0.8300480246543884,0.053169679020643235,-0.0022930519189685583,-0.006631716154515743,-0.2627372741699219,-0.00030195192084647715,-1.5832453868796945,-6.154937699478125,-0.07208752223421366,-1.979056733599618,-51.29114749565104,-0.4004862346345203,20.223748416156692,250.5125000000002,10.0,1.9999999999999996
10.0,2.0,-10.0,5.0,0.8440428376197815,0.05542134878516197,-0.004267023876309395,-0.018826447427272797,-0.2629603445529938,-0.0014998402912169695,-4.49459617180182,-6.160163392386541,-0.3580694901286773,-5.6182452147522755,-51.33469493655451,-1.9892749451593181,20.223748416156692,250.5125000000002,10.0,1.9999999999999996
10.0,2.0,-10.0,10.0,0.8529034852981567,0.058274127666950226,-0.006293199490755796,-0.030762629583477974,-0.25876688957214355,-0.002645819215103984,-7.344221351085073,-6.06192664910661,-0.6316586791759216,-9.180276688856342,-50.51605540922176,-3.509214884310675,20.223748416156692,250.5125000000002,10.0,1.9999999999999996
10.0,2.0,0.0,-10.0,0.7228693962097168,0.047077495728731156,0.002043959219008684,0.018882926553487778,-0.1643172949552536,0.002012243727222085,4.508079908733772,-3.849330920371319,0.48039987300008397,5.6350998859172154,-32.07775766976099,2.6688881833337996,20.223748416156692,250.5125000000002,10.0,1.9999999999999996
10.0,2.0,0.0,-5.0,0.725936770439148,0.04550772172689438,-0.00018667896802071482,0.006635203491896391,-0.16679386794567108,0.0008904601563699543,1.5840779482698022,-3.90734763121826,0.21258704412626483,1.9800974353372527,-32.56123026015217,1.1810391340348045,20.223748416156692,250.5125000000002,10.0,1.9999999999999996
10.0,2.0,0.0,0.0,0.7268422245979309,0.04493846756696701,-0.0024554228875786066,-0.005969743710011244,-0.16835422813892365,-0.0002316674217581749,-1.425207136359946,-3.9439009516732937,-0.055307912498514675,-1.7815089204499324,-32.86584126394412,-0.30726618054730376,20.223748416156692,250.5125000000002,10.0,1.9999999999999996
10.0,2.0,0.0,5.0,0.7274651527404785,0.04559847352385521,-0.004703375976532698,-0.018436290323734283,-0.16917292773723602,-0.0013257056707516313,-4.401450684277437,-3.9630799777103136,-0.3164968672774924,-5.501813355346796,-33.025666480919284,-1.758315929319402,20.223748416156692,250.5125000000002,10.0,1.9999999999999996
10.0,2.0,0.0,10.0,0.7291069030761719,0.04761377734422684,-0.0068689691834151745,-0.030436646193265915,-0.16964825987815857,-0.002385054249316454,-7.266396594004478,-3.9742152067073446,-0.5694040652081899,-9.082995742505597,-33.11846005589454,-3.163355917823277,20.223748416156692,250.5125000000002,10.0,1.9999999999999996
10.0,2.0,10.0,-10.0,0.615939736366272,0.045533329372406006,0.002592052100226283,0.018942615017294884,-0.07485988736152649,0.0017163295997306705,4.522329837827644,-1.7536831968583042,0.409753803966461,5.652912297284555,-14.61402664048587,2.2764100220358943,20.223748416156692,250.5125000000002,10.0,1.9999999999999996
10.0,2.0,10.0,-5.0,0.6193286180496216,0.043152209495306015,2.703824793570675e-05,0.007193093653768301,-0.07204759865999222,0.000829994969535619,1.7172677598644701,-1.6878019403613864,0.1981516814099197,2.1465846998305875,-14.065016169678222,1.1008426744995539,20.223748416156692,250.5125000000002,10.0,1.9999999999999996
10.0,2.0,10.0,0.0,0.6200002431869507,0.04139607970893383,-0.0025529498234391212,-0.005115967243909836,-0.07140284031629562,-7.908890256658196e-05,-1.2213778982130354,-1.672697698113274,-0.018881559045112968,-1.5267223727662942,-13.939147484277283,-0.1048975502506276,20.223748416156692,250.5125000000002,10.0,1.9999999999999996
10.0,2.0,10.0,5.0,0.6196818351745605,0.04076010559976101,-0.004975080024451017,-0.01735226996243,-0.07372503727674484,-0.0010150467278435826,-4.142653384101976,-1.7270979641685524,-0.24233064441869664,-5.17831673012747,-14.392483034737937,-1.346281357881648,20.223748416156692,250.5125000000002,10.0,1.9999999999999996
10.0,2.0,10.0,10.0,0.6221789717674255,0.0417232551920414,-0.007151424419134855,-0.029062608256936073,-0.07956547290086746,-0.001977836713194847,-6.938360958370316,-1.8639172164724291,-0.47218559709235597,-8.672951197962895,-15.532643470603578,-2.6232533171797554,20.223748416156692,250.5125000000002,10.0,1.9999999999999996
10.0,2.0,20.0,-10.0,0.49915632605552673,0.04623024178028107,0.002851217519491911,0.017903869971632957,0.007952517829835415,0.001317407819442451,4.274341494634076,0.18629732667839877,0.31451585142877764,5.3429268682925946,1.55247772231999,1.7473102857154312,20.223748416156692,250.5125000000002,10.0,1.9999999999999996
10.0,2.0,20.0,-5.0,0.5113107562065125,0.044287487988471985,0.00013935670722275972,0.007128435652703047,0.013133077882230282,0.0007398108718916774,1.701831411334728,0.3076581974251724,0.17662127310566006,2.12728926416841,2.563818311876437,0.9812292950314447,20.223748416156692,250.5125000000002,10.0,1.9999999999999996
10.0,2.0,20.0,0.0,0.5222142338752747,0.04238249373912811,-0.00256855390034616,-0.004305128939449787,0.015042177401483059,9.75784205365926e-05,-1.0277996486120515,0.35238115742476916,0.023295717213163532,-1.2847495607650643,2.93650964520641,0.12942065118424184,20.223748416156692,250.5125000000002,10.0,1.9999999999999996
10.0,2.0,20.0,5.0,0.5304422974586487,0.04090869252860546,-0.005050885956734419,-0.01583406887948513,0.012760586105287075,-0.0006452699308283627,-3.7802004677039367,0.29893212805455627,-0.15405071891994823,-4.72525058462992,2.4911010671213023,-0.8558373273330457,20.223748416156692,250.5125000000002,10.0,1.9999999999999996
10.0,2.0,20.0,10.0,0.5388897657394409,0.04054107901930809,-0.0071939462795853615,-0.026951611042022705,0.005081838928163052,-0.001485452288761735,-6.434384834489976,0.11904820928224054,-0.35463452126346845,-8.042981043112471,0.9920684106853379,-1.970191784797047,20.223748416156692,250.5125000000002,10.0,1.9999999999999996
10.0,4.0,-20.0,-10.0,0.839285671710968,0.05687994522333145,-0.0011593011440709233,0.008725732564926147,-0.31921258568763733,0.0016978115309029818,2.0831675404500225,-7.4779400220391405,0.4053328296119727,2.603959425562528,-62.31616685032618,2.251849053399848,20.22374841615669,250.5125000000001,10.0,4.0
10.0,4.0,-20.0,-5.0,0.8745573163032532,0.05997928244352341,-0.002628627233207226,-0.0029444843530654907,-0.3332307040691376,0.0005336659378372133,-0.702961520081945,-7.806331361161592,0.12740655880458004,-0.8787019001024312,-65.05276134301327,0.7078142155810002,20.22374841615669,250.5125000000001,10.0,4.0
10.0,4.0,-20.0,0.0,0.9137870669364929,0.06370796648144722,-0.0041656759567558765,-0.014582391828298569,-0.34184515476226807,-0.0006452671368606389,-3.481377075540974,-8.008135263934648,-0.1540500518925292,-4.351721344426218,-66.73446053278873,-0.8558336216251623,20.22374841615669,250.5125000000001,10.0,4.0
10.0,4.0,-20.0,5.0,0.949515700340271,0.06770826143503189,-0.005791677162051201,-0.02609744668006897,-0.3441178500652313,-0.0018144070636481047,-6.230462990703064,-8.061375893928352,-0.4331686620041351,-7.78807873837883,-67.17813244940294,-2.4064925666896393,20.22374841615669,250.5125000000001,10.0,4.0
10.0,4.0,-20.0,10.0,0.9729844331741333,0.07148511720180512,-0.007472042925655842,-0.03738076239824295,-0.3394072949886322,-0.0029482783284038305,-8.924223872996219,-7.951025456907082,-0.7038672877312845,-11.155279841245274,-66.25854547422568,-3.910373820729358,20.22374841615669,250.5125000000001,10.0,4.0
10.0,4.0,-10.0,-10.0,0.788731575012207,0.05070691940665245,-0.0008163288002833724,0.011244067922234535,-0.24532340466976166,0.0018085549818351865,2.6843909257964476,-5.7469967926579875,0.43177154528229894,3.3554886572455596,-47.89163993881657,2.398730807123883,20.22374841615669,250.5125000000001,10.0,4.0
10.0,4.0,-10.0,-5.0,0.8054328560829163,0.051404670004844666,-0.0026584018487483263,-0.0009545701905153692,-0.25494253635406494,0.0005917103262618184,-0.22789257190346188,-5.9723365600245035,0.14126398395160364,-0.2848657148793273,-49.76947133353753,0.7847999108422424,20.22374841615669,250.5125000000001,10.0,4.0
10.0,4.0,-10.0,0.0,0.8241380453109741,0.05301952746987343,-0.004561839159578085,-0.013283911161124706,-0.26086369156837463,-0.0006137220188975334,-3.1713798623979454,-6.111046766134986,-0.14651902050789217,-3.9642248279974317,-50.92538971779155,-0.8139945583771787,20.22374841615669,250.5125000000001,10.0,4.0
10.0,4.0,-10.0,5.0,0.841446042060852,0.055405575906038285,-0.006534994579851627,-0.02548166923224926,-0.2624832093715668,-0.0017752794083207846,-6.083453260357285,-6.148985924989913,-0.42382738768644357,-7.604316575446606,-51.24154937491594,-2.35459659825802,20.22374841615669,250.5125000000001,10.0,4.0
10.0,4.0,-10.0,10.0,0.8521275520324707,0.0583044589805603,-0.008522434160113335,-0.0373435914516449,-0.2595806121826172,-0.002877074060961604,-8.915349740214277,-6.0809890831976405,-0.6868680939589019,-11.144187175267845,-50.67490902664701,-3.815933855327233,20.22374841615669,250.5125000000001,10.0,4.0
10.0,4.0,0.0,-10.0,0.7138590812683105,0.0467370898771286,-0.00038948594010435045,0.013006111606955528,-0.15973424911499023,0.0017860238440334797,3.105058437842388,-3.7419675410799957,0.4263924972117007,3.881323047302985,-31.1830628423333,2.3688472067316706,20.22374841615669,250.5125000000001,10.0,4.0
10.0,4.0,0.0,-5.0,0.7180808186531067,0.045271121089458466,-0.0026259117294102907,0.0007975391927175224,-0.16347484290599823,0.0006522871553897858,0.19040324077591292,-3.829595464508245,0.15572599997189834,0.23800405096989113,-31.91329553756871,0.8651444442883242,20.22374841615669,250.5125000000001,10.0,4.0
10.0,4.0,0.0,0.0,0.7212046980857849,0.044828329359292984,-0.00489079998806119,-0.011765983887016773,-0.16663238406181335,-0.0004588127776514739,-2.808992314686965,-3.903564676371999,-0.1095362341712284,-3.511240393358706,-32.52970563643333,-0.6085346342846022,20.22374841615669,250.5125000000001,10.0,4.0
10.0,4.0,0.0,5.0,0.7248278856277466,0.04567079258441925,-0.0071258251555264,-0.02421545796096325,-0.16939391195774078,-0.0015280059305951,-5.781159991560855,-3.9682567997431653,-0.3647937101608595,-7.226449989451069,-33.06880666452638,-2.026631723115886,20.22374841615669,250.5125000000001,10.0,4.0
10.0,4.0,0.0,10.0,0.729026198387146,0.04786591244220734,-0.00926297064870596,-0.036216381937265396,-0.1718043088912964,-0.0025580122601240873,-8.646241530196418,-4.024723256601711,-0.6106957861375619,-10.807801912745523,-33.53936047168093,-3.3927543674308995,20.22374841615669,250.5125000000001,10.0,4.0
10.0,4.0,10.0,-10.0,0.6117420196533203,0.04544260737776756,-7.107345254553366e-07,0.013752974569797516,-0.07114500552415848,0.0016337024280801415,3.283363315946331,-1.6666576069713683,0.39002752417724856,4.104204144932914,-13.888813391428071,2.166819578762492,20.22374841615669,250.5125000000001,10.0,4.0
10.0,4.0,10.0,-5.0,0.6149728894233704,0.04304612067818642,-0.002543177455663681,0.002132918918505311,-0.06957978010177612,0.000734885863494128,0.509209676595175,-1.6299903126529682,0.1754454844192799,0.6365120957439687,-13.583252605441404,0.9746971356626661,20.22374841615669,250.5125000000001,10.0,4.0
10.0,4.0,10.0,0.0,0.6159610748291016,0.0413174313801527,-0.005081982351839542,-0.0100503945723176,-0.07038532942533493,-0.00017244642367586493,-2.399415245193721,-1.6488612776350993,-0.041169585429678426,-2.9992690564921514,-13.740510646959162,-0.22871991905376904,20.22374841615669,250.5125000000001,10.0,4.0
10.0,4.0,10.0,5.0,0.6171724200248718,0.0408336297917366,-0.007467695977538824,-0.022214500233530998,-0.074543297290802,-0.0010972220916301012,-5.303454520234072,-1.7462666924139347,-0.2619490603157,-6.62931815029259,-14.55222243678279,-1.4552725573094443,20.22374841615669,250.5125000000001,10.0,4.0
10.0,4.0,10.0,10.0,0.6220669746398926,0.04204382759809494,-0.009629265405237675,-0.0339357927441597,-0.0824996754527092,-0.0020431068260222673,-8.101777286669709,-1.9326544520294804,-0.48776808021247,-10.127221608337136,-16.105453766912337,-2.7098226678470554,20.22374841615669,250.5125000000001,10.0,4.0
10.0,4.0,20.0,-10.0,0.4977109730243683,0.04631127802014351,0.00018291818560101092,0.013448218815028667,0.010508588515222073,0.0014143410371616483,3.2106064108525767,0.24617636696197284,0.33765753394557557,4.0132580135657205,2.0514697246831073,1.8758751885865308,20.22374841615669,250.5125000000001,10.0,4.0
10.0,4.0,20.0,-5.0,0.5090542435646057,0.044249776874780655,-0.0024884825106710196,0.002836692612618208,0.014658554457128048,0.0008251186227425933,0.6772274910869487,0.34339432702525596,0.1969875101177532,0.8465343638586859,2.861619391877133,1.09437505620974,20.22374841615669,250.5125000000001,10.0,4.0
10.0,4.0,20.0,0.0,0.5192040205001831,0.042301397894620896,-0.00514212716370821,-0.008434592746198177,0.015441841445863247,0.00017828631098382175,-2.013661282311369,0.36174376994959334,0.042563790854758934,-2.517076602889211,3.0145314162466113,0.23646550474866074,20.22374841615669,250.5125000000001,10.0,4.0
10.0,4.0,20.0,5.0,0.5278125405311584,0.04093872209370136,-0.007583714090287685,-0.01984204724431038,0.011704697273671627,-0.0005614397232420743,-4.737058859856662,0.27419665800486415,-0.13403722824125222,-5.921323574820827,2.284972150040535,-0.7446512680069568,20.22374841615669,250.5125000000001,10.0,4.0
10.0,4.0,20.0,10.0,0.5382353067398071,0.0408339930075407,-0.009729544632136822,-0.03092866577208042,0.002132165478542447,-0.0013893143041059375,-7.383860567169569,0.049948549275575446,-0.3316826914257939,-9.229825708961961,0.4162379106297954,-1.8426816190321882,20.22374841615669,250.5125000000001,10.0,4.0
10.0,6.0,-20.0,-10.0,0.8262892961502075,0.0566579738008976,-0.0032117764931172132,0.0016818144358694553,-0.3166224956512451,0.0013552880845963955,0.401513708539057,-7.417264037406207,0.3235593257967093,0.5018921356738213,-61.810533645051734,1.7975518099817183,20.22374841615669,250.5125000000001,10.000000000000002,6.000000000000001
10.0,6.0,-20.0,-5.0,0.864704966545105,0.059842731927633286,-0.004685507155954838,-0.010110261850059032,-0.3308436870574951,0.00018899135466199368,-2.4137078640424074,-7.750412607187034,0.04511949598822886,-3.0171348300530094,-64.58677172655862,0.25066386660127143,20.22374841615669,250.5125000000001,10.000000000000002,6.000000000000001
10.0,6.0,-20.0,0.0,0.9064425826072693,0.06361970690369606,-0.0062129562720656395,-0.02174900658428669,-0.33979547023773193,-0.0009641837677918375,-5.192323305384654,-7.960118930538628,-0.230187702080892,-6.490404131730817,-66.33432442115524,-1.2788205671160666,20.22374841615669,250.5125000000001,10.000000000000002,6.000000000000001
10.0,6.0,-20.0,5.0,0.9427663683891296,0.06757118192791939,-0.007801758591085672,-0.03309555724263191,-0.34237632155418396,-0.0020888899452984333,-7.9011807969088235,-8.020578487008354,-0.49869826942776,-9.87647599613603,-66.83815405840295,-2.7705459412653335,20.22374841615669,250.5125000000001,10.000000000000002,6.000000000000001
10.0,6.0,-20.0,10.0,0.9645967483520508,0.07118390512943268,-0.009416290558874607,-0.044022344052791595,-0.33776184916496277,-0.0031734691001474857,-10.509824533692285,-7.912478902884444,-0.7576289750870145,-13.137280667115355,-65.9373241907037,-4.209049861594525,20.22374841615669,250.5125000000001,10.000000000000002,6.000000000000001
10.0,6.0,-10.0,-10.0,0.7748457193374634,0.05033095565915108,-0.0030849517788738012,0.004820468835532665,-0.24118469655513763,0.001502024126239121,1.1508310773007926,-5.650042560783903,0.3585908554350275,1.4385388466259907,-47.083688006532526,1.992171419083486,20.22374841615669,250.5125000000001,10.000000000000002,6.000000000000001
10.0,6.0,-10.0,-5.0,0.7944110035896301,0.05121718731999397,-0.004945601802319288,-0.007442182395607233,-0.25180554389953613,0.0002826544805429876,-1.7767348106627185,-5.8988487262850455,0.06748048197084502,-2.220918513328398,-49.15707271904205,0.3748915665046946,20.22374841615669,250.5125000000001,10.000000000000002,6.000000000000001
10.0,6.0,-10.0,0.0,0.8164687752723694,0.05301761267066002,-0.006855758372694254,-0.019788498058915138,-0.25901201367378235,-0.0008990205242298543,-4.7242746123447334,-6.067668976985261,-0.2146307327595533,-5.905343265430917,-50.56390814154385,-1.192392959775296,20.22374841615669,250.5125000000001,10.000000000000002,6.000000000000001
10.0,6.0,-10.0,5.0,0.8360681533813477,0.05552950141310692,-0.00880383513867855,-0.031922418624162674,-0.26193177700042725,-0.002021513180807233,-7.621107545493034,-6.136067956267881,-0.48261284763374446,-9.526384431866292,-51.133899635565676,-2.681182486854136,20.22374841615669,250.5125000000001,10.000000000000002,6.000000000000001
10.0,6.0,-10.0,10.0,0.8467361927032471,0.05841886637091637,-0.010721408762037754,-0.04360174760222435,-0.25988367199897766,-0.003082524286583066,-10.409412004780727,-6.088088625106216,-0.7359169546715365,-13.011765005975908,-50.734071875885135,-4.08842752595298,20.22374841615669,250.5125000000001,10.000000000000002,6.000000000000001
10.0,6.0,0.0,-10.0,0.7032896280288696,0.04644003522872925,-0.0028491229750216007,0.0072518144734203815,-0.1553105115890503,0.0015697332564741373,1.731286675128906,-3.6383361512932746,0.37475562569909104,2.1641083439111326,-30.319467927443956,2.0819756983282836,20.22374841615669,250.5125000000001,10.000000000000002,6.000000000000001
10.0,6.0,0.0,-5.0,0.7091068625450134,0.04513099802017212,-0.005087088327854872,-0.004903148859739304,-0.16037070751190186,0.00043231461313553154,-1.1705699750253469,-3.7568773470589036,0.10321010444052849,-1.4632124687816837,-31.307311225490867,0.5733894691140471,20.22374841615669,250.5125000000001,10.000000000000002,6.000000000000001
10.0,6.0,0.0,0.0,0.7148070335388184,0.044875875239372254,-0.007345342542976141,-0.017420511692762375,-0.16520725190639496,-0.000662570761051029,-4.158945306467778,-3.8701792358864973,-0.15818109166223954,-5.198681633084723,-32.25149363238748,-0.8787838425679974,20.22374841615669,250.5125000000001,10.000000000000002,6.000000000000001
10.0,6.0,0.0,5.0,0.7209672927856445,0.04592057329893112,-0.009558621793985367,-0.02983681857585907,-0.16980881989002228,-0.0017052411567419767,-7.123194700851108,-3.9779765187372815,-0.40710656669024337,-8.903993376063884,-33.14980432281068,-2.2617031482791297,20.22374841615669,250.5125000000001,10.000000000000002,6.000000000000001
10.0,6.0,0.0,10.0,0.726058840751648,0.048227183644771576,-0.011645454913377762,-0.0417911522090435,-0.1736682951450348,-0.0027075859252363443,-9.977153334932918,-4.068389383917258,-0.6464047654982688,-12.471441668666149,-33.90324486597715,-3.591137586101493,20.22374841615669,250.5125000000001,10.000000000000002,6.000000000000001
10.0,6.0,10.0,-10.0,0.6067308187484741,0.04536488664627075,-0.002606145339086652,0.008685586974024773,-0.06797168403863907,0.0015604000072926283,2.073583245809354,-1.5923187218417483,0.37252742060603067,2.5919790572616925,-13.26932268201457,2.0695967811446145,20.22374841615669,250.5125000000001,10.000000000000002,6.000000000000001
10.0,6.0,10.0,-5.0,0.6099240183830261,0.04300665122747421,-0.00512029230594635,-0.0027968985959887505,-0.06751549988985062,0.0006510800449177623,-0.6677271307298334,-1.581632057666849,0.1554378163340953,-0.8346589134122917,-13.180267147223743,0.8635434240783073,20.22374841615669,250.5125000000001,10.000000000000002,6.000000000000001
10.0,6.0,10.0,0.0,0.6116214394569397,0.041389433791041375,-0.0076270438730716705,-0.014863244257867336,-0.06970696151256561,-0.0002529693010728806,-3.54842733872299,-1.6329696906738986,-0.060393489349374094,-4.435534173403737,-13.608080755615823,-0.33551938527430053,20.22374841615669,250.5125000000001,10.000000000000002,6.000000000000001
10.0,6.0,10.0,5.0,0.614333987236023,0.04111457255959511,-0.009991135448217392,-0.02696898765861988,-0.07558322697877884,-0.001164723769761622,-6.438533300351005,-1.7706283002655698,-0.27806430379390523,-8.048166625438757,-14.755235835546417,-1.544801687743918,20.22374841615669,250.5125000000001,10.000000000000002,6.000000000000001
10.0,6.0,10.0,10.0,0.6204211711883545,0.042525924866199494,-0.012138928286731243,-0.03870150074362755,-0.08523634821176529,-0.0020920673850923777,-9.239534848901213,-1.9967643138260804,-0.4994568463599806,-11.549418561126517,-16.639702615217338,-2.7747602575554478,20.22374841615669,250.5125000000001,10.000000000000002,6.000000000000001
10.0,6.0,20.0,-10.0,0.495921790599823,0.04642699671268463,-0.0025000099558383226,0.009082254953682423,0.012505604885518551,0.0015173384454101324,2.1682831295624037,0.29295888528886765,0.3622469716824331,2.7103539119530047,2.4413240440738972,2.012483176013517,20.22374841615669,250.5125000000001,10.000000000000002,6.000000000000001
10.0,6.0,20.0,-5.0,0.5061002969741821,0.04430153233289719,-0.005131254438310862,-0.0013570410665124655,0.015884913504123688,0.0009144837968051434,-0.32397782991649304,0.372123267581166,0.21832240990623258,-0.4049722873956163,3.10102722984305,1.2129022772568476,20.22374841615669,250.5125000000001,10.000000000000002,6.000000000000001
10.0,6.0,20.0,0.0,0.515563428401947,0.04239650455594063,-0.007747550494968891,-0.012471362017095089,0.015693090856075287,0.00026326390798203647,-2.9773931696740807,0.3676295905731475,0.06285120746017749,-3.721741462092601,3.063579921442896,0.3491733747787638,20.22374841615669,250.5125000000001,10.000000000000002,6.000000000000001
10.0,6.0,20.0,5.0,0.5246673226356506,0.04122268793463707,-0.01017605047672987,-0.023773156106472015,0.01058193203061819,-0.0004699784913100302,-5.675565548973812,0.24789452731569514,-0.11220191892450171,-7.094456936217265,2.0657877276307928,-0.6233439940250095,20.22374841615669,250.5125000000001,10.000000000000002,6.000000000000001
10.0,6.0,20.0,10.0,0.5363935232162476,0.041370466475486756,-0.01234350260347128,-0.03484659641981125,-0.0006335086654871702,-0.0012802488636225462,-8.319221110293924,-0.014840704960771188,-0.3056445813061758,-10.399026387867405,-0.12367254133975991,-1.6980254517009765,20.22374841615669,250.5125000000001,10.000000000000002,6.000000000000001
12.5,-6.0,-20.0,-10.0,1.0528804063796997,0.0732602701830864,0.0064904289320111275,0.045594099909067154,-0.3763636648654938,0.004308098461478949,10.885063031657095,-8.816773017505753,1.0285085875871773,13.60632878957137,-73.47310847921462,5.713936597706541,20.223748416156692,250.5125000000002,12.5,-6.0
12.5,-6.0,-20.0,-5.0,1.073026418685913,0.0771885515499115,0.005463944748044014,0.03526373580098152,-0.39104360342025757,0.0030245562084019184,8.41880830394575,-9.160668292822885,0.7220777477108937,10.523510379932189,-76.33890244019072,4.011543042838299,20.223748416156692,250.5125000000002,12.5,-6.0
12.5,-6.0,-20.0,0.0,1.0960994958877563,0.08158581716299057,0.00442463718354702,0.024585293605923653,-0.4010635316371918,0.0015818353276699781,5.869453966324618,-9.395397202618103,0.3776448549643482,7.336817457905772,-78.2949766884842,2.0980269720241567,20.223748416156692,250.5125000000002,12.5,-6.0
12.5,-6.0,-20.0,5.0,1.1185046434402466,0.0861074180650711,0.003344029188156128,0.013475732877850533,-0.4041770398616791,-1.7147618564195e-05,3.217175074532095,-9.468334889929794,-0.004093795234171447,4.021468843165119,-78.90279074941496,-0.022743306856508036,20.223748416156692,250.5125000000002,12.5,-6.0
12.5,-6.0,-20.0,10.0,1.134418249130249,0.0904065446305275,0.002209674334153533,0.0019519859924912453,-0.3990521728992462,-0.0017267868388444185,0.46601403706959715,-9.348278697021712,-0.41225034863161014,0.5825175463369965,-77.90232247518094,-2.2902797146200564,20.223748416156692,250.5125000000002,12.5,-6.0
12.5,-6.0,-10.0,-10.0,0.999143660068512,0.06790357840538025,0.007702677045017481,0.045437686145305634,-0.3138691782951355,0.004356564022600651,10.84772105800352,-7.352764255838154,1.0400791787102943,13.5596513225044,-61.27303546531795,5.778217659501635,20.223748416156692,250.5125000000002,12.5,-6.0
12.5,-6.0,-10.0,-5.0,1.0043771266937256,0.06866768387436867,0.006482825148850679,0.03420766443014145,-0.3198019862174988,0.002989464206621051,8.166683501384693,-7.4917474406964235,0.7136999389142822,10.208354376730867,-62.4312286724702,3.9649996606349007,20.223748416156692,250.5125000000002,12.5,-6.0
12.5,-6.0,-10.0,0.0,1.0099884271621704,0.07009504747867584,0.005228591617196798,0.022602511569857597,-0.3223777115345001,0.0015039652353152633,5.39608773070069,-7.552086914443338,0.35905427273435514,6.745109663375862,-62.93405762036115,1.9947459596353063,20.223748416156692,250.5125000000002,12.5,-6.0
12.5,-6.0,-10.0,5.0,1.014775037765503,0.07209189993619919,0.00393345020711422,0.010782702825963497,-0.3204144239425659,-9.011304791783914e-05,2.5742453551297912,-7.506094533450992,-0.02151344600544136,3.217806693912239,-62.55078777875827,-0.11951914447467422,20.223748416156692,250.5125000000002,12.5,-6.0
12.5,-6.0,-10.0,10.0,1.0164203643798828,0.07459690434217453,0.0025928784161806107,-0.0010440367041155696,-0.3136056959629059,-0.0017508220626041293,-0.2492516653322835,-7.346591864254546,-0.4179884797960858,-0.3115645816653544,-61.221598868787886,-2.3221582210893654,20.223748416156692,250.5125000000002,12.5,-6.0
12.5,-6.0,0.0,-10.0,0.9175872206687927,0.0631507189321518,0.008999930694699287,0.044418130069971085,-0.2389596700668335,0.004063869826495647,10.604313859123419,-5.597918630296815,0.9702018309842221,13.255392323904275,-46.64932191914013,5.390010172134567,20.223748416156692,250.5125000000002,12.5,-6.0
12.5,-6.0,0.0,-5.0,0.9132508039474487,0.06136513886332512,0.00749101722612977,0.03251400217413902,-0.23563550412654877,0.00268672127276659,7.762341263075505,-5.520046031786307,0.6414235714902757,9.70292657884438,-46.00038359821922,3.563464286057087,20.223748416156692,250.5125000000002,12.5,-6.0
12.5,-6.0,0.0,0.0,0.9081301689147949,0.06046954554796219,0.005899790674448013,0.02011469192802906,-0.2313329130411148,0.0012262926902621984,4.802149618824226,-5.419252643559066,0.2927631701335517,6.002687023530282,-45.16043869632555,1.6264620562975094,20.223748416156692,250.5125000000002,12.5,-6.0
12.5,-6.0,0.0,5.0,0.9024689793586731,0.0606279262650013,0.004289741162210703,0.0077457670122385025,-0.22617954015731812,-0.0002922143030446023,1.8492121200966896,-5.2985286650441825,-0.06976277881866232,2.311515150120862,-44.15440554203486,-0.38757099343701285,20.223748416156692,250.5125000000002,12.5,-6.0
12.5,-6.0,0.0,10.0,0.8966315984725952,0.061930790667533875,0.002715312410145998,-0.004160920158028603,-0.22049058973789215,-0.0018330103484913707,-0.9933714730669985,-5.165258136461546,-0.4376099806949019,-1.2417143413337481,-43.04381780384622,-2.4311665594161216,20.223748416156692,250.5125000000002,12.5,-6.0
12.5,-6.0,10.0,-10.0,0.8107399940490723,0.05953953800082207,0.01018099207431078,0.04186655953526497,-0.15449965000152588,0.0033222083002328873,9.995155960285905,-3.6193407401173006,0.7931387355919235,12.493944950357381,-30.16117283431084,4.40632630884402,20.223748416156692,250.5125000000002,12.5,-6.0
12.5,-6.0,10.0,-5.0,0.8061252236366272,0.056902997319698334,0.00834339577704668,0.030062874779105186,-0.14448551833629608,0.0020802943035960197,7.177162999949866,-3.3847476215406114,0.49664615957330716,8.971453749937332,-28.2062301795051,2.7591453309628173,20.223748416156692,250.5125000000002,12.5,-6.0
12.5,-6.0,10.0,0.0,0.8021649122238159,0.05505630758881569,0.006375914439558983,0.017604494467377663,-0.1362333446741104,0.0007693858933635056,4.202869062006779,-3.1914304953867556,0.18368196678149776,5.253586327508474,-26.595254128222965,1.0204553710083208,20.223748416156692,250.5125000000002,12.5,-6.0
12.5,-6.0,10.0,5.0,0.7975766062736511,0.05423330155491829,0.004439845681190491,0.00518663739785552,-0.1306157261133194,-0.0005942130810581148,1.2382495785771588,-3.0598310016706907,-0.14186148765854825,1.5478119732214486,-25.49859168058909,-0.7881193758808236,20.223748416156692,250.5125000000002,12.5,-6.0
12.5,-6.0,10.0,10.0,0.7924808263778687,0.054627277081012726,0.002678888849914074,-0.0065792640671133995,-0.1280161291360855,-0.0019840477034449577,-1.5707230588009475,-2.9989323054762624,-0.47366839904472036,-1.9634038235011844,-24.99110254563552,-2.631491105804002,20.223748416156692,250.5125000000002,12.5,-6.0
12.5,-6.0,20.0,-10.0,0.6983596086502075,0.05766800803422928,0.010960920713841915,0.03782700374722481,-0.07014121115207672,0.002231087302789092,9.030758824244009,-1.6431425125000216,0.532646240816775,11.288448530305011,-13.692854270833514,2.959145782315417,20.223748416156692,250.5125000000002,12.5,-6.0
12.5,-6.0,20.0,-5.0,0.7016912698745728,0.05586919200897217,0.008859259076416492,0.026868682354688644,-0.05771740898489952,0.0012398234102874994,6.414586571325134,-1.352099954601813,0.29599347275237403,8.018233214156417,-11.267499621681777,1.6444081819576335,20.223748416156692,250.5125000000002,12.5,-6.0
12.5,-6.0,20.0,0.0,0.7068619728088379,0.05434568983793259,0.0066570015624165535,0.015219727531075478,-0.04835527390241623,0.00017724715871736407,3.6335335894515066,-1.1327806427575562,0.04231570529231907,4.541916986814384,-9.439838689646303,0.2350872516239948,20.223748416156692,250.5125000000002,12.5,-6.0
12.5,-6.0,20.0,5.0,0.7103266716003418,0.05318836135149002,0.0045499117113649845,0.0034268847666680813,-0.043088432401418686,-0.0009688559221103787,0.8181290290147712,-1.0093985249591488,-0.23130312478585566,1.022661286268464,-8.411654374659575,-1.2850173599214203,20.223748416156692,250.5125000000002,12.5,-6.0
12.5,-6.0,20.0,10.0,0.7105498313903809,0.05267235649108887,0.0027164595667272806,-0.007878804579377174,-0.04266025125980377,-0.0021842780988663435,-1.8809732976782383,-0.9993678650192622,-0.5214710857818693,-2.3512166220977977,-8.328065541827186,-2.8970615876770514,20.223748416156692,250.5125000000002,12.5,-6.0
12.5,-4.0,-20.0,-10.0,1.043541669845581,0.0733087138581276,0.005007829517126083,0.03780388832092285,-0.37531715631484985,0.003896910697221756,9.025240284064418,-8.792257291857252,0.9303422735089909,11.281550355080523,-73.26881076547711,5.16856818616106,20.223748416156692,250.5125000000002,12.500000000000002,-4.0
12.5,-4.0,-20.0,-5.0,1.0686371326446533,0.07722610247612,0.003969187382608652,0.02722729742527008,-0.39109745621681213,0.002554281149059534,6.500201763974322,-9.161929859567774,0.6098050266051495,8.125252204967902,-76.34941549639812,3.3878057033619413,20.223748416156692,250.5125000000002,12.500000000000002,-4.0
12.5,-4.0,-20.0,0.0,1.0975371599197388,0.08165770781517029,0.0029124512802809477,0.016346393153071404,-0.40181803703308105,0.0010642249835655093,3.902511951465139,-9.41307240199851,0.25407138311926847,4.878139939331424,-78.44227001665426,1.411507683995936,20.223748416156692,250.5125000000002,12.500000000000002,-4.0
12.5,-4.0,-20.0,5.0,1.125300407409668,0.08626522136211395,0.0018090244848281145,0.005094306077808142,-0.40531831979751587,-0.0005582971498370171,1.2162065458050182,-9.495070749639584,-0.13328697525536418,1.5202581822562728,-79.12558958032987,-0.7404831958631343,20.223748416156692,250.5125000000002,12.500000000000002,-4.0
12.5,-4.0,-20.0,10.0,1.1448824405670166,0.09066782159090042,0.0006547082448378205,-0.006469154730439186,-0.40048378705978394,-0.002255756873637438,-1.5444357305619179,-9.381815986299141,-0.5385358149981654,-1.9305446632023973,-78.18179988582618,-2.9918656388786964,20.223748416156692,250.5125000000002,12.500000000000002,-4.0
12.5,-4.0,-10.0,-10.0,0.9960746765136719,0.0678254627931118,0.005998489912599325,0.03825080394744873,-0.3118325471878052,0.0039758202619850636,9.13193621126265,-7.305053714492086,0.9491810177316489,11.414920264078312,-60.87544762076739,5.273227876286938,20.223748416156692,250.5125000000002,12.500000000000002,-4.0
12.5,-4.0,-10.0,-5.0,1.0054171085357666,0.06863064703822136,0.004736463539302349,0.02686806209385395,-0.3195047378540039,0.002555498853325844,6.414438491238123,-7.48478403908406,0.6100957393885827,8.018048114047653,-62.3732003257005,3.389420774381015,20.223748416156692,250.5125000000002,12.500000000000002,-4.0
12.5,-4.0,-10.0,0.0,1.0154495239257812,0.07015892503142357,0.0034520437475293875,0.01512723509222269,-0.32352539896965027,0.001021315110847354,3.611452091431539,-7.578972877556643,0.243827148225959,4.514315114289424,-63.15810731297203,1.3545952679219944,20.223748416156692,250.5125000000002,12.500000000000002,-4.0
12.5,-4.0,-10.0,5.0,1.0240280628204346,0.07231303316831589,0.0021298392675817013,0.0032161015551537275,-0.32261013984680176,-0.0006017916603013873,0.7678069797161827,-7.557531828136422,-0.1436707856360926,0.9597587246452284,-62.97943190113685,-0.7981710313116255,20.223748416156692,250.5125000000002,12.500000000000002,-4.0
12.5,-4.0,-10.0,10.0,1.0279381275177002,0.07499699306964874,0.0007627985905855894,-0.008643622510135174,-0.3165097236633301,-0.0022590046282857656,-2.063564716318938,-7.4146222175043475,-0.5393111787870967,-2.5794558953986724,-61.7885184792029,-2.99617321548387,20.223748416156692,250.5125000000002,12.500000000000002,-4.0
12.5,-4.0,0.0,-10.0,0.9187070727348328,0.06297731411933899,0.007101692259311676,0.037834931164979935,-0.23558557033538818,0.0037331567145884037,9.032651403374093,-5.518876272471938,0.8912479076545518,11.290814254217615,-45.99063560393282,4.951377264747509,20.223748416156692,250.5125000000002,12.500000000000002,-4.0
12.5,-4.0,0.0,-5.0,0.9176539778709412,0.061277181034088135,0.005537731572985649,0.025869306176900864,-0.2342696487903595,0.0023192709777504206,6.175997089149761,-5.488049222322159,0.5536990713854586,7.719996361437201,-45.73374351935133,3.0761059521414365,20.223748416156692,250.5125000000002,12.500000000000002,-4.0
12.5,-4.0,0.0,0.0,0.914993941783905,0.06047143799543381,0.003921885974705219,0.013426401652395725,-0.2317812293767929,0.0008266686927527189,3.2053978160803345,-5.429754994717555,0.19735757137123452,4.006747270100418,-45.24795828931296,1.096430952062414,20.223748416156692,250.5125000000002,12.500000000000002,-4.0
12.5,-4.0,0.0,5.0,0.9106466770172119,0.06072872516989708,0.002306280890479684,0.001043700729496777,-0.22803254425525665,-0.0007068559643812478,0.24917145528515267,-5.341937522107659,-0.16875367080253575,0.31146431910644085,-44.51614601756383,-0.9375203933474209,20.223748416156692,250.5125000000002,12.500000000000002,-4.0
12.5,-4.0,0.0,10.0,0.9052107930183411,0.062165122603178025,0.0007307183695957065,-0.010866153053939342,-0.2233789712190628,-0.0022396433632820845,-2.5941681300795074,-5.232921958144625,-0.534688901116126,-3.2427101625993844,-43.60768298453855,-2.970493895089589,20.223748416156692,250.5125000000002,12.500000000000002,-4.0
12.5,-4.0,10.0,-10.0,0.8119239807128906,0.05939280626654625,0.008129283785820007,0.03594398498535156,-0.15001265704631805,0.0030797473154962063,8.581209914326674,-3.5142275155679723,0.7352539850027014,10.726512392908344,-29.28522929639977,4.084744361126119,20.223748416156692,250.5125000000002,12.500000000000002,-4.0
12.5,-4.0,10.0,-5.0,0.8101772665977478,0.05689448875665665,0.006243027281016111,0.024151351302862167,-0.14190302789211273,0.001830270979553461,5.765855269775125,-3.3242496665258,0.4369559881034136,7.207319087218906,-27.702080554381666,2.4275332672411865,20.223748416156692,250.5125000000002,12.500000000000002,-4.0
12.5,-4.0,10.0,0.0,0.8074889183044434,0.055087488268613816,0.00426903460174799,0.011718335561454296,-0.13545869290828705,0.0005156405386514962,2.7976168290838968,-3.173283342979481,0.12310320361830318,3.497021036354871,-26.444027858162343,0.683906686768351,20.223748416156692,250.5125000000002,12.500000000000002,-4.0
12.5,-4.0,10.0,5.0,0.8025223612785339,0.05423244846343994,0.0023645975161343813,-0.0006537259323522449,-0.13132435083389282,-0.0008436857024207711,-0.15606949129985745,-3.076431390866396,-0.20142018524488245,-0.19508686412482182,-25.636928257219967,-1.1190010291382357,20.223748416156692,250.5125000000002,12.500000000000002,-4.0
12.5,-4.0,10.0,10.0,0.7966203689575195,0.054640162860155106,0.000648535555228591,-0.012384762987494469,-0.12997795641422272,-0.002220939612016082,-2.956718654823189,-3.044890476855714,-0.5302235972310857,-3.695898318528986,-25.374087307130953,-2.9456866512838094,20.223748416156692,250.5125000000002,12.500000000000002,-4.0
12.5,-4.0,20.0,-10.0,0.69655841588974,0.05767657992720604,0.008792310953140259,0.0326174758374691,-0.0655728280544281,0.0021246159449219704,7.787044401194487,-1.536122625648371,0.5072274378628591,9.733805501493109,-12.801021880403093,2.8179302103492168,20.223748416156692,250.5125000000002,12.500000000000002,-4.0
12.5,-4.0,20.0,-5.0,0.7025385499000549,0.05599571031808853,0.006669274065643549,0.021706506609916687,-0.05478452891111374,0.0011545821325853467,5.182176928972271,-1.2833936996890913,0.2756431054342904,6.477721161215339,-10.694947497409096,1.5313505857460576,20.223748416156692,250.5125000000002,12.500000000000002,-4.0
12.5,-4.0,20.0,0.0,0.7089598178863525,0.05445190904021263,0.00448353448882699,0.010097892954945564,-0.047005560249090195,0.00011209607328055426,2.41075493365864,-1.1011619716930763,0.026761638582483212,3.0134436670733002,-9.17634976410897,0.1486757699026845,20.223748416156692,250.5125000000002,12.500000000000002,-4.0
12.5,-4.0,20.0,5.0,0.7120075821876526,0.05316036579489708,0.0024347028229385614,-0.0016402170294895768,-0.043063074350357056,-0.0010181450052186847,-0.39158280977580756,-1.0088044820127964,-0.24307032224071318,-0.48947851221975947,-8.406704016773304,-1.3503906791150733,20.223748416156692,250.5125000000002,12.500000000000002,-4.0
12.5,-4.0,20.0,10.0,0.711362898349762,0.0525402725982666,0.0006777986418455839,-0.01289366465061903,-0.04379819706082344,-0.0022215349599719048,-3.0782130299961565,-1.026025618597573,-0.530365729656944,-3.8477662874951957,-8.550213488313108,-2.9464762758719107,20.223748416156692,250.5125000000002,12.500000000000002,-4.0
12.5,-2.0,-20.0,-10.0,1.0346286296844482,0.07320816082239151,0.00349966692738235,0.030129078775644302,-0.3752461373806,0.0034659148659557104,7.192968436984772,-8.790593587622018,0.8274470129584175,8.991210546230965,-73.25494656351682,4.596927849768986,20.223748416156695,250.5125000000003,12.500000000000002,-1.9999999999999996
12.5,-2.0,-20.0,-5.0,1.0644069910049438,0.07708072674751282,0.0024682434741407633,0.01930304989218712,-0.3915672302246094,0.0020727154333144426,4.608379487669054,-9.172934882589201,0.4948367921137402,5.7604743595863175,-76.44112402157668,2.7490932895207787,20.223748416156695,250.5125000000003,12.500000000000002,-1.9999999999999996
12.5,-2.0,-20.0,0.0,1.0986424684524536,0.08152654034376144,0.0014121580170467496,0.008209668099880219,-0.4024891257286072,0.0005508195608854294,1.959963129317297,-9.428793464511768,0.13150178753973465,2.449953911646621,-78.5732788709314,0.7305654863318591,20.223748416156695,250.5125000000003,12.500000000000002,-1.9999999999999996
12.5,-2.0,-20.0,5.0,1.1311311721801758,0.08620645863294601,0.00030346313724294305,-0.0031804139725863934,-0.4061022102832794,-0.0010735805844888091,-0.7592869829080949,-9.513434330210071,-0.2563049244316807,-0.9491087286351186,-79.27861941841726,-1.4239162468426705,20.223748416156695,250.5125000000003,12.500000000000002,-1.9999999999999996
12.5,-2.0,-20.0,10.0,1.1538976430892944,0.09068479401350021,-0.000850291398819536,-0.014762889593839645,-0.4015377163887024,-0.00273805926553905,-3.524468825546051,-9.406505552633577,-0.6536799223857095,-4.405586031932564,-78.38754627194648,-3.6315551243650526,20.223748416156695,250.5125000000003,12.500000000000002,-1.9999999999999996
12.5,-2.0,-10.0,-10.0,0.9909578561782837,0.06748461363196373,0.004276546183973551,0.031131716445088387,-0.31031858921051025,0.0035720078740268946,7.432336562500553,-7.269587421940649,0.8527754892826818,9.290420703125692,-60.57989518283875,4.73764160712601,20.223748416156695,250.5125000000003,12.500000000000002,-1.9999999999999996
12.5,-2.0,-10.0,-5.0,1.003926396369934,0.06833623362064362,0.0029960572719573975,0.019571298733353615,-0.31924721598625183,0.0021012721117585897,4.672420790164108,-7.478751278573492,0.5016543681917689,5.840525987705135,-62.322927321445775,2.7869687121764937,20.223748416156695,250.5125000000003,12.500000000000002,-1.9999999999999996
12.5,-2.0,-10.0,0.0,1.0179365873336792,0.06997531292319298,0.001695525599643588,0.007684587500989437,-0.3242364823818207,0.0005316192400641739,1.8346062207035625,-7.595630864569981,0.12691793342737742,2.2932577758794532,-63.29692387141651,0.7050996301520968,20.223748416156695,250.5125000000003,12.500000000000002,-1.9999999999999996
12.5,-2.0,-10.0,5.0,1.0300289392471313,0.0723011234152317,0.00035091565223410726,-0.0043131280690431595,-0.32410845160484314,-0.0010992307215929031,-1.0297093481125554,-7.592631589121141,-0.26242859744431946,-1.2871366851406942,-63.271929909342845,-1.4579366524684414,20.223748416156695,250.5125000000003,12.500000000000002,-1.9999999999999996
12.5,-2.0,-10.0,10.0,1.0362778902053833,0.07517056179523468,-0.0010384806664660573,-0.016196342185139656,-0.31875547766685486,-0.002731701824814081,-3.866689021587027,-7.467231715047926,-0.6521621570794676,-4.8333612769837835,-62.226930958732716,-3.6231230948859308,20.223748416156695,250.5125000000003,12.500000000000002,-1.9999999999999996
12.5,-2.0,0.0,-10.0,0.9169134497642517,0.06260364142537117,0.005176554434001446,0.031248973682522774,-0.23232486844062805,0.0033839442767202854,7.460330369219775,-5.442490395811595,0.8078774846126625,9.325412961524718,-45.354086631763295,4.488208247848125,20.223748416156695,250.5125000000003,12.500000000000002,-1.9999999999999996
12.5,-2.0,0.0,-5.0,0.9184980392456055,0.06099729997396469,0.0035784768406301737,0.01921849325299263,-0.2327345609664917,0.0019339213613420725,4.588192569861427,-5.452087937616804,0.46170131570664574,5.7352407123267835,-45.43406614680671,2.565007309481365,20.223748416156695,250.5125000000003,12.500000000000002,-1.9999999999999996
12.5,-2.0,0.0,0.0,0.9178280234336853,0.060286186759471894,0.001948427758179605,0.00675031216815114,-0.23176315426826477,0.0004209717153571546,1.6115588109038381,-5.429331563488573,0.10050211903176907,2.0144485136297976,-45.244429695738106,0.5583451057320504,20.223748416156695,250.5125000000003,12.500000000000002,-1.9999999999999996
12.5,-2.0,0.0,5.0,0.9149346351623535,0.060665205245018006,0.00032492863829247653,-0.005628457758575678,-0.2293185293674469,-0.0011101955315098166,-1.343729070105667,-5.372063275193111,-0.26504631875724766,-1.6796613376320837,-44.767193959942595,-1.4724795486513758,20.223748416156695,250.5125000000003,12.500000000000002,-1.9999999999999996
12.5,-2.0,0.0,10.0,0.9107641577720642,0.062283244107961655,-0.0012585194781422615,-0.01753544993698597,-0.2259204387664795,-0.0026197622064501047,-4.18638548042926,-5.292458902299259,-0.625437870295396,-5.232981850536575,-44.103824185827165,-3.474654834974422,20.223748416156695,250.5125000000003,12.500000000000002,-1.9999999999999996
12.5,-2.0,10.0,-10.0,0.8111922740936279,0.05921820563554764,0.006027570925652981,0.029978614300489426,-0.14562800526618958,0.002835887484252453,7.157046787048651,-3.4115117565426933,0.6770352760190501,8.946308483810814,-28.42926463785578,3.7613070889947227,20.223748416156695,250.5125000000003,12.500000000000002,-1.9999999999999996
12.5,-2.0,10.0,-5.0,0.8116521835327148,0.056812092785835266,0.004108816385269165,0.018213124945759773,-0.13937228918075562,0.0015763432020321488,4.348172536214841,-3.264964058302635,0.3763336736083224,5.435215670268551,-27.20803381918863,2.090742631157347,20.223748416156695,250.5125000000003,12.500000000000002,-1.9999999999999996
12.5,-2.0,10.0,0.0,0.80968177318573,0.05500575539946556,0.0021407930180430412,0.005844018887728453,-0.13464738428592682,0.0002636644640006125,1.3951917918763082,-3.1542774594730285,0.0629468355681697,1.7439897398453852,-26.285645495608573,0.3497046420453872,20.223748416156695,250.5125000000003,12.500000000000002,-1.9999999999999996
12.5,-2.0,10.0,5.0,0.8046098351478577,0.054133791600465775,0.00026873493334278464,-0.0064507885836064816,-0.13203848898410797,-0.0010824227938428521,-1.5400510258233366,-3.093160938804662,-0.2584158994558576,-1.9250637822791707,-25.77634115670552,-1.4356438858658753,20.223748416156695,250.5125000000003,12.500000000000002,-1.9999999999999996
12.5,-2.0,10.0,10.0,0.7991674542427063,0.05463468668341637,-0.0014128179755061865,-0.01813664101064205,-0.13226468861103058,-0.0024398323148489,-4.329912882963084,-3.0984599380264224,-0.5824816936132272,-5.412391103703856,-25.820499483553522,-3.2360094089623734,20.223748416156695,250.5125000000003,12.500000000000002,-1.9999999999999996
12.5,-2.0,20.0,-10.0,0.6944220662117004,0.05774754298210144,0.0065610287711024284,0.02737423963844776,-0.06124432757496834,0.002036896999925375,6.5352825146776,-1.434722278600522,0.4862855561881972,8.169103143347,-11.956018988337684,2.701586423267762,20.223748416156695,250.5125000000003,12.500000000000002,-1.9999999999999996
12.5,-2.0,20.0,-5.0,0.7025468349456787,0.0560832285630703,0.004429739899933338,0.01653018593788147,-0.052199315279722214,0.0010820365278050303,3.94639034913965,-1.2228319507277865,0.2583236829151853,4.932987936424563,-10.190266256064888,1.4351315717510296,20.223748416156695,250.5125000000003,12.500000000000002,-1.9999999999999996
12.5,-2.0,20.0,0.0,0.7097616195678711,0.05445164081931114,0.002273170044645667,0.0050037214532494545,-0.04608571529388428,5.7766159443417564e-05,1.194580516340969,-1.0796134936160373,0.013791001201743407,1.4932256454262114,-8.996779113466978,0.07661667334301893,20.223748416156695,250.5125000000003,12.500000000000002,-1.9999999999999996
12.5,-2.0,20.0,5.0,0.7126179337501526,0.05303810549259186,0.0002851729223039001,-0.006638321094214916,-0.04360846057534218,-0.0010552818421274424,-1.5848222396981337,-1.0215808124651178,-0.2519363117295815,-1.9810277996226673,-8.513173437209316,-1.3996461762754526,20.223748416156695,250.5125000000003,12.500000000000002,-1.9999999999999996
12.5,-2.0,20.0,10.0,0.7122774124145508,0.05240868789434433,-0.0014080931432545185,-0.01781897060573101,-0.045821674168109894,-0.0022439532913267612,-4.25407275479639,-1.0734280116193324,-0.5357178464955016,-5.317590943495487,-8.945233430161105,-2.976210258308342,20.223748416156695,250.5125000000003,12.500000000000002,-1.9999999999999996
12.5,0.0,-20.0,-10.0,1.025739312171936,0.07304690045595169,0.0019763833843171597,0.022451911121606827,-0.37525632977485657,0.0030142017640173435,5.36013361876351,-8.790832356756905,0.7196057440962005,6.700167023454387,-73.25693630630755,3.997809689423336,20.22374841615669,250.5125000000001,12.500000000000002,0.0
12.5,0.0,-20.0,-5.0,1.0599409341812134,0.07687003177881241,0.0009655858157202601,0.011367613449692726,-0.39166948199272156,0.00157734879758209,2.713885988893291,-9.175330253647147,0.37657374789353215,3.392357486116614,-76.46108544705956,2.09207637718629,20.22374841615669,250.5125000000001,12.500000000000002,0.0
12.5,0.0,-20.0,0.0,1.099000096321106,0.08132971090555191,-7.688425830565393e-05,6.8196291977074e-05,-0.4025370478630066,3.799954356509261e-05,0.01628107448499314,-9.42991609833898,0.009071950706454803,0.020351343106241423,-78.58263415282484,0.05039972614697113,20.22374841615669,250.5125000000001,12.500000000000002,0.0
12.5,0.0,-20.0,5.0,1.1355180740356445,0.08606453252315521,-0.0011732293060049415,-0.01142999716103077,-0.40623119473457336,-0.0015703866956755519,-2.7287793771039937,-9.516455946630588,-0.37491162673670203,-3.410974221379992,-79.3037995552549,-2.0828423707594554,20.22374841615669,250.5125000000001,12.500000000000002,0.0
12.5,0.0,-20.0,10.0,1.1608600616455078,0.090567126994133,-0.0023018543142825365,-0.02298673428595066,-0.4020315110683441,-0.0031886191572993994,-5.487816451987184,-9.418073288879333,-0.7612458756807466,-6.859770564983981,-78.48394407399445,-4.229143753781925,20.22374841615669,250.5125000000001,12.500000000000002,0.0
12.5,0.0,-10.0,-10.0,0.98380047082901,0.06704255205869675,0.002541220746934414,0.023974452167749405,-0.3085331618785858,0.003144197165966034,5.7236226510856785,-7.227761632167727,0.7506406399897303,7.154528313857098,-60.231346934731064,4.170225777720724,20.22374841615669,250.5125000000001,12.500000000000002,0.0
12.5,0.0,-10.0,-5.0,0.9999808669090271,0.0679509119439125,0.0012578716268762946,0.01223346684128046,-0.318307101726532,0.0016285910969600081,2.920598453058688,-7.456727967578701,0.3888072530998661,3.65074806632336,-62.13939972982251,2.160040294999256,20.22374841615669,250.5125000000001,12.500000000000002,0.0
12.5,0.0,-10.0,0.0,1.0176119804382324,0.06970944640517235,-5.2082428737776354e-05,0.00021286476112436503,-0.3240186274051666,3.831396679743193e-05,0.05081899514802264,-7.590527348850466,0.009147015609796612,0.0635237439350283,-63.254394573753885,0.050816753387758956,20.22374841615669,250.5125000000001,12.500000000000002,0.0
12.5,0.0,-10.0,5.0,1.0330052375793457,0.07220847544550896,-0.0014134522061794996,-0.011855622753500938,-0.32469430565834045,-0.0015816681552678347,-2.830392555369694,-7.606355927289959,-0.3776049444904465,-3.5379906942121178,-63.386299394083,-2.097805247169147,20.22374841615669,250.5125000000001,12.500000000000002,0.0
12.5,0.0,-10.0,10.0,1.0416369438171387,0.07524034393310547,-0.0028099468909204006,-0.023748397827148438,-0.3202960789203644,-0.0031753219664096832,-5.669654796671869,-7.503322158495837,-0.7580713254370264,-7.087068495839837,-62.527684654131974,-4.211507363539035,20.22374841615669,250.5125000000001,12.500000000000002,0.0
12.5,0.0,0.0,-10.0,0.9124985933303833,0.06218057883262634,0.0032237113919109106,0.024598348885774612,-0.22867175936698914,0.003016026457771659,5.872570763110977,-5.356911907457844,0.7200413685864044,7.340713453888721,-44.640932562148706,4.000229825480025,20.22374841615669,250.5125000000001,12.500000000000002,0.0
12.5,0.0,0.0,-5.0,0.9159922003746033,0.06066007924556732,0.0016093848971650004,0.012530882842838764,-0.23051002621650696,0.001535259187221527,2.991603077122815,-5.399975526693236,0.3665253411333078,3.7395038464035184,-44.99979605577697,2.0362518951850435,20.22374841615669,250.5125000000001,12.500000000000002,0.0
12.5,0.0,0.0,0.0,0.9169978499412537,0.060038872187137604,-2.9360700864344835e-05,6.432545342249796e-05,-0.23088328540325165,1.4706276488141157e-05,0.01535695663342986,-5.408719573564506,0.003510953102564896,0.019196195791787326,-45.07266311303755,0.019505295014249423,20.22374841615669,250.5125000000001,12.500000000000002,0.0
12.5,0.0,0.0,5.0,0.9159376621246338,0.06056102750182152,-0.0016624180134385824,-0.012301982380449772,-0.2298640012741089,-0.0015007952461019158,-2.936955744111551,-5.384841612842103,-0.35829747454191835,-3.6711946801394384,-44.87368010701753,-1.9905415252328797,20.22374841615669,250.5125000000001,12.500000000000002,0.0
12.5,0.0,0.0,10.0,0.9139087200164795,0.062393322710990906,-0.003250446170568466,-0.02421189844608307,-0.2280983328819275,-0.0029788415413349867,-5.780310198629091,-5.343478700076305,-0.7111639006673681,-7.225387748286364,-44.52898916730254,-3.950910559263156,20.22374841615669,250.5125000000001,12.500000000000002,0.0
12.5,0.0,10.0,-10.0,0.8090229630470276,0.05906125170469284,0.0038766616489738226,0.023945530876517296,-0.1412016749382019,0.0025871999096125364,5.716718027929475,-3.3078196272391986,0.6176639992410407,7.145897534911843,-27.565163560326656,3.4314666624502257,20.22374841615669,250.5125000000001,12.500000000000002,0.0
12.5,0.0,10.0,-5.0,0.8106951713562012,0.05668916565656662,0.0019455536967143416,0.012248464860022068,-0.13664032518863678,0.0013181136455386877,2.9241790562437044,-3.2009645050537316,0.31468435923049415,3.6552238203046308,-26.674704208781097,1.7482464401694118,20.22374841615669,250.5125000000001,12.500000000000002,0.0
12.5,0.0,10.0,0.0,0.8089742064476013,0.0548593738424778,-6.167171704873908e-06,-2.1084024410811253e-05,-0.13352687656879425,1.212177721754415e-05,-0.0050335665169483285,-3.1280282140527698,0.0028939338495951586,-0.00629195814618541,-26.066901783773083,0.01607741027552866,20.22374841615669,250.5125000000001,12.500000000000002,0.0
12.5,0.0,10.0,5.0,0.8043693900108337,0.054017603521347046,-0.0018488002242520452,-0.01222705002874136,-0.13259024918079376,-0.0013160152593627572,-2.919066513419793,-3.10608658723571,-0.31418339384604055,-3.648833141774741,-25.88405489363092,-1.7454632991446697,20.22374841615669,250.5125000000001,12.500000000000002,0.0
12.5,0.0,10.0,10.0,0.8006954789161682,0.05470310163974762,-0.003505221800878644,-0.023877767845988274,-0.13481536507606506,-0.0026512155309319496,-5.700540389594787,-3.158212612188896,-0.6329469870500386,-7.125675486993483,-26.318438434907467,-3.516372150277992,20.22374841615669,250.5125000000001,12.500000000000002,0.0
12.5,0.0,20.0,-10.0,0.6924886107444763,0.05782764044880867,0.004275557119399309,0.02208642102777958,-0.05721496790647507,0.0019584379624575377,5.2728770939787175,-1.3403296660307242,0.4675543701368473,6.591096367473397,-11.16941388358937,2.5975242785380406,20.22374841615669,250.5125000000001,12.500000000000002,0.0
12.5,0.0,20.0,-5.0,0.7018075585365295,0.056095972781181336,0.0021529733203351498,0.011345788836479187,-0.049870748072862625,0.0010126957204192877,2.708675615381264,-1.1682824539631989,0.24176936863844467,3.38584451922658,-9.73568711635999,1.3431631591024704,20.22374841615669,250.5125000000001,12.500000000000002,0.0
12.5,0.0,20.0,0.0,0.7092403173446655,0.054353326683044434,3.585127342375927e-05,-5.985992174828425e-05,-0.04538977891206741,2.9684433684451506e-06,-0.014290862690559613,-1.0633103440670588,0.0007086814573787481,-0.017863578363199517,-8.860919533892158,0.003937119207659712,20.22374841615669,250.5125000000001,12.500000000000002,0.0
12.5,0.0,20.0,5.0,0.7122742533683777,0.05288559210777283,-0.0018960348097607493,-0.011583518236875534,-0.04451252520084381,-0.0010942044900730252,-2.765430755036465,-1.0427596172762905,-0.26122864291040615,-3.4567884437955816,-8.689663477302421,-1.4512702383911453,20.22374841615669,250.5125000000001,12.500000000000002,0.0
12.5,0.0,20.0,10.0,0.7134526371955872,0.052375424777269364,-0.0035447014961391687,-0.022692570462822914,-0.048580728471279144,-0.002267736243084073,-5.417588247838735,-1.1380621880951864,-0.5413957506426059,-6.771985309798419,-9.483851567459888,-3.0077541702366997,20.22374841615669,250.5125000000001,12.500000000000002,0.0
12.5,2.0,-20.0,-10.0,1.0163602828979492,0.07284425956487656,0.00044391240226104856,0.014681702479720116,-0.37470144033432007,0.0025377024430781603,3.505086342805698,-8.777833402012517,0.6058470526578523,4.381357928507122,-73.14861168343765,3.3658169592102904,20.223748416156695,250.5125000000003,12.500000000000002,1.9999999999999996
12.5,2.0,-20.0,-5.0,1.0547537803649902,0.07664012176275253,-0.0005429784068837762,0.0033504320308566093,-0.39101287722587585,0.0010655015939846635,0.7998768242358588,-9.15994849464138,0.25437615906411837,0.9998460302948236,-76.33290412201151,1.4132008836895464,20.223748416156695,250.5125000000003,12.500000000000002,1.9999999999999996
12.5,2.0,-20.0,0.0,1.098006248474121,0.08112198126792908,-0.001564315869472921,-0.00811642687767744,-0.40181854367256165,-0.00047763375914655626,-1.937702867949046,-9.413084270639722,-0.11402952541505633,-2.4221285849363077,-78.44236892199768,-0.6334973634169796,20.223748416156695,250.5125000000003,12.500000000000002,1.9999999999999996
12.5,2.0,-20.0,5.0,1.137600064277649,0.08588153136253357,-0.0026317292358726263,-0.01965433359146118,-0.4056743085384369,-0.002056404249742627,-4.692244400370871,-9.503410215476732,-0.4909426860418089,-5.865305500463589,-79.19508512897278,-2.7274593668989384,20.223748416156695,250.5125000000003,12.500000000000002,1.9999999999999996
12.5,2.0,-20.0,10.0,1.1645033359527588,0.09034512204408646,-0.0037137004546821117,-0.031094368547201157,-0.40187472105026245,-0.0036217079032212496,-7.4234201846487435,-9.414400293503098,-0.8646407953537457,-9.27927523081093,-78.45333577919249,-4.803559974187476,20.223748416156695,250.5125000000003,12.500000000000002,1.9999999999999996
12.5,2.0,-10.0,-10.0,0.9745314121246338,0.06656660524487495,0.0007929084822535515,0.016731226816773415,-0.3059772551059723,0.0026920982636511326,3.994386529413918,-7.167886431738666,0.6427072657580786,4.992983161767397,-59.73238693115556,3.570595920878214,20.223748416156695,250.5125000000003,12.500000000000002,1.9999999999999996
12.5,2.0,-10.0,-5.0,0.9936574697494507,0.06755211961746216,-0.0004898100160062313,0.004830418154597282,-0.31643155217170715,0.001140480162575841,1.1532063619397361,-7.412790955981467,0.2722764235010985,1.4415079524246701,-61.773257966512226,1.5126467972283248,20.223748416156695,250.5125000000003,12.500000000000002,1.9999999999999996
12.5,2.0,-10.0,0.0,1.0146303176879883,0.06944432121992111,-0.0018076490378007293,-0.007297323551028967,-0.32290828227996826,-0.0004558235814329237,-1.7421514400715203,-7.564516174409744,-0.1088225982113608,-2.1776893000894004,-63.03763478674787,-0.6045699900631155,20.223748416156695,250.5125000000003,12.500000000000002,1.9999999999999996
12.5,2.0,-10.0,5.0,1.0330381393432617,0.07210913685441017,-0.003174808109179139,-0.019408980384469032,-0.3245832324028015,-0.0020507038570940495,-4.633669165231781,-7.603753902243917,-0.48958178335026076,-5.792086456539726,-63.36461585203265,-2.7198987963903374,20.223748416156695,250.5125000000003,12.500000000000002,1.9999999999999996
12.5,2.0,-10.0,10.0,1.0437599420547485,0.07525790495157242,-0.004552513360977173,-0.03127612546086311,-0.32130667567253113,-0.003598219947889447,-7.466812541677299,-7.526996606929293,-0.8590333181849603,-9.333515677096623,-62.72497172441078,-4.772407323249779,20.223748416156695,250.5125000000003,12.500000000000002,1.9999999999999996
12.5,2.0,0.0,-10.0,0.9055750966072083,0.06175396976351738,0.001246992265805602,0.017893165349960327,-0.22441500425338745,0.002631725277751684,4.27178589024954,-5.257192282182263,0.6282939149465594,5.339732362811925,-43.8099356848522,3.490521749703108,20.223748416156695,250.5125000000003,12.500000000000002,1.9999999999999996
12.5,2.0,0.0,-5.0,0.910443127155304,0.060311783229112625,-0.000373765011318028,0.00582600012421608,-0.22751939296722412,0.0011284572537988424,1.3908900208801511,-5.329916333952209,0.26940609334604554,1.738612526100189,-44.41596944960175,1.4967005185891418,20.223748416156695,250.5125000000003,12.500000000000002,1.9999999999999996
12.5,2.0,0.0,0.0,0.9130980968475342,0.05978919578075409,-0.0020199695136398077,-0.006621079985052347,-0.22927303612232208,-0.0003888955106958747,-1.580706124666923,-5.370997541028155,-0.09284429685191,-1.9758826558336537,-44.758312841901294,-0.5158016491772778,20.223748416156695,250.5125000000003,12.500000000000002,1.9999999999999996
12.5,2.0,0.0,5.0,0.9143037796020508,0.060482900713682175,-0.0036593966651707888,-0.018976911902427673,-0.22994789481163025,-0.0018804024439305067,-4.530517821737942,-5.386806920195105,-0.44892429432508996,-5.663147277172428,-44.89005766829254,-2.494023857361611,20.223748416156695,250.5125000000003,12.500000000000002,1.9999999999999996
12.5,2.0,0.0,10.0,0.9148265719413757,0.06253363204479218,-0.005236341152340174,-0.03089563176035881,-0.23010963201522827,-0.003323925659060478,-7.375974079652651,-5.390595809361969,-0.7935487351121157,-9.219967599565814,-44.921631744683076,-4.408604083956198,20.223748416156695,250.5125000000003,12.500000000000002,1.9999999999999996
12.5,2.0,10.0,-10.0,0.8054505586624146,0.05889767793297768,0.0016904924996197224,0.01788327470421791,-0.13676084578037262,0.0023320389445871115,4.269424613186396,-3.2037878453505453,0.5567472755189031,5.3367807664829945,-26.69823204458788,3.0930404195494616,20.223748416156695,250.5125000000003,12.500000000000002,1.9999999999999996
12.5,2.0,10.0,-5.0,0.8074469566345215,0.05651810032606125,-0.00023525692813564092,0.00629396503791213,-0.13371457159519196,0.0010552732273936272,1.502611221481646,-3.1324251965427123,0.25193425506170636,1.8782640268520576,-26.103543304522606,1.399634750342813,20.223748416156695,250.5125000000003,12.500000000000002,1.9999999999999996
12.5,2.0,10.0,0.0,0.8058426976203918,0.05467721459746361,-0.002166121732443571,-0.005861993879079819,-0.13216161727905273,-0.00024161515466403216,-1.3994831127762344,-3.0960453676959276,-0.05768281846043307,-1.749353890970293,-25.800378064132733,-0.3204601025579615,20.223748416156695,250.5125000000003,12.500000000000002,1.9999999999999996
12.5,2.0,10.0,5.0,0.8023782968521118,0.05393815798044205,-0.003985079936683178,-0.017990954220294952,-0.1331053227186203,-0.0015506610507145524,-4.295131849913397,-3.118152806412219,-0.37020235757317466,-5.368914812391746,-25.984606720101826,-2.056679764295415,20.223748416156695,250.5125000000003,12.500000000000002,1.9999999999999996
12.5,2.0,10.0,10.0,0.8012624382972717,0.05487497163295746,-0.005621456541121006,-0.029631799086928368,-0.13765211403369904,-0.0028637817595154047,-7.074248673532236,-3.2246668797017923,-0.6836947110131653,-8.842810841915295,-26.872223997514936,-3.7983039500731404,20.223748416156695,250.5125000000003,12.500000000000002,1.9999999999999996
12.5,2.0,20.0,-10.0,0.6906230449676514,0.05786108237981796,0.0019540644716471434,0.01678464375436306,-0.05356539040803909,0.0018799167592078447,4.007139204294681,-1.2548339090877532,0.44880834272542613,5.0089240053683515,-10.456949242397943,2.493379681807923,20.223748416156695,250.5125000000003,12.500000000000002,1.9999999999999996
12.5,2.0,20.0,-5.0,0.7001006007194519,0.05601770070672035,-0.00014412608288694173,0.00618064496666193,-0.04775370657444,0.0009374801302328706,1.4755573675669862,-1.1186882021724396,0.22381251804208901,1.8444467094587327,-9.32240168477033,1.2434028780116055,20.223748416156695,250.5125000000003,12.500000000000002,1.9999999999999996
12.5,2.0,20.0,0.0,0.707306444644928,0.054188531016111374,-0.0022185854613780975,-0.005086006596684456,-0.04480158910155296,-6.234723696252331e-05,-1.2142251408569762,-1.0495312879714904,-0.014884680376194153,-1.5177814260712204,-8.746094066429087,-0.08269266875663418,20.223748416156695,250.5125000000003,12.500000000000002,1.9999999999999996
12.5,2.0,20.0,5.0,0.7109267711639404,0.0527652801322937,-0.004107061307877302,-0.01649499498307705,-0.04564280062913895,-0.0011460100067779422,-3.9379889164552835,-1.0692376831174872,-0.27359660972728045,-4.9224861455691045,-8.91031402597906,-1.519981165151558,20.223748416156695,250.5125000000003,12.500000000000002,1.9999999999999996
12.5,2.0,20.0,10.0,0.7144259214401245,0.05248663214325905,-0.005732535384595394,-0.027554672211408615,-0.0518667995929718,-0.00230414024554193,-6.578358700709565,-1.2150423695101464,-0.5500867843980413,-8.222948375886956,-10.125353079251221,-3.056037691100229,20.223748416156695,250.5125000000003,12.500000000000002,1.9999999999999996
12.5,4.0,-20.0,-10.0,1.0061395168304443,0.07259280246973038,-0.001107100280933082,0.006808978971093893,-0.3733803629875183,0.00203854707069695,1.6255648303048407,-8.746885570984556,0.48667949146471545,2.031956037881051,-72.89071309153798,2.7037749525817523,20.223748416156692,250.5125000000002,12.500000000000002,4.0
12.5,4.0,-20.0,-5.0,1.0483914613723755,0.07639916253566742,-0.0020736511796712875,-0.004722340032458305,-0.3896230161190033,0.0005413074395619333,-1.127403962634295,-9.127389321030572,0.12923087879545575,-1.4092549532928689,-76.06157767525477,0.7179493266414209,20.223748416156692,250.5125000000002,12.500000000000002,4.0
12.5,4.0,-20.0,0.0,1.094900369644165,0.0809071065235138,-0.0030694592278450727,-0.016272244974970818,-0.4004501402378082,-0.0009930185042321682,-3.8848099331356383,-9.381027768891848,-0.23707166128351254,-4.8560124164195475,-78.17523140743207,-1.317064784908403,20.223748416156692,250.5125000000002,12.500000000000002,4.0
12.5,4.0,-20.0,5.0,1.1361522674560547,0.08565049630880356,-0.004096421878784895,-0.027724256739020348,-0.4044654667377472,-0.002532587619498372,-6.61884504161615,-9.475091637554062,-0.6046259477961958,-8.273556302020188,-78.95909697961719,-3.359033043312199,20.223748416156692,250.5125000000002,12.500000000000002,4.0
12.5,4.0,-20.0,10.0,1.1630111932754517,0.0900226311135292,-0.005124583840370178,-0.03888607397675514,-0.4009188711643219,-0.004042701795697212,-9.283599569568091,-9.39200835647549,-0.9651482089156525,-11.604499461960113,-78.26673630396242,-5.361934493975847,20.223748416156692,250.5125000000002,12.500000000000002,4.0
12.5,4.0,-10.0,-10.0,0.9632505774497986,0.06607328740239143,-0.0009814986260607839,0.009431743063032627,-0.3026552200317383,0.00222170352935791,2.2517193659762986,-7.090063751336766,0.530405973644555,2.8146492074703735,-59.083864594473056,2.946699853580861,20.223748416156692,250.5125000000002,12.500000000000002,4.0
12.5,4.0,-10.0,-5.0,0.9851711988449097,0.0671746806550026,-0.002268183045089245,-0.0025924034416675568,-0.31387847661972046,0.0006450507207773626,-0.6189062822232493,-7.352982080312092,0.15399838506036842,-0.7736328527790616,-61.27485066926744,0.8555465836687134,20.223748416156692,250.5125000000002,12.500000000000002,4.0
12.5,4.0,-10.0,0.0,1.0091466903686523,0.06922283035993576,-0.0035913034807890654,-0.01478616613894701,-0.32132115960121155,-0.000944092811550945,-3.5300258309734662,-7.52733591043677,-0.22539121908233445,-4.412532288716832,-62.72779925363976,-1.2521734393463024,20.223748416156692,250.5125000000002,12.500000000000002,4.0
12.5,4.0,-10.0,5.0,1.0299469232559204,0.07203710836648941,-0.004946242552250624,-0.026886217296123505,-0.32414156198501587,-0.002503894967958331,-6.418772835406573,-7.59340723973186,-0.5977759097171108,-8.023466044258216,-63.27839366443217,-3.320977276206171,20.223748416156692,250.5125000000002,12.500000000000002,4.0
12.5,4.0,-10.0,10.0,1.041810154914856,0.07524637145280838,-0.006276882253587246,-0.03864379972219467,-0.3219085931777954,-0.0040029240772128105,-9.225759398644703,-7.541097250839948,-0.9556517395518145,-11.53219924830588,-62.8424770903329,-5.309176330843414,20.223748416156692,250.5125000000002,12.500000000000002,4.0
12.5,4.0,0.0,-10.0,0.8964024186134338,0.06131672126531601,-0.0007559762452729046,0.011203790083527565,-0.2197745144367218,0.002238977700471878,2.6747750585246153,-5.148483208424544,0.534529981833557,3.343468823155769,-42.9040267368712,2.9696110101864277,20.223748416156692,250.5125000000002,12.500000000000002,4.0
12.5,4.0,0.0,-5.0,0.9024607539176941,0.05997150776267052,-0.0023812016006559134,-0.0008354263845831156,-0.2241532951593399,0.0007219097460620105,-0.19944836881598763,-5.251061430842881,0.17234758674312264,-0.24931046101998453,-43.758845257024014,0.957486593017348,20.223748416156692,250.5125000000002,12.500000000000002,4.0
12.5,4.0,0.0,0.0,0.9069101214408875,0.0595835336792469,-0.0040337638929486275,-0.01325478870421648,-0.2274566888809204,-0.0007840716280043125,-3.164427213267577,-5.328447415063855,-0.18718801575604024,-3.955534016584471,-44.40372845886546,-1.0399334208668902,20.223748416156692,250.5125000000002,12.500000000000002,4.0
12.5,4.0,0.0,5.0,0.910469114780426,0.060474544887542725,-0.005668510217219591,-0.025597114115953445,-0.23003163933753967,-0.0022468040697276592,-6.1110143886240715,-5.388768736771275,-0.5363984368053211,-7.638767985780089,-44.90640613976063,-2.9799913155851168,20.223748416156692,250.5125000000002,12.500000000000002,4.0
12.5,4.0,0.0,10.0,0.9130150079727173,0.06270486128807068,-0.007209450472146273,-0.0375075563788414,-0.23208308219909668,-0.003655872540548444,-8.95449446663885,-5.436826261333841,-0.872797206632878,-11.193118083298563,-45.30688551111534,-4.848873370182655,20.223748416156692,250.5125000000002,12.500000000000002,4.0
12.5,4.0,10.0,-10.0,0.8004845976829529,0.05869627756357193,-0.0005175224505364895,0.011873537674546242,-0.1325475424528122,0.002074913354590535,2.8346695351801134,-3.1050861305974,0.4953615203499943,3.543336918975142,-25.875717754978336,2.752008446388857,20.223748416156692,250.5125000000002,12.500000000000002,4.0
12.5,4.0,10.0,-5.0,0.8023499250411987,0.05630984542250633,-0.002427805447950959,0.0004114607581868768,-0.1308743804693222,0.000792334380093962,0.09823148821558142,-3.065890292085138,0.18916065207280422,0.12278936026947677,-25.549085767376152,1.050892511515579,20.223748416156692,250.5125000000002,12.500000000000002,4.0
12.5,4.0,10.0,0.0,0.8010215759277344,0.05450885755300522,-0.0043390048667788506,-0.01163711491972208,-0.13088320195674896,-0.0004947860143147409,-2.7782263420145163,-3.0660969460732335,-0.11812442758470361,-3.4727829275181454,-25.550807883943612,-0.65624681991502,20.223748416156692,250.5125000000002,12.500000000000002,4.0
12.5,4.0,10.0,5.0,0.7990564107894897,0.05394181249022484,-0.006139297503978014,-0.02371056377887726,-0.13383601605892181,-0.0017849501455202699,-5.660622356049162,-3.1352701796558433,-0.4261361641331535,-7.075777945061452,-26.12725149713203,-2.367423134073075,20.223748416156692,250.5125000000002,12.500000000000002,4.0
12.5,4.0,10.0,10.0,0.8002263307571411,0.055131040637493134,-0.007752721197903156,-0.03536544740200043,-0.14068603515625,-0.0030766716226935387,-8.443090770105838,-3.295740143110755,-0.734519698985655,-10.553863462632298,-27.46450119258963,-4.080664994364749,20.223748416156692,250.5125000000002,12.500000000000002,4.0
12.5,4.0,20.0,-10.0,0.6884359121322632,0.05783997488498688,-0.0003879465803038329,0.011533070355653763,-0.050419896841049194,0.0017999684205278754,2.753386907959592,-1.181146926530375,0.42972160326695774,3.4417336349494896,-9.842891054419791,2.3873422403719875,20.223748416156692,250.5125000000002,12.500000000000002,4.0
12.5,4.0,20.0,-5.0,0.6972928643226624,0.05588697281956673,-0.0024531888775527477,0.0010818076552823186,-0.04589930921792984,0.0008560485439375043,0.2582690422524482,-1.075246706345641,0.20437167040257642,0.3228363028155602,-8.96038921954701,1.1353981689032022,20.223748416156692,250.5125000000002,12.500000000000002,4.0
12.5,4.0,20.0,0.0,0.70404452085495,0.05402800825715065,-0.004490298219025135,-0.010049228556454182,-0.044338006526231766,-0.0001378904125886038,-2.39913687241754,-1.0386713067271836,-0.03291973820037331,-2.998921090521925,-8.65559422272653,-0.1828874344465184,20.223748416156692,250.5125000000002,12.500000000000002,4.0
12.5,4.0,20.0,5.0,0.7084484696388245,0.05273847294330597,-0.006352000869810581,-0.02136402018368244,-0.046934377402067184,-0.0012095144484192133,-5.100412263270308,-1.09949442760333,-0.28875755931141633,-6.375515329087885,-9.162453563361085,-1.6042086628412018,20.223748416156692,250.5125000000002,12.500000000000002,4.0
12.5,4.0,20.0,10.0,0.7141782641410828,0.052733421449661255,-0.007970232516527176,-0.03240666165947914,-0.055346813052892685,-0.0023511007893830538,-7.736714959008672,-1.2965658842334726,-0.5612980700848076,-9.670893698760839,-10.804715701945605,-3.1183226115822644,20.223748416156692,250.5125000000002,12.500000000000002,4.0
12.5,6.0,-20.0,-10.0,0.9948010444641113,0.07228983206033707,-0.0026967949233949184,-0.0010739851277321577,-0.3714289963245392,0.001528586377389729,-0.2564015044433853,-8.701172452138284,0.3649322851071501,-0.32050188055423157,-72.5097704344857,2.0274015839286115,20.223748416156692,250.5125000000002,12.5,6.0
12.5,6.0,-20.0,-5.0,1.040271282196045,0.0761436895775795,-0.0036484806332737207,-0.012710035778582096,-0.38768455386161804,1.835895818658173e-05,-3.0343737645968933,-9.081978503457425,0.004382988532618404,-3.7929672057461166,-75.68315419547854,0.024349936292324466,20.223748416156692,250.5125000000002,12.5,6.0
12.5,6.0,-20.0,0.0,1.0886281728744507,0.0806694851565361,-0.0046178558841347694,-0.024198679253458977,-0.3985083997249603,-0.0014958855463191867,-5.777154269567486,-9.33554015422853,-0.3571253406099381,-7.2214428369593575,-77.79616795190442,-1.9840296700552116,20.223748416156692,250.5125000000002,12.5,6.0
12.5,6.0,-20.0,5.0,1.1296170949935913,0.08535469335794449,-0.005604504607617855,-0.035372134298086166,-0.40249019861221313,-0.002990107983350754,-8.4446871890619,-9.428818598104911,-0.713853633148736,-10.555858986327376,-78.57348831754094,-3.9658535174929774,20.223748416156692,250.5125000000002,12.5,6.0
12.5,6.0,-20.0,10.0,1.154406189918518,0.08960663539648056,-0.006592844147235155,-0.0460330955684185,-0.39889398217201233,-0.00444547226652503,-10.989868158465027,-9.344572888343304,-1.0613049917229633,-13.737335198081285,-77.8714407361942,-5.896138842905351,20.223748416156692,250.5125000000002,12.5,6.0
12.5,6.0,-10.0,-10.0,0.9502140283584595,0.06557800633192062,-0.0028047936502844095,0.0021743883844465017,-0.2989524304866791,0.0017472102772444487,0.5191100310611979,-7.003321437989255,0.41712620789302485,0.6488875388264974,-58.3610119832438,2.317367821627916,20.223748416156692,250.5125000000002,12.5,6.0
12.5,6.0,-10.0,-5.0,0.9747380614280701,0.06684902695298195,-0.004100439138710499,-0.009923146106302738,-0.31112486124038696,0.0001577110670041293,-2.3690361484242737,-7.288475317190383,0.037651689770246986,-2.961295185530342,-60.73729430991987,0.20917605427914993,20.223748416156692,250.5125000000002,12.5,6.0
12.5,6.0,-10.0,0.0,1.0010697841644287,0.06907290977716446,-0.005420518107712269,-0.02211623452603817,-0.31965550780296326,-0.001412843819707632,-5.279994721224047,-7.488316007076535,-0.33730009062743654,-6.5999934015300585,-62.402633392304466,-1.8738893923746474,20.223748416156692,250.5125000000002,12.5,6.0
12.5,6.0,-10.0,5.0,1.023051142692566,0.07200718310952187,-0.006741950288414955,-0.03410286456346512,-0.3235134184360504,-0.002931424416601658,-8.141663747584174,-7.578692219099838,-0.699843611583219,-10.177079684480217,-63.15576849249865,-3.8880200643512164,20.223748416156692,250.5125000000002,12.5,6.0
12.5,6.0,-10.0,10.0,1.0344001054763794,0.07522366208314896,-0.008006821386516094,-0.04560409486293793,-0.3219470977783203,-0.004383366089314222,-10.887449211077215,-7.541999267571768,-1.0464778615692114,-13.609311513846517,-62.84999389643141,-5.8137658976067295,20.223748416156692,250.5125000000002,12.5,6.0
12.5,6.0,0.0,-10.0,0.8854808807373047,0.06087305781722069,-0.002796340500935912,0.004632376600056887,-0.2152455896139145,0.0018524609040468931,1.1059262355997295,-5.042387679276398,0.44225357545047045,1.3824077944996618,-42.019897327303326,2.456964308058169,20.223748416156692,250.5125000000002,12.5,6.0
12.5,6.0,0.0,-5.0,0.8927918076515198,0.059678159778118134,-0.004427616950124502,-0.007362560369074345,-0.2209884077310562,0.00032987023587338626,-1.7577259744482245,-5.17692012368161,0.07875269644341285,-2.1971574680602806,-43.14100103068009,0.43751498024118246,20.223748416156692,250.5125000000002,12.5,6.0
12.5,6.0,0.0,0.0,0.8990018367767334,0.05947532517194748,-0.006080979947000742,-0.01974119246006012,-0.2259613424539566,-0.0011584967141970992,-4.712980948771726,-5.293417120537975,-0.2765776664338819,-5.8912261859646575,-44.11180933781646,-1.5365425912993438,20.223748416156692,250.5125000000002,12.5,6.0
12.5,6.0,0.0,5.0,0.9042410254478455,0.06056437281250954,-0.007692189887166023,-0.03204124793410301,-0.23036105930805206,-0.002590030198916793,-7.649476666306663,-5.396485797100357,-0.6183396980164548,-9.561845832883328,-44.97071497583631,-3.43522054453586,20.223748416156692,250.5125000000002,12.5,6.0
12.5,6.0,0.0,10.0,0.907210111618042,0.06289660943031311,-0.00917043536901474,-0.04388415440917015,-0.23383665084838867,-0.003967228811234236,-10.476833357550165,-5.477905723021373,-0.9471299084183243,-13.096041696937705,-45.64921435851144,-5.2618328245462465,20.223748416156692,250.5125000000002,12.5,6.0
12.5,6.0,10.0,-10.0,0.7943612933158875,0.05846903858065605,-0.0027439375407993793,0.0060103763826191425,-0.12889830768108368,0.0018286765553057194,1.4349077161139878,-3.0195984024411278,0.43657533778965624,1.7936346451424847,-25.163320020342734,2.425418543275868,20.223748416156692,250.5125000000002,12.5,6.0
12.5,6.0,10.0,-5.0,0.7960565686225891,0.05612041813611984,-0.004636904690414667,-0.00532248942181468,-0.12848858535289764,0.0005420310189947486,-1.2706826751120806,-3.0100001624805532,0.1294036250005637,-1.5883533438901007,-25.083334687337945,0.7189090277809095,20.223748416156692,250.5125000000002,12.5,6.0
12.5,6.0,10.0,0.0,0.7951245307922363,0.054426446681022644,-0.006531725637614727,-0.017273303121328354,-0.13002510368824005,-0.0007350273663178086,-4.123800965817229,-3.045994958643438,-0.17547926657876972,-5.154751207271536,-25.38329132202865,-0.9748848143264984,20.223748416156692,250.5125000000002,12.5,6.0
12.5,6.0,10.0,5.0,0.7942651510238647,0.0540613049018383,-0.008312852121889591,-0.02930232137441635,-0.1348678469657898,-0.002006552182137966,-6.995589687492983,-3.1594420637869893,-0.47904108256202926,-8.74448710936623,-26.32868386489158,-2.661339347566829,20.223748416156692,250.5125000000002,12.5,6.0
12.5,6.0,10.0,10.0,0.7961868643760681,0.0554258861887455,-0.009890441782772541,-0.04097561538219452,-0.14354276657104492,-0.0032785460352897644,-9.782453367555707,-3.362662523796006,-0.7827148757732479,-12.228066709444633,-28.02218769830005,-4.348415976518044,20.223748416156692,250.5125000000002,12.5,6.0
12.5,6.0,20.0,-10.0,0.6856727600097656,0.057819586371183396,-0.0027459643315523863,0.006407411769032478,-0.047915227711200714,0.00172915228176862,1.5296953139726317,-1.1224720297129052,0.41281507072019336,1.9121191424657895,-9.353933580940877,2.2934170595566297,20.223748416156692,250.5125000000002,12.5,6.0
12.5,6.0,20.0,-5.0,0.693482518196106,0.05579381448507309,-0.004778997506946325,-0.003890387248247862,-0.044412121176719666,0.0007808186928741634,-0.9287848756569387,-1.0404075318509798,0.18641141518710297,-1.1609810945711734,-8.670062765424833,1.0356189732616832,20.223748416156692,250.5125000000002,12.5,6.0
12.5,6.0,20.0,0.0,0.6996167302131653,0.053966064130067826,-0.006789247039705515,-0.014896605163812637,-0.04405339062213898,-0.00020935376232955605,-3.556391868447934,-1.0320038357202383,-0.04998078486946055,-4.4454898355599175,-8.60003196433532,-0.27767102705255864,20.223748416156692,250.5125000000002,12.5,6.0
12.5,6.0,20.0,5.0,0.7044660449028015,0.05285123748064041,-0.00863728765398264,-0.026136623695492744,-0.048248041421175,-0.0012688498245552182,-6.239816049171826,-1.1302685924841969,-0.30292319281521657,-7.799770061464782,-9.418904937368309,-1.6829066267512032,20.223748416156692,250.5125000000002,12.5,6.0
12.5,6.0,20.0,10.0,0.7111842036247253,0.0530651324737072,-0.010250422172248363,-0.037190526723861694,-0.05847376957535744,-0.0023930841125547886,-8.878807310093574,-1.3698186141537052,-0.571321102010302,-11.098509137616968,-11.415155117947544,-3.1740061222794553,20.223748416156692,250.5125000000002,12.5,6.0
15.0,-6.0,-20.0,-10.0,1.222736120223999,0.09151003522157669,0.003878811141476035,0.047492340207099915,-0.4297032654285431,0.00539219006896019,11.338245906952963,-10.066317527008016,1.2873228969618222,14.172807383691204,-83.88597939173347,7.151793872010123,20.223748416156692,250.5125000000002,14.999999999999996,-6.0
15.0,-6.0,-20.0,-5.0,1.2472028732299805,0.09630727780342102,0.0032906068954616785,0.037370603531599045,-0.4464550316333771,0.003792079631239176,8.921798561300855,-10.4587478651575,0.9053150712356269,11.152248201626069,-87.15623220964584,5.0295281735312605,20.223748416156692,250.5125000000002,14.999999999999996,-6.0
15.0,-6.0,-20.0,0.0,1.2760637998580933,0.10164237034797668,0.0026955585926771164,0.02694714069366455,-0.45917844772338867,0.0020229497458785772,6.4333175906196285,-10.756809240750183,0.4829558108983303,8.041646988274536,-89.64007700625153,2.683087838324057,20.223748416156692,250.5125000000002,14.999999999999996,-6.0
15.0,-6.0,-20.0,5.0,1.303705096244812,0.10694871110200882,0.0020877786446362734,0.016079997643828392,-0.4648870825767517,9.369764302391559e-05,3.8389131104913337,-10.890540900951526,0.022369226550521325,4.798641388114167,-90.75450750792939,0.12427348083622958,20.223748416156692,250.5125000000002,14.999999999999996,-6.0
15.0,-6.0,-20.0,10.0,1.3229206800460815,0.11168681097507477,0.001482950639910996,0.00472191721200943,-0.46172410249710083,-0.0019527062540873885,1.127303019151558,-10.816444275733625,-0.4661859911796451,1.4091287739394476,-90.13703563111355,-2.5899221732202506,20.223748416156692,250.5125000000002,14.999999999999996,-6.0
15.0,-6.0,-10.0,-10.0,1.1716471910476685,0.0859909207868576,0.005049270577728748,0.04731599614024162,-0.3696421682834625,0.005489146802574396,11.29614580437742,-8.659313849063205,1.3104701936260632,14.120182255471775,-72.16094874219338,7.28038996458924,20.223748416156692,250.5125000000002,14.999999999999996,-6.0
15.0,-6.0,-10.0,-5.0,1.1807364225387573,0.08723238867998123,0.0043487041257321835,0.036286793649196625,-0.3769911527633667,0.003766319015994668,8.66305151052429,-8.831472678719738,0.8991650228471298,10.828814388155363,-73.59560565599782,4.99536123803961,20.223748416156692,250.5125000000002,14.999999999999996,-6.0
15.0,-6.0,-10.0,0.0,1.191670536994934,0.08921009314537048,0.0036071017384529114,0.024950506165623665,-0.3815445005893707,0.001928013633005321,5.956644233052461,-8.938140346189652,0.4602909140220483,7.445805291315576,-74.48450288491377,2.557171744566935,20.223748416156692,250.5125000000002,14.999999999999996,-6.0
15.0,-6.0,-10.0,5.0,1.20120370388031,0.09162667406082153,0.002840845612809062,0.013365617953240871,-0.38141053915023804,-2.0038864022353664e-05,3.1908864122382274,-8.935002137823142,-0.0047840465850000815,3.9886080152977845,-74.45835114852619,-0.026578036583333787,20.223748416156692,250.5125000000002,14.999999999999996,-6.0
15.0,-6.0,-10.0,10.0,1.2054141759872437,0.09428019088983536,0.0020688464865088463,0.0016833371482789516,-0.37582433223724365,-0.0020425186958163977,0.4018772384823943,-8.804138499861983,-0.4876276709407775,0.502346548102993,-73.3678208321832,-2.7090426163376526,20.223748416156692,250.5125000000002,14.999999999999996,-6.0
15.0,-6.0,0.0,-10.0,1.0956122875213623,0.08080817771434784,0.006348917260766029,0.04643426090478897,-0.29819151759147644,0.005257371347397566,11.085641734020141,-6.985496135205331,1.2551364894006818,13.857052167525177,-58.21246779337776,6.972980496670454,20.223748416156692,250.5125000000002,14.999999999999996,-6.0
15.0,-6.0,0.0,-5.0,1.0939688682556152,0.0791273937869072,0.00542684830725193,0.034710969775915146,-0.2954358756542206,0.003490062663331628,8.286841820637468,-6.92094189751879,0.8332120197693155,10.358552275796836,-57.67451581265659,4.628955665385086,20.223748416156692,250.5125000000002,14.999999999999996,-6.0
15.0,-6.0,0.0,0.0,1.0917707681655884,0.07834814501285553,0.004430897068232298,0.022544294595718384,-0.29183271527290344,0.0016479038167744875,5.382189102714141,-6.836533517557094,0.3934179411694323,6.727736378392676,-56.97111264630912,2.1856552287190683,20.223748416156692,250.5125000000002,14.999999999999996,-6.0
15.0,-6.0,0.0,5.0,1.087792992591858,0.0785017834353447,0.0034269813913851976,0.010366961359977722,-0.2869879901409149,-0.0002478238893672824,2.4749918975299243,-6.723039985081758,-0.05916508192712067,3.0937398719124056,-56.025333209014654,-0.32869489959511483,20.223748416156692,250.5125000000002,14.999999999999996,-6.0
15.0,-6.0,0.0,10.0,1.0816117525100708,0.07965653402090073,0.002455522771924734,-0.0014161814469844103,-0.28111279010772705,-0.0021602450869977474,-0.3380969104650113,-6.585406334544393,-0.515733482680767,-0.4226211380812641,-54.87838612120328,-2.86518601489315,20.223748416156692,250.5125000000002,14.999999999999996,-6.0
15.0,-6.0,10.0,-10.0,0.9954513311386108,0.07637050760269165,0.007591542322188616,0.04402310028672218,-0.21718069911003113,0.004555678926408291,10.510005075780358,-5.087719954370962,1.0876155547504205,13.137506344725447,-42.39766628642468,6.042308637502336,20.223748416156692,250.5125000000002,14.999999999999996,-6.0
15.0,-6.0,10.0,-5.0,0.9909569621086121,0.07355110359668732,0.006384099833667278,0.032346297055482864,-0.2065272480249405,0.002901889383792877,7.722303609279409,-4.838150006900307,0.6927924647373153,9.652879511599261,-40.31791672416922,3.848847026318418,20.223748416156692,250.5125000000002,14.999999999999996,-6.0
15.0,-6.0,10.0,0.0,0.9861620664596558,0.07149476942896843,0.005082336254417896,0.020057179033756256,-0.19743479788303375,0.00118775584269315,4.788419081747256,-4.6251483902250365,0.28356294432216256,5.985523852184071,-38.54290325187531,1.5753496906786808,20.223748416156692,250.5125000000002,14.999999999999996,-6.0
15.0,-6.0,10.0,5.0,0.979159951210022,0.07038864133238792,0.003816996468231082,0.007807265035808086,-0.19054672122001648,-0.0005637817084789276,1.8638940606155796,-4.463786882368783,-0.13459635007879706,2.3298675757694745,-37.19822401973986,-0.7477575004377613,20.223748416156692,250.5125000000002,14.999999999999996,-6.0
15.0,-6.0,10.0,10.0,0.9702895283699036,0.07047534001350403,0.002674393355846405,-0.003824839135631919,-0.1863882690668106,-0.0023165203165262938,-0.9131360233086372,-4.366370122565264,-0.5530423828914853,-1.1414200291357965,-36.38641768804386,-3.072457682730474,20.223748416156692,250.5125000000002,14.999999999999996,-6.0
15.0,-6.0,20.0,-10.0,0.8875864148139954,0.07321672899007797,0.008519156835973263,0.03999043628573418,-0.13443222641944885,0.0034385945182293653,9.547253274038582,-3.149237126814068,0.8209245965132816,11.934066592548227,-26.24364272345057,4.560692202851564,20.223748416156692,250.5125000000002,14.999999999999996,-6.0
15.0,-6.0,20.0,-5.0,0.8882142901420593,0.07114507270336151,0.007053805980831385,0.029146507382392883,-0.12026564031839371,0.0020399962086230516,6.958390902392012,-2.817367752201103,0.4870254563526865,8.697988627990016,-23.47806460167586,2.705696979737147,20.223748416156692,250.5125000000002,14.999999999999996,-6.0
15.0,-6.0,20.0,0.0,0.8896432518959045,0.06935165089845657,0.005533939227461815,0.017662089318037033,-0.1090334951877594,0.0005799533682875335,4.216619165221372,-2.554241198388111,0.1384571464689937,5.270773956526716,-21.285343319900928,0.7692063692721872,20.223748416156692,250.5125000000002,14.999999999999996,-6.0
15.0,-6.0,20.0,5.0,0.888109028339386,0.06790727016806603,0.0041106464341282845,0.006063199136406183,-0.10174082964658737,-0.0009412434883415699,1.4475185364969843,-2.3834017078329364,-0.22471097618262884,1.8093981706212303,-19.861680898607805,-1.2483943121257157,20.223748416156692,250.5125000000002,14.999999999999996,-6.0
15.0,-6.0,20.0,10.0,0.8824529647827148,0.06711909187316895,0.0028872827533632517,-0.005075602326542139,-0.09917879104614258,-0.0024959929287433624,-1.2117412419199778,-2.3233828619374837,-0.5958893894194164,-1.5146765523999721,-19.36152384947903,-3.3104966078856464,20.223748416156692,250.5125000000002,14.999999999999996,-6.0
15.0,-4.0,-20.0,-10.0,1.2116074562072754,0.09165976953983307,0.002949276939034462,0.038970112800598145,-0.42867329716682434,0.004845470190048218,9.303662864960733,-10.04218927758719,1.1567998609881853,11.629578581200917,-83.68491064655991,6.426665894378807,20.22374841615669,250.5125000000001,14.999999999999998,-4.000000000000001
15.0,-4.0,-20.0,-5.0,1.2410168647766113,0.09646623594045639,0.0023667714558541775,0.028594356030225754,-0.44664376974105835,0.003174077719449997,6.826571165115901,-10.463169283085218,0.757774275893113,8.533213956394876,-87.19307735904349,4.209857088295072,20.22374841615669,250.5125000000001,14.999999999999998,-4.000000000000001
15.0,-4.0,-20.0,0.0,1.2752631902694702,0.10181165498971939,0.0017689075320959091,0.01794569380581379,-0.45985791087150574,0.0013521761866286397,4.284326450411069,-10.772726484921051,0.3228163962160253,5.3554080630138365,-89.77272070767543,1.7934244234223629,20.22374841615669,250.5125000000001,14.999999999999998,-4.000000000000001
15.0,-4.0,-20.0,5.0,1.3071590662002563,0.10713576537847519,0.0011555992532521486,0.006867637857794762,-0.4654259979724884,-0.0006045401096343994,1.6395689597948229,-10.903165644420177,-0.14432694606669252,2.0494611997435284,-90.85971370350148,-0.8018163670371806,20.22374841615669,250.5125000000001,14.999999999999998,-4.000000000000001
15.0,-4.0,-20.0,10.0,1.3287971019744873,0.11190160376310349,0.0005532135837711394,-0.0046225059777498245,-0.4618947207927704,-0.00264562270604074,-1.1035697388997538,-10.82044121519931,-0.6316117649141206,-1.3794621736246924,-90.17034345999426,-3.5089542495228923,20.22374841615669,250.5125000000001,14.999999999999998,-4.000000000000001
15.0,-4.0,-10.0,-10.0,1.1684038639068604,0.08600561333179474,0.0038610107731074095,0.03937328979372978,-0.3678700029850006,0.004967781249433756,9.399916700257505,-8.617798738427792,1.1860002091370818,11.749895875321881,-71.81498948689827,6.588890050761566,20.22374841615669,250.5125000000001,14.999999999999998,-4.000000000000001
15.0,-4.0,-10.0,-5.0,1.1814589500427246,0.08732072276353836,0.0031206600833684206,0.028231261298060417,-0.3771185576915741,0.0031905320938676596,6.739886505171636,-8.834457292905904,0.7617025671202663,8.424858131464546,-73.62047744088254,4.231680928445924,20.22374841615669,250.5125000000001,14.999999999999998,-4.000000000000001
15.0,-4.0,-10.0,0.0,1.1963655948638916,0.08938824397802353,0.002354936208575964,0.01677101105451584,-0.38299360871315,0.001303472789004445,4.0038845551750635,-8.972087452666447,0.3111890243838688,5.004855693968829,-74.76739543888706,1.7288279132437154,20.22374841615669,250.5125000000001,14.999999999999998,-4.000000000000001
15.0,-4.0,-10.0,5.0,1.2087880373001099,0.09192887706041336,0.0015743731055408716,0.005054271314293146,-0.38357123732566833,-0.0006785678560845554,1.2066487099186347,-8.985619099954476,-0.16200021273515527,1.5083108873982933,-74.88015916628731,-0.9000011818619738,20.22374841615669,250.5125000000001,14.999999999999998,-4.000000000000001
15.0,-4.0,-10.0,10.0,1.214212417602539,0.09473790985822678,0.0007957014022395015,-0.006717514246702194,-0.3782934546470642,-0.0027081286534667015,-1.603728687203816,-8.861980671867626,-0.6465343355744032,-2.00466085900477,-73.84983893223021,-3.5918574198577953,20.22374841615669,250.5125000000001,14.999999999999998,-4.000000000000001
15.0,-4.0,0.0,-10.0,1.0984140634536743,0.08070554596662521,0.00491147767752409,0.03906899318099022,-0.2951507866382599,0.004782812669873238,9.327269410002934,-6.914263343295421,1.1418411040904237,11.659086762503668,-57.618861194128506,6.343561689391243,20.22374841615669,250.5125000000001,14.999999999999998,-4.000000000000001
15.0,-4.0,0.0,-5.0,1.0994056463241577,0.07913799596309662,0.003932517487555742,0.02733617089688778,-0.29457706212997437,0.0029826427344232798,6.526194043751692,-6.9008231543602285,0.7120713914708732,8.157742554689616,-57.506859619668575,3.9559521748381843,20.22374841615669,250.5125000000001,14.999999999999998,-4.000000000000001
15.0,-4.0,0.0,0.0,1.0989924669265747,0.07844398928165436,0.0029166836757212877,0.015152518637478352,-0.29274073243141174,0.001109232776798308,3.617488244888246,-6.857804915223573,0.26481647222579496,4.521860306110307,-57.14837429352978,1.4712026234766387,20.22374841615669,250.5125000000001,14.999999999999998,-4.000000000000001
15.0,-4.0,0.0,5.0,1.0956370830535889,0.07870242012023926,0.0019117180490866303,0.002950589871034026,-0.2891428470611572,-0.0008062028791755438,0.7044191417492434,-6.773520108761516,-0.1924715955272987,0.8805239271865541,-56.44600090634597,-1.069286641818326,20.22374841615669,250.5125000000001,14.999999999999998,-4.000000000000001
15.0,-4.0,0.0,10.0,1.0891594886779785,0.0800211207318306,0.0009413512889295816,-0.008855693973600864,-0.2841320335865021,-0.002718833042308688,-2.1141943208432883,-6.656135756436,-0.6490898843733218,-2.6427429010541106,-55.467797970300005,-3.606054913185121,20.22374841615669,250.5125000000001,14.999999999999998,-4.000000000000001
15.0,-4.0,10.0,-10.0,0.9994488954544067,0.07621911180496216,0.005953146144747734,0.03728066384792328,-0.2127814143896103,0.004163803998380899,8.900326503999349,-4.9846614010613735,0.9940599565346089,11.125408129999187,-41.53884500884478,5.52255531408116,20.22374841615669,250.5125000000001,14.999999999999998,-4.000000000000001
15.0,-4.0,10.0,-5.0,0.9968403577804565,0.07356889558315277,0.004695994779467583,0.025656869634985924,-0.20426176488399506,0.0025072793941944838,6.1252803263759965,-4.785078330504975,0.598583902263953,7.656600407969996,-39.875652754208126,3.3254661236886274,20.22374841615669,250.5125000000001,14.999999999999998,-4.000000000000001
15.0,-4.0,10.0,0.0,0.9924623370170593,0.07157736656546593,0.003389430930837989,0.013434633612632751,-0.19707904756069183,0.0007931269356049597,3.207363101199084,-4.616814509630812,0.1893498655173179,4.009203876498855,-38.47345424692344,1.0519436973184326,20.22374841615669,250.5125000000001,14.999999999999998,-4.000000000000001
15.0,-4.0,10.0,5.0,0.9844688773155212,0.07049152267456055,0.0021478577982634306,0.0012495609698817134,-0.1916915476322174,-0.0009525414207018912,0.29831820227152067,-4.490605822567029,-0.22740822661886423,0.37289775283940085,-37.42171518805858,-1.263379036771468,20.22374841615669,250.5125000000001,14.999999999999998,-4.000000000000001
15.0,-4.0,10.0,10.0,0.9743391275405884,0.07066460338711739,0.0010315169347450137,-0.010345210321247578,-0.1887761652469635,-0.002692685229703784,-2.4697990890732626,-4.422309472123092,-0.6428473971016795,-3.0872488613415783,-36.8525789343591,-3.5713744283426636,20.22374841615669,250.5125000000001,14.999999999999998,-4.000000000000001
15.0,-4.0,20.0,-10.0,0.888528048992157,0.07310877752780914,0.006735862698405981,0.033943116664886475,-0.1295984536409378,0.0031789534259587526,8.103525787877295,-3.0360001664354366,0.7589382943248292,10.129407234846619,-25.300001386961974,4.216323857360162,20.22374841615669,250.5125000000001,14.999999999999998,-4.000000000000001
15.0,-4.0,20.0,-5.0,0.891028881072998,0.07121325296640396,0.00524519570171833,0.023183031007647514,-0.11738712340593338,0.00180898851249367,5.534680019704045,-2.7499350199439,0.43187504570347535,6.918350024630056,-22.91612516619917,2.399305809463752,20.22374841615669,250.5125000000001,14.999999999999998,-4.000000000000001
15.0,-4.0,20.0,0.0,0.8930534720420837,0.06947040942788124,0.0037353041116148233,0.011788672767579556,-0.10802911967039108,0.00037765997694805264,2.8144090220139257,-2.530712489887142,0.09016194336136472,3.5180112775174073,-21.089270749059516,0.5008996853409151,20.22374841615669,250.5125000000001,14.999999999999998,-4.000000000000001
15.0,-4.0,20.0,5.0,0.8906382918357849,0.06798403349995613,0.0023520204704254866,0.0002802984381560236,-0.10227243602275848,-0.0011192330857738853,0.06691800415159853,-2.3958552286982786,-0.2672039301151338,0.08364750518949816,-19.965460239152325,-1.48446627841741,20.22374841615669,250.5125000000001,14.999999999999998,-4.000000000000001
15.0,-4.0,20.0,10.0,0.8837947249412537,0.0671887212741375,0.001174895791336894,-0.01079234853386879,-0.10100702196359634,-0.0026548700407147408,-2.5765481561225383,-2.366211377353648,-0.6338194589140478,-3.2206851951531728,-19.718428144613735,-3.521219216189154,20.22374841615669,250.5125000000001,14.999999999999998,-4.000000000000001
15.0,-2.0,-20.0,-10.0,1.2012748718261719,0.09170193982601166,0.0020064685959368944,0.03051445260643959,-0.4288986623287201,0.004271105397492647,7.28497197356788,-10.047468728458728,1.0196769222175768,9.10621496695985,-83.72890607048942,5.664871790097648,20.223748416156692,250.5125000000002,14.999999999999998,-2.0
15.0,-2.0,-20.0,-5.0,1.2353869676589966,0.0964446516084671,0.0014442659448832273,0.019903169944882393,-0.44734883308410645,0.002547493437305093,4.751651196358939,-10.479686242714788,0.6081845390763866,5.939563995448673,-87.33071868928991,3.3788029948688143,20.223748416156692,250.5125000000002,14.999999999999998,-2.0
15.0,-2.0,-20.0,0.0,1.274505615234375,0.10175333929538727,0.0008627006318420172,0.009004315361380577,-0.4604030251502991,0.0006924327462911606,2.1496759550253643,-10.785496444705668,0.16531029461256708,2.6870949437817053,-89.8791370392139,0.9183905256253726,20.223748416156692,250.5125000000002,14.999999999999998,-2.0
15.0,-2.0,-20.0,5.0,1.310202717781067,0.10708313447713852,0.00026535571669228375,-0.0022980403155088425,-0.4654896855354309,-0.0012699541402980685,-0.5486304967855806,-10.904657602435583,-0.30318683540256336,-0.6857881209819758,-90.87214668696319,-1.6843713077920186,20.223748416156692,250.5125000000002,14.999999999999998,-2.0
15.0,-2.0,-20.0,10.0,1.3343145847320557,0.11188687396526337,-0.00031113915611058474,-0.013889827765524387,-0.46165093779563904,-0.0032850331626832485,-3.316035430639717,-10.814730304312093,-0.7842636022688536,-4.145044288299646,-90.12275253593411,-4.3570200126047425,20.223748416156692,250.5125000000002,14.999999999999998,-2.0
15.0,-2.0,-10.0,-10.0,1.1631664037704468,0.08577890706539154,0.0026609469205141068,0.0315043143928051,-0.3668490946292877,0.004425317980349064,7.521290005039196,-8.59388272823799,1.0564933894362425,9.401612506298996,-71.61568940198325,5.869407719090236,20.223748416156692,250.5125000000002,14.999999999999998,-2.0
15.0,-2.0,-10.0,-5.0,1.1797043085098267,0.08713674557685852,0.0019075678428635001,0.02022268995642662,-0.37734752893447876,0.002602434018626809,4.827932896676989,-8.839821220576631,0.6213009662429603,6.034916120846237,-73.6651768381386,3.4516720346831127,20.223748416156692,250.5125000000002,14.999999999999998,-2.0
15.0,-2.0,-10.0,0.0,1.1981571912765503,0.08928846580266953,0.0011372340377420187,0.008592147380113602,-0.38394656777381897,0.0006790594779886305,2.0512756254943567,-8.994411668623629,0.16211758176808447,2.564094531867946,-74.95343057186358,0.9006532320449137,20.223748416156692,250.5125000000002,14.999999999999998,-2.0
15.0,-2.0,-10.0,5.0,1.2132927179336548,0.09197850537776947,0.00035263210884295404,-0.003279425436630845,-0.384921669960022,-0.0013181603280827403,-0.7829248226533679,-9.017254614017144,-0.31469550414695285,-0.97865602831671,-75.14378845014288,-1.7483083563719601,20.223748416156692,250.5125000000002,14.999999999999998,-2.0
15.0,-2.0,-10.0,10.0,1.2202626466751099,0.09497669351577759,-0.0004245612071827054,-0.015128669328987598,-0.380016565322876,-0.0033336717169731855,-3.6117944988399424,-8.902346618771942,-0.7958754935063282,-4.514743123549928,-74.18622182309952,-4.421530519479601,20.223748416156692,250.5125000000002,14.999999999999998,-2.0
15.0,-2.0,0.0,-10.0,1.0976661443710327,0.08038070065259934,0.003457948099821806,0.0317188985645771,-0.2923186719417572,0.0042930832132697105,7.572519489555672,-6.847917638941815,1.0249238710664104,9.46564936194459,-57.06598032451513,5.694021505924502,20.223748416156692,250.5125000000002,14.999999999999998,-2.0
15.0,-2.0,0.0,-5.0,1.1007308959960938,0.078911334400177,0.002451544161885977,0.019956575706601143,-0.2934844195842743,0.002462641801685095,4.764401203130026,-6.875226684206423,0.5879271942904398,5.955501503912533,-57.293555701720194,3.2662621905024434,20.223748416156692,250.5125000000002,14.999999999999998,-2.0
15.0,-2.0,0.0,0.0,1.1018344163894653,0.07831219596147537,0.0014283758355304599,0.0077382298186421394,-0.2930139899253845,0.000568584306165576,1.8474127024627887,-6.864206301766965,0.1357429146263837,2.309265878078486,-57.201719181391375,0.7541273034799093,20.223748416156692,250.5125000000002,14.999999999999998,-2.0
15.0,-2.0,0.0,5.0,1.0994114875793457,0.07871796203136444,0.00041790539398789406,-0.004494669381529093,-0.29052361845970154,-0.0013498679036274552,-1.0730502328586133,-6.805866344985943,-0.3222653203967219,-1.3413127910732667,-56.71555287488286,-1.7903628910928995,20.223748416156692,250.5125000000002,14.999999999999998,-2.0
15.0,-2.0,0.0,10.0,1.093587875366211,0.08025860053777695,-0.0005599487340077758,-0.016320301219820976,-0.2865929901599884,-0.003245447762310505,-3.8962828047418765,-6.713786633871586,-0.7748130466256878,-4.870353505927346,-55.94822194892989,-4.304516925698266,20.223748416156692,250.5125000000002,14.999999999999998,-2.0
15.0,-2.0,10.0,-10.0,1.0003553628921509,0.07599194360256195,0.004279532935470343,0.03049846738576889,-0.2084657996892929,0.00376972951926291,7.281155687361496,-4.883562918939548,0.8999792409832159,9.10144460920187,-40.696357657829566,4.999884672128977,20.223748416156692,250.5125000000002,14.999999999999998,-2.0
15.0,-2.0,10.0,-5.0,0.9992098808288574,0.0734624938416481,0.0029957157094031572,0.018932955339550972,-0.2019226849079132,0.002109314315021038,4.520023701697801,-4.73028255943532,0.5035743510316479,5.650029627122252,-39.41902132862767,2.797635283509155,20.223748416156692,250.5125000000002,14.999999999999998,-2.0
15.0,-2.0,10.0,0.0,0.9950710535049438,0.0715181009221077,0.0016925341915339231,0.0067901453003287315,-0.1964912712574005,0.000402052333811298,1.6210685096448183,-4.603045140440937,0.09598533591602944,2.026335637056023,-38.358709503674476,0.5332518662001635,20.223748416156692,250.5125000000002,14.999999999999998,-2.0
15.0,-2.0,10.0,5.0,0.9866850972175598,0.07048900065302849,0.00046579312765970826,-0.005322567652910948,-0.19262991845607758,-0.001326900441199541,-1.2707013518798116,-4.512588291472953,-0.3167821048775283,-1.5883766898497644,-37.60490242894128,-1.7599005826529348,20.223748416156692,250.5125000000002,14.999999999999998,-2.0
15.0,-2.0,10.0,10.0,0.9767182469367981,0.07082824048876762,-0.0006401396240107715,-0.01687968149781227,-0.19129431247711182,-0.0030441931448876858,-4.029828364293327,-4.48130010970447,-0.7267658387538691,-5.037285455366659,-37.34416758087058,-4.03758799307705,20.223748416156692,250.5125000000002,14.999999999999998,-2.0
15.0,-2.0,20.0,-10.0,0.8879267573356628,0.07303038251876831,0.004899407736957073,0.027856625616550446,-0.12498733401298523,0.0029344153590500355,6.650446577302092,-2.927979124790111,0.7005576644352235,8.313058221627616,-24.399826039917592,3.8919870246401302,20.223748416156692,250.5125000000002,14.999999999999998,-2.0
15.0,-2.0,20.0,-5.0,0.892137348651886,0.07121543598651886,0.0033985362388193607,0.017193693667650223,-0.11480695009231567,0.0015887633198872209,4.10479513122612,-2.6894913465087327,0.37929883282810506,5.13099391403265,-22.412427887572775,2.1072157379339167,20.223748416156692,250.5125000000002,14.999999999999998,-2.0
15.0,-2.0,20.0,0.0,0.894705593585968,0.06947344181418419,0.0019053904106840491,0.0059103709645569324,-0.10737954825162888,0.00018643906514625996,1.411032581364417,-2.515495495547553,0.04451016644100222,1.763790726705521,-20.962462462896276,0.24727870245001232,20.223748416156692,250.5125000000002,14.999999999999998,-2.0
15.0,-2.0,20.0,5.0,0.8920189738273621,0.06797227648377419,0.0005552411894313991,-0.005491023883223534,-0.1032988503575325,-0.001282404875382781,-1.3109183248803729,-2.419900223091803,-0.3061593041311457,-1.638647906100466,-20.165835192431693,-1.7008850229508095,20.223748416156692,250.5125000000002,14.999999999999998,-2.0
15.0,-2.0,20.0,10.0,0.8854103684425354,0.06726326060771942,-0.0005928634200245142,-0.01649288460612297,-0.10367313027381897,-0.0027938568964600563,-3.937485088411489,-2.42866818178433,-0.6670009602130512,-4.9218563605143615,-20.23890151486942,-3.7055608900725066,20.223748416156692,250.5125000000002,14.999999999999998,-2.0
15.0,0.0,-20.0,-10.0,1.1915653944015503,0.09167777014255524,0.0010475157760083675,0.022051040083169937,-0.4293808937072754,0.0036777134519070387,5.264430303429861,-10.058765580422797,0.8780114711381819,6.580537879287326,-83.82304650352332,4.877841506323232,20.22374841615669,250.5125000000001,15.000000000000002,0.0
15.0,0.0,-20.0,-5.0,1.2302242517471313,0.09632635128974915,0.0005205753841437399,0.011178461834788322,-0.44772276282310486,0.001910808845423162,2.6687282326292023,-10.48844599808177,0.45618347034728374,3.335910290786503,-87.40371665068143,2.534352613040465,20.22374841615669,250.5125000000001,15.000000000000002,0.0
15.0,0.0,-20.0,0.0,1.2738542556762695,0.10159052175760269,-2.711218621698208e-05,1.2036665793857537e-05,-0.4602831304073334,3.567029125406407e-05,0.0028736144834186016,-10.782687765671522,0.008515868707407894,0.003592018104273252,-89.85573138059603,0.04731038170782163,20.22374841615669,250.5125000000001,15.000000000000002,0.0
15.0,0.0,-20.0,5.0,1.313043475151062,0.10692906392097473,-0.0005870439345017076,-0.011479910463094711,-0.46489429473876953,-0.0019157476490363479,-2.740695599601372,-10.890709854549897,-0.457362552481545,-3.425869499501715,-90.75591545458248,-2.540903069341917,20.22374841615669,250.5125000000001,15.000000000000002,0.0
15.0,0.0,-20.0,10.0,1.339661955833435,0.11176550400733948,-0.0011148194316774607,-0.023085877299308777,-0.4610291123390198,-0.0038903281092643738,-5.5114856976067665,-10.800163292617489,-0.9287707569099035,-6.889357122008458,-90.00136077181241,-5.159837538388353,20.22374841615669,250.5125000000001,15.000000000000002,0.0
15.0,0.0,-10.0,-10.0,1.155963659286499,0.08543011558532715,0.0014497613301500678,0.023605559021234512,-0.36565354466438293,0.0038640752900391817,5.635553686904584,-8.565875527608192,0.9225032005244317,7.044442108630729,-71.38229606340161,5.125017780691287,20.22374841615669,250.5125000000001,15.000000000000002,0.0
15.0,0.0,-10.0,-5.0,1.1757656335830688,0.0868248270201683,0.0007037156610749662,0.012146295979619026,-0.37689003348350525,0.001999440835788846,2.8997874199293796,-8.829103837565661,0.4773433310239025,3.6247342749117246,-73.57586531304719,2.651907394577236,20.22374841615669,250.5125000000001,15.000000000000002,0.0
15.0,0.0,-10.0,0.0,1.1975681781768799,0.08907454473257065,-5.9272155340295285e-05,0.0003250491863582283,-0.3839311897754669,5.0671100325416774e-05,0.07760172673558012,-8.994051420455191,0.012097138051318238,0.09700215841947515,-74.95042850379326,0.06720632250732354,20.22374841615669,250.5125000000001,15.000000000000002,0.0
15.0,0.0,-10.0,5.0,1.215386152267456,0.09193561983585358,-0.0008374594617635012,-0.011684643104672432,-0.38535159826278687,-0.001944863353855908,-2.789573145438569,-9.027326203315312,-0.4643135896289854,-3.486966431798211,-75.22771836096094,-2.579519942383252,20.22374841615669,250.5125000000001,15.000000000000002,0.0
15.0,0.0,-10.0,10.0,1.2242635488510132,0.09512068343639374,-0.0015959853772073984,-0.023568931967020035,-0.3811197280883789,-0.003929799888283014,-5.6268094021268675,-8.928189537769658,-0.9381941867713646,-7.033511752658584,-74.40157948141382,-5.21218992650758,20.22374841615669,250.5125000000001,15.000000000000002,0.0
15.0,0.0,0.0,-10.0,1.0936511754989624,0.07996921998739243,0.001989301759749651,0.024305621162056923,-0.28905314207077026,0.0037875957787036896,5.802685411055878,-6.771418661112307,0.9042446033994205,7.253356763819847,-56.42848884260256,5.0235811299967805,20.22374841615669,250.5125000000001,15.000000000000002,0.0
15.0,0.0,0.0,-5.0,1.0984327793121338,0.07858972263813019,0.0009763665730133653,0.01251089945435524,-0.29158762097358704,0.0019308305345475674,2.9868322746798874,-6.830791887833804,0.4609634166244128,3.7335403433498593,-56.923265731948376,2.5609078701356265,20.22374841615669,250.5125000000001,15.000000000000002,0.0
15.0,0.0,0.0,0.0,1.101007103919983,0.07809567463874817,-5.004994818591513e-05,0.000261343433521688,-0.29230132699012756,2.69390620815102e-05,0.0623927164362671,-6.847511312519274,0.006431388915578693,0.07799089554533388,-57.062594270993955,0.035729938419881625,20.22374841615669,250.5125000000001,15.000000000000002,0.0
15.0,0.0,0.0,5.0,1.099972128868103,0.07867846650362015,-0.0010689407354220748,-0.011994407512247562,-0.2910624146461487,-0.0018807167652994394,-2.8635258083520583,-6.818488295833135,-0.44899933490972344,-3.579407260440073,-56.82073579860946,-2.4944407494984633,20.22374841615669,250.5125000000001,15.000000000000002,0.0
15.0,0.0,0.0,10.0,1.0956995487213135,0.08046044421672821,-0.002048671478405595,-0.023831313475966454,-0.28861433267593384,-0.003747169626876712,-5.689449947042091,-6.761139021515311,-0.8945933280887639,-7.111812433802614,-56.342825179294266,-4.969962933826466,20.22374841615669,250.5125000000001,15.000000000000002,0.0
15.0,0.0,10.0,-10.0,0.9987253546714783,0.07574942720413208,0.00257231411524117,0.02364388108253479,-0.20399977266788483,0.0033702717628329992,5.6447026349831395,-4.778940846689626,0.8046133303523271,7.055878293728925,-39.82450705574689,4.470074057512928,20.22374841615669,250.5125000000001,15.000000000000002,0.0
15.0,0.0,10.0,-5.0,0.9984933733940125,0.0732931868481636,0.0012811204651370645,0.0121634341776371,-0.19922873377799988,0.0017078954260796309,2.9038789661173254,-4.667173503354713,0.4077402427382623,3.629848707646657,-38.89311252795594,2.265223570768124,20.22374841615669,250.5125000000001,15.000000000000002,0.0
15.0,0.0,10.0,0.0,0.9945008754730225,0.07138451201200485,-1.5590412658639252e-05,0.0001173047858173959,-0.19543232023715973,1.3402696822595317e-05,0.028005158344697623,-4.57823793492747,0.0031997385626452014,0.03500644793087203,-38.15198279106225,0.017776325348028896,20.22374841615669,250.5125000000001,15.000000000000002,0.0
15.0,0.0,10.0,5.0,0.9864709973335266,0.07045297709584236,-0.0012357257073745131,-0.011921473778784275,-0.1932639181613922,-0.0016923443181440234,-2.8461137246073354,-4.527440499634232,-0.40402759591709925,-3.557642155759169,-37.72867083028527,-2.2445977550949956,20.22374841615669,250.5125000000001,15.000000000000002,0.0
15.0,0.0,10.0,10.0,0.9779896140098572,0.07102027175307274,-0.0023363365326076746,-0.023449916392564774,-0.19395720958709717,-0.003381604328751564,-5.5983958128186435,-4.54368168789455,-0.8073188491492769,-6.997994766023305,-37.86401406578791,-4.485104717495982,20.22374841615669,250.5125000000001,15.000000000000002,0.0
15.0,0.0,20.0,-10.0,0.8864892721176147,0.0729531572508812,0.0030146106146275997,0.021725758910179138,-0.12061180919408798,0.0026974014472216368,5.1867731925739,-2.825477175845418,0.6439733393848963,6.483466490717374,-23.545643132045154,3.5776296632494238,20.22374841615669,250.5125000000001,15.000000000000002,0.0
15.0,0.0,20.0,-5.0,0.8918232321739197,0.07113883656740189,0.0015185916563495994,0.011187096126377583,-0.11240445822477341,0.0013724107993766665,2.6707895696962844,-2.6332100753608016,0.3276471755410415,3.3384869621203555,-21.94341729467335,1.8202620863391195,20.22374841615669,250.5125000000001,15.000000000000002,0.0
15.0,0.0,20.0,0.0,0.8947200179100037,0.06937487435817719,4.6716249926248565e-05,3.387389733688906e-05,-0.1068645715713501,-2.701499852264533e-06,0.008087000475396875,-2.5034315453759826,-0.0006449517860986193,0.010108750594246093,-20.861929544799857,-0.003583065478325663,20.22374841615669,250.5125000000001,15.000000000000002,0.0
15.0,0.0,20.0,5.0,0.8924014568328857,0.06791236263990402,-0.0012783337151631713,-0.011256273835897446,-0.1046026349067688,-0.0014433009782806039,-2.6873049462474428,-2.45044294946911,-0.3445713843144085,-3.3591311828093033,-20.420357912242583,-1.9142854684133803,20.22374841615669,250.5125000000001,15.000000000000002,0.0
15.0,0.0,20.0,10.0,0.8873581290245056,0.0673875549185276,-0.0024099035654217005,-0.02219681814312935,-0.1070106253027916,-0.002928874222561717,-5.2992331260419006,-2.5068530302819165,-0.6992347823065563,-6.624041407552376,-20.890441919015974,-3.8846376794808686,20.22374841615669,250.5125000000001,15.000000000000002,0.0
15.0,2.0,-20.0,-10.0,1.182206392288208,0.09156173480033875,7.276798714883626e-05,0.01348592434078455,-0.4293404817581177,0.0030616254080086946,3.2196081682140147,-10.057818881747608,0.7309275895776611,4.024510210267518,-83.81515734789673,4.060708830987006,20.223748416156692,250.5125000000002,14.999999999999998,2.0
15.0,2.0,-20.0,-5.0,1.2253433465957642,0.0961268843460083,-0.00041250817594118416,0.0023379395715892315,-0.44729578495025635,0.0012572183040902019,0.5581559818421437,-10.478443526164757,0.30014630208443727,0.6976949773026796,-87.32036271803965,1.6674794560246515,20.223748416156692,250.5125000000002,14.999999999999998,2.0
15.0,2.0,-20.0,0.0,1.2730436325073242,0.10135795933485031,-0.0009157771710306406,-0.009055065922439098,-0.45934396982192993,-0.0006263811374083161,-2.16179206340596,-10.760686795648425,-0.14954123836480587,-2.70224007925745,-89.67238996373688,-0.8307846575822548,20.223748416156692,250.5125000000002,14.999999999999998,2.0
15.0,2.0,-20.0,5.0,1.3151251077651978,0.1066980661201477,-0.001423459849320352,-0.0206211656332016,-0.463673859834671,-0.0025529528502374887,-4.9230643471701105,-10.862119694190177,-0.6094879106530487,-6.153830433962638,-90.51766411825149,-3.386043948072493,20.223748416156692,250.5125000000002,14.999999999999998,2.0
15.0,2.0,-20.0,10.0,1.3436774015426636,0.11154048157215118,-0.001893086126074195,-0.032075345516204834,-0.4600411653518677,-0.004477512091398239,-7.657617068927741,-10.777019442261583,-1.0689541286499713,-9.572021336159676,-89.80849535217986,-5.938634048055396,20.223748416156692,250.5125000000002,14.999999999999998,2.0
15.0,2.0,-10.0,-10.0,1.1469558477401733,0.08499348176002502,0.00022610180894844234,0.01560260821133852,-0.3636678159236908,0.0032804158981889486,3.7249419152344254,-8.519357435625865,0.7831612838733918,4.6561773940430315,-70.99464529688221,4.350896021518843,20.223748416156692,250.5125000000002,14.999999999999998,2.0
15.0,2.0,-10.0,-5.0,1.1699774265289307,0.08644539130210876,-0.0005059080431237817,0.003951133228838444,-0.3754470646381378,0.0013781184097751975,0.94328727462889,-8.795300551094096,0.3290098013867554,1.1791090932861124,-73.29417125911748,1.8278322299264187,20.223748416156692,250.5125000000002,14.999999999999998,2.0
15.0,2.0,-10.0,0.0,1.194916009902954,0.08881656837940216,-0.0012564361095428467,-0.00803788099437952,-0.3829951882362366,-0.0005847711581736803,-1.9189509484620895,-8.972124454900802,-0.13960733797817093,-2.398688685577612,-74.76770379084003,-0.7755963221009496,20.223748416156692,250.5125000000002,14.999999999999998,2.0
15.0,2.0,-10.0,5.0,1.2152117490768433,0.09185073537111282,-0.0020149273332208395,-0.020124999806284904,-0.3851245939731598,-0.002563686575740576,-4.804610505315269,-9.022008353898695,-0.6120504632398666,-6.005763131644086,-75.18340294915579,-3.400280351332592,20.223748416156692,250.5125000000002,14.999999999999998,2.0
15.0,2.0,-10.0,10.0,1.2260115146636963,0.09518430394411087,-0.002732365857809782,-0.03196601942181587,-0.3818509876728058,-0.004506613127887249,-7.631516730708495,-8.945320175965225,-1.0759016639034622,-9.539395913385619,-74.54433479971021,-5.977231466130346,20.223748416156692,250.5125000000002,14.999999999999998,2.0
15.0,2.0,0.0,-10.0,1.0867935419082642,0.0795071722316742,0.000506306707393378,0.016817569732666016,-0.28506115078926086,0.003266286803409457,4.014999900084737,-6.677901448101036,0.779788126215674,5.018749875105922,-55.6491787341753,4.332156256753744,20.223748416156692,250.5125000000002,14.999999999999998,2.0
15.0,2.0,0.0,-5.0,1.0931106805801392,0.07822084439277649,-0.0005057488451711833,0.005004493054002523,-0.2888129949569702,0.0013888992834836245,1.19476472707984,-6.7657929251796425,0.33158361006126824,1.4934559088498,-56.381607709830355,1.8421311670070457,20.223748416156692,250.5125000000002,14.999999999999998,2.0
15.0,2.0,0.0,0.0,1.0971699953079224,0.07784678054332733,-0.0015363312559202313,-0.007260066457092762,-0.29079103469848633,-0.0005153382080607116,-1.7332567406108266,-6.8121308930777555,-0.12303102569300908,-2.166570925763533,-56.76775744231463,-0.6835056982944949,20.223748416156692,250.5125000000002,14.999999999999998,2.0
15.0,2.0,0.0,5.0,1.0978351831436157,0.07862150681495667,-0.0025585656985640526,-0.01952313259243965,-0.29111385345458984,-0.0024019922129809856,-4.660921682146055,-6.819693311993448,-0.5734478077644428,-5.826152102682569,-56.83077759994541,-3.1858211542469044,20.223748416156692,250.5125000000002,14.999999999999998,2.0
15.0,2.0,0.0,10.0,1.0955817699432373,0.08062271041154861,-0.0035186882596462965,-0.03136022761464119,-0.2904874384403229,-0.004232339560985565,-7.486890956358105,-6.805018784372607,-1.0104220279506415,-9.358613695447632,-56.70848986977173,-5.613455710836897,20.223748416156692,250.5125000000002,14.999999999999998,2.0
15.0,2.0,10.0,-10.0,0.9949216842651367,0.07547489566087723,0.0008403791580349207,0.016754450276494026,-0.19938555359840393,0.0029651368968188763,3.999930861320373,-4.670847196886322,0.7078920755917154,4.999913576650466,-38.92372664071935,3.932733753287308,20.223748416156692,250.5125000000002,14.999999999999998,2.0
15.0,2.0,10.0,-5.0,0.9951062202453613,0.0730597154545784,-0.00044678113772533834,0.005386862438172102,-0.1962215006351471,0.0013035823358222842,1.286050986845088,-4.596725438075274,0.31121517741725424,1.60756373355636,-38.30604531729395,1.7289732078736346,20.223748416156692,250.5125000000002,14.999999999999998,2.0
15.0,2.0,10.0,0.0,0.9912615418434143,0.07119051379442215,-0.0017376564210280776,-0.006556530017405748,-0.19403210282325745,-0.00037533309659920633,-1.565295567864047,-4.545436152327263,-0.08960642764080373,-1.9566194598300588,-37.878634602727196,-0.49781348689335403,20.223748416156692,250.5125000000002,14.999999999999998,2.0
15.0,2.0,10.0,5.0,0.9841877818107605,0.07039594662666321,-0.0029538350645452738,-0.01853242516517639,-0.19378381967544556,-0.002055567456409335,-4.424401763709265,-4.539619819979901,-0.490742911329828,-5.530502204636582,-37.83016516649918,-2.7263495073879334,20.223748416156692,250.5125000000002,14.999999999999998,2.0
15.0,2.0,10.0,10.0,0.9779152870178223,0.07121358824253082,-0.004040129482746124,-0.030054645612835884,-0.19683857262134552,-0.003715414321050048,-7.175198381858534,-4.611181093989129,-0.8870121167872544,-8.968997977323168,-38.42650911657608,-4.927845093262524,20.223748416156692,250.5125000000002,14.999999999999998,2.0
15.0,2.0,20.0,-10.0,0.8843346834182739,0.07282802102446556,0.001095459796488285,0.015591113828122616,-0.1165548712015152,0.0024616753216832876,3.722197764432794,-2.730438507754563,0.5876964583890953,4.652747205540992,-22.753654231288028,3.264980324383863,20.223748416156692,250.5125000000002,14.999999999999998,2.0
15.0,2.0,20.0,-5.0,0.8900431990623474,0.07096527901768684,-0.00038407003739848733,0.005198771599680185,-0.1101527214050293,0.0011533128563314676,1.241146478657734,-2.5804604231276644,0.2753400804364154,1.5514330983221676,-21.503836859397204,1.529667113535641,20.223748416156692,250.5125000000002,14.999999999999998,2.0
15.0,2.0,20.0,0.0,0.8930019736289978,0.06918211293697357,-0.0018335713539272547,-0.005821793805807829,-0.10638262331485748,-0.0001987131399801001,-1.3898858111008954,-2.4921413258878813,-0.04744045958173941,-1.7373572638761192,-20.767844382399012,-0.2635581087874412,20.223748416156692,250.5125000000002,14.999999999999998,2.0
15.0,2.0,20.0,5.0,0.8914962410926819,0.06781588507175446,-0.0031404406763613224,-0.017015529796481133,-0.10604016482830048,-0.0016134361503645778,-4.062260571458356,-2.484118822586531,-0.3851891852081509,-5.0778257143229455,-20.70099018822109,-2.1399399178230603,20.223748416156692,250.5125000000002,14.999999999999998,2.0
15.0,2.0,20.0,10.0,0.8887647986412048,0.06753852230787277,-0.004259403795003891,-0.02792324684560299,-0.11076067388057709,-0.0030734818428754807,-6.666351623764895,-2.5947024434997727,-0.7337581760156673,-8.332939529706119,-21.622520362498108,-4.076434311198152,20.223748416156692,250.5125000000002,14.999999999999998,2.0
15.0,4.0,-20.0,-10.0,1.1730437278747559,0.09130861622571945,-0.0009306721622124314,0.004795361775904894,-0.42845869064331055,0.002420807024464011,1.1448370577427156,-10.037161860802486,0.577939625989387,1.4310463221783944,-83.64301550668739,3.210775699941039,20.22374841615669,250.5125000000001,14.999999999999998,4.000000000000001
15.0,4.0,-20.0,-5.0,1.2203947305679321,0.09582114232063293,-0.0013777381973341107,-0.006580095272511244,-0.44602343440055847,0.0005864596460014582,-1.5709214994580898,-10.448637179158876,0.14001044488170014,-1.9636518743226121,-87.07197649299064,0.777835804898334,20.22374841615669,250.5125000000001,14.999999999999998,4.000000000000001
15.0,4.0,-20.0,0.0,1.271246314048767,0.10102427018165588,-0.0018359888345003128,-0.018067074939608574,-0.4576777517795563,-0.0012931372039020061,-4.313304789600686,-10.721653627336249,-0.3087215232042539,-5.391630987000857,-89.34711356113542,-1.715119573356966,20.22374841615669,250.5125000000001,14.999999999999998,4.000000000000001
15.0,4.0,-20.0,5.0,1.314908504486084,0.10633969319343567,-0.0022929233964532614,-0.02949627861380577,-0.4618694484233856,-0.003183153923600912,-7.041894730917693,-10.819849179449633,-0.7599411144636283,-8.802368413647116,-90.16540982874695,-4.221895080353491,20.22374841615669,250.5125000000001,14.999999999999998,4.000000000000001
15.0,4.0,-20.0,10.0,1.3438318967819214,0.11115760368585587,-0.0027236437890678644,-0.04054446890950203,-0.45851653814315796,-0.005051642656326294,-9.679522143110125,-10.741303210089402,-1.206021148288623,-12.099402678887657,-89.51086008407836,-6.7001174904923495,20.22374841615669,250.5125000000001,14.999999999999998,4.000000000000001
15.0,4.0,-10.0,-10.0,1.136473536491394,0.08445829910516739,-0.001026210025884211,0.007502780295908451,-0.36081650853157043,0.002674930728971958,1.7912018571814645,-8.452562119217076,0.6386087157822333,2.2390023214768306,-70.43801766014231,3.547826198790185,20.22374841615669,250.5125000000001,14.999999999999998,4.000000000000001
15.0,4.0,-10.0,-5.0,1.162566065788269,0.08600576234340668,-0.001747871981933713,-0.004313759505748749,-0.3732396960258484,0.0007414976134896278,-1.0298600963092412,-8.743590277660877,0.1770239631170524,-1.2873251203865514,-72.86325231384065,0.9834664617614022,20.22374841615669,250.5125000000001,14.999999999999998,4.000000000000001
15.0,4.0,-10.0,0.0,1.190114974975586,0.08851696563243866,-0.0024828866589814425,-0.01639845408499241,-0.3815247118473053,-0.0012231722939759493,-3.914940895705229,-8.937676771027167,-0.29201821167780156,-4.893676119631537,-74.48063975855973,-1.6223233982100087,20.22374841615669,250.5125000000001,14.999999999999998,4.000000000000001
15.0,4.0,-10.0,5.0,1.2122368812561035,0.09170179081439972,-0.003207519883289933,-0.028454022482037544,-0.3845715820789337,-0.003172601805999875,-6.793068156600956,-9.009053382942303,-0.7574219186590434,-8.491335195751194,-75.07544485785253,-4.207899548105797,20.22374841615669,250.5125000000001,14.999999999999998,4.000000000000001
15.0,4.0,-10.0,10.0,1.2243047952651978,0.0951343329000473,-0.0038703184109181166,-0.04011624678969383,-0.382296621799469,-0.005066791549324989,-9.57728907402973,-8.955759693140845,-1.2096377709542638,-11.971611342537162,-74.63133077617371,-6.720209838634799,20.22374841615669,250.5125000000001,14.999999999999998,4.000000000000001
15.0,4.0,0.0,-10.0,1.0776689052581787,0.07897228014945984,-0.0010007234523072839,0.009317425079643726,-0.28054410219192505,0.0027345807757228613,2.2244272721018303,-6.572084133865915,0.6528494732490947,2.780534090127288,-54.76736778221596,3.626941518050526,20.22374841615669,250.5125000000001,14.999999999999998,4.000000000000001
15.0,4.0,0.0,-5.0,1.0853700637817383,0.07780174923419952,-0.0020140039268881083,-0.002491776132956147,-0.2855772078037262,0.0008427408174611628,-0.5948826782873398,-6.68999070640459,0.20119460490963037,-0.7436033478591747,-55.74992255337158,1.117747805053502,20.22374841615669,250.5125000000001,14.999999999999998,4.000000000000001
15.0,4.0,0.0,0.0,1.090782880783081,0.077571481590271,-0.0030481137800961733,-0.01474762987345457,-0.28903651237487793,-0.0010537711204960942,-3.5208257441261215,-6.7710290904185335,-0.25157564444558383,-4.401032180157652,-56.42524242015445,-1.3976424691421323,20.22374841615669,250.5125000000001,14.999999999999998,4.000000000000001
15.0,4.0,0.0,5.0,1.0930538177490234,0.0785378516960144,-0.0040587130934000015,-0.026992270722985268,-0.29116421937942505,-0.0029120135586708784,-6.444091862175733,-6.820873194560609,-0.6952094941755614,-8.055114827719667,-56.84060995467175,-3.862274967642008,20.22374841615669,250.5125000000001,14.999999999999998,4.000000000000001
15.0,4.0,0.0,10.0,1.0925719738006592,0.0807072894024849,-0.0049712760373950005,-0.03879854083061218,-0.2923988103866577,-0.004703767132014036,-9.262702045216788,-6.849794978718797,-1.1229698978667093,-11.578377556520984,-57.08162482265664,-6.238721654815052,20.22374841615669,250.5125000000001,14.999999999999998,4.000000000000001
15.0,4.0,10.0,-10.0,0.989274263381958,0.07512382430315018,-0.0009106940124183893,0.009919799864292145,-0.19489723443984985,0.00255995849147439,2.368237271918823,-4.565702904423241,0.611160426320491,2.9602965898985287,-38.04752420352701,3.395335701780505,20.22374841615669,250.5125000000001,14.999999999999998,4.000000000000001
15.0,4.0,10.0,-5.0,0.9895358681678772,0.07274717477440834,-0.0021899619605392218,-0.001321351039223373,-0.19324079155921936,0.0009008234483189881,-0.3154572494594134,-4.526898731070849,0.2150611599944511,-0.39432156182426675,-37.72415609225708,1.194784222191395,20.22374841615669,250.5125000000001,14.999999999999998,4.000000000000001
15.0,4.0,10.0,0.0,0.9858227968215942,0.07094083738803864,-0.0034758583642542362,-0.0131683936342597,-0.19268079102039337,-0.000762197480071336,-3.143801391418268,-4.513780042681325,-0.18196581640373122,-3.929751739272835,-37.61483368901104,-1.0109212022429512,20.22374841615669,250.5125000000001,14.999999999999998,4.000000000000001
15.0,4.0,10.0,5.0,0.9798361659049988,0.07031006378412247,-0.00468272902071476,-0.02509952336549759,-0.19448646903038025,-0.0024168286472558975,-5.992220362785554,-4.556080229024885,-0.5769898345303957,-7.490275453481942,-37.967335241874046,-3.20549908072442,20.22374841615669,250.5125000000001,14.999999999999998,4.000000000000001
15.0,4.0,10.0,10.0,0.9755445122718811,0.07134795573830605,-0.005735359620302916,-0.03664279729127884,-0.199906125664711,-0.004048679955303669,-8.748043254879214,-4.683042225727703,-0.9665754252497692,-10.935054068599017,-39.02535188106419,-5.369863473609829,20.22374841615669,250.5125000000001,14.999999999999998,4.000000000000001
15.0,4.0,20.0,-10.0,0.8813059329986572,0.0726268926012516,-0.000844933558255434,0.00952826626598835,-0.11297690868377686,0.002228101249784231,2.2747631622193625,-2.6466204181541317,0.5319333552627535,2.843453952774203,-22.055170151284432,2.9551853070152974,20.22374841615669,250.5125000000001,14.999999999999998,4.000000000000001
15.0,4.0,20.0,-5.0,0.8867281675338745,0.0707020984339714,-0.0023022121749818325,-0.0007120691589079797,-0.1081414446234703,0.0009317868971265852,-0.16999826058790138,-2.5333438374585273,0.22245332460830186,-0.21249782573487672,-21.11119864548773,1.2358518033794548,20.22374841615669,250.5125000000001,14.999999999999998,4.000000000000001
15.0,4.0,20.0,0.0,0.8894485831260681,0.06891837355971336,-0.003731176722794771,-0.011614181101322174,-0.10596922039985657,-0.0004022215725854039,-2.7727511586171585,-2.482456863739705,-0.09602573971229289,-3.465938948271448,-20.68714053116421,-0.5334763317349605,20.22374841615669,250.5125000000001,14.999999999999998,4.000000000000001
15.0,4.0,20.0,5.0,0.8887516260147095,0.06768592086911202,-0.005023245234042406,-0.022740069776773453,-0.10753124207258224,-0.001794152776710689,-5.4289281586461255,-2.5190491063563476,-0.42833318569437706,-6.786160198307657,-20.9920758863029,-2.3796288094132056,20.22374841615669,250.5125000000001,14.999999999999998,4.000000000000001
15.0,4.0,20.0,10.0,0.8881219029426575,0.06765455019950867,-0.006123997271060944,-0.03365866094827652,-0.1145598292350769,-0.0032304779160767794,-8.035615281667285,-2.683702242220611,-0.7712391693004789,-10.044519102084106,-22.364185351838426,-4.284662051669327,20.22374841615669,250.5125000000001,14.999999999999998,4.000000000000001
15.0,6.0,-20.0,-10.0,1.1637483835220337,0.09088021529197693,-0.0019897466991096735,-0.003915788605809212,-0.4267957806587219,0.0017629022477194667,-0.9348491554364802,-9.998206187735853,0.4208724840132275,-1.1685614442956003,-83.31838489779878,2.3381804667401527,20.223748416156692,250.5125000000002,14.999999999999996,6.0
15.0,6.0,-20.0,-5.0,1.2144726514816284,0.09536703688383102,-0.002411031862720847,-0.015377780422568321,-0.4440458118915558,-9.001875878311694e-05,-3.671266885857543,-10.402308985435878,-0.021490935567101785,-4.589083607321928,-86.68590821196565,-0.1193940864838988,20.223748416156692,250.5125000000002,14.999999999999996,6.0
15.0,6.0,-20.0,0.0,1.266812801361084,0.10053034884214401,-0.0028384157922118902,-0.026727797463536263,-0.45534124970436096,-0.0019523665541782975,-6.380951936066179,-10.666918246705684,-0.4661048917626223,-7.9761899200827235,-88.89098538921404,-2.589471620903457,20.223748416156692,250.5125000000002,14.999999999999996,6.0
15.0,6.0,-20.0,5.0,1.3099676370620728,0.105787634973526,-0.0032714076805859804,-0.03772873058915138,-0.45934781432151794,-0.0037964868824929,-9.007297246494197,-10.760776857690535,-0.9063672514034297,-11.259121558117746,-89.67314048075447,-5.0353736189079426,20.223748416156692,250.5125000000002,14.999999999999996,6.0
15.0,6.0,-20.0,10.0,1.3368958234786987,0.11055963498830795,-0.003713831538334489,-0.048067156225442886,-0.45609569549560547,-0.0056047504767775536,-11.475476570651736,-10.684592049775363,-1.3380692312844922,-14.34434571331467,-89.03826708146136,-7.433717951580512,20.223748416156692,250.5125000000002,14.999999999999996,6.0
15.0,6.0,-10.0,-10.0,1.1247094869613647,0.0838067458319664,-0.0023351171985268593,-0.0005877407966181636,-0.35744509100914,0.002057210775092244,-0.14031630474610585,-8.373582595375067,0.4911352346234173,-0.1753953809326323,-69.7798549614589,2.728529081241207,20.223748416156692,250.5125000000002,14.999999999999996,6.0
15.0,6.0,-10.0,-5.0,1.1533334255218506,0.08549085271835327,-0.003053588792681694,-0.012494854629039764,-0.37070170044898987,0.00010261595889460295,-2.983001758555232,-8.684134668606289,0.024498371123662783,-3.7287521981940404,-72.36778890505241,0.13610206179812656,20.223748416156692,250.5125000000002,14.999999999999996,6.0
15.0,6.0,-10.0,0.0,1.1824793815612793,0.08814445895433426,-0.0037706242874264717,-0.024553386494517326,-0.37984809279441833,-0.0018504945328459144,-5.861836513200011,-8.898399946492546,-0.44178412711156306,-7.3272956415000134,-74.15333288743788,-2.4543562617309056,20.223748416156692,250.5125000000002,14.999999999999996,6.0
15.0,6.0,-10.0,5.0,1.2052125930786133,0.09144409013271332,-0.004455457907170057,-0.036412034183740616,-0.38375619053840637,-0.0037601259537041187,-8.692951236921974,-8.989951852150824,-0.8976865009873705,-10.866189046152467,-74.9162654345902,-4.987147227707614,20.223748416156692,250.5125000000002,14.999999999999996,6.0
15.0,6.0,-10.0,10.0,1.2171087265014648,0.09494625789403915,-0.005075376480817795,-0.04768625274300575,-0.3822140395641327,-0.005602737423032522,-11.384540277938973,-8.953825104623917,-1.3375886380291262,-14.230675347423716,-74.6152092051993,-7.4310479890507,20.223748416156692,250.5125000000002,14.999999999999996,6.0
15.0,6.0,0.0,-10.0,1.0667704343795776,0.07833642524957657,-0.0025503758806735277,0.0019230192992836237,-0.27601543068885803,0.002204806776717305,0.45909857471783505,-6.465994539038377,0.5263720697427318,0.5738732183972938,-53.88328782531981,2.9242892763485098,20.223748416156692,250.5125000000002,14.999999999999996,6.0
15.0,6.0,0.0,-5.0,1.0755643844604492,0.07732396585226059,-0.003569353837519884,-0.009856615215539932,-0.2824670970439911,0.0003051698440685868,-2.3531526691813505,-6.617132608804532,0.07285576411580702,-2.941440836476688,-55.14277174003777,0.40475424508781677,20.223748416156692,250.5125000000002,14.999999999999996,6.0
15.0,6.0,0.0,0.0,1.0818957090377808,0.07726541918992996,-0.0046010687947273254,-0.022070182487368584,-0.28755301237106323,-0.0015760671813040972,-5.269000330619681,-6.7362763126503165,-0.37626777685789015,-6.586250413274602,-56.13563593875264,-2.0903765380993895,20.223748416156692,250.5125000000002,14.999999999999996,6.0
15.0,6.0,0.0,5.0,1.085106611251831,0.07840888959646225,-0.005580798722803593,-0.03424685448408127,-0.2914552688598633,-0.0034009574446827173,-8.176039672648075,-6.827691379857017,-0.8119391813236091,-10.220049590810094,-56.89742816547514,-4.510773229575606,20.223748416156692,250.5125000000002,14.999999999999996,6.0
15.0,6.0,0.0,10.0,1.0853135585784912,0.08069453400850296,-0.006428709719330072,-0.04594195634126663,-0.2942018508911133,-0.005156056024134159,-10.968109724058312,-6.892033378312541,-1.2309486299628518,-13.71013715507289,-57.433611485937845,-6.838603499793621,20.223748416156692,250.5125000000002,14.999999999999996,6.0
15.0,6.0,10.0,-10.0,0.9820895791053772,0.07466959965705872,-0.002683076309040189,0.0032517551444470882,-0.1909119039773941,0.0021672782022506,0.7763188610240066,-4.472341729136088,0.5174125574511625,0.9703985762800083,-37.2695144094674,2.874514208062014,20.223748416156692,250.5125000000002,14.999999999999996,6.0
15.0,6.0,10.0,-5.0,0.9821950197219849,0.07236021396994591,-0.0039551109075546265,-0.00786350853741169,-0.19069123268127441,0.0005112325889058411,-1.877321544901865,-4.467172237734569,0.12205085669364571,-2.3466519311273313,-37.22643531445474,0.6780603149646983,20.223748416156692,250.5125000000002,14.999999999999996,6.0
15.0,6.0,10.0,0.0,0.9783984422683716,0.07065260050177574,-0.005234318785369396,-0.019623667001724243,-0.19173984229564667,-0.0011362091172486544,-4.684923107420284,-4.491737183336315,-0.2712567609199703,-5.856153884275354,-37.43114319446929,-1.5069820051109462,20.223748416156692,250.5125000000002,14.999999999999996,6.0
15.0,6.0,10.0,5.0,0.9729494452476501,0.07018876088142395,-0.0064203557558357716,-0.0315222293138504,-0.1954985111951828,-0.0027662874199450016,-7.525566984849615,-4.57978853799355,-0.660419067156391,-9.40695873106202,-38.164904483279585,-3.668994817535505,20.223748416156692,250.5125000000002,14.999999999999996,6.0
15.0,6.0,10.0,10.0,0.9694008827209473,0.07137791079759598,-0.007419983856379986,-0.043097179383039474,-0.2028799206018448,-0.004374945070594549,-10.288952189134582,-4.752706960687406,-1.0444674409284438,-12.861190236418228,-39.60589133906172,-5.80259689404691,20.223748416156692,250.5125000000002,14.999999999999996,6.0
15.0,6.0,20.0,-10.0,0.8772213459014893,0.0723585375893116,-0.002800894435495138,0.003627575235441327,-0.1100311279296875,0.00200764206238091,0.8660415529335769,-2.5776119492377063,0.4793012788410448,1.082551941166971,-21.480099576980887,2.6627848824502487,20.223748416156692,250.5125000000002,14.999999999999996,6.0
15.0,6.0,20.0,-5.0,0.8818532228469849,0.07038515446066856,-0.0042360927909612656,-0.006468901876360178,-0.10648191720247269,0.0007192330085672438,-1.5443753645805014,-2.494467405025839,0.17170854668294283,-1.9304692057256267,-20.787228375215324,0.9539363704607935,20.223748416156692,250.5125000000002,14.999999999999996,6.0
15.0,6.0,20.0,0.0,0.883909285068512,0.06862216082692146,-0.005647440906614065,-0.017272425815463066,-0.10567404329776764,-0.000601008883677423,-4.1235915192076735,-2.4755419839252233,-0.14348390678754525,-5.1544893990095915,-20.629516532710195,-0.7971328154863625,20.223748416156692,250.5125000000002,14.999999999999996,6.0
15.0,6.0,20.0,5.0,0.8833995461463928,0.06752573711156845,-0.006923436187207699,-0.028360841795802116,-0.10893616080284119,-0.001973125385120511,-6.770822347493452,-2.5519610229654144,-0.4710608221071223,-8.463527934366814,-21.26634185804512,-2.6170045672617905,20.223748416156692,250.5125000000002,14.999999999999996,6.0
15.0,6.0,20.0,10.0,0.8836290240287781,0.06767542672634125,-0.007994260638952255,-0.039336688816547394,-0.11791268736124039,-0.0033901557326316833,-9.391178641069036,-2.762246989808953,-0.8093603977362631,-11.738973301336294,-23.018724915074607,-4.4964466540903505,20.223748416156692,250.5125000000002,14.999999999999996,6.0
17.5,-6.0,-20.0,-10.0,1.3948198556900024,0.11289151025295258,0.0011468962766230106,0.04937581717967987,-0.48498380184173584,0.006402082275599241,11.787904209367005,-11.361330800978733,1.528422959170951,14.734880261708756,-94.67775667482277,8.491238662060839,20.22374841615669,250.5125000000001,17.5,-6.000000000000001
17.5,-6.0,-20.0,-5.0,1.4226490259170532,0.11842454982280731,0.0010239639086648822,0.0395548976957798,-0.5037115216255188,0.004489626735448837,9.443273482490381,-11.800050236150765,1.0718463595386134,11.804091853112977,-98.33375196792305,5.954701997436741,20.22374841615669,250.5125000000001,17.5,-6.000000000000001
17.5,-6.0,-20.0,0.0,1.4553337097167969,0.1245501266169548,0.0009065542253665626,0.029449481517076492,-0.5186167359352112,0.0023951150942593813,7.030722466334936,-12.149222867873338,0.5718059753582728,8.78840308291867,-101.24352389894449,3.1766998631015158,20.22374841615669,250.5125000000001,17.5,-6.000000000000001
17.5,-6.0,-20.0,5.0,1.4858485460281372,0.1305115000653267,0.000788324570748955,0.018892496824264526,-0.5261785984039307,0.00015381314733531326,4.510364699986206,-12.326368621303393,0.03672110661646131,5.637955874982757,-102.71973851086162,0.2040061478692295,20.22374841615669,250.5125000000001,17.5,-6.000000000000001
17.5,-6.0,-20.0,10.0,1.5069313049316406,0.1356175990152359,0.0006987815140746534,0.00777104776352644,-0.5244040489196777,-0.0021897803526371717,1.8552476065259784,-12.284797658238771,-0.5227846851122888,2.319059508157473,-102.37331381865643,-2.904359361734938,20.22374841615669,250.5125000000001,17.5,-6.000000000000001
17.5,-6.0,-10.0,-10.0,1.345286250114441,0.10738870513916016,0.002224921016022563,0.04920458048582077,-0.42713630199432373,0.006565796677023172,11.747023432913334,-10.006183310938463,1.567507875470288,14.683779291141668,-83.3848609244872,8.708377085946044,20.22374841615669,250.5125000000001,17.5,-6.000000000000001
17.5,-6.0,-10.0,-5.0,1.3574026823043823,0.10892722768068314,0.0020866997074335814,0.03840344771742821,-0.43586820363998413,0.004479022230952978,9.168378142585562,-10.210738644005714,1.0693146569699228,11.460472678231952,-85.08948870004762,5.940636983166238,20.22374841615669,250.5125000000001,17.5,-6.000000000000001
17.5,-6.0,-10.0,0.0,1.3718433380126953,0.11128339183807373,0.0018965945346280932,0.027338476851582527,-0.4419359862804413,0.0022762571461498737,6.526744563714813,-10.352883774512911,0.5434300175136015,8.158430704643516,-86.27403145427427,3.019055652853342,20.22374841615669,250.5125000000001,17.5,-6.000000000000001
17.5,-6.0,-10.0,5.0,1.3839268684387207,0.11399392796039581,0.001670967903919518,0.016018260270357132,-0.44292014837265015,-1.7103797290474176e-05,3.824174027956884,-10.375938959137443,-0.0040833334128496076,4.780217534946106,-86.46615799281203,-0.022685185626942262,20.22374841615669,250.5125000000001,17.5,-6.000000000000001
17.5,-6.0,-10.0,10.0,1.3893511295318604,0.11673700076818466,0.0014516470255330205,0.0045313118025660515,-0.4379541575908661,-0.0023754986468702555,1.081798186287133,-10.259604632481166,-0.5671227758497032,1.3522477328589164,-85.49670527067639,-3.150682088053906,20.22374841615669,250.5125000000001,17.5,-6.000000000000001
17.5,-6.0,0.0,-10.0,1.2728445529937744,0.10178481799840927,0.003505321219563484,0.04840998724102974,-0.3582805395126343,0.0063970754854381084,11.5573235030687,-8.393153984727318,1.5272276460361616,14.446654378835875,-69.94294987272765,8.484598033534231,20.22374841615669,250.5125000000001,17.5,-6.000000000000001
17.5,-6.0,0.0,-5.0,1.2736997604370117,0.09999468935012817,0.003223733277991414,0.03686707839369774,-0.3561992645263672,0.00422194879502058,8.80158776922445,-8.344397606644202,1.0079413529795016,11.001984711530564,-69.53664672203503,5.599674183219453,20.22374841615669,250.5125000000001,17.5,-6.000000000000001
17.5,-6.0,0.0,0.0,1.2735693454742432,0.09915886831760407,0.002852405421435833,0.024931365624070168,-0.3531866669654846,0.0019850758835673332,5.952074650547586,-8.27382387339903,0.47391386513490014,7.440093313184483,-68.94853227832525,2.6328548063050006,20.22374841615669,250.5125000000001,17.5,-6.000000000000001
17.5,-6.0,0.0,5.0,1.2702429294586182,0.09920538974285126,0.002447854494675994,0.012967082671821117,-0.3484082520008087,-0.00027997384313493967,3.095740731826833,-8.161883736611232,-0.06684051085155955,3.8696759147835413,-68.01569780509361,-0.37133617139755304,20.22374841615669,250.5125000000001,17.5,-6.000000000000001
17.5,-6.0,0.0,10.0,1.263119101524353,0.10014759761571884,0.002056343713775277,0.001344617223367095,-0.3420885503292084,-0.002545590978115797,0.3210117813268183,-8.013837098802119,-0.6077303489896879,0.40126472665852286,-66.78197582335099,-3.3762797166093774,20.22374841615669,250.5125000000001,17.5,-6.000000000000001
17.5,-6.0,10.0,-10.0,1.1780527830123901,0.09649845970153809,0.004816155880689621,0.04608876258134842,-0.2800183594226837,0.005731178913265467,11.003158012760528,-6.559767975068672,1.3682525555064733,13.75394751595066,-54.66473312557227,7.601403086147074,20.22374841615669,250.5125000000001,17.5,-6.000000000000001
17.5,-6.0,10.0,-5.0,1.174290657043457,0.09329945606470108,0.004281097091734409,0.03454369306564331,-0.26907986402511597,0.0036490652710199356,8.246906444378945,-6.303520520607697,0.871172049912182,10.308633055473681,-52.529337671730815,4.8398447217343445,20.22374841615669,250.5125000000001,17.5,-6.000000000000001
17.5,-6.0,10.0,0.0,1.1687047481536865,0.09086465102910996,0.0036560536827892065,0.022435298189520836,-0.2594522535800934,0.0015243198722600937,5.356167473730331,-6.077982128039786,0.3639137064455777,6.695209342162913,-50.649851066998224,2.0217428135865427,20.22374841615669,250.5125000000001,17.5,-6.000000000000001
17.5,-6.0,10.0,5.0,1.159273624420166,0.08937504154920578,0.0030414764769375324,0.010379132814705372,-0.25155723094940186,-0.0006068325601518154,2.477897691309418,-5.893031695782317,-0.14487424206395522,3.097372114136773,-49.10859746485264,-0.8048569003553068,20.22374841615669,250.5125000000001,17.5,-6.000000000000001
17.5,-6.0,10.0,10.0,1.1468323469161987,0.08908277017354965,0.002491646446287632,-0.00107064307667315,-0.24603745341300964,-0.0027079733554273844,-0.2556036284790637,-5.763724246130157,-0.6464972599670322,-0.31950453559882963,-48.031035384417976,-3.59165144426129,20.22374841615669,250.5125000000001,17.5,-6.000000000000001
17.5,-6.0,20.0,-10.0,1.0753227472305298,0.09213703883171082,0.005894755013287067,0.04206669703125954,-0.19922758638858795,0.00458928756415844,10.042936468361368,-4.667146624373152,1.095639227573178,12.55367058545171,-38.89288853644294,6.086884597628767,20.22374841615669,250.5125000000001,17.5,-6.000000000000001
17.5,-6.0,20.0,-5.0,1.07396399974823,0.08959300828456879,0.005089734680950642,0.03133897855877876,-0.1837797462940216,0.0027724667452275753,7.481817990494383,-4.30526232883896,0.6618943094646735,9.352272488117979,-35.87718607365801,3.677190608137075,20.22374841615669,250.5125000000001,17.5,-6.000000000000001
17.5,-6.0,20.0,0.0,1.0718274116516113,0.08732578170776367,0.004250948317348957,0.020031800493597984,-0.17115361988544464,0.0009125993237830698,4.782360249358301,-4.009480081435926,0.21787251380854367,5.977950311697876,-33.41233401196605,1.2104028544919092,20.22374841615669,250.5125000000001,17.5,-6.000000000000001
17.5,-6.0,20.0,5.0,1.0655485391616821,0.08545101446390152,0.003488163696601987,0.008664919063448906,-0.16234180331230164,-0.0009743483969941735,2.0686490216487794,-3.8030526447569284,-0.23261438952030886,2.5858112770609742,-31.692105372974407,-1.2923021640017158,20.22374841615669,250.5125000000001,17.5,-6.000000000000001
17.5,-6.0,20.0,10.0,1.0546491146087646,0.08429735166311264,0.002849604468792677,-0.0022306814789772034,-0.15813422203063965,-0.0028532797005027533,-0.5325493550841699,-3.7044849758339,-0.681187466116503,-0.6656866938552124,-30.87070813194917,-3.78437481175835,20.22374841615669,250.5125000000001,17.5,-6.000000000000001
17.5,-4.0,-20.0,-10.0,1.3818941116333008,0.113167084877491,0.0007879793411120772,0.04023638367652893,-0.48422807455062866,0.00576596288010478,9.605970363675434,-11.343626977228348,1.3765568245301436,12.007462954594292,-94.53022481023625,7.647537914056353,20.22374841615669,250.5125000000001,17.500000000000004,-4.0
17.5,-4.0,-20.0,-5.0,1.4146671295166016,0.11877733481407166,0.0006988328532315791,0.030089283362030983,-0.5042077898979187,0.003755207872018218,7.183467743113942,-11.81167591929184,0.8965123659731329,8.979334678892428,-98.43063266076534,4.980624255406294,20.22374841615669,250.5125000000001,17.500000000000004,-4.0
17.5,-4.0,-20.0,0.0,1.4523218870162964,0.12493588787794113,0.0005886902799829841,0.019713327288627625,-0.5192722678184509,0.001599068520590663,4.70632846197989,-12.164579493285963,0.38175908008453857,5.8829105774748625,-101.37149577738303,2.1208837782474363,20.22374841615669,250.5125000000001,17.500000000000004,-4.0
17.5,-4.0,-20.0,5.0,1.4862205982208252,0.1308818386244774,0.00046868581557646394,0.008879621513187885,-0.5260841250419617,-0.0006716831703670323,2.119906743659324,-12.324155468795755,-0.1603565737963924,2.6498834295741553,-102.70129557329797,-0.8908698544244021,20.22374841615669,250.5125000000001,17.500000000000004,-4.0
17.5,-4.0,-20.0,10.0,1.509069800376892,0.1359494329738617,0.00038845205563120544,-0.002467957092449069,-0.5233009457588196,-0.003017220413312316,-0.5891961583694068,-12.258956135551783,-0.7203264116367765,-0.7364951979617584,-102.15796779626486,-4.001813397982091,20.22374841615669,250.5125000000001,17.500000000000004,-4.0
17.5,-4.0,-10.0,-10.0,1.341081142425537,0.10744830233335495,0.0016064458759501576,0.04053729772567749,-0.42568281292915344,0.005934461485594511,9.677810106068108,-9.972133575622985,1.4167839141132257,12.097262632585135,-83.10111313019155,7.871021745073476,20.22374841615669,250.5125000000001,17.500000000000004,-4.0
17.5,-4.0,-10.0,-5.0,1.3569506406784058,0.10913933080911636,0.0014337932225316763,0.02960551157593727,-0.4363695979118347,0.0037802616134285927,7.06797283488964,-10.222484409869601,0.9024936564246313,8.83496604361205,-85.18737008224669,5.013853646803507,20.22374841615669,250.5125000000001,17.500000000000004,-4.0
17.5,-4.0,-10.0,0.0,1.3747444152832031,0.11162941915273666,0.0012119985185563564,0.018423384055495262,-0.44349294900894165,0.0015319734811782837,4.398369462286753,-10.389357505256314,0.3657409168886022,5.497961827858441,-86.57797921046928,2.0318939827144566,20.22374841615669,250.5125000000001,17.500000000000004,-4.0
17.5,-4.0,-10.0,5.0,1.3886702060699463,0.11446448427915573,0.0009692235616967082,0.006942352745682001,-0.44470131397247314,-0.0007939270581118762,1.657406273519138,-10.417664912693137,-0.18954088549442466,2.0717578418989224,-86.81387427244282,-1.0530049194134703,20.22374841615669,250.5125000000001,17.500000000000004,-4.0
17.5,-4.0,-10.0,10.0,1.3944425582885742,0.1173453183221817,0.0007541910745203495,-0.004688097629696131,-0.4395841360092163,-0.003169941483065486,-1.1192289857586675,-10.297788843869274,-0.75678679738495,-1.3990362321983343,-85.81490703224395,-4.204371096583055,20.22374841615669,250.5125000000001,17.500000000000004,-4.0
17.5,-4.0,0.0,-10.0,1.2767055034637451,0.1016868875670433,0.0026008193381130695,0.04026907682418823,-0.3556111752986908,0.005797716323286295,9.613775473847245,-8.330620906822992,1.3841375911467073,12.017219342309055,-69.4218408901916,7.689653284148374,20.22374841615669,250.5125000000001,17.500000000000004,-4.0
17.5,-4.0,0.0,-5.0,1.2793715000152588,0.10008519155263901,0.0022513996809720993,0.028745176270604134,-0.35578933358192444,0.003590495092794299,6.862577749876704,-8.33479447959607,0.8571890985427515,8.57822218734588,-69.45662066330058,4.762161658570841,20.22374841615669,250.5125000000001,17.500000000000004,-4.0
17.5,-4.0,0.0,0.0,1.2800941467285156,0.09939254832744598,0.0018439491977915168,0.01682732068002224,-0.3543770909309387,0.0013314089737832546,4.017327825776931,-8.30171099130601,0.31785846478926844,5.021659782221164,-69.18092492755008,1.76588035994038,20.22374841615669,250.5125000000001,17.500000000000004,-4.0
17.5,-4.0,0.0,5.0,1.2764233350753784,0.09958196443796158,0.0014293185668066144,0.004835065454244614,-0.3505430221557617,-0.0009524247725494206,1.154315850879951,-8.211893303574856,-0.22738037822412235,1.4428948135999387,-68.43244419645714,-1.2632243234673464,20.22374841615669,250.5125000000001,17.500000000000004,-4.0
17.5,-4.0,0.0,10.0,1.2682108879089355,0.10071628553152084,0.0010421548504382372,-0.006824007723480463,-0.3448268175125122,-0.0032288269139826298,-1.6291527707914655,-8.077984311910757,-0.7708450116814874,-2.0364409634893317,-67.31653593258964,-4.282472287119375,20.22374841615669,250.5125000000001,17.500000000000004,-4.0
17.5,-4.0,10.0,-10.0,1.1852085590362549,0.09629636270284653,0.0036567584611475468,0.0385519377887249,-0.27589526772499084,0.005206132773309946,9.203828426478946,-6.463179576605945,1.2429038735642395,11.504785533098683,-53.85982980504955,6.9050215198013305,20.22374841615669,250.5125000000001,17.500000000000004,-4.0
17.5,-4.0,10.0,-5.0,1.1818158626556396,0.09332377475976944,0.0030579552985727787,0.02709621749818325,-0.2671952247619629,0.0031283812131732702,6.468907950270993,-6.259370571624077,0.7468647645278109,8.086134937838741,-52.16142143020064,4.149248691821172,20.22374841615669,250.5125000000001,17.500000000000004,-4.0
17.5,-4.0,10.0,0.0,1.1753849983215332,0.09103062761306763,0.00241092243231833,0.015099601820111275,-0.25945845246315,0.0010145504493266344,3.6048549679154775,-6.078127344355744,0.24221216367340248,4.506068709894347,-50.65106120296454,1.3456231315189027,20.22374841615669,250.5125000000001,17.500000000000004,-4.0
17.5,-4.0,10.0,5.0,1.1640774011611938,0.0896496475982666,0.0018030565697699785,0.003130839206278324,-0.25297605991363525,-0.001106098061427474,0.7474515818996474,-5.926269476408082,-0.26406809525452274,0.9343144773745593,-49.38557897006736,-1.4670449736362374,20.22374841615669,250.5125000000001,17.500000000000004,-4.0
17.5,-4.0,10.0,10.0,1.149733066558838,0.08951901656866074,0.001266068429686129,-0.00826659519225359,-0.24861325323581696,-0.003197329817339778,-1.973553812978755,-5.824065465265484,-0.7633254448306138,-2.4669422662234437,-48.533878877212366,-4.240696915725632,20.22374841615669,250.5125000000001,17.500000000000004,-4.0
17.5,-4.0,20.0,-10.0,1.0802438259124756,0.0918808133649826,0.004547084216028452,0.035227660089731216,-0.19444912672042847,0.004194654058665037,8.410195645912042,-4.555205440352307,1.0014250509523732,10.512744557390052,-37.960045336269225,5.563472505290962,20.22374841615669,250.5125000000001,17.500000000000004,-4.0
17.5,-4.0,20.0,-5.0,1.0791786909103394,0.08957159531593323,0.003702552290633321,0.024613449349999428,-0.1811395287513733,0.0024152803234755993,5.876175823968023,-4.243412046881784,0.5766201901690513,7.345219779960028,-35.3617670573482,3.203445500939174,20.22374841615669,250.5125000000001,17.500000000000004,-4.0
17.5,-4.0,20.0,0.0,1.0764268636703491,0.0874596537399292,0.0028545719105750322,0.013446485623717308,-0.17055681347846985,0.0005968613550066948,3.2101926315103437,-3.9954991711703975,0.1424937323768973,4.01274078938793,-33.29582642641998,0.7916318465383183,20.22374841615669,250.5125000000001,17.500000000000004,-4.0
17.5,-4.0,20.0,5.0,1.0684876441955566,0.08567304176568985,0.00210768124088645,0.002212311839684844,-0.16340160369873047,-0.0012550483224913478,0.5281638165613144,-3.8278797476983017,-0.29962824412237254,0.660204770701643,-31.89899789748585,-1.664601356235403,20.22374841615669,250.5125000000001,17.500000000000004,-4.0
17.5,-4.0,20.0,10.0,1.0558435916900635,0.08462163818359375,0.0014897235669195652,-0.00858827494084835,-0.16054461896419525,-0.0031084564980119467,-2.0503511254916673,-3.7609514326924463,-0.7421079696606818,-2.5629389068645843,-31.34126193910372,-4.122822053670454,20.22374841615669,250.5125000000001,17.500000000000004,-4.0
17.5,-2.0,-20.0,-10.0,1.3703269958496094,0.11338102084875107,0.00044827075907960534,0.03099742718040943,-0.48486804962158203,0.00507907522842288,7.400276556635302,-11.35861916554035,1.2125703570017539,9.250345695794127,-94.65515971283627,6.736501983343077,20.22374841615669,250.5125000000001,17.500000000000007,-2.0
17.5,-2.0,-20.0,-5.0,1.4077630043029785,0.1189441011595726,0.000389434106182307,0.020609751343727112,-0.5050845742225647,0.003008635016158223,4.9203393178211545,-11.832215650135606,0.7182767475495263,6.150424147276443,-98.60179708446339,3.990426375275146,20.22374841615669,250.5125000000001,17.500000000000007,-2.0
17.5,-2.0,-20.0,0.0,1.449692726135254,0.12503555429458618,0.00029835733585059643,0.00995623879134655,-0.5194337368011475,0.0008201577002182603,2.376936643516995,-12.16836209905454,0.19580314734975846,2.9711708043962437,-101.40301749212118,1.0877952630542136,20.22374841615669,250.5125000000001,17.500000000000007,-2.0
17.5,-2.0,-20.0,5.0,1.4865233898162842,0.13091822726011276,0.0001988843723665923,-0.0011755607556551695,-0.5250542163848877,-0.0014582473086193204,-0.28065150860241567,-12.300028615685665,-0.34813964749217424,-0.3508143857530196,-102.50023846404721,-1.9341091527343013,20.22374841615669,250.5125000000001,17.500000000000007,-2.0
17.5,-2.0,-20.0,10.0,1.5115132331848145,0.13595300925254822,0.00015408534090965986,-0.012716296128928661,-0.5213906168937683,-0.0037878714501857758,-3.035868350700325,-12.214204376643371,-0.9043104167714253,-3.794835438375406,-101.7850364720281,-5.023946759841252,20.22374841615669,250.5125000000001,17.500000000000007,-2.0
17.5,-2.0,-10.0,-10.0,1.335506796836853,0.10733032984018326,0.0009891093941405416,0.03186541423201561,-0.42523178458213806,0.005273235030472279,7.607498407406316,-9.961567692326263,1.2589237599143415,9.509373009257896,-83.01306410271886,6.994020888413008,20.22374841615669,250.5125000000001,17.500000000000007,-2.0
17.5,-2.0,-10.0,-5.0,1.3544877767562866,0.1091024355340004,0.0007975794142112136,0.020829901099205017,-0.4369856119155884,0.0030780492816120386,4.972897520956213,-10.236915281267992,0.7348485990888238,6.216121901195266,-85.30762734389994,4.082492217160132,20.22374841615669,250.5125000000001,17.500000000000007,-2.0
17.5,-2.0,-10.0,0.0,1.3750144243240356,0.11168013525485992,0.0005670895334333181,0.009471260942518711,-0.44438788294792175,0.0007993440376594663,2.261153801790172,-10.410322412717479,0.19083412659216126,2.826442252237715,-86.75268677264566,1.0601895921786737,20.22374841615669,250.5125000000001,17.500000000000007,-2.0
17.5,-2.0,-10.0,5.0,1.390583872795105,0.11464024347543716,0.0003288325679022819,-0.0022251943591982126,-0.445433646440506,-0.0015458810376003385,-0.5312393688189363,-10.434820684481847,-0.3690611848305578,-0.6640492110236704,-86.95683903734873,-2.050339915725321,20.22374841615669,250.5125000000001,17.500000000000007,-2.0
17.5,-2.0,-10.0,10.0,1.3973428010940552,0.11769133818626404,0.00013732370280195028,-0.01399736013263464,-0.44029706716537476,-0.0039229728281497955,-3.3417075372559846,-10.314490116515248,-0.9365643052731178,-4.17713442156998,-85.95408430429374,-5.203135029295099,20.22374841615669,250.5125000000001,17.500000000000007,-2.0
17.5,-2.0,0.0,-10.0,1.2769962549209595,0.10139971983909607,0.0016882256604731083,0.032120540738105774,-0.3533637821674347,0.005183899309486151,7.668406904456954,-8.277973010734328,1.2375958917065704,9.585508630571193,-68.98310842278607,6.875532731703168,20.22374841615669,250.5125000000001,17.500000000000007,-2.0
17.5,-2.0,0.0,-5.0,1.2807574272155762,0.0999445022392273,0.0012996504083275795,0.020615309476852417,-0.3551386296749115,0.002957995282486081,4.921666257699954,-8.319550955352604,0.7061870979232163,6.152082822124942,-69.32959129460504,3.9232616551289796,20.22374841615669,250.5125000000001,17.500000000000007,-2.0
17.5,-2.0,0.0,0.0,1.2820669412612915,0.09938309354066849,0.0008763351361267269,0.008666273206472397,-0.35477301478385925,0.0006851725047454238,2.0689723076045055,-8.310985985332506,0.16357699607157125,2.586215384505632,-69.25821654443756,0.9087610892865069,20.22374841615669,250.5125000000001,17.500000000000007,-2.0
17.5,-2.0,0.0,5.0,1.27841317653656,0.09974569839715958,0.00045778678031638265,-0.0033894821535795927,-0.35168778896331787,-0.0016063060611486435,-0.8091995885426735,-8.238710847462373,-0.3834869590277552,-1.011499485678342,-68.65592372885311,-2.130483105709751,20.22374841615669,250.5125000000001,17.500000000000007,-2.0
17.5,-2.0,0.0,10.0,1.2701815366744995,0.10112021130800247,7.529938011430204e-05,-0.015086441300809383,-0.34681960940361023,-0.0038778858724981546,-3.6017130464296687,-8.124667866714637,-0.9258003170563872,-4.502141308037086,-67.7055655559553,-5.143335094757706,20.22374841615669,250.5125000000001,17.500000000000007,-2.0
17.5,-2.0,10.0,-10.0,1.1883339881896973,0.09600623709440231,0.002474564127624035,0.030961016193032265,-0.27194538712501526,0.004679820500314236,7.391583855311319,-6.370648857125679,1.1172529170299768,9.239479819139149,-53.08874047604733,6.206960650166537,20.22374841615669,250.5125000000001,17.500000000000007,-2.0
17.5,-2.0,10.0,-5.0,1.1849722862243652,0.09320924443483353,0.0018394419457763433,0.019601896405220032,-0.26517149806022644,0.00261041522026062,4.679725629771689,-6.211962331551135,0.6232063856508585,5.8496570372146115,-51.766352762926125,3.462257698060325,20.22374841615669,250.5125000000001,17.500000000000007,-2.0
17.5,-2.0,10.0,0.0,1.1778346300125122,0.09104383004188538,0.0011823986424133182,0.007704365067183971,-0.25906381011009216,0.0005130264325998724,1.839327885459958,-6.068882371009954,0.12247911608943182,2.2991598568249474,-50.574019758416284,0.6804395338301767,20.22374841615669,250.5125000000001,17.500000000000007,-2.0
17.5,-2.0,10.0,5.0,1.165492057800293,0.08980483574151993,0.0005750225973315537,-0.004190909210592508,-0.2539840340614319,-0.0015881843864917755,-1.000531011868484,-5.949882487169398,-0.3791606191883331,-1.250663764835605,-49.582354059744986,-2.1064478843796284,20.22374841615669,250.5125000000001,17.500000000000007,-2.0
17.5,-2.0,10.0,10.0,1.1507240533828735,0.0898935498046875,3.815044692601077e-05,-0.015543819405138493,-0.2511119246482849,-0.003657967783510685,-3.7109067689694597,-5.88259985831571,-0.8732974216114849,-4.638633461211825,-49.021665485964256,-4.851652342286028,20.22374841615669,250.5125000000001,17.500000000000007,-2.0
17.5,-2.0,20.0,-10.0,1.0821852684020996,0.09162364167451859,0.0031598417554050684,0.028322594240307808,-0.18991313874721527,0.0038116448558866978,6.761691186812732,-4.448944448382614,0.9099860419081819,8.452113983515915,-37.07453706985512,5.055478010601011,20.22374841615669,250.5125000000001,17.500000000000007,-2.0
17.5,-2.0,20.0,-5.0,1.0816004276275635,0.08946782362937927,0.002293814904987812,0.017836859449744225,-0.1787594109773636,0.0020688173826783895,4.258343509017561,-4.187654915874267,0.4939061776930439,5.322929386271952,-34.89712429895223,2.7439232094057995,20.22374841615669,250.5125000000001,17.500000000000007,-2.0
17.5,-2.0,20.0,0.0,1.078662395477295,0.08747616422653198,0.0014432547613978386,0.0068156118504703045,-0.1702328622341156,0.0002930414630100131,1.6271483533974684,-3.987910222350828,0.06996025367568803,2.0339354417468356,-33.2325851862569,0.38866807597604464,20.22374841615669,250.5125000000001,17.500000000000007,-2.0
17.5,-2.0,20.0,5.0,1.070037841796875,0.08580503625154495,0.000703601457644254,-0.004288963042199612,-0.16485266387462616,-0.0015194508014246821,-1.0239402279659062,-3.8618725833515155,-0.3627512722039815,-1.2799252849573828,-32.182271527929295,-2.015284845577675,20.22374841615669,250.5125000000001,17.500000000000007,-2.0
17.5,-2.0,20.0,10.0,1.0571870803833008,0.08492609125852585,8.961305138655007e-05,-0.01500535849481821,-0.1636735498905182,-0.0033404543064534664,-3.5823554660462906,-3.8342504154056223,-0.7974947581514894,-4.477944332557863,-31.952086795046856,-4.430526434174941,20.22374841615669,250.5125000000001,17.500000000000007,-2.0
17.5,0.0,-20.0,-10.0,1.360192060470581,0.11351712060451508,9.941705502569675e-05,0.02170647494494915,-0.4857726991176605,0.004365121480077505,5.1821693693281885,-11.37981167165057,1.0421221725233547,6.477711711660236,-94.83176393042142,5.789567625129748,20.223748416156692,250.5125000000002,17.500000000000004,0.0
17.5,0.0,-20.0,-5.0,1.401992917060852,0.11895214778661728,7.979957445058972e-05,0.011069400236010551,-0.5054128766059875,0.002252839971333742,2.6426910396722865,-11.839906529638498,0.5378394383727635,3.303363799590358,-98.66588774698748,2.987996879848686,20.223748416156692,250.5125000000002,17.500000000000004,0.0
17.5,0.0,-20.0,0.0,1.4477564096450806,0.12492802751541138,2.678852979443036e-05,0.00010629547614371404,-0.5185871720314026,4.574911145027727e-05,0.02537681323048193,-12.148530297751076,0.010922070240924776,0.031721016538102415,-101.23775248125898,0.06067816800513764,20.223748416156692,250.5125000000002,17.500000000000004,0.0
17.5,0.0,-20.0,5.0,1.4874671697616577,0.1307374761748314,-2.8508660761872306e-05,-0.011292057111859322,-0.5230545997619629,-0.002226356416940689,-2.6958477887446315,-12.253185183303161,-0.5315167966396086,-3.3698097359307893,-102.10987652752635,-2.95287109244227,20.223748416156692,250.5125000000002,17.500000000000004,0.0
17.5,0.0,-20.0,10.0,1.5151410102844238,0.135754898314476,-1.976931162062101e-05,-0.022900762036442757,-0.5189861059188843,-0.004524444695562124,-5.467291573620615,-12.157875805469455,-1.0801587440625482,-6.834114467025769,-101.31563171224546,-6.000881911458601,20.223748416156692,250.5125000000002,17.500000000000004,0.0
17.5,0.0,-10.0,-10.0,1.3283921480178833,0.10708010209083557,0.0003596176393330097,0.023163750767707825,-0.4246430993080139,0.004595913924276829,5.530077085828227,-9.947777029397752,1.0972211942684962,6.912596357285283,-82.89814191164794,6.0956733014916455,20.223748416156692,250.5125000000002,17.500000000000004,0.0
17.5,0.0,-10.0,-5.0,1.3502025604248047,0.10889335734128952,0.0001712682715151459,0.011975422501564026,-0.43678393959999084,0.0023673793766647577,2.8589933570401764,-10.232190863911782,0.5651843941701842,3.5737416963002206,-85.26825719926485,3.1399133009454676,20.223748416156692,250.5125000000002,17.500000000000004,0.0
17.5,0.0,-10.0,0.0,1.3732904195785522,0.11154894543170929,-4.5587123167933896e-05,0.0003821090795099735,-0.4441169500350952,6.415783718694001e-05,0.09122411504404743,-10.403975482292578,0.015316940199443536,0.11403014380505928,-86.69979568577149,0.08509411221913075,20.223748416156692,250.5125000000002,17.500000000000004,0.0
17.5,0.0,-10.0,5.0,1.3907721042633057,0.11465252948284149,-0.0002576736733317375,-0.01152776088565588,-0.44511157274246216,-0.0022888623643666506,-2.752119333521081,-10.42727571945029,-0.5464393672998912,-3.4401491669013513,-86.89396432875242,-3.035774262777173,20.223748416156692,250.5125000000002,17.500000000000004,0.0
17.5,0.0,-10.0,10.0,1.3995217084884644,0.11788964283943176,-0.0004048361151944846,-0.023377984762191772,-0.4404514729976654,-0.004649663809686899,-5.581222969574858,-10.318107259462279,-1.1100533565833532,-6.976528711968573,-85.98422716218566,-6.16696309212974,20.223748416156692,250.5125000000002,17.500000000000004,0.0
17.5,0.0,0.0,-10.0,1.2735750675201416,0.10099562269926071,0.0007660446572117507,0.02391558326780796,-0.3506423234939575,0.004560109693557024,5.7095683833680395,-8.214219557251658,1.0886733490656662,7.13696047921005,-68.45182964376382,6.048185272587034,20.223748416156692,250.5125000000002,17.500000000000004,0.0
17.5,0.0,0.0,-5.0,1.2782930135726929,0.0996688680100441,0.0003641825751401484,0.012399524450302124,-0.35353487730026245,0.0023194956593215466,2.9602427830200666,-8.281981120685863,0.5537527115070673,3.7003034787750835,-69.01650933904887,3.0764039528170404,20.223748416156692,250.5125000000002,17.500000000000004,0.0
17.5,0.0,0.0,0.0,1.2803949117660522,0.09924565268039703,-6.139976176200435e-05,0.00039008480962365866,-0.3540261387825012,3.8222020521061495e-05,0.09312822818991706,-8.293489513725588,0.009125064501740651,0.11641028523739633,-69.1124126143799,0.05069480278744806,20.223748416156692,250.5125000000002,17.500000000000004,0.0
17.5,0.0,0.0,5.0,1.2774335145950317,0.09980805230617523,-0.00047699493006803095,-0.011726942844688892,-0.35190489888191223,-0.0022501936182379723,-2.7996717182192623,-8.243796909297755,-0.5372076522357649,-3.4995896477740778,-68.6983075774813,-2.9844869568653607,20.223748416156692,250.5125000000002,17.500000000000004,0.0
17.5,0.0,0.0,10.0,1.2704187631607056,0.10143467051267624,-0.000844066496938467,-0.023441767320036888,-0.34840813279151917,-0.004501849878579378,-5.596450316179991,-8.161880943989773,-1.0747644933253593,-6.995562895224988,-68.01567453324812,-5.970913851807551,20.223748416156692,250.5125000000002,17.500000000000004,0.0
17.5,0.0,10.0,-10.0,1.1876163482666016,0.09565650684118271,0.0012742066755890846,0.023289905861020088,-0.26772183179855347,0.004150555934756994,5.560195152534385,-6.271706976926913,0.9908971348563391,6.950243940667981,-52.264224807724275,5.504984082535217,20.223748416156692,250.5125000000002,17.500000000000004,0.0
17.5,0.0,10.0,-5.0,1.184285044670105,0.09300232691049576,0.000624423788394779,0.012038039974868298,-0.2626304626464844,0.0020923097617924213,2.8739425532115996,-6.1524355106492985,0.4995147109885762,3.5924281915144993,-51.270295922077494,2.775081727714312,20.223748416156692,250.5125000000002,17.500000000000004,0.0
17.5,0.0,10.0,0.0,1.1768428087234497,0.09096013021945953,-3.671607555588707e-05,0.00023893297475297004,-0.2580559551715851,1.528709071862977e-05,0.05704247908642669,-6.045272152870102,0.0036496157699091583,0.07130309885803336,-50.37726794058419,0.02027564316616199,20.223748416156692,250.5125000000002,17.500000000000004,0.0
17.5,0.0,10.0,5.0,1.1644426584243774,0.08988796186923981,-0.0006475586560554802,-0.011587397195398808,-0.2545883357524872,-0.0020602322183549404,-2.7663568114364656,-5.964038983509273,-0.4918565691914122,-3.4579460142955822,-49.700324862577276,-2.7325364955078455,20.223748416156692,250.5125000000002,17.500000000000004,0.0
17.5,0.0,10.0,10.0,1.1506685018539429,0.09022268665313721,-0.0011836119228973985,-0.022906824946403503,-0.2536934018135071,-0.00410021748393774,-5.468739023119774,-5.943074076048108,-0.9788794130200411,-6.835923778899717,-49.5256173004009,-5.43821896122245,20.223748416156692,250.5125000000002,17.500000000000004,0.0
17.5,0.0,20.0,-10.0,1.081722617149353,0.09133148205757141,0.0017386459512636065,0.021356375887989998,-0.18549412488937378,0.003434948856011033,5.0985872762520135,-4.345423716221275,0.8200542369027657,6.373234095315016,-36.21186430184397,4.555856871682032,20.223748416156692,250.5125000000002,17.500000000000004,0.0
17.5,0.0,20.0,-5.0,1.0816640853881836,0.08926799160718918,0.0008662758627906442,0.011021244339644909,-0.17644895613193512,0.001727770664729178,2.6311943774214384,-4.133529723032873,0.412485225661514,3.288992971776798,-34.44608102527394,2.291584587008411,20.223748416156692,250.5125000000002,17.500000000000004,0.0
17.5,0.0,20.0,0.0,1.0788733959197998,0.08737631154537201,1.7700916941976175e-05,0.00015136822185013443,-0.1699521243572235,-6.438827313104412e-06,0.03613740898744894,-3.9813335988107794,-0.0015371954110921888,0.04517176123431117,-33.17777999008983,-0.008539974506067716,20.223748416156692,250.5125000000002,17.500000000000004,0.0
17.5,0.0,20.0,5.0,1.0704940557479858,0.08584994090080261,-0.0007203525747172534,-0.010833468288183212,-0.1664988100528717,-0.001778721809387207,-2.5863650209899545,-3.9004355440252385,-0.42464922105222974,-3.2329562762374433,-32.50362953354366,-2.359162339179054,20.223748416156692,250.5125000000002,17.500000000000004,0.0
17.5,0.0,20.0,10.0,1.058835744857788,0.08519877505779266,-0.0013356416020542383,-0.02148895338177681,-0.16738548874855042,-0.0035642085131257772,-5.130238616651906,-3.921207062450246,-0.8509134822426341,-6.412798270814882,-32.67672552041872,-4.727297123570189,20.223748416156692,250.5125000000002,17.500000000000004,0.0
17.5,2.0,-20.0,-10.0,1.3511688709259033,0.11348035198926926,-0.00027116553974337876,0.012327523902058601,-0.485969603061676,0.0036259032785892487,2.943053486433277,-11.384424384148348,0.8656423926089428,3.6788168580415963,-94.87020320123624,4.809124403383016,20.22374841615669,250.5125000000001,17.500000000000007,2.0
17.5,2.0,-20.0,-5.0,1.3971983194351196,0.11876146507740021,-0.0002444372803438455,0.0014116432284936309,-0.5046300888061523,0.0014783507212996483,0.3370134633869443,-11.821568780816522,0.3529391043213081,0.4212668292336804,-98.51307317347103,1.960772801785045,20.22374841615669,250.5125000000001,17.500000000000007,2.0
17.5,2.0,-20.0,0.0,1.4465011358261108,0.12461464864492416,-0.0002474081120453775,-0.00982462428510189,-0.5166161060333252,-0.0007377041038125753,-2.345515205234174,-12.102355698208413,-0.1761183066389495,-2.9318940065427173,-100.85296415173678,-0.9784350368830528,20.22374841615669,250.5125000000001,17.500000000000007,2.0
17.5,2.0,-20.0,5.0,1.4889473915100098,0.1303576753783226,-0.00024926612968556583,-0.021333372220396996,-0.5203039050102234,-0.002989487024024129,-5.093095417169181,-12.188746839407237,-0.7137053863048702,-6.366369271461476,-101.57289032839365,-3.9650299239159454,20.22374841615669,250.5125000000001,17.500000000000007,2.0
17.5,2.0,-20.0,10.0,1.5191025733947754,0.13536736381530762,-0.00019604327098932117,-0.032756004482507706,-0.5163538455963135,-0.005240102764219046,-7.820116509996777,-12.096211930994778,-1.2510138152665173,-9.77514563749597,-100.80176609162316,-6.950076751480651,20.22374841615669,250.5125000000001,17.500000000000007,2.0
17.5,2.0,-10.0,-10.0,1.3197294473648071,0.10666095477819443,-0.0002868567535188049,0.014372660778462887,-0.42308172583580017,0.003898730967193842,3.431306217651245,-9.911199971660299,0.9307768418724478,4.289132772064057,-82.59333309716916,5.170982454846932,20.22374841615669,250.5125000000001,17.500000000000007,2.0
17.5,2.0,-10.0,-5.0,1.3444252014160156,0.10851670814037323,-0.00045787307317368686,0.0029787863604724407,-0.4353547692298889,0.0016371620586141944,0.7111507268758436,-10.198710823374293,0.39085347087878486,0.8889384085948044,-84.98925686145245,2.1714081715488045,20.22374841615669,250.5125000000001,17.500000000000007,2.0
17.5,2.0,-10.0,0.0,1.3700993061065674,0.11126584572076798,-0.0006463194149546325,-0.008845039643347263,-0.44273361563682556,-0.0006846162723377347,-2.1116507229522927,-10.371569204706743,-0.16344420202957852,-2.639563403690366,-86.4297433725562,-0.9080233446087695,20.22374841615669,250.5125000000001,17.500000000000007,2.0
17.5,2.0,-10.0,5.0,1.3898214101791382,0.11452658486843109,-0.0008152249502018094,-0.020881287753582,-0.4441196620464325,-0.003031482920050621,-4.98516548924586,-10.404039014430806,-0.72373141985375,-6.231456861557325,-86.70032512025672,-4.020730110298611,20.22374841615669,250.5125000000001,17.500000000000007,2.0
17.5,2.0,-10.0,10.0,1.401291847229004,0.11793745321512222,-0.0009056311100721359,-0.032676756381988525,-0.4404679536819458,-0.005358928814530373,-7.801196944285187,-10.318493339379224,-1.2793821578814886,-9.751496180356483,-85.98744449482687,-7.107678654897159,20.22374841615669,250.5125000000001,17.500000000000007,2.0
17.5,2.0,0.0,-10.0,1.2668074369430542,0.10045958322763443,-0.00016533660527784377,0.015635591000318527,-0.346955806016922,0.003923511598259211,3.732816173915334,-8.127858436733536,0.936692930393742,4.666020217394167,-67.73215363944614,5.2038496132985665,20.22374841615669,250.5125000000001,17.500000000000007,2.0
17.5,2.0,0.0,-5.0,1.2727237939834595,0.09927050036668777,-0.0005673877894878387,0.0040895817801356316,-0.3508405089378357,0.0016699729021638632,0.9763402619785051,-8.218862290430142,0.39868667958061865,1.2204253274731314,-68.49051908691786,2.2149259976701035,20.22374841615669,250.5125000000001,17.500000000000007,2.0
17.5,2.0,0.0,0.0,1.2759283781051636,0.0990028159070015,-0.0009879947174340487,-0.007973792962729931,-0.35237443447113037,-0.0006143298815004528,-1.903650673525816,-8.254796347076255,-0.14666414066073127,-2.37956334190727,-68.78996955896879,-0.8148007814485071,20.22374841615669,250.5125000000001,17.500000000000007,2.0
17.5,2.0,0.0,5.0,1.2742637395858765,0.09977539641141892,-0.0013895481824874878,-0.020119253545999527,-0.3516748249530792,-0.0028888366650789976,-4.803238652256924,-8.238407149878517,-0.6896762793927543,-6.004048315321155,-68.65339291565431,-3.8315348855153015,20.22374841615669,250.5125000000001,17.500000000000007,2.0
17.5,2.0,0.0,10.0,1.2694895267486572,0.10162913066625595,-0.0017211923841387033,-0.03182440996170044,-0.3500571846961975,-0.00510838208720088,-7.597709113005552,-8.200511974811597,-1.2195670299417751,-9.497136391256939,-68.33759979009665,-6.775372388565417,20.22374841615669,250.5125000000001,17.500000000000007,2.0
17.5,2.0,10.0,-10.0,1.1835702657699585,0.09520679724693298,6.234442116692662e-05,0.015576881356537342,-0.2631061375141144,0.0036178866866976023,3.718799926760573,-6.163578768433027,0.8637285241870708,4.648499908450717,-51.36315640360856,4.798491801039282,20.22374841615669,250.5125000000001,17.500000000000007,2.0
17.5,2.0,10.0,-5.0,1.1804556846618652,0.09268308443307877,-0.0005908993189223111,0.0044465502724051476,-0.25960418581962585,0.0015732601750642061,1.061562353135448,-6.0815413240915035,0.3755976366443008,1.32695294141931,-50.67951103409587,2.086653536912782,20.22374841615669,250.5125000000001,17.500000000000007,2.0
17.5,2.0,10.0,0.0,1.1730793714523315,0.09076263767957687,-0.0012534535489976406,-0.007252546027302742,-0.25662535429000854,-0.0004818778543267399,-1.731461325141439,-6.011758600875085,-0.11504275396087218,-2.1643266564267987,-50.09798834062571,-0.6391264108937343,20.22374841615669,250.5125000000001,17.500000000000007,2.0
17.5,2.0,10.0,5.0,1.1613433361053467,0.08986540896177292,-0.001863935380242765,-0.01901943050324917,-0.2550678551197052,-0.0025284942239522934,-4.540668644999784,-5.975272303335109,-0.6036486970417902,-5.67583580624973,-49.79393586112592,-3.35360387245439,20.22374841615669,250.5125000000001,17.500000000000007,2.0
17.5,2.0,10.0,10.0,1.1495397090911865,0.09043636930465698,-0.0023826255928725004,-0.030335569754242897,-0.25655508041381836,-0.004534728359431028,-7.242265765410967,-6.010112350523977,-1.0826138496492936,-9.052832206763709,-50.084269587699815,-6.01452138694052,20.22374841615669,250.5125000000001,17.500000000000007,2.0
17.5,2.0,20.0,-10.0,1.0792310237884521,0.09094707680225372,0.0002938506950158626,0.014384866692125797,-0.1812169849872589,0.003061594208702445,3.4342202381022404,-4.245226552675902,0.7309201411048157,4.2927752976278,-35.37688793896585,4.06066745058231,20.22374841615669,250.5125000000001,17.500000000000007,2.0
17.5,2.0,20.0,-5.0,1.0795918703079224,0.08893881005525589,-0.0005746176466345787,0.004216105677187443,-0.17417262494564056,0.0013880141777917743,1.006546376303968,-4.080203918084615,0.3313723013335011,1.2581829703799599,-34.00169931737179,1.8409572296305616,20.22374841615669,250.5125000000001,17.500000000000007,2.0
17.5,2.0,20.0,0.0,1.0770574808120728,0.08713108313560486,-0.0014173523522913456,-0.006510317325592041,-0.169621080160141,-0.00030879632686264813,-1.5542628231830902,-3.973578489014294,-0.07372154486101976,-1.9428285289788627,-33.11315407511912,-0.4095641381167764,20.22374841615669,250.5125000000001,17.500000000000007,2.0
17.5,2.0,20.0,5.0,1.0694878101348877,0.08576163661956787,-0.0021525153424590826,-0.0174031313508749,-0.16819632053375244,-0.002043501241132617,-4.1547959512368555,-3.9402017754708556,-0.48786224224978086,-5.19349493904607,-32.83501479559047,-2.7103457902765604,20.22374841615669,250.5125000000001,17.500000000000007,2.0
17.5,2.0,20.0,10.0,1.0598808526992798,0.08535695833444595,-0.0027596259023994207,-0.028045395389199257,-0.17143318057060242,-0.0037942929193377495,-6.695513173152253,-4.016029127839052,-0.9058434681226852,-8.369391466440316,-33.46690939865877,-5.032463711792696,20.22374841615669,250.5125000000001,17.500000000000007,2.0
17.5,4.0,-20.0,-10.0,1.343032717704773,0.11317272496700287,-0.0006826661410741508,0.0028508042450994253,-0.48500096797943115,0.00285795284435153,0.680596479823298,-11.361732938469078,0.6823031250603442,0.8507455997791225,-94.68110782057566,3.790572917001912,20.22374841615669,250.5125000000001,17.500000000000004,4.0
17.5,4.0,-20.0,-5.0,1.39311945438385,0.11831234407901764,-0.0006138526368886232,-0.008300557732582092,-0.502676248550415,0.0006814563530497253,-1.981661975941249,-11.77579771507494,0.16268980791513102,-2.477077469926561,-98.13164762562451,0.9038322661951723,20.22374841615669,250.5125000000001,17.500000000000004,4.0
17.5,4.0,-20.0,0.0,1.4453349113464355,0.12405301642894745,-0.0005731043638661504,-0.019636543467640877,-0.5137388110160828,-0.0015308820875361562,-4.68799721445183,-12.034951590321183,-0.3654803593030681,-5.859996518064787,-100.29126325267653,-2.0304464405726006,20.22374841615669,250.5125000000001,17.500000000000004,4.0
17.5,4.0,-20.0,5.0,1.4895635843276978,0.1297354401397705,-0.0005412561586126685,-0.03095460869371891,-0.5170698165893555,-0.003746687201783061,-7.390054139097154,-12.112984415488004,-0.8944781546877555,-9.237567673871443,-100.94153679573337,-4.969323081598642,20.22374841615669,250.5125000000001,17.500000000000004,4.0
17.5,4.0,-20.0,10.0,1.5204710960388184,0.1347349883365631,-0.0004930389695800841,-0.0418260358273983,-0.5135005116462708,-0.005934357643127441,-9.985481394601198,-12.029369140021158,-1.4167591229274874,-12.481851743251497,-100.24474283350966,-7.870884016263819,20.22374841615669,250.5125000000001,17.500000000000004,4.0
17.5,4.0,-10.0,-10.0,1.3098371028900146,0.106013864402771,-0.0009666276164352894,0.00548736983910203,-0.42033451795578003,0.0031770572531968355,1.3100459641875994,-9.846843311942104,0.7584856050498233,1.6375574552344994,-82.05702759951754,4.213808916943463,20.22374841615669,250.5125000000001,17.500000000000004,4.0
17.5,4.0,-10.0,-5.0,1.3374789953231812,0.10793989909172058,-0.0011176757980138063,-0.006106534041464329,-0.43288642168045044,0.0008843986433930695,-1.4578642429364037,-10.140886803408144,0.21113992814081511,-1.8223303036705047,-84.5073900284012,1.1729996007823063,20.22374841615669,250.5125000000001,17.500000000000004,4.0
17.5,4.0,-10.0,0.0,1.365539312362671,0.11080046010494232,-0.001272547640837729,-0.01806357130408287,-0.44068005681037903,-0.001445421832613647,-4.312468337217301,-10.323462111113251,-0.34507771371102297,-5.390585421521626,-86.02885092594377,-1.917098409505683,20.22374841615669,250.5125000000001,17.500000000000004,4.0
17.5,4.0,-10.0,5.0,1.3873848915100098,0.11421325070142746,-0.0013939723139628768,-0.030050761997699738,-0.44289183616638184,-0.0037702328991144896,-7.174271213746167,-10.375275711540516,-0.9000994170898663,-8.967839017182708,-86.4606309295043,-5.000552317165924,20.22374841615669,250.5125000000001,17.500000000000004,4.0
17.5,4.0,-10.0,10.0,1.4012798070907593,0.11777417374134064,-0.0014415724435821176,-0.041575852781534195,-0.4404778480529785,-0.006049725227057934,-9.925753091397187,-10.318725126960466,-1.4443017967690137,-12.407191364246483,-85.98937605800388,-8.023898870938964,20.22374841615669,250.5125000000001,17.500000000000004,4.0
17.5,4.0,0.0,-10.0,1.2574726343154907,0.09973769647359848,-0.001118439482524991,0.0073357014916837215,-0.34242284297943115,0.003275467548519373,1.7513137286984544,-8.021668307533409,0.7819799227287821,2.189142160873068,-66.84723589611174,4.344332904048789,20.22374841615669,250.5125000000001,17.500000000000004,4.0
17.5,4.0,0.0,-5.0,1.264796495437622,0.0987136067199707,-0.001518305391073227,-0.004232286941260099,-0.3474830687046051,0.0010114859323948622,-1.0104094656009173,-8.140210201454403,0.2414805457660318,-1.2630118320011465,-67.83508501212003,1.3415585875890657,20.22374841615669,250.5125000000001,17.500000000000004,4.0
17.5,4.0,0.0,0.0,1.269159197807312,0.09861971450328827,-0.0019289618358016014,-0.0163106732070446,-0.35042718052864075,-0.001269022817723453,-3.8939842282561137,-8.209179573670378,-0.30296449292957417,-4.867480285320142,-68.40982978058649,-1.6831360718309676,20.22374841615669,250.5125000000001,17.500000000000004,4.0
17.5,4.0,0.0,5.0,1.2690378427505493,0.0995957182097435,-0.0023027178831398487,-0.028431156650185585,-0.35155433416366577,-0.003519451944157481,-6.787609204204127,-8.235584507737071,-0.8402283700181961,-8.48451150525516,-68.62987089780893,-4.667935388989978,20.22374841615669,250.5125000000001,17.500000000000004,4.0
17.5,4.0,0.0,10.0,1.2669258117675781,0.10164005321741104,-0.002582998713478446,-0.04007547348737717,-0.3520231246948242,-0.005699907895177603,-9.567554920562268,-8.246566491631445,-1.360786962290918,-11.959443650702834,-68.72138743026204,-7.559927568282877,20.22374841615669,250.5125000000001,17.500000000000004,4.0
17.5,4.0,10.0,-10.0,1.1769254207611084,0.09459194553375244,-0.001162659376859665,0.007922491990029812,-0.2583562731742859,0.0030877692624926567,1.8914031607436839,-6.052307464485078,0.737169131893793,2.364253950929605,-50.43589553737565,4.095384066076628,20.22374841615669,250.5125000000001,17.500000000000004,4.0
17.5,4.0,10.0,-5.0,1.174155354499817,0.0922031850862503,-0.001815581344999373,-0.003077199449762702,-0.25646838545799255,0.0010574462357908487,-0.7346457115822213,-6.008081416566652,0.252453035636808,-0.9183071394777765,-50.06734513805544,1.4025168646489332,20.22374841615669,250.5125000000001,17.500000000000004,4.0
17.5,4.0,10.0,0.0,1.1669344902038574,0.09040614974975586,-0.002476074965670705,-0.014680587686598301,-0.25520583987236023,-0.000976322335191071,-3.504820198865527,-5.97850476267592,-0.2330856443918093,-4.381025248581909,-49.82087302229934,-1.2949202466211627,20.22374841615669,250.5125000000001,17.500000000000004,4.0
17.5,4.0,10.0,5.0,1.1560990810394287,0.08967854840040207,-0.003074429929256439,-0.026407930999994278,-0.255770206451416,-0.0029933052137494087,-6.304587524348174,-5.9917257308264436,-0.7146169348585073,-7.880734405435218,-49.93104775688703,-3.970094082547263,20.22374841615669,250.5125000000001,17.500000000000004,4.0
17.5,4.0,10.0,10.0,1.1465827226638794,0.09045320016622543,-0.00355207989923656,-0.037762004882097244,-0.25976842641830444,-0.004967207089066505,-9.015241098369149,-6.085388858309042,-1.1858631350024842,-11.269051372961435,-50.71157381924202,-6.588128527791579,20.22374841615669,250.5125000000001,17.500000000000004,4.0
17.5,4.0,20.0,-10.0,1.074935793876648,0.09042049211740494,-0.0011670070234686136,0.007503450382500887,-0.17724372446537018,0.002695362316444516,1.7913618325907803,-4.152148130311647,0.6434865205402867,2.239202290738475,-34.601234419263726,3.5749251141127036,20.22374841615669,250.5125000000001,17.500000000000004,4.0
17.5,4.0,20.0,-5.0,1.0754709243774414,0.0884500072646141,-0.002025633119046688,-0.0024997012224048376,-0.17202988266944885,0.0010511428117752075,-0.5967747015612406,-4.030007594560803,0.25094816619399946,-0.7459683769515507,-33.58339662134002,1.3941564788555525,20.22374841615669,250.5125000000001,17.500000000000004,4.0
17.5,4.0,20.0,0.0,1.0730012655258179,0.08670938027381897,-0.002858234802260995,-0.013107403181493282,-0.16926927864551544,-0.0006145886145532131,-3.1292406275471567,-3.965337114005958,-0.14672591017900855,-3.911550784433946,-33.04447595004965,-0.8151439454389363,20.22374841615669,250.5125000000001,17.500000000000004,4.0
17.5,4.0,20.0,5.0,1.0662596225738525,0.0854873956489563,-0.0035824577789753675,-0.023953761905431747,-0.16985595226287842,-0.002316548954695463,-5.718683090705753,-3.979080651447323,-0.5530492199225295,-7.148353863382191,-33.159005428727696,-3.072495666236275,20.22374841615669,250.5125000000001,17.500000000000004,4.0
17.5,4.0,20.0,10.0,1.058815598487854,0.08530949068546295,-0.004161999095231295,-0.03465266898274422,-0.17550309002399445,-0.004037673119455576,-8.272923181828348,-4.1113716680526045,-0.9639476707327475,-10.341153977285435,-34.26143056710504,-5.355264837404152,20.22374841615669,250.5125000000001,17.500000000000004,4.0
17.5,6.0,-20.0,-10.0,1.3354718685150146,0.11252923322200775,-0.0011700205504894257,-0.0066050379537045956,-0.4829181730747223,0.002066616900265217,-1.5768762755696843,-11.312940954462338,0.4933808380149889,-1.9710953444621055,-94.27450795385282,2.741004655638827,20.22374841615669,250.5125000000001,17.5,6.000000000000001
17.5,6.0,-20.0,-5.0,1.3889330625534058,0.11755354714870453,-0.001080877031199634,-0.017813438549637794,-0.49981194734573364,-0.00012686439731623977,-4.252752040506831,-11.708698002926933,-0.030287404818048355,-5.315940050633539,-97.57248335772445,-0.16826336010026863,20.22374841615669,250.5125000000001,17.5,6.000000000000001
17.5,6.0,-20.0,0.0,1.4425987005233765,0.12319149834394455,-0.001029190025292337,-0.028933638706803322,-0.5102384686470032,-0.0023194896057248116,-6.907570972710781,-11.95295184636938,-0.5537512662809927,-8.634463715888476,-99.60793205307817,-3.0763959237832927,20.22374841615669,250.5125000000001,17.5,6.000000000000001
17.5,6.0,-20.0,5.0,1.486489176750183,0.12880818558216095,-0.0010178739903494716,-0.03966796025633812,-0.5134359002113342,-0.004484431352466345,-9.47026585871126,-12.027855539189435,-1.0706060220530436,-11.837832323389074,-100.2321294932453,-5.94781123362802,20.22374841615669,250.5125000000001,17.5,6.000000000000001
17.5,6.0,-20.0,10.0,1.5150285959243774,0.13376748574256897,-0.001055200002156198,-0.04960896074771881,-0.5101205706596375,-0.006595362443476915,-11.843564534685207,-11.950189943744705,-1.5745663596178003,-14.804455668356509,-99.58491619787256,-8.747590886765558,20.22374841615669,250.5125000000001,17.5,6.000000000000001
17.5,6.0,-10.0,-10.0,1.2989860773086548,0.10509232444047928,-0.001710288692265749,-0.0033850132022053003,-0.4167362153530121,0.0024359889794141054,-0.8081326781860352,-9.762548731304934,0.5815641418128189,-1.010165847732544,-81.35457276087445,3.230911898960105,20.22374841615669,250.5125000000001,17.5,6.000000000000001
17.5,6.0,-10.0,-5.0,1.3292107582092285,0.10711991054296494,-0.001849183114245534,-0.015084648504853249,-0.4298769533634186,0.0001201212071464397,-3.6012850371691645,-10.070386376476314,0.02867754630172468,-4.501606296461455,-83.91988647063596,0.15931970167624823,20.22374841615669,250.5125000000001,17.5,6.000000000000001
17.5,6.0,-10.0,0.0,1.3588857650756836,0.11009615672111511,-0.0019786914344877005,-0.02698640339076519,-0.43838271498680115,-0.0022028989624232054,-6.442691104595901,-10.269644106632537,-0.5259166011868134,-8.053363880744875,-85.58036755527115,-2.9217588954822964,20.22374841615669,250.5125000000001,17.5,6.000000000000001
17.5,6.0,-10.0,5.0,1.381914496421814,0.11364492041349411,-0.002072968054562807,-0.03867078945040703,-0.4415574371814728,-0.004490427672863007,-9.232202883511926,-10.344015805064322,-1.072037574065384,-11.540253604389907,-86.20013170886935,-5.955764300363245,20.22374841615669,250.5125000000001,17.5,6.000000000000001
17.5,6.0,-10.0,10.0,1.3964706659317017,0.1173441038775444,-0.0021311664022505283,-0.04962743818759918,-0.4401671886444092,-0.006710354704409838,-11.847975809349311,-10.311447555433768,-1.6020194294427121,-14.809969761686638,-85.92872962861473,-8.9001079413484,20.22374841615669,250.5125000000001,17.5,6.000000000000001
17.5,6.0,0.0,-10.0,1.246268630027771,0.09877910477399826,-0.0021173234563320875,-0.0008536854293197393,-0.33759069442749023,0.0026256379205733538,-0.2038075041701756,-7.908469396622181,0.6268406289574838,-0.2547593802127195,-65.90391163851818,3.4824479386526876,20.22374841615669,250.5125000000001,17.5,6.000000000000001
17.5,6.0,0.0,-5.0,1.25483238697052,0.09795315576076508,-0.002517916029319167,-0.012408948503434658,-0.34410837292671204,0.0003556747979018837,-2.962492666504242,-8.061153880522221,0.08491323661735409,-3.703115833130303,-67.17628233768518,0.47174020342974493,20.22374841615669,250.5125000000001,17.5,6.000000000000001
17.5,6.0,0.0,0.0,1.259994387626648,0.09804701817512512,-0.0029153842478990555,-0.024440117180347443,-0.348739892244339,-0.001912735402584076,-5.834794776950127,-8.16965280951502,-0.4566434135454709,-7.2934934711876585,-68.08044007929183,-2.5369078530303937,20.22374841615669,250.5125000000001,17.5,6.000000000000001
17.5,6.0,0.0,5.0,1.2611438035964966,0.09921596956729889,-0.0032545237336307764,-0.036453742533922195,-0.3518006503582001,-0.004131179302930832,-8.702908622232316,-8.241354761830333,-0.9862711885345637,-10.878635777790395,-68.67795634858612,-5.479284380747576,20.22374841615669,250.5125000000001,17.5,6.000000000000001
17.5,6.0,0.0,10.0,1.2611051797866821,0.1014403478550911,-0.003492731833830476,-0.04791480675339699,-0.3541279733181,-0.006271292455494404,-11.43910489955028,-8.295875110608423,-1.4971984051479614,-14.29888112443785,-69.13229258840353,-8.317768917488674,20.22374841615669,250.5125000000001,17.5,6.000000000000001
17.5,6.0,10.0,-10.0,1.1682952642440796,0.09375895572185516,-0.0024110167287290096,0.00046179123455658555,-0.2538999021053314,0.0025726978201419115,0.11024730624445442,-5.947911594573478,0.6142017934228907,0.13780913280556803,-49.56592995477899,3.412232185682726,20.22374841615669,250.5125000000001,17.5,6.000000000000001
17.5,6.0,10.0,-5.0,1.1657484769821167,0.09152167302846909,-0.0030630279798060656,-0.010408149100840092,-0.25366851687431335,0.0005558363045565784,-2.4848249933978668,-5.942491116318175,0.1326994769597041,-3.1060312417473335,-49.52075930265146,0.7372193164428006,20.22374841615669,250.5125000000001,17.5,6.000000000000001
17.5,6.0,10.0,0.0,1.158418893814087,0.08985669178247452,-0.0037166383117437363,-0.021926455199718475,-0.25418156385421753,-0.0014577448600903153,-5.234687106133161,-5.954509860929848,-0.3480196937279966,-6.5433588826664515,-49.62091550774874,-1.9334427429333145,20.22374841615669,250.5125000000001,17.5,6.000000000000001
17.5,6.0,10.0,5.0,1.1481873989105225,0.08929184836626053,-0.00428991811349988,-0.03363298997282982,-0.25686535239219666,-0.0034467761870473623,-8.029486633741811,-6.017380846030927,-0.8228778751384906,-10.036858292177264,-50.14484038359107,-4.571543750769393,20.22374841615669,250.5125000000001,17.5,6.000000000000001
17.5,6.0,10.0,10.0,1.140465259552002,0.09024436784267426,-0.004713495261967182,-0.04503646865487099,-0.2631436884403229,-0.005395681597292423,-10.751935031269914,-6.164458444193161,-1.2881564588930579,-13.439918789087393,-51.37048703494301,-7.156424771628099,20.22374841615669,250.5125000000001,17.5,6.000000000000001
17.5,6.0,20.0,-10.0,1.0689228773117065,0.08972252172708511,-0.002642399864271283,0.0008250613464042544,-0.17374595999717712,0.0023480819072574377,0.19697383605566438,-4.070208776798932,0.5605773469586132,0.24621729506958046,-33.91840647332444,3.1143185942145175,20.22374841615669,250.5125000000001,17.5,6.000000000000001
17.5,6.0,20.0,-5.0,1.0692492723464966,0.08778496098995209,-0.003488600952550769,-0.009029189124703407,-0.17013047635555267,0.0007276744581758976,-2.1556142777939566,-3.985511709593732,0.1737238449617115,-2.694517847242446,-33.21259757994777,0.9651324720095084,20.22374841615669,250.5125000000001,17.5,6.000000000000001
17.5,6.0,20.0,0.0,1.0663589239120483,0.08609689039468765,-0.004307110793888569,-0.019552968442440033,-0.1689378023147583,-0.0009136294829659164,-4.668044645610733,-3.9575718809566784,-0.21811845237647876,-5.835055807013417,-32.97976567463899,-1.2117691798693264,20.22374841615669,250.5125000000001,17.5,6.000000000000001
17.5,6.0,20.0,5.0,1.0599181652069092,0.08500207227945328,-0.0050102840177714825,-0.030405115336179733,-0.1713719666004181,-0.002589232986792922,-7.258868967238956,-4.01459511671896,-0.6181493728595759,-9.073586209048695,-33.45495930599133,-3.4341631825531995,20.22374841615669,250.5125000000001,17.5,6.000000000000001
17.5,6.0,20.0,10.0,1.0539718866348267,0.08501493198156357,-0.005545084830373526,-0.041229259222745895,-0.17922815680503845,-0.004290727898478508,-9.843007895389343,-4.198635852535592,-1.0243615669522206,-12.303759869236679,-34.98863210446327,-5.690897594179003,20.22374841615669,250.5125000000001,17.5,6.000000000000001
20.0,-6.0,-20.0,-10.0,1.5650593042373657,0.13645026100158691,-0.001493387040682137,0.050993628799915314,-0.5409865379333496,0.007218110840767622,12.174137987306066,-12.673262473914,1.723240323373903,15.217672484132583,-105.61052061595001,9.57355735207724,20.22374841615669,250.5125000000001,20.0,-6.000000000000001
20.0,-6.0,-20.0,-5.0,1.5958126783370972,0.1426669211435318,-0.0011873996118083596,0.04165095090866089,-0.5617668032646179,0.005046334583312273,9.943681899049137,-13.16006526539711,1.2047539073638216,12.429602373811422,-109.66721054497593,6.693077263132342,20.22374841615669,250.5125000000001,20.0,-6.000000000000001
20.0,-6.0,-20.0,0.0,1.6305556297302246,0.14941087377548218,-0.0008423511171713471,0.03196205943822861,-0.5784227252006531,0.0026694315019994974,7.630571330513343,-13.550250335892159,0.6372958390648509,9.538214163141678,-112.91875279910133,3.5405324392491715,20.22374841615669,250.5125000000001,20.0,-6.000000000000001
20.0,-6.0,-20.0,5.0,1.6616359949111938,0.1557793022441864,-0.0004902836517430842,0.02176957204937935,-0.5871405005455017,0.0001702542940620333,5.1972330718732,-13.754474743316312,0.040646239885678025,6.4965413398414995,-114.62062286096928,0.22581244380932236,20.22374841615669,250.5125000000001,20.0,-6.000000000000001
20.0,-6.0,-20.0,10.0,1.682591438293457,0.1609265805530548,-0.00010481454955879599,0.010922110639512539,-0.5859638452529907,-0.002387444954365492,2.6075273552265843,-13.726910173188045,-0.5699748183363527,3.25940919403323,-114.39091810990038,-3.1665267685352925,20.22374841615669,250.5125000000001,20.0,-6.000000000000001
20.0,-6.0,-10.0,-10.0,1.5177100896835327,0.1314168201136589,-0.0006022808374837041,0.050968535244464874,-0.48591873049736023,0.007471656426787376,12.168147191713848,-11.383232632939976,1.7837713940766415,15.21018398964231,-94.86027194116647,9.909841078203563,20.22374841615669,250.5125000000001,20.0,-6.000000000000001
20.0,-6.0,-10.0,-5.0,1.5327845811843872,0.13338994247198105,-0.00021560759341809899,0.040560100227594376,-0.4965163469314575,0.005077939946204424,9.683253939176774,-11.631494586333954,1.21229932152718,12.104067423970967,-96.92912155278296,6.734996230706555,20.22374841615669,250.5125000000001,20.0,-6.000000000000001
20.0,-6.0,-10.0,0.0,1.5492452383041382,0.13607278478622437,0.00014266987273003906,0.02981160767376423,-0.5038897395133972,0.0025378211867064238,7.117175890107292,-11.804225205234578,0.605875401323158,8.896469862634115,-98.36854337695483,3.365974451795322,20.22374841615669,250.5125000000001,20.0,-6.000000000000001
20.0,-6.0,-10.0,5.0,1.5621614456176758,0.1389628948020935,0.0004514118190854788,0.0187787227332592,-0.5055038332939148,-7.175741484388709e-05,4.483202454115965,-11.842037299813041,-0.017131251304933547,5.604003067644956,-98.68364416510869,-0.09517361836074192,20.22374841615669,250.5125000000001,20.0,-6.000000000000001
20.0,-6.0,-10.0,10.0,1.5682672262191772,0.1416869611787796,0.000758476322516799,0.007530630100518465,-0.5008317232131958,-0.002719707088544965,1.7978506753224945,-11.73258748321286,-0.6492985527842221,2.247313344153118,-97.77156236010718,-3.607214182134567,20.22374841615669,250.5125000000001,20.0,-6.000000000000001
20.0,-6.0,0.0,-10.0,1.4476407766342163,0.12556478393554688,0.0005789307761006057,0.0503101646900177,-0.4192856550216675,0.0073948875069618225,12.010968850708386,-9.822272432019755,1.765443704028149,15.013711063385482,-81.8522702668313,9.80802057793416,20.22374841615669,250.5125000000001,20.0,-6.000000000000001
20.0,-6.0,0.0,-5.0,1.4511959552764893,0.12384159130334854,0.000921403057873249,0.0390656441450119,-0.41851046681404114,0.004859538283199072,9.326469866470065,-9.804112712815908,1.1601584552139224,11.65808733308758,-81.7009392734659,6.4453247511884575,20.22374841615669,250.5125000000001,20.0,-6.000000000000001
20.0,-6.0,0.0,0.0,1.4521183967590332,0.12287905824661255,0.0011845490662381053,0.02735818922519684,-0.4160078167915344,0.0022409914527088404,6.5314506644981005,-9.745485116024428,0.5350107418457776,8.164313330622626,-81.21237596687024,2.9722818991432085,20.22374841615669,250.5125000000001,20.0,-6.000000000000001
20.0,-6.0,0.0,5.0,1.4484155178070068,0.12268924725532532,0.0013759499415755272,0.015606065280735493,-0.41099151968955994,-0.00037851574597880244,3.72576725049416,-9.627972303111717,-0.09036624830123259,4.657209063117699,-80.23310252593097,-0.5020347127846255,20.22374841615669,250.5125000000001,20.0,-6.000000000000001
20.0,-6.0,0.0,10.0,1.4406224489212036,0.12333328289270401,0.0015454305103048682,0.0041878786869347095,-0.4041787385940552,-0.002973423572257161,0.9998075094613774,-9.468374684785605,-0.709870423330754,1.2497593868267218,-78.90312237321338,-3.943724574059744,20.22374841615669,250.5125000000001,20.0,-6.000000000000001
20.0,-6.0,10.0,-10.0,1.3561574220657349,0.11937557918310165,0.0019184000557288527,0.04806657135486603,-0.34295031428337097,0.006793207488954067,11.475336939578694,-8.034024959341831,1.6217995716960059,14.344171174473368,-66.95020799451527,9.009997620533365,20.22374841615669,250.5125000000001,20.0,-6.000000000000001
20.0,-6.0,10.0,-5.0,1.3541101217269897,0.11593953532457352,0.0020526202861219645,0.036741528660058975,-0.33253252506256104,0.004315559286624193,8.771614225125735,-7.789975675421384,1.0302897731382927,10.964517781407167,-64.91646396184487,5.723832072990515,20.22374841615669,250.5125000000001,20.0,-6.000000000000001
20.0,-6.0,10.0,0.0,1.347676157951355,0.11304755521297455,0.002107664244249463,0.024808205664157867,-0.3226258158683777,0.001789249014109373,5.92267163723456,-7.557899057858507,0.427162469195662,7.403339546543199,-62.982492148820896,2.3731248288647886,20.22374841615669,250.5125000000001,20.0,-6.000000000000001
20.0,-6.0,10.0,5.0,1.335750937461853,0.1110417471575737,0.0021290238946676254,0.01294207014143467,-0.31383010745048523,-0.0007099689100869,3.0897692800297647,-7.351848974154392,-0.1694968505185018,3.862211600037206,-61.26540811795327,-0.9416491695472322,20.22374841615669,250.5125000000001,20.0,-6.000000000000001
20.0,-6.0,10.0,10.0,1.3206175565719604,0.11027187866449356,0.0021513092797249556,0.0017202720046043396,-0.3072436451911926,-0.0031435859855264425,0.41069500744743287,-7.197553147671503,-0.7504947277418311,0.513368759309291,-59.979609563929195,-4.169415154121284,20.22374841615669,250.5125000000001,20.0,-6.000000000000001
20.0,-6.0,20.0,-10.0,1.2580097913742065,0.11376692367076874,0.003130706725642085,0.04405715689063072,-0.2640283405780792,0.005650568753480911,10.518135695332619,-6.185182488053337,1.3490078139281372,13.147669619165773,-51.543187400444474,7.494487855156318,20.22374841615669,250.5125000000001,20.0,-6.000000000000001
20.0,-6.0,20.0,-5.0,1.2561872005462646,0.11081293237686157,0.0029757702723145485,0.033517997711896896,-0.24825160205364227,0.003440462052822113,8.0020335639169,-5.815593349908954,0.8213704487572427,10.002541954896124,-48.46327791590795,4.5631691597624595,20.22374841615669,250.5125000000001,20.0,-6.000000000000001
20.0,-6.0,20.0,0.0,1.2510374784469604,0.1079810337471962,0.002803043695166707,0.02239534631371498,-0.23480814695358276,0.0011945405276492238,5.346629426324044,-5.500664191615699,0.2851827092378882,6.683286782905054,-45.838868263464164,1.5843483846549342,20.22374841615669,250.5125000000001,20.0,-6.000000000000001
20.0,-6.0,20.0,5.0,1.2404752969741821,0.10554313672065735,0.0026733912527561188,0.011264493688941002,-0.22492006421089172,-0.0010430783731862903,2.6892673409140446,-5.269023921156063,-0.2490228749275776,3.361584176142556,-43.90853267630053,-1.38346041626432,20.22374841615669,250.5125000000001,20.0,-6.000000000000001
20.0,-6.0,20.0,10.0,1.225517749786377,0.10391896975517273,0.0025960325729101896,0.0006615227903239429,-0.2196086198091507,-0.0032302644103765488,0.15793090079450856,-5.144596926584234,-0.771188197288546,0.1974136259931357,-42.87164105486862,-4.284378873825256,20.22374841615669,250.5125000000001,20.0,-6.000000000000001
20.0,-4.0,-20.0,-10.0,1.5519534349441528,0.1370785833644867,-0.0013403831981122494,0.041470006108284,-0.5412882566452026,0.006553357467055321,9.900483424657033,-12.680330598831146,1.5645381582298095,12.37560428082129,-105.66942165692622,8.691878656832275,20.223748416156692,250.5125000000002,19.999999999999996,-4.0
20.0,-4.0,-20.0,-5.0,1.5880153179168701,0.14346897614479065,-0.0009553594863973558,0.0316508486866951,-0.5633524060249329,0.00423714192584157,7.556273369739303,-13.197209923446461,1.01156853691261,9.445341712174129,-109.97674936205385,5.619825205070055,20.223748416156692,250.5125000000002,19.999999999999996,-4.0
20.0,-4.0,-20.0,0.0,1.6279038190841675,0.15029108536720276,-0.0005893510533496737,0.021611176431179047,-0.5798606872558594,0.0017779744230210781,5.159417953437105,-13.583936332262379,0.42447079121765596,6.449272441796381,-113.19946943551983,2.3581710623203107,20.223748416156692,250.5125000000002,19.999999999999996,-4.0
20.0,-4.0,-20.0,5.0,1.6625149250030518,0.1566214413690567,-0.00024412942002527416,0.0110910814255476,-0.5873360633850098,-0.0007554364274255931,2.647867172443473,-13.759056038822665,-0.18035169342825771,3.309833965554341,-114.65880032352221,-1.0019538523792095,20.223748416156692,250.5125000000002,19.999999999999996,-4.0
20.0,-4.0,-20.0,10.0,1.6857277154922485,0.16162864876270294,0.00014155969256535172,-4.264072049409151e-05,-0.5846452116966248,-0.00331570440903306,-0.010179977918615631,-13.696019590900038,-0.791586006931804,-0.01272497239826954,-114.13349659083366,-4.397700038510022,20.223748416156692,250.5125000000002,19.999999999999996,-4.0
20.0,-4.0,-10.0,-10.0,1.5122580528259277,0.1316386909532547,-0.0006665639230050147,0.04170890524983406,-0.4851699471473694,0.0067898910492658615,9.957517826458307,-11.365691479389685,1.6210078101496923,12.446897283072884,-94.71409566158071,9.005598945276068,20.223748416156692,250.5125000000002,19.999999999999996,-4.0
20.0,-4.0,-10.0,-5.0,1.5311225652694702,0.13383774471759796,-0.00028409130754880607,0.031026367098093033,-0.49764981865882874,0.004290006123483181,7.407185626640968,-11.658047529338072,1.0241892515356543,9.25898203330121,-97.15039607781728,5.689940286309191,20.223748416156692,250.5125000000002,19.999999999999996,-4.0
20.0,-4.0,-10.0,0.0,1.5506426095962524,0.13671420526981354,3.5432622098596767e-05,0.020126797258853912,-0.5057098865509033,0.0016983376117423177,4.8050396262881385,-11.84686434600794,0.4054584253164026,6.006299532860173,-98.72386955006618,2.2525468073133474,20.223748416156692,250.5125000000002,19.999999999999996,-4.0
20.0,-4.0,-10.0,5.0,1.5650687217712402,0.13975797605991364,0.0003117080486845225,0.00893179140985012,-0.5070978999137878,-0.0009416398825123906,2.1323617019687564,-11.879380233986105,-0.2248056106976948,2.6654521274609455,-98.99483528321754,-1.2489200594316379,20.223748416156692,250.5125000000002,19.999999999999996,-4.0
20.0,-4.0,-10.0,10.0,1.5717449188232422,0.14261335146903992,0.0006184219964779913,-0.0024722411762923002,-0.5019872784614563,-0.003613485721871257,-0.5902189337451569,-11.759657759342579,-0.862677844830961,-0.7377736671814461,-97.9971479945215,-4.792654693505339,20.223748416156692,250.5125000000002,19.999999999999996,-4.0
20.0,-4.0,0.0,-10.0,1.4513359069824219,0.1255056039738655,0.00023245028569363058,0.04145161807537079,-0.4171510338783264,0.006719900295138359,9.896093494870335,-9.77226635583296,1.6042983286196146,12.37011686858792,-81.43555296527467,8.912768492331193,20.223748416156692,250.5125000000002,19.999999999999996,-4.0
20.0,-4.0,0.0,-5.0,1.4561877250671387,0.12403363001823425,0.0005121894064359367,0.030141545459628105,-0.41855910420417786,0.004130017943680286,7.195944713328202,-9.805252102371893,0.9859939274707468,8.994930891660252,-81.71043418643245,5.477744041504149,20.223748416156692,250.5125000000002,19.999999999999996,-4.0
20.0,-4.0,0.0,0.0,1.4571421146392822,0.12329602998971939,0.0007127089193090796,0.01846902072429657,-0.4173605144023895,0.001495477044954896,4.409264688148166,-9.777173689894852,0.3570278156427233,5.511580860185208,-81.47644741579043,1.983487864681796,20.223748416156692,250.5125000000002,19.999999999999996,-4.0
20.0,-4.0,0.0,5.0,1.4523825645446777,0.1233163626241684,0.0008709979010745883,0.006722948979586363,-0.4129575788974762,-0.0011387565173208714,1.6050261667049444,-9.67402961255303,-0.2718649231692138,2.0062827083811805,-80.61691343794192,-1.5103606842734099,20.223748416156692,250.5125000000002,19.999999999999996,-4.0
20.0,-4.0,0.0,10.0,1.4433599710464478,0.12420169276475906,0.0010405841749161482,-0.004701628815382719,-0.4066130816936493,-0.0037548914551734924,-1.1224593995487269,-9.525402109480083,-0.8964368251179352,-1.4030742494359085,-79.37835091233403,-4.980204583988529,20.223748416156692,250.5125000000002,19.999999999999996,-4.0
20.0,-4.0,10.0,-10.0,1.3658782243728638,0.11912991863965988,0.001279929536394775,0.039775390177965164,-0.3393300473690033,0.00617261091247201,9.495913507655503,-7.949215838200523,1.4736393302237452,11.869891884569379,-66.2434653183377,8.186885167909695,20.223748416156692,250.5125000000002,19.999999999999996,-4.0
20.0,-4.0,10.0,-5.0,1.3626911640167236,0.11595587444782257,0.001339523820206523,0.02850484661757946,-0.3310641646385193,0.003693165024742484,6.80520183003692,-7.755577560578683,0.8817003551075445,8.50650228754615,-64.62981300482237,4.898335306153025,20.223748416156692,250.5125000000002,19.999999999999996,-4.0
20.0,-4.0,10.0,0.0,1.3539183139801025,0.11329850566864014,0.0013408618979156017,0.016720112413167953,-0.32286834716796875,0.0011898311786353588,3.991733094341264,-7.563580646220392,0.2840584067304097,4.9896663679265805,-63.02983871850327,1.5781022596133873,20.223748416156692,250.5125000000002,19.999999999999996,-4.0
20.0,-4.0,10.0,5.0,1.3391209840774536,0.1115080044913292,0.0013411914696916938,0.004992606583982706,-0.31532514095306396,-0.0012916693231090903,1.19192697009708,-7.386871938048941,-0.308371083674014,1.4899087126213502,-61.55726615040785,-1.7131726870778554,20.223748416156692,250.5125000000002,19.999999999999996,-4.0
20.0,-4.0,10.0,10.0,1.3216893672943115,0.11098905665159225,0.0013636471703648567,-0.006122035905718803,-0.30986806750297546,-0.0037202334497123957,-1.4615651333993078,-7.259033407285132,-0.8881626279137366,-1.8269564167491348,-60.49194506070944,-4.934236821742981,20.223748416156692,250.5125000000002,19.999999999999996,-4.0
20.0,-4.0,20.0,-10.0,1.2676410675048828,0.11337455374479294,0.002254573628306389,0.03648199141025543,-0.259708970785141,0.005152498837560415,8.709652714123024,-6.083996038355498,1.2300993928872699,10.88706589265378,-50.69996698629582,6.833885516040388,20.223748416156692,250.5125000000002,19.999999999999996,-4.0
20.0,-4.0,20.0,-5.0,1.2640175819396973,0.11067678046703339,0.0020438963547348976,0.02603917196393013,-0.2460276186466217,0.0029818827752023935,6.216550577483191,-5.7634938548596475,0.7118899600129144,7.770688221853988,-48.02911545716373,3.954944222293969,20.223748416156692,250.5125000000002,19.999999999999996,-4.0
20.0,-4.0,20.0,0.0,1.2564460039138794,0.10810057086229324,0.001832355628721416,0.015094776637852192,-0.23459729552268982,0.0007909994455985725,3.6037030115629225,-5.4957247424070115,0.18884195193058345,4.504628764453653,-45.7977061867251,1.049121955169908,20.223748416156692,250.5125000000002,19.999999999999996,-4.0
20.0,-4.0,20.0,5.0,1.2430610656738281,0.10588763666629791,0.001688491553068161,0.004155311733484268,-0.22636890411376953,-0.001399098546244204,0.992032526694658,-5.302964744234573,-0.3340185658613994,1.2400406583683226,-44.19137286862144,-1.8556586992299966,20.223748416156692,250.5125000000002,19.999999999999996,-4.0
20.0,-4.0,20.0,10.0,1.225766658782959,0.10448423785448074,0.0016103864181786776,-0.0062913731671869755,-0.22244875133037567,-0.0035558915697038174,-1.5019924423793167,-5.21113043473108,-0.8489279083732231,-1.877490552974146,-43.42608695609234,-4.716266157629017,20.223748416156692,250.5125000000002,19.999999999999996,-4.0
20.0,-2.0,-20.0,-10.0,1.540481686592102,0.13757407677650452,-0.0011056698858737946,0.031548015773296356,-0.5427366495132446,0.005803626496344805,7.53172320324174,-12.714260949579181,1.3855485764802973,9.414654004052176,-105.95217457982652,7.697492091557207,20.223748416156695,250.5125000000003,19.999999999999993,-1.9999999999999993
20.0,-2.0,-20.0,-5.0,1.581727385520935,0.14395605040073395,-0.0006762142875231802,0.02144954726099968,-0.5647406578063965,0.0034061549231410027,5.120830861934793,-13.229731396667551,0.8131800190797434,6.401038577418491,-110.24776163889626,4.51766677266524,20.223748416156695,250.5125000000003,19.999999999999993,-1.9999999999999993
20.0,-2.0,-20.0,0.0,1.6260123252868652,0.15069653106212616,-0.00029927739524282515,0.011130889877676964,-0.5800001621246338,0.0009110327810049057,2.6573709791089204,-13.587203699371452,0.21749851987257157,3.3217137238861505,-113.2266974947621,1.2083251104031754,20.223748416156695,250.5125000000003,19.999999999999993,-1.9999999999999993
20.0,-2.0,-20.0,5.0,1.663649082183838,0.15689210606098175,5.079463517176919e-05,0.00029845768585801125,-0.5857265591621399,-0.001630373066291213,0.07125331412016539,-13.721351460170446,-0.3892326776291219,0.08906664265020674,-114.34459550142039,-2.162403764606233,20.223748416156695,250.5125000000003,19.999999999999993,-1.9999999999999993
20.0,-2.0,-20.0,10.0,1.6893075704574585,0.1617297680425644,0.0004580108216032386,-0.01107537467032671,-0.58167564868927,-0.004176894668489695,-2.6441173666365123,-13.6264539940022,-0.9971852023349446,-3.3051467082956405,-113.55378328335166,-5.5399177907496915,20.223748416156695,250.5125000000003,19.999999999999993,-1.9999999999999993
20.0,-2.0,-10.0,-10.0,1.5064529180526733,0.1316769422340393,-0.00068949960405007,0.032221488654613495,-0.4854891002178192,0.006051202304661274,7.692507049789195,-11.373168025195465,1.4446544319311756,9.615633812236494,-94.77640020996222,8.025857955173198,20.223748416156695,250.5125000000003,19.999999999999993,-1.9999999999999993
20.0,-2.0,-10.0,-5.0,1.5283830165863037,0.13399907213926315,-0.0003277558134868741,0.021426718682050705,-0.4986869692802429,0.003501846455037594,5.115380803236883,-11.682344034201908,0.8360252634944287,6.394226004046104,-97.35286695168257,4.64458479719127,20.223748416156695,250.5125000000003,19.999999999999993,-1.9999999999999993
20.0,-2.0,-10.0,0.0,1.550127387046814,0.13697890949726105,-3.325383295305073e-05,0.010374043136835098,-0.5064805150032043,0.0008856098866090178,2.4766825896945344,-11.864917247440918,0.21142909842334218,3.0958532371181677,-98.87431039534098,1.174606102351901,20.223748416156695,250.5125000000003,19.999999999999993,-1.9999999999999993
20.0,-2.0,-10.0,5.0,1.5657546520233154,0.14013281476974487,0.00023891244200058281,-0.001040737726725638,-0.5072089433670044,-0.0017749335383996367,-0.2484640727073379,-11.88198156087679,-0.42374481525053753,-0.3105800908841724,-99.01651300730659,-2.354137862502986,20.223748416156695,250.5125000000003,19.999999999999993,-1.9999999999999993
20.0,-2.0,-10.0,10.0,1.573699712753296,0.14311513317108154,0.0005749294650740921,-0.012624205090105534,-0.501837968826294,-0.004460344091057777,-3.013882682286218,-11.756160000963003,-1.0648554675028905,-3.7673533528577723,-97.96800000802503,-5.9158637083493915,20.223748416156695,250.5125000000003,19.999999999999993,-1.9999999999999993
20.0,-2.0,0.0,-10.0,1.4524075984954834,0.1252709106850624,-9.840331767918542e-05,0.03245367109775543,-0.415686696767807,0.0060152471996843815,7.747937917675273,-9.737962491964558,1.4360705672477214,9.684922397094091,-81.14968743303798,7.978169818042897,20.223748416156695,250.5125000000003,19.999999999999993,-1.9999999999999993
20.0,-2.0,0.0,-5.0,1.457427978515625,0.12399047625541687,0.00012534906272776425,0.021182764321565628,-0.41834649443626404,0.003411076031625271,5.057139526492223,-9.800271461996662,0.8143548767070179,6.321424408115279,-81.66892884997219,4.524193759483433,20.223748416156695,250.5125000000003,19.999999999999993,-1.9999999999999993
20.0,-2.0,0.0,0.0,1.4578752517700195,0.12343011808872223,0.0002869317540898919,0.009513762779533863,-0.41771650314331055,0.0007730230572633445,2.2713006228875043,-9.785513155731998,0.18455029751694768,2.8391257786093806,-81.54594296443332,1.0252794306497093,20.223748416156695,250.5125000000003,19.999999999999993,-1.9999999999999993
20.0,-2.0,0.0,5.0,1.4522790908813477,0.12365343434095383,0.00043385737808421254,-0.0022844336926937103,-0.41366446018218994,-0.0018716660561040044,-0.5453820732552098,-9.690589159659874,-0.44683858296440643,-0.6817275915690123,-80.7549096638323,-2.48243657202448,20.223748416156695,250.5125000000003,19.999999999999993,-1.9999999999999993
20.0,-2.0,0.0,10.0,1.443182349205017,0.12479918462514877,0.0006182570359669626,-0.013742717914283276,-0.408074289560318,-0.00449857534840703,-3.280914658291304,-9.559632667035146,-1.0739827371903299,-4.10114332286413,-79.66360555862622,-5.966570762168499,20.223748416156695,250.5125000000003,19.999999999999993,-1.9999999999999993
20.0,-2.0,10.0,-10.0,1.371593952178955,0.11878863734483719,0.0006380518898367882,0.03136143460869789,-0.33610400557518005,0.005543798208236694,7.487179112203101,-7.873641916229892,1.3235175834547743,9.358973890253877,-65.6136826352491,7.352875463637635,20.223748416156695,250.5125000000003,19.999999999999993,-1.9999999999999993
20.0,-2.0,10.0,-5.0,1.3665533065795898,0.11582635355472565,0.0006420965655706823,0.0202069990336895,-0.3294616937637329,0.0030827063601464033,4.8241868706920705,-7.718037746592643,0.7359604226250064,6.030233588365088,-64.31698122160536,4.088669014583369,20.223748416156695,250.5125000000003,19.999999999999993,-1.9999999999999993
20.0,-2.0,10.0,0.0,1.3555794954299927,0.11337425572156906,0.0006084846099838614,0.008556799031794071,-0.322566956281662,0.0006081641186028719,2.042836616932056,-7.556520201012271,0.14519213621471153,2.55354577116507,-62.97100167510226,0.8066229789706195,20.223748416156695,250.5125000000003,19.999999999999993,-1.9999999999999993
20.0,-2.0,10.0,5.0,1.3387936353683472,0.11180506659030914,0.0005940299015492201,-0.0030658997129648924,-0.3161967098712921,-0.00185105437412858,-0.7319480303574449,-7.407289491703803,-0.44191778273063875,-0.9149350379468062,-61.72741243086502,-2.455098792947993,20.223748416156695,250.5125000000003,19.999999999999993,-1.9999999999999993
20.0,-2.0,10.0,10.0,1.3205777406692505,0.11156068009614944,0.0006142362835817039,-0.01410217396914959,-0.31219157576560974,-0.004264509305357933,-3.3667306261936005,-7.313464392176482,-1.0181021816526319,-4.208413282742001,-60.945536601470685,-5.656123231403511,20.223748416156695,250.5125000000003,19.999999999999993,-1.9999999999999993
20.0,-2.0,20.0,-10.0,1.273305892944336,0.11294882011890411,0.001360098598524928,0.028785740956664085,-0.2557414770126343,0.004658685531467199,6.872262098630222,-5.99105270905441,1.1122071881191993,8.590327623287777,-49.925439242120085,6.178928822884441,20.223748416156695,250.5125000000003,19.999999999999993,-1.9999999999999993
20.0,-2.0,20.0,-5.0,1.2680604457855225,0.11044383061408997,0.0011102205608040094,0.018480442464351654,-0.24406425654888153,0.0025348090566694736,4.411991496236906,-5.717499728478891,0.6051562901798934,5.514989370296133,-47.64583107065742,3.361979389888296,20.223748416156695,250.5125000000003,19.999999999999993,-1.9999999999999993
20.0,-2.0,20.0,0.0,1.2588180303573608,0.10809274775266647,0.0008705213549546897,0.007718948647379875,-0.23458197712898254,0.0004011263663414866,1.8428095462444958,-5.495365890549308,0.09576427191226004,2.3035119328056197,-45.79471575457757,0.5320237328458891,20.223748416156695,250.5125000000003,19.999999999999993,-1.9999999999999993
20.0,-2.0,20.0,5.0,1.2438510656356812,0.10611608636856079,0.0007099330541677773,-0.003047254867851734,-0.22807906568050385,-0.0017380781937390566,-0.7274967896338211,-5.343027342632715,-0.4149460287741303,-0.9093709870422764,-44.52522785527263,-2.305255715411835,20.223748416156695,250.5125000000003,19.999999999999993,-1.9999999999999993
20.0,-2.0,20.0,10.0,1.2258245944976807,0.10496897262811661,0.0006203539669513702,-0.013370288535952568,-0.22583378851413727,-0.0038572377525269985,-3.192001459740269,-5.290429015574981,-0.9208708176733645,-3.990001824675336,-44.08690846312484,-5.115948987074248,20.223748416156695,250.5125000000003,19.999999999999993,-1.9999999999999993
20.0,0.0,-20.0,-10.0,1.5314809083938599,0.13789667201519012,-0.0008581943693570793,0.021480251103639603,-0.5441763401031494,0.0050072018057107925,5.128161048584297,-12.747987438960577,1.1954114101625293,6.410201310730371,-106.2332286580048,6.64117450090294,20.223748416156695,250.5125000000003,20.0,0.0
20.0,0.0,-20.0,-5.0,1.5773248672485352,0.14412485075473785,-0.0003956770524382591,0.011171210557222366,-0.5650262236595154,0.0025647517759352922,2.6669970741345113,-13.236421121376763,0.612304767443348,3.333746342668139,-110.30350934480637,3.4016931524630447,20.223748416156695,250.5125000000003,20.0,0.0
20.0,0.0,-20.0,0.0,1.6252015829086304,0.15067811322689056,1.2251722409928334e-06,0.0005667717196047306,-0.57844477891922,5.4269850807031617e-05,0.13531018058832867,-13.550766970862403,0.012956298028282586,0.16913772573541083,-112.92305809052003,0.07197943349045881,20.223748416156695,250.5125000000003,20.0,0.0
20.0,0.0,-20.0,5.0,1.665511965751648,0.15668788564682007,0.0003743299748748541,-0.010544102638959885,-0.5824522972106934,-0.00248183635994792,-2.517282325262346,-13.64464792281894,-0.5925096726587457,-3.146602906577933,-113.70539935682451,-3.291720403659698,20.223748416156695,250.5125000000003,20.0,0.0
20.0,0.0,-20.0,10.0,1.6936733722686768,0.1613531560945511,0.0008116959943436086,-0.022013718262314796,-0.5775474309921265,-0.0049976808950304985,-5.255520151167299,-13.529745512816659,-1.1931384030611616,-6.569400188959124,-112.74787927347217,-6.62854668367312,20.223748416156695,250.5125000000003,20.0,0.0
20.0,0.0,-10.0,-10.0,1.5002527236938477,0.13152422768354416,-0.0007193960482254624,0.022675644606351852,-0.48558422923088074,0.005289191380143166,5.413547395734635,-11.375396537121139,1.2627331535040647,6.766934244668294,-94.79497114267616,7.015184186133692,20.223748416156695,250.5125000000003,20.0,0.0
20.0,0.0,-10.0,-5.0,1.5246193408966064,0.13388459396839142,-0.0003679856890812516,0.011776234954595566,-0.4985879361629486,0.002712960820645094,2.8114396382871583,-11.680024063923394,0.6476879594955076,3.514299547858948,-97.33353386602829,3.5982664416417087,20.223748416156695,250.5125000000003,20.0,0.0
20.0,0.0,-10.0,0.0,1.5481717586517334,0.13691468549251556,-7.054394518490881e-05,0.0005002407124266028,-0.5056812763214111,7.685963646508753e-05,0.11942667355259631,-11.846194116857365,0.01834934759500213,0.14928334194074538,-98.71828430714471,0.10194081997223405,20.223748416156695,250.5125000000003,20.0,0.0
20.0,0.0,-10.0,5.0,1.5653218030929565,0.1401649863767624,0.00022925683879293501,-0.011162737384438515,-0.5059044361114502,-0.002599322935566306,-2.664974202315256,-11.851421904231875,-0.6205582312119404,-3.3312177528940703,-98.7618492019323,-3.4475457289552245,20.223748416156695,250.5125000000003,20.0,0.0
20.0,0.0,-10.0,10.0,1.5757845640182495,0.14327286196231842,0.0006180099444463849,-0.022874003276228905,-0.5008734464645386,-0.005281585268676281,-5.460903229686694,-11.73356490072413,-1.2609172825271626,-6.826129037108367,-97.77970750603441,-7.005096014039792,20.223748416156695,250.5125000000003,20.0,0.0
20.0,0.0,0.0,-10.0,1.4501768350601196,0.12485759717702866,-0.0004363096959423274,0.023404384031891823,-0.4137040376663208,0.005302398931235075,5.587525489314209,-9.691516309984841,1.2658863032847598,6.9844068616427615,-80.76263591654035,7.032701684915332,20.223748416156695,250.5125000000003,20.0,0.0
20.0,0.0,0.0,-5.0,1.454986810684204,0.12372829777479172,-0.00024474988458678126,0.012162268161773682,-0.4169577956199646,0.002695968607440591,2.903600593341145,-9.767739516445099,0.6436312654902031,3.6295007416764316,-81.39782930370916,3.5757292527233506,20.223748416156695,250.5125000000003,20.0,0.0
20.0,0.0,0.0,0.0,1.4551173448562622,0.12333094341039658,-9.478871652390808e-05,0.0004387306980788708,-0.41667622327804565,5.412508835433982e-05,0.10474187037436652,-9.761143344554823,0.01292173767013734,0.13092733796795816,-81.34286120462353,0.071787431500763,20.223748416156695,250.5125000000003,20.0,0.0
20.0,0.0,0.0,5.0,1.4495784044265747,0.12376941752910614,6.317028601188213e-05,-0.011437690816819668,-0.4132791757583618,-0.002596483798697591,-2.730616148273359,-9.681563407098752,-0.6198804201830331,-3.4132701853416987,-80.67969505915627,-3.443780112127962,20.223748416156695,250.5125000000003,20.0,0.0
20.0,0.0,0.0,10.0,1.4421614408493042,0.1251810939359665,0.00027962648891843855,-0.02292708493769169,-0.40912094712257385,-0.005218307953327894,-5.473575861277181,-9.584151883460473,-1.2458105567136268,-6.841969826596477,-79.86793236217062,-6.921169759520149,20.223748416156695,250.5125000000003,20.0,0.0
20.0,0.0,10.0,-10.0,1.3725911378860474,0.11830841017246246,-8.57041322888108e-06,0.022864973172545433,-0.33248382806777954,0.004914157558232546,5.458747397068591,-7.788834889554677,1.1731981742273156,6.823434246335739,-64.90695741295565,6.517767634596198,20.223748416156695,250.5125000000003,20.0,0.0
20.0,0.0,10.0,-5.0,1.3659026622772217,0.11553507310628891,-3.703723632497713e-05,0.011840351857244968,-0.32714393734931946,0.002477940171957016,2.8267468058400937,-7.663741505686778,0.5915795029229957,3.533433507300117,-63.86451254738982,3.2865527940166426,20.223748416156695,250.5125000000003,20.0,0.0
20.0,0.0,10.0,0.0,1.353532075881958,0.11328475189685822,-8.89736256795004e-05,0.00030690812855027616,-0.3214842677116394,3.240347723476589e-05,0.07327075939343894,-7.531156914750435,0.007735954714507907,0.09158844924179868,-62.75964095625363,0.042977526191710594,20.223748416156695,250.5125000000003,20.0,0.0
20.0,0.0,10.0,5.0,1.3360650539398193,0.11194864672899246,-0.00011018651275662705,-0.011232571676373482,-0.31657567620277405,-0.0024009007029235363,-2.6816463303098717,-7.4161672353275065,-0.5731872223860998,-3.3520579128873393,-61.801393627729226,-3.1843734577005542,20.223748416156695,250.5125000000003,20.0,0.0
20.0,0.0,10.0,10.0,1.3188400268554688,0.11198423815250397,-8.505944424541667e-05,-0.022223057225346565,-0.31459611654281616,-0.004789091181010008,-5.3054974028759,-7.369793661505768,-1.1433400258720807,-6.631871753594875,-61.414947179214735,-6.351889032622671,20.223748416156695,250.5125000000003,20.0,0.0
20.0,0.0,20.0,-10.0,1.274778127670288,0.11240224552631378,0.0004535776097327471,0.02100219950079918,-0.2517012059688568,0.004168485291302204,5.014031767829094,-5.8964044843515335,0.9951775609750894,6.267539709786368,-49.136704036262785,5.528764227639385,20.223748416156695,250.5125000000003,20.0,0.0
20.0,0.0,20.0,-5.0,1.2685506343841553,0.11005706352472305,0.00018040917348116636,0.01086373720318079,-0.24199439585208893,0.0020941076800227165,2.593591373704575,-5.669010743900641,0.49994394313268187,3.2419892171307185,-47.24175619917201,2.7774663507371216,20.223748416156695,250.5125000000003,20.0,0.0
20.0,0.0,20.0,0.0,1.2586337327957153,0.10792013270139694,-7.727239426458254e-05,0.00028485848451964557,-0.23448674380779266,1.6201338439714164e-05,0.06800666238137608,-5.493134935079857,0.0038678818194725906,0.0850083279767201,-45.77612445899881,0.02148823233040328,20.223748416156695,250.5125000000003,20.0,0.0
20.0,0.0,20.0,5.0,1.2434484958648682,0.10619279754638672,-0.0002524532610550523,-0.010333498008549213,-0.2299092411994934,-0.0020721014589071274,-2.4670029101329534,-5.385901412686459,-0.4946902128384221,-3.0837536376661916,-44.88251177238716,-2.7482789602134563,20.223748416156695,250.5125000000003,20.0,0.0
20.0,0.0,20.0,10.0,1.2263342142105103,0.10532636952877045,-0.0003519921447150409,-0.020582741126418114,-0.229753315448761,-0.0041499026119709015,-4.9138909414195275,-5.382248663815807,-0.9907411616115376,-6.142363676774409,-44.852072198465066,-5.504117564508542,20.223748416156695,250.5125000000003,20.0,0.0
20.0,2.0,-20.0,-10.0,1.5245238542556763,0.13791164768218994,-0.0006402990547940135,0.011382936500012875,-0.5445080399513245,0.0041771214455366135,2.7175441896013828,-12.755757908175095,0.9972393427271175,3.3969302370017287,-106.2979825681258,5.540218570706208,20.223748416156695,250.5125000000003,19.999999999999993,1.9999999999999993
20.0,2.0,-20.0,-5.0,1.5743112564086914,0.14390832198143005,-0.00014590648061130196,0.0008514680666849017,-0.5636441111564636,0.0017036886420100927,0.2032781345347978,-13.204043468160906,0.4067359217877708,0.2540976681684972,-110.03369556800756,2.25964400993206,20.223748416156695,250.5125000000003,19.999999999999993,1.9999999999999993
20.0,2.0,-20.0,0.0,1.6250900030136108,0.150230452542305,0.000278553954558447,-0.010008584707975388,-0.575190007686615,-0.0008121912833303213,-2.389433624553823,-13.47452002711973,-0.19390125762861884,-2.9867920306922784,-112.28766689266443,-1.0772292090478823,20.223748416156695,250.5125000000003,19.999999999999993,1.9999999999999993
20.0,2.0,-20.0,5.0,1.6676138639450073,0.1560478956747055,0.0006754477508366108,-0.021230364218354225,-0.5779246091842651,-0.0033282579388469458,-5.068503450286697,-13.538581367118452,-0.7945830167108427,-6.335629312858371,-112.82151139265378,-4.414350092838015,20.223748416156695,250.5125000000003,19.999999999999993,1.9999999999999993
20.0,2.0,-20.0,10.0,1.6974512338638306,0.16056200874328613,0.0011156512191519141,-0.03248296305537224,-0.5727500915527344,-0.005789560731500387,-7.754931033135726,-13.417362047371968,-1.3821905381107427,-9.693663791419658,-111.81135039476641,-7.6788363228374585,20.223748416156695,250.5125000000003,19.999999999999993,1.9999999999999993
20.0,2.0,-10.0,-10.0,1.493189811706543,0.13107828063249588,-0.0007795231649652123,0.013120223768055439,-0.4843788743019104,0.004508370067924261,3.132301394030327,-11.347159643376198,1.0763211129787564,3.9153767425379087,-94.55966369480166,5.979561738770869,20.223748416156695,250.5125000000003,19.999999999999993,1.9999999999999993
20.0,2.0,-10.0,-5.0,1.519715666770935,0.13344107580661774,-0.0004206573066767305,0.0020482067484408617,-0.49682530760765076,0.0019065863452851772,0.4889856275945587,-11.638732363004845,0.4551753973675606,0.6112320344931984,-96.98943635837371,2.5287522075975586,20.223748416156695,250.5125000000003,19.999999999999993,1.9999999999999993
20.0,2.0,-10.0,0.0,1.5451077222824097,0.13651160908222199,-9.591574053047225e-05,-0.009480621665716171,-0.5033711791038513,-0.0007493015727959573,-2.2633885659861868,-11.792077301880353,-0.17888706797306023,-2.8292357074827335,-98.26731084900294,-0.993817044294779,20.223748416156695,250.5125000000003,19.999999999999993,1.9999999999999993
20.0,2.0,-10.0,5.0,1.5644865036010742,0.13986724627494812,0.0002510965277906507,-0.021311156451702118,-0.503686249256134,-0.0034298086538910866,-5.087791659818502,-11.799458200401096,-0.8188270732087208,-6.359739574773128,-98.32881833667581,-4.549039295604005,20.223748416156695,250.5125000000003,19.999999999999993,1.9999999999999993
20.0,2.0,-10.0,10.0,1.5784376859664917,0.1430958510684967,0.0006917176069691777,-0.03297784924507141,-0.4996578097343445,-0.006084492430090904,-7.873079376432681,-11.7050871433782,-1.4526020636281713,-9.841349220540852,-97.54239286148501,-8.070011464600952,20.223748416156695,250.5125000000003,19.999999999999993,1.9999999999999993
20.0,2.0,0.0,-10.0,1.4444135427474976,0.12417862576723099,-0.0007894321461208165,0.014341035857796669,-0.4104030728340149,0.004581110086292028,3.423756134295956,-9.61418722542613,1.0936869494890982,4.279695167869945,-80.1182268785511,6.076038608272768,20.223748416156695,250.5125000000003,19.999999999999993,1.9999999999999993
20.0,2.0,0.0,-5.0,1.449321985244751,0.12320242089509964,-0.000608022790402174,0.003078766167163849,-0.4141143262386322,0.0019714958034455776,0.7350197472074077,-9.701127814897355,0.47067177836500973,0.9187746840092597,-80.8427317908113,2.614843213138943,20.223748416156695,250.5125000000003,19.999999999999993,1.9999999999999993
20.0,2.0,0.0,0.0,1.4497978687286377,0.12298569840669632,-0.00044798816088587046,-0.008723573759198189,-0.4145022928714752,-0.0006749979220330715,-2.082652150597635,-9.710216401441343,-0.16114793234697444,-2.603315188247044,-80.9184700120112,-0.8952662908165246,20.223748416156695,250.5125000000003,19.999999999999993,1.9999999999999993
20.0,2.0,0.0,5.0,1.4455701112747192,0.12365872425317764,-0.0002600184816401452,-0.0206543430685997,-0.41244205832481384,-0.003322230651974678,-4.930985075427877,-9.66195292104605,-0.7931440718112756,-6.163731344284846,-80.51627434205042,-4.406355954507086,20.223748416156695,250.5125000000003,19.999999999999993,1.9999999999999993
20.0,2.0,0.0,10.0,1.4416486024856567,0.12532285613298416,2.579278998382506e-06,-0.03214428573846817,-0.4104200601577759,-0.0059211780317127705,-7.674075748148289,-9.614585173984286,-1.413612643420983,-9.592594685185361,-80.12154311653573,-7.853403574561017,20.223748416156695,250.5125000000003,19.999999999999993,1.9999999999999993
20.0,2.0,10.0,-10.0,1.368966817855835,0.11759327364444733,-0.000657594355288893,0.014349179342389107,-0.3280794024467468,0.004283557645976543,3.425700296879773,-7.685655904444595,1.022649752252678,4.282125371099717,-64.0471325370383,5.681387512514878,20.223748416156695,250.5125000000003,19.999999999999993,1.9999999999999993
20.0,2.0,10.0,-5.0,1.3614635467529297,0.11502126616716385,-0.000702246034052223,0.0034552363213151693,-0.32404693961143494,0.0018738856306299567,0.8248976341631243,-7.591190596447397,0.44736848066315776,1.0311220427039054,-63.25992163706165,2.4853804481286543,20.223748416156695,250.5125000000003,19.999999999999993,1.9999999999999993
20.0,2.0,10.0,0.0,1.3487088680267334,0.11298333865880966,-0.0007592912297695875,-0.007972503080964088,-0.3198627829551697,-0.00054399692453444,-1.9033427292007277,-7.4931716776414055,-0.12987296216823466,-2.3791784115009094,-62.443097313678386,-0.7215164564901925,20.223748416156695,250.5125000000003,19.999999999999993,1.9999999999999993
20.0,2.0,10.0,5.0,1.3318554162979126,0.11188587558746338,-0.0007749192882329226,-0.019450785592198372,-0.31689536571502686,-0.0029485642444342375,-4.643649674159317,-7.423656347929854,-0.7039355468704926,-5.804562092699146,-61.863802899415454,-3.9107530381694033,20.223748416156695,250.5125000000003,19.999999999999993,1.9999999999999993
20.0,2.0,10.0,10.0,1.3172874450683594,0.11218797427892685,-0.0007271552458405495,-0.03045002743601799,-0.3174976408481598,-0.005305092316120863,-7.2695912106563885,-7.437765369704894,-1.2665293177166443,-9.086989013320485,-61.98137808087412,-7.036273987314691,20.223748416156695,250.5125000000003,19.999999999999993,1.9999999999999993
20.0,2.0,20.0,-10.0,1.2723215818405151,0.11164294195652008,-0.00045889642206020653,0.013210471719503403,-0.24742811918258667,0.0036817609798163176,3.153847046690391,-5.796302269935826,0.8789777715257932,3.9423088083629887,-48.30251891613189,4.883209841809962,20.223748416156695,250.5125000000003,19.999999999999993,1.9999999999999993
20.0,2.0,20.0,-5.0,1.2659101486206055,0.10945297044992447,-0.0007436879095621407,0.0032567318994551897,-0.2397131770849228,0.001657214597798884,0.7775070036140425,-5.615570441472492,0.395640782250332,0.971883754517553,-46.796420345604105,2.198004345835178,20.223748416156695,250.5125000000003,19.999999999999993,1.9999999999999993
20.0,2.0,20.0,0.0,1.2561609745025635,0.10751957458734512,-0.001008486608043313,-0.007154647260904312,-0.23423057794570923,-0.00036962496233172715,-1.7080891290657707,-5.487133940638402,-0.08824367672744894,-2.1351114113322134,-45.72611617198668,-0.49024264848582744,20.223748416156695,250.5125000000003,19.999999999999993,1.9999999999999993
20.0,2.0,20.0,5.0,1.2418190240859985,0.10603623849630356,-0.0011879508383572102,-0.017672620713710785,-0.23178409039974213,-0.0024108397774398327,-4.219133413905935,-5.429822017632616,-0.5755600612578397,-5.273916767382419,-45.248516813605136,-3.197555895876887,20.223748416156695,250.5125000000003,19.999999999999993,1.9999999999999993
20.0,2.0,20.0,10.0,1.22696053981781,0.10545213532924652,-0.0012808542232960463,-0.02793079987168312,-0.23409166932106018,-0.004449128173291683,-6.668154821220839,-5.483879838481271,-1.0621777971006825,-8.33519352652605,-45.698998654010595,-5.900987761670458,20.223748416156695,250.5125000000003,19.999999999999993,1.9999999999999993
20.0,4.0,-20.0,-10.0,1.5188100337982178,0.1374954135465622,-0.0004860876651946455,0.001305597834289074,-0.5431695580482483,0.0033123220782727003,0.3116963543216118,-12.724402354413865,0.7907785146555258,0.38962044290201475,-106.03668628678221,4.3932139703084765,20.223748416156692,250.5125000000002,19.999999999999996,4.0
20.0,4.0,-20.0,-5.0,1.571943759918213,0.14324620378494263,3.269782246206887e-05,-0.009418564848601818,-0.5605774521827698,0.0008149826317094266,-2.2485732199835025,-13.13220328108328,0.19456765970938084,-2.810716524979378,-109.43502734236067,1.0809314428298935,20.223748416156692,250.5125000000002,19.999999999999996,4.0
20.0,4.0,-20.0,0.0,1.6248197555541992,0.1493444593000412,0.00047185400035232306,-0.020357050001621246,-0.5706357955932617,-0.0016934140585362911,-4.860009800570182,-13.367832113144223,-0.4042829840401365,-6.075012250712728,-111.39860094286853,-2.2460165780007584,20.223748416156692,250.5125000000002,19.999999999999996,4.0
20.0,4.0,-20.0,5.0,1.66838538646698,0.15499354911327362,0.0008588890777900815,-0.031345825642347336,-0.5726801753044128,-0.004168118350207806,-7.483452652355801,-13.41572417488524,-0.9950899580407313,-9.354315815444751,-111.797701457377,-5.528277544670729,20.223748416156692,250.5125000000002,19.999999999999996,4.0
20.0,4.0,-20.0,10.0,1.6975383758544922,0.1593779773759842,0.0012331419857218862,-0.04194154962897301,-0.5675715804100037,-0.006546993739902973,-10.013058976210987,-13.296049174806548,-1.5630188921118748,-12.516323720263733,-110.80040979005457,-8.683438289510416,20.223748416156692,250.5125000000002,19.999999999999996,4.0
20.0,4.0,-10.0,-10.0,1.484980821609497,0.13023988914966583,-0.000890617782715708,0.003570426953956485,-0.4814818501472473,0.003701532259583473,0.8523980629347824,-11.279293356637211,0.883697935470497,1.065497578668478,-93.9941113053101,4.909432974836094,20.223748416156692,250.5125000000002,19.999999999999996,4.0
20.0,4.0,-10.0,-5.0,1.5136758089065552,0.1326133312034607,-0.0005136445397511125,-0.007704936433583498,-0.49355435371398926,0.001071690465323627,-1.8394642925671374,-11.562106320898872,0.2558536803827492,-2.2993303657089217,-96.3508860074906,1.4214093354597177,20.223748416156692,250.5125000000002,19.999999999999996,4.0
20.0,4.0,-10.0,0.0,1.541094422340393,0.135743290309906,-0.0001535940682515502,-0.019394876435399055,-0.5000960230827332,-0.0015968941152095795,-4.630302010820833,-11.715352819867888,-0.3812399659957274,-5.787877513526041,-97.62794016556575,-2.1179998110873743,20.223748416156692,250.5125000000002,19.999999999999996,4.0
20.0,4.0,-10.0,5.0,1.5630992650985718,0.13922166836738586,0.00023321813205257058,-0.031172171235084534,-0.5011711716651917,-0.0042622024193406105,-7.441994674842252,-11.74053947282233,-1.0175514393470375,-9.302493343552815,-97.8378289401861,-5.653063551927986,20.223748416156692,250.5125000000002,19.999999999999996,4.0
20.0,4.0,-10.0,10.0,1.579993486404419,0.14256343257904053,0.0006822814466431737,-0.04248739033937454,-0.49844157695770264,-0.006861396599560976,-10.143372120890122,-11.676595422924962,-1.638078931712087,-12.679215151112652,-97.30496185770802,-9.100438509511594,20.223748416156692,250.5125000000002,19.999999999999996,4.0
20.0,4.0,0.0,-10.0,1.4355427026748657,0.12314892572641373,-0.0011726435041055083,0.005322581622749567,-0.4057282507419586,0.0038480625953525305,1.2707046870169065,-9.504673876687715,0.9186803552150937,1.5883808587711332,-79.20561563906429,5.103779751194965,20.223748416156692,250.5125000000002,19.999999999999996,4.0
20.0,4.0,0.0,-5.0,1.4411661624908447,0.12235954416275024,-0.0009882093872874975,-0.00598372844979167,-0.41023117303848267,0.0012331019388511777,-1.4285458309343504,-9.610160265279735,0.29438879933200246,-1.785682288667938,-80.08466887733113,1.6354933296222358,20.223748416156692,250.5125000000002,19.999999999999996,4.0
20.0,4.0,0.0,0.0,1.442718267440796,0.12235537928819656,-0.0008053501951508224,-0.017832240089774132,-0.41190940141677856,-0.0014140543062239885,-4.257240690351537,-9.649474790204078,-0.33758908025670414,-5.3215508629394215,-80.41228991836732,-1.875494890315023,20.223748416156692,250.5125000000002,19.999999999999996,4.0
20.0,4.0,0.0,5.0,1.4409173727035522,0.12327858818054199,-0.0005781129002571106,-0.02974579855799675,-0.4118618071079254,-0.00404542637988925,-7.1014647262809385,-9.648359836085877,-0.9657986718203821,-8.876830907851174,-80.40299863404898,-5.3655481767799005,20.223748416156692,250.5125000000002,19.999999999999996,4.0
20.0,4.0,0.0,10.0,1.441459059715271,0.12517851603507996,-0.00027426451561041176,-0.04114947095513344,-0.4123077690601349,-0.006606621202081442,-9.823959371043424,-9.658807032970518,-1.5772542577737663,-12.27994921380428,-80.49005860808765,-8.7625236542987,20.223748416156692,250.5125000000002,19.999999999999996,4.0
20.0,4.0,10.0,-10.0,1.3615564107894897,0.11656201643228531,-0.001317873247899115,0.005928580183535814,-0.3230479955673218,0.0036566760390996933,1.4153798213963,-7.567789126761732,0.8729890326014493,1.769224776745375,-63.064909389681105,4.849939070008052,20.223748416156692,250.5125000000002,19.999999999999996,4.0
20.0,4.0,10.0,-5.0,1.3541743755340576,0.11422198278188705,-0.0013689707266166806,-0.004835203289985657,-0.3205678164958954,0.0012732123723253608,-1.1543487575659537,-7.509687939115603,0.3039647005443158,-1.442935946957442,-62.58073282596336,1.6886927808017544,20.223748416156692,250.5125000000002,19.999999999999996,4.0
20.0,4.0,10.0,0.0,1.341818928718567,0.11240882438898087,-0.0014200345613062382,-0.016168078407645226,-0.3182222545146942,-0.0011189618380740285,-3.8599413722167517,-7.45474031925402,-0.2671391728698758,-4.82492671527094,-62.122835993783504,-1.4841065159437545,20.223748416156692,250.5125000000002,19.999999999999996,4.0
20.0,4.0,10.0,5.0,1.3265295028686523,0.11154972029209137,-0.0014157617697492242,-0.027616675943136215,-0.3176211416721344,-0.003494074335321784,-6.593161373191285,-7.440658525538222,-0.834169759971716,-8.241451716489106,-62.00548771281852,-4.634276444287312,20.223748416156692,250.5125000000002,19.999999999999996,4.0
20.0,4.0,10.0,10.0,1.3157589435577393,0.11210434896230698,-0.0013277746038511395,-0.03868098184466362,-0.321095734834671,-0.005819328129291534,-9.234636199536322,-7.522055063254505,-1.3892971594036567,-11.543295249420403,-62.683792193787546,-7.718317552242537,20.223748416156692,250.5125000000002,19.999999999999996,4.0
20.0,4.0,20.0,-10.0,1.266565203666687,0.11061068636655808,-0.0013794820988550782,0.005533898249268532,-0.2430441826581955,0.003205467713996768,1.3211540829668995,-5.693603266639309,0.765268273359593,1.6514426037086243,-47.44669388866092,4.251490407553295,20.223748416156692,250.5125000000002,19.999999999999996,4.0
20.0,4.0,20.0,-5.0,1.26059091091156,0.10858196032524109,-0.0016669540200382471,-0.004236268345266581,-0.23733273148536682,0.0012278499780222774,-1.011359979672946,-5.559805630755957,0.2931349545411986,-1.2641999745911825,-46.331713589632976,1.628527525228881,20.223748416156692,250.5125000000002,19.999999999999996,4.0
20.0,4.0,20.0,0.0,1.2514277696609497,0.1068322510766983,-0.0019269693875685334,-0.014516981318593025,-0.23387524485588074,-0.0007556127384305,-3.465761074293058,-5.478809834219289,-0.18039378563767544,-4.332201342866322,-45.65674861849408,-1.0021876979870858,20.223748416156692,250.5125000000002,19.999999999999996,4.0
20.0,4.0,20.0,5.0,1.2384766340255737,0.10557138187170029,-0.0020947151351720095,-0.02500690333545208,-0.233672633767128,-0.002757210284471512,-5.970108403846789,-5.474063424969073,-0.6582520062434026,-7.462635504808485,-45.617195208075614,-3.6569555902411257,20.223748416156692,250.5125000000002,19.999999999999996,4.0
20.0,4.0,20.0,10.0,1.226708173751831,0.10525999230623245,-0.0021570187527686357,-0.03537949174642563,-0.23865622282028198,-0.004764528013765812,-8.446443694598514,-5.590810012368492,-1.1374758543182288,-10.558054618248143,-46.59008343640411,-6.3193103017679375,20.223748416156692,250.5125000000002,19.999999999999996,4.0
20.0,6.0,-20.0,-10.0,1.5135295391082764,0.136585712556839,-0.0004362653417047113,-0.008637544699013233,-0.5402266979217529,0.0024156561121344566,-2.06211370934021,-12.65546230472322,0.5767099053569024,-2.5776421366752627,-105.46218587269351,3.2039439186494576,20.22374841615669,250.5125000000001,20.0,6.000000000000001
20.0,6.0,-20.0,-5.0,1.5692442655563354,0.14212133002758026,7.935012399684638e-05,-0.019379235804080963,-0.5562676191329956,-9.331431647296995e-05,-4.626567991329452,-13.031240241102294,-0.022277711778279453,-5.783209989161815,-108.59366867585246,-0.12376506543488584,20.22374841615669,250.5125000000001,20.0,6.000000000000001
20.0,6.0,-20.0,0.0,1.6228487491607666,0.14803151798725128,0.0004895134479738772,-0.030050281435251236,-0.5653730034828186,-0.002574823796749115,-7.174156485030104,-13.244544857206055,-0.6147093457031066,-8.96769560628763,-110.3712071433838,-3.4150519205728145,20.22374841615669,250.5125000000001,20.0,6.000000000000001
20.0,6.0,-20.0,5.0,1.6651721000671387,0.15353028488636017,0.0007994224433787167,-0.04036318138241768,-0.5671300888061523,-0.004984196741133928,-9.636241846687955,-13.28570670122668,-1.189919217565988,-12.045302308359943,-110.71422251022234,-6.610662319811045,20.22374841615669,250.5125000000001,20.0,6.000000000000001
20.0,6.0,-20.0,10.0,1.6900286674499512,0.15775652242183685,0.001019550720229745,-0.04988931864500046,-0.5619837641716003,-0.007255623582750559,-11.910496734014066,-13.165147836455663,-1.7321960558434315,-14.888120917517583,-109.7095653037972,-9.623311421352398,20.22374841615669,250.5125000000001,20.0,6.000000000000001
20.0,6.0,-10.0,-10.0,1.4755500555038452,0.12895716739177704,-0.0010818640002980828,-0.005889333784580231,-0.47720175981521606,0.0028676665388047695,-1.4060101984133018,-11.179027075710684,0.6846221570536206,-1.7575127480166273,-93.1585589642557,3.8034564280756697,20.22374841615669,250.5125000000001,20.0,6.000000000000001
20.0,6.0,-10.0,-5.0,1.506392240524292,0.13137404633045197,-0.0006924199406057596,-0.017282569780945778,-0.4893973171710968,0.0002146018814528361,-4.126013273423469,-11.464722723475193,0.051233712497563304,-5.157516591779336,-95.53935602895994,0.2846317360975739,20.22374841615669,250.5125000000001,20.0,6.000000000000001
20.0,6.0,-10.0,0.0,1.5356661081314087,0.1345923618721962,-0.0003151675336994231,-0.028901830315589905,-0.4965129494667053,-0.002450640080496669,-6.899977087888311,-11.631414996622324,-0.5850619224266471,-8.624971359860389,-96.92845830518604,-3.2503440134813726,20.22374841615669,250.5125000000001,20.0,6.000000000000001
20.0,6.0,-10.0,5.0,1.5595718622207642,0.13820736122608185,6.616479367949069e-05,-0.04028823599219322,-0.49869999289512634,-0.00507753062993288,-9.618349503201577,-11.682649128096486,-1.2122016020103012,-12.022936879001971,-97.35540940080405,-6.734453344501674,20.22374841615669,250.5125000000001,20.0,6.000000000000001
20.0,6.0,-10.0,10.0,1.5766721963882446,0.14164443326473236,0.00043546094093471766,-0.05085861310362816,-0.4969744384288788,-0.007594336289912462,-12.141904554311889,-11.642225932452227,-1.8130597898448417,-15.177380692889862,-97.0185494371019,-10.072554388026898,20.22374841615669,250.5125000000001,20.0,6.000000000000001
20.0,6.0,0.0,-10.0,1.4242714643478394,0.12172571582078934,-0.0016113687306642532,-0.003530060639604926,-0.40024563670158386,0.0031081014312803745,-0.8427610731280151,-9.37623702677594,0.7420232015928547,-1.0534513414100188,-78.13530855646617,4.122351119960304,20.22374841615669,250.5125000000001,20.0,6.000000000000001
20.0,6.0,0.0,-5.0,1.431084156036377,0.12116652739524841,-0.0014210013905540109,-0.014852633699774742,-0.4060785174369812,0.0004896497121080756,-3.545894190928225,-9.512879296694742,0.11689819494976404,-4.432367738660281,-79.27399413912285,0.649434416387578,20.22374841615669,250.5125000000001,20.0,6.000000000000001
20.0,6.0,0.0,0.0,1.4341331720352173,0.1214053781080246,-0.001215622411109507,-0.026661580428481102,-0.4096066653728485,-0.0021495986729860306,-6.36514338623665,-9.595530419602264,-0.5131917747007918,-7.956429232795813,-79.96275349668554,-2.8510654150043986,20.22374841615669,250.5125000000001,20.0,6.000000000000001
20.0,6.0,0.0,5.0,1.4351590871810913,0.12259399903297424,-0.0009611372370272875,-0.03843017295002937,-0.4118891656398773,-0.004753152374178171,-9.174758482190459,-9.649000742711115,-1.134760052181903,-11.468448102738073,-80.40833952259263,-6.304222512121683,20.22374841615669,250.5125000000001,20.0,6.000000000000001
20.0,6.0,0.0,10.0,1.4393430948257446,0.1247368679690361,-0.000660067074932158,-0.04955001547932625,-0.41454583406448364,-0.007265944965183735,-11.82949203488478,-9.711236406429872,-1.7346601663003334,-14.786865043605975,-80.92697005358228,-9.63700092389074,20.22374841615669,250.5125000000001,20.0,6.000000000000001
20.0,6.0,10.0,-10.0,1.351395606994629,0.11517644685983658,-0.0020086094737052917,-0.0022451600525528193,-0.3178892731666565,0.0030455116648226976,-0.5360059467548769,-7.446939829358795,0.7270806201100032,-0.6700074334435961,-62.0578319113233,4.039336778388907,20.22374841615669,250.5125000000001,20.0,6.000000000000001
20.0,6.0,10.0,-5.0,1.3447306156158447,0.1130982936668396,-0.002060809638351202,-0.012883216142654419,-0.3172566294670105,0.0006865238538011909,-3.075718569791691,-7.432119387266631,0.16389961499987846,-3.8446482122396137,-61.93432822722193,0.9105534166659914,20.22374841615669,250.5125000000001,20.0,6.000000000000001
20.0,6.0,10.0,0.0,1.33311927318573,0.11152176571369171,-0.0020990208722651005,-0.024136362597346306,-0.3170349597930908,-0.0016823512269183993,-5.762276890014836,-7.426926507660379,-0.4016418611819261,-7.202846112518545,-61.891054230503165,-2.2313436732329226,20.22374841615669,250.5125000000001,20.0,6.000000000000001
20.0,6.0,10.0,5.0,1.319793462753296,0.11090875429391861,-0.0020678616128861904,-0.03557794913649559,-0.31898534297943115,-0.004030559677630663,-8.493823096852706,-7.472616587379599,-0.9622494189240566,-10.617278871065883,-62.27180489482999,-5.345830105133648,20.22374841615669,250.5125000000001,20.0,6.000000000000001
20.0,6.0,10.0,10.0,1.3129057884216309,0.11173234147310257,-0.0019433058332651854,-0.046696312725543976,-0.32521605491638184,-0.006331474054604769,-11.148203569699922,-7.618578533268267,-1.5115660645812814,-13.935254462124902,-63.48815444390223,-8.397589247673785,20.22374841615669,250.5125000000001,20.0,6.000000000000001
20.0,6.0,20.0,-10.0,1.2581794261932373,0.10928174120664597,-0.0023178067058324814,-0.0018851310014724731,-0.23879310488700867,0.00275358185172081,-0.4500531826460736,-5.59401663996079,0.6573857599686368,-0.562566478307592,-46.61680533300659,3.652143110936871,20.22374841615669,250.5125000000001,20.0,6.000000000000001
20.0,6.0,20.0,-5.0,1.2528716325759888,0.10741627228736877,-0.0026009792927652597,-0.011494752019643784,-0.235024094581604,0.0008168447529897094,-2.7442388492509266,-5.505723025391835,0.19501221958771792,-3.4302985615636583,-45.881025211598626,1.0834012199317662,20.22374841615669,250.5125000000001,20.0,6.000000000000001
20.0,6.0,20.0,0.0,1.2442491054534912,0.1058278532075882,-0.0028465362265706062,-0.02169893868267536,-0.23350846767425537,-0.001132691279053688,-5.180370174036759,-5.470217636139945,-0.2704169178138721,-6.475462717545949,-45.58514696783288,-1.5023162100770673,20.22374841615669,250.5125000000001,20.0,6.000000000000001
20.0,6.0,20.0,5.0,1.2327090501785278,0.10477314156770706,-0.0029893224127590656,-0.0322401188313961,-0.2355339676141739,-0.003105287905782461,-7.696954788618863,-5.517667416457117,-0.7413515049819547,-9.62119348577358,-45.980561803809316,-4.118619472121971,20.22374841615669,250.5125000000001,20.0,6.000000000000001
20.0,6.0,20.0,10.0,1.224149227142334,0.10474307102441788,-0.0030066317413002253,-0.042808111757040024,-0.24318574368953705,-0.00509651331230998,-10.219940642998324,-5.696919504623939,-1.216733497466002,-12.774925803747905,-47.474329205199496,-6.759630541477788,20.22374841615669,250.5125000000001,20.0,6.000000000000001
